model,ts_code,trade_date,priority_name,priority,target,ret,ret_ew,buy,sell,holding_days,exit_reason,csi1500_ew
h5m80d50_direction,300672.SZ,20260811,H5_COMPETING_DIRECTION_TOP3,1,,,,,,,,
h5m80d50_direction,688048.SH,20260811,H5_COMPETING_DIRECTION_TOP3,1,,,,,,,,
h5m80d50_direction,688548.SH,20260811,H5_COMPETING_DIRECTION_TOP3,1,,,,,,,,
h5m80d50_direction,300548.SZ,20260810,H5_COMPETING_DIRECTION_TOP3,1,,,,,,,,
h5m80d50_direction,688048.SH,20260810,H5_COMPETING_DIRECTION_TOP3,1,,,,,,,,
h5m80d50_direction,688150.SH,20260810,H5_COMPETING_DIRECTION_TOP3,1,,,,,,,,
h5m80d50_direction,300870.SZ,20260807,H5_COMPETING_DIRECTION_TOP3,1,,,,,,,,
h5m80d50_direction,688766.SH,20260807,H5_COMPETING_DIRECTION_TOP3,1,,,,,,,,
h5m80d50_direction,688800.SH,20260807,H5_COMPETING_DIRECTION_TOP3,1,,,,,,,,
h5m80d50_direction,002222.SZ,20260806,H5_COMPETING_DIRECTION_TOP3,1,,,,,,,,
h5m80d50_direction,301392.SZ,20260806,H5_COMPETING_DIRECTION_TOP3,1,,,,,,,,
h5m80d50_direction,601208.SH,20260806,H5_COMPETING_DIRECTION_TOP3,1,,,,,,,,
h5m80d50_direction,002436.SZ,20260805,H5_COMPETING_DIRECTION_TOP3,1,,,,,,,,
h5m80d50_direction,688313.SH,20260805,H5_COMPETING_DIRECTION_TOP3,1,,,,,,,,
h5m80d50_direction,688766.SH,20260805,H5_COMPETING_DIRECTION_TOP3,1,,,,,,,,
h5m80d50_direction,300570.SZ,20260804,H5_COMPETING_DIRECTION_TOP3,1,,,,,,,,
h5m80d50_direction,301392.SZ,20260804,H5_COMPETING_DIRECTION_TOP3,1,,,,,,,,
h5m80d50_direction,688048.SH,20260804,H5_COMPETING_DIRECTION_TOP3,1,,,,,,,,
h5m80d50_direction,688017.SH,20260803,H5_COMPETING_DIRECTION_TOP3,1,,,,,,,,
h5m80d50_direction,688141.SH,20260803,H5_COMPETING_DIRECTION_TOP3,1,,,,,,,,
h5m80d50_direction,688313.SH,20260803,H5_COMPETING_DIRECTION_TOP3,1,,,,,,,,
h5m80d50_direction,300475.SZ,20260731,H5_COMPETING_DIRECTION_TOP3,1,,,,,,,,
h5m80d50_direction,300620.SZ,20260731,H5_COMPETING_DIRECTION_TOP3,1,,,,,,,,
h5m80d50_direction,688519.SH,20260731,H5_COMPETING_DIRECTION_TOP3,1,,,,,,,,
h5m80d50_direction,300672.SZ,20260730,H5_COMPETING_DIRECTION_TOP3,1,,,,,,,,
h5m80d50_direction,688017.SH,20260730,H5_COMPETING_DIRECTION_TOP3,1,,,,,,,,
h5m80d50_direction,688519.SH,20260730,H5_COMPETING_DIRECTION_TOP3,1,,,,,,,,
h5m80d50_direction,688123.SH,20260729,H5_COMPETING_DIRECTION_TOP3,1,,,,,,,,
h5m80d50_direction,688300.SH,20260729,H5_COMPETING_DIRECTION_TOP3,1,,,,,,,,
h5m80d50_direction,688519.SH,20260729,H5_COMPETING_DIRECTION_TOP3,1,,,,,,,,
h5m80d50_direction,301205.SZ,20260728,H5_COMPETING_DIRECTION_TOP3,1,,,,,,,,
h5m80d50_direction,688200.SH,20260728,H5_COMPETING_DIRECTION_TOP3,1,,,,,,,,
h5m80d50_direction,688766.SH,20260728,H5_COMPETING_DIRECTION_TOP3,1,,,,,,,,
h5m80d50_direction,301205.SZ,20260727,H5_COMPETING_DIRECTION_TOP3,1,,,,,,,,
h5m80d50_direction,301526.SZ,20260727,H5_COMPETING_DIRECTION_TOP3,1,,,,,,,,
h5m80d50_direction,605376.SH,20260727,H5_COMPETING_DIRECTION_TOP3,1,,,,,,,,
h5m80d50_direction,300475.SZ,20260724,H5_COMPETING_DIRECTION_TOP3,1,,,,,,,,
h5m80d50_direction,300666.SZ,20260724,H5_COMPETING_DIRECTION_TOP3,1,,,,,,,,
h5m80d50_direction,688146.SH,20260724,H5_COMPETING_DIRECTION_TOP3,1,,,,,,,,
h5m80d50_direction,300620.SZ,20260723,H5_COMPETING_DIRECTION_TOP3,1,,,,,,,,
h5m80d50_direction,300857.SZ,20260723,H5_COMPETING_DIRECTION_TOP3,1,,,,,,,,
h5m80d50_direction,301205.SZ,20260723,H5_COMPETING_DIRECTION_TOP3,1,,,,,,,,
h5m80d50_direction,301526.SZ,20260722,H5_COMPETING_DIRECTION_TOP3,1,,,,,,,,
h5m80d50_direction,603083.SH,20260722,H5_COMPETING_DIRECTION_TOP3,1,,,,,,,,
h5m80d50_direction,688333.SH,20260722,H5_COMPETING_DIRECTION_TOP3,1,,,,,,,,
h5m80d50_direction,300570.SZ,20260721,H5_COMPETING_DIRECTION_TOP3,1,,,,,,,,
h5m80d50_direction,300620.SZ,20260721,H5_COMPETING_DIRECTION_TOP3,1,,,,,,,,
h5m80d50_direction,301205.SZ,20260721,H5_COMPETING_DIRECTION_TOP3,1,,,,,,,,
h5m80d50_direction,300570.SZ,20260720,H5_COMPETING_DIRECTION_TOP3,1,,,,,,,,
h5m80d50_direction,301200.SZ,20260720,H5_COMPETING_DIRECTION_TOP3,1,,,,,,,,
h5m80d50_direction,688549.SH,20260720,H5_COMPETING_DIRECTION_TOP3,1,,,,,,,,
h5m80d50_direction,300570.SZ,20260717,H5_COMPETING_DIRECTION_TOP3,1,,,,,,,,
h5m80d50_direction,688300.SH,20260717,H5_COMPETING_DIRECTION_TOP3,1,,,,,,,,
h5m80d50_direction,688630.SH,20260717,H5_COMPETING_DIRECTION_TOP3,1,,,,,,,,
h5m80d50_direction,002739.SZ,20260716,H5_COMPETING_DIRECTION_TOP3,1,,,,,,,,
h5m80d50_direction,688017.SH,20260716,H5_COMPETING_DIRECTION_TOP3,1,,,,,,,,
h5m80d50_direction,688048.SH,20260716,H5_COMPETING_DIRECTION_TOP3,1,,,,,,,,
h5m80d50_direction,301511.SZ,20260715,H5_COMPETING_DIRECTION_TOP3,1,,,,,,,,
h5m80d50_direction,603127.SH,20260715,H5_COMPETING_DIRECTION_TOP3,1,,,,,,,,
h5m80d50_direction,688192.SH,20260715,H5_COMPETING_DIRECTION_TOP3,1,,,,,,,,
h5m80d50_direction,301611.SZ,20260714,H5_COMPETING_DIRECTION_TOP3,1,,,,,,,,
h5m80d50_direction,600206.SH,20260714,H5_COMPETING_DIRECTION_TOP3,1,,,,,,,,
h5m80d50_direction,688702.SH,20260714,H5_COMPETING_DIRECTION_TOP3,1,,,,,,,,
h5m80d50_direction,300065.SZ,20260713,H5_COMPETING_DIRECTION_TOP3,1,,,,,,,,
h5m80d50_direction,300604.SZ,20260713,H5_COMPETING_DIRECTION_TOP3,1,,,,,,,,
h5m80d50_direction,688362.SH,20260713,H5_COMPETING_DIRECTION_TOP3,1,,,,,,,,
h5m80d50_direction,300475.SZ,20260710,H5_COMPETING_DIRECTION_TOP3,1,,,,,,,,
h5m80d50_direction,688333.SH,20260710,H5_COMPETING_DIRECTION_TOP3,1,,,,,,,,
h5m80d50_direction,688343.SH,20260710,H5_COMPETING_DIRECTION_TOP3,1,,,,,,,,
h5m80d50_direction,000021.SZ,20260709,H5_COMPETING_DIRECTION_TOP3,1,,,,,,,,
h5m80d50_direction,300475.SZ,20260709,H5_COMPETING_DIRECTION_TOP3,1,,,,,,,,
h5m80d50_direction,688048.SH,20260709,H5_COMPETING_DIRECTION_TOP3,1,,,,,,,,
h5m80d50_direction,600206.SH,20260708,H5_COMPETING_DIRECTION_TOP3,1,,,,,,,,
h5m80d50_direction,688123.SH,20260708,H5_COMPETING_DIRECTION_TOP3,1,,,,,,,,
h5m80d50_direction,688432.SH,20260708,H5_COMPETING_DIRECTION_TOP3,1,,,,,,,,
h5m80d50_direction,002192.SZ,20260707,H5_COMPETING_DIRECTION_TOP3,1,,-0.08270676691729328,-0.06954037798947266,95.76,,1.0,,-0.013166388927820627
h5m80d50_direction,002536.SZ,20260707,H5_COMPETING_DIRECTION_TOP3,1,,-0.07486531673787855,-0.061698927810057924,53.83,,1.0,,-0.013166388927820627
h5m80d50_direction,688629.SH,20260707,H5_COMPETING_DIRECTION_TOP3,1,,-0.019096147435592292,-0.005929758507771665,209.99,,1.0,,-0.013166388927820627
h5m80d50_direction,688331.SH,20260706,H5_COMPETING_DIRECTION_TOP3,1,0.0,-0.08596508136646042,-0.050000000000000044,140.0,127.96488860869555,2.0,stop_close,-0.03596508136646037
h5m80d50_direction,688336.SH,20260706,H5_COMPETING_DIRECTION_TOP3,1,0.0,-0.08596508136646042,-0.050000000000000044,55.07,50.335902969149025,2.0,stop_close,-0.03596508136646037
h5m80d50_direction,688629.SH,20260706,H5_COMPETING_DIRECTION_TOP3,1,1.0,0.04727943743454199,0.08324451880100237,200.51,209.99,2.0,profit_open,-0.03596508136646037
h5m80d50_direction,600206.SH,20260703,H5_COMPETING_DIRECTION_TOP3,1,0.0,-0.06759443339960225,-0.036389248760758774,55.33,51.59,2.0,t1_stop_t2_open,-0.031205184638843475
h5m80d50_direction,688432.SH,20260703,H5_COMPETING_DIRECTION_TOP3,1,0.0,-0.08711943793911026,-0.05591425330026678,42.7,38.98,2.0,t1_stop_t2_open,-0.031205184638843475
h5m80d50_direction,688629.SH,20260703,H5_COMPETING_DIRECTION_TOP3,1,1.0,0.07529361291360526,0.10649879755244873,186.47,200.51,2.0,profit_open,-0.031205184638843475
h5m80d50_direction,600378.SH,20260702,H5_COMPETING_DIRECTION_TOP3,1,0.0,-0.06243902439024396,-0.06236679483891361,82.0,76.88,2.0,t1_stop_t2_open,-7.222955133034947e-05
h5m80d50_direction,600641.SH,20260702,H5_COMPETING_DIRECTION_TOP3,1,0.0,-0.050072229551330394,-0.050000000000000044,47.76,45.36855031662846,2.0,stop_close,-7.222955133034947e-05
h5m80d50_direction,600667.SH,20260702,H5_COMPETING_DIRECTION_TOP3,1,1.0,0.07992777044866961,0.07999999999999996,28.31,30.572755181401835,2.0,profit_intraday,-7.222955133034947e-05
h5m80d50_direction,002747.SZ,20260701,H5_COMPETING_DIRECTION_TOP3,1,1.0,0.06686605266851142,0.08000000000000007,42.81,45.67253571473898,3.0,profit_intraday,-0.013133947331488649
h5m80d50_direction,600378.SH,20260701,H5_COMPETING_DIRECTION_TOP3,1,1.0,0.07511949842172694,0.07999999999999996,76.81,82.57992867377286,2.0,profit_intraday,-0.004880501578273022
h5m80d50_direction,603379.SH,20260701,H5_COMPETING_DIRECTION_TOP3,1,0.0,-0.054880501578272955,-0.04999999999999993,81.09,76.63974012701784,2.0,stop_close,-0.004880501578273022
h5m80d50_direction,301611.SZ,20260630,H5_COMPETING_DIRECTION_TOP3,1,0.0,-0.045886717404499566,-0.050000000000000155,178.6,170.40463227155638,2.0,stop_close,0.004113282595500589
h5m80d50_direction,603678.SH,20260630,H5_COMPETING_DIRECTION_TOP3,1,0.0,-0.045886717404499566,-0.050000000000000155,85.6,81.67209699017484,2.0,stop_close,0.004113282595500589
h5m80d50_direction,688432.SH,20260630,H5_COMPETING_DIRECTION_TOP3,1,1.0,0.08411328259550066,0.08000000000000007,39.0,42.28041802122453,2.0,profit_intraday,0.004113282595500589
h5m80d50_direction,002138.SZ,20260629,H5_COMPETING_DIRECTION_TOP3,1,0.0,-0.03182586631962725,-0.050000000000000155,75.07,72.68083221538558,3.0,stop_close,0.018174133680372906
h5m80d50_direction,002859.SZ,20260629,H5_COMPETING_DIRECTION_TOP3,1,0.0,-0.018349768779105657,-0.050000000000000044,113.13,111.05409065801977,2.0,stop_close,0.03165023122089439
h5m80d50_direction,301526.SZ,20260629,H5_COMPETING_DIRECTION_TOP3,1,0.0,-0.03182586631962714,-0.050000000000000044,47.36,45.852726971102456,3.0,stop_close,0.018174133680372906
h5m80d50_direction,300223.SZ,20260626,H5_COMPETING_DIRECTION_TOP3,1,1.0,0.10083495928972663,0.08000000000000007,232.0,255.3937105552166,2.0,profit_intraday,0.020834959289726562
h5m80d50_direction,300475.SZ,20260626,H5_COMPETING_DIRECTION_TOP3,1,1.0,0.11860083285609768,0.08000000000000007,290.01,324.4054275365969,3.0,profit_intraday,0.03860083285609761
h5m80d50_direction,605589.SH,20260626,H5_COMPETING_DIRECTION_TOP3,1,0.0,-0.07147138148037158,-0.09230634077009814,66.74,61.97,2.0,t1_stop_t2_open,0.020834959289726562
h5m80d50_direction,000811.SZ,20260625,H5_COMPETING_DIRECTION_TOP3,1,0.0,-0.053057990280057754,-0.050000000000000044,54.48,51.58940068954245,5.0,stop_close,-0.0030579902800577097
h5m80d50_direction,002068.SZ,20260625,H5_COMPETING_DIRECTION_TOP3,1,1.0,0.0591468637258703,0.07999999999999996,14.21,15.050476933544617,2.0,profit_intraday,-0.020853136274129658
h5m80d50_direction,600667.SH,20260625,H5_COMPETING_DIRECTION_TOP3,1,1.0,0.0591468637258703,0.07999999999999996,26.29,27.84497104735313,2.0,profit_intraday,-0.020853136274129658
h5m80d50_direction,600667.SH,20260624,H5_COMPETING_DIRECTION_TOP3,1,1.0,0.048738775718031535,0.08000000000000007,25.31,26.543578413423376,2.0,profit_intraday,-0.031261224281968536
h5m80d50_direction,600909.SH,20260624,H5_COMPETING_DIRECTION_TOP3,1,1.0,0.048738775718031535,0.08000000000000007,11.99,12.574377920859199,2.0,profit_intraday,-0.031261224281968536
h5m80d50_direction,603650.SH,20260624,H5_COMPETING_DIRECTION_TOP3,1,1.0,0.048738775718031535,0.08000000000000007,80.0,83.89910205744252,2.0,profit_intraday,-0.031261224281968536
h5m80d50_direction,300223.SZ,20260623,H5_COMPETING_DIRECTION_TOP3,1,1.0,0.0748679394234435,0.08000000000000007,192.76,207.19154400326295,2.0,profit_intraday,-0.005132060576556574
h5m80d50_direction,300285.SZ,20260623,H5_COMPETING_DIRECTION_TOP3,1,1.0,0.0748679394234435,0.08000000000000007,91.5,98.35041645724507,2.0,profit_intraday,-0.005132060576556574
h5m80d50_direction,600206.SH,20260623,H5_COMPETING_DIRECTION_TOP3,1,1.0,0.09063829787234035,0.09577035844889692,47.0,51.26,2.0,profit_open,-0.005132060576556574
h5m80d50_direction,000657.SZ,20260622,H5_COMPETING_DIRECTION_TOP3,1,0.0,-0.12395824195104832,-0.10964736729058233,113.99,99.86,2.0,t1_stop_t2_open,-0.014310874660465989
h5m80d50_direction,002436.SZ,20260622,H5_COMPETING_DIRECTION_TOP3,1,0.0,-0.06730769230769229,-0.0529968176472263,52.0,48.5,2.0,t1_stop_t2_open,-0.014310874660465989
h5m80d50_direction,600206.SH,20260622,H5_COMPETING_DIRECTION_TOP3,1,1.0,0.061781848120750604,0.08000000000000007,49.01,52.037928376397986,3.0,profit_intraday,-0.018218151879249467
h5m80d50_direction,002080.SZ,20260618,H5_COMPETING_DIRECTION_TOP3,1,0.0,-0.05272565057381284,-0.04999999999999993,81.95,77.62913293547604,2.0,stop_close,-0.00272565057381291
h5m80d50_direction,300475.SZ,20260618,H5_COMPETING_DIRECTION_TOP3,1,1.0,0.09482625482625484,0.09755190540006775,259.0,283.56,2.0,profit_open,-0.00272565057381291
h5m80d50_direction,600353.SH,20260618,H5_COMPETING_DIRECTION_TOP3,1,1.0,0.07727434942618716,0.08000000000000007,46.21,49.78084768698411,2.0,profit_intraday,-0.00272565057381291
h5m80d50_direction,002436.SZ,20260617,H5_COMPETING_DIRECTION_TOP3,1,1.0,0.14072494669509594,0.1312047565827068,46.9,53.5,2.0,profit_open,0.009520190112389137
h5m80d50_direction,600549.SH,20260617,H5_COMPETING_DIRECTION_TOP3,1,1.0,0.13824884792626713,0.128728657813878,78.12,88.92,2.0,profit_open,0.009520190112389137
h5m80d50_direction,601636.SH,20260617,H5_COMPETING_DIRECTION_TOP3,1,0.0,-0.0360884749708964,-0.04560866508328554,8.59,8.28,2.0,t1_stop_t2_open,0.009520190112389137
h5m80d50_direction,000657.SZ,20260616,H5_COMPETING_DIRECTION_TOP3,1,1.0,0.0787030821039778,0.07999999999999996,89.0,96.00457430725402,2.0,profit_intraday,-0.001296917896022154
h5m80d50_direction,301526.SZ,20260616,H5_COMPETING_DIRECTION_TOP3,1,1.0,0.0787030821039778,0.07999999999999996,37.2,40.127754654267974,2.0,profit_intraday,-0.001296917896022154
h5m80d50_direction,600549.SH,20260616,H5_COMPETING_DIRECTION_TOP3,1,1.0,0.0787030821039778,0.07999999999999996,80.0,86.29624656831822,2.0,profit_intraday,-0.001296917896022154
h5m80d50_direction,002428.SZ,20260615,H5_COMPETING_DIRECTION_TOP3,1,1.0,0.15397270879705793,0.1528119309787932,103.33,119.24,5.0,profit_open,0.0011607778182647355
h5m80d50_direction,300570.SZ,20260615,H5_COMPETING_DIRECTION_TOP3,1,1.0,0.08493796880236437,0.08000000000000007,245.06,265.8748986347074,2.0,profit_intraday,0.004937968802364301
h5m80d50_direction,601958.SH,20260615,H5_COMPETING_DIRECTION_TOP3,1,1.0,0.11921708185053381,0.11805630403226908,28.1,31.45,5.0,profit_open,0.0011607778182647355
h5m80d50_direction,002203.SZ,20260612,H5_COMPETING_DIRECTION_TOP3,1,1.0,0.15521739130434775,0.11462225657759206,23.0,26.57,5.0,profit_open,0.04059513472675569
h5m80d50_direction,601208.SH,20260612,H5_COMPETING_DIRECTION_TOP3,1,1.0,0.11105139648283635,0.08000000000000007,61.0,67.77413518545302,2.0,profit_intraday,0.03105139648283628
h5m80d50_direction,601958.SH,20260612,H5_COMPETING_DIRECTION_TOP3,1,0.0,0.11816513761467884,0.07757000288792315,27.25,30.47,5.0,expiry_close,0.04059513472675569
h5m80d50_direction,300260.SZ,20260611,H5_COMPETING_DIRECTION_TOP3,1,0.0,-0.07839919202120937,-0.1188999108379617,79.21,73.0,2.0,t1_stop_t2_open,0.040500718816752324
h5m80d50_direction,300666.SZ,20260611,H5_COMPETING_DIRECTION_TOP3,1,0.0,-0.15779484594169801,-0.19829556475845034,337.21,284.0,2.0,t1_stop_t2_open,0.040500718816752324
h5m80d50_direction,600378.SH,20260611,H5_COMPETING_DIRECTION_TOP3,1,0.0,-0.09623298512187395,-0.13673370393862627,63.18,57.1,2.0,t1_stop_t2_open,0.040500718816752324
h5m80d50_direction,601208.SH,20260610,H5_COMPETING_DIRECTION_TOP3,1,1.0,0.11614815373681386,0.08000000000000007,61.55,68.69891886250089,4.0,profit_intraday,0.03614815373681379
h5m80d50_direction,688300.SH,20260610,H5_COMPETING_DIRECTION_TOP3,1,1.0,0.0849432620637185,0.08000000000000007,177.0,192.03495738527818,2.0,profit_intraday,0.004943262063718423
h5m80d50_direction,688630.SH,20260610,H5_COMPETING_DIRECTION_TOP3,1,1.0,0.09102902374670174,0.08608576168298332,379.0,413.5,2.0,profit_open,0.004943262063718423
h5m80d50_direction,601208.SH,20260609,H5_COMPETING_DIRECTION_TOP3,1,1.0,0.10553620534787811,0.08000000000000007,62.57,69.17340036861674,5.0,profit_intraday,0.025536205347878038
h5m80d50_direction,605376.SH,20260609,H5_COMPETING_DIRECTION_TOP3,1,0.0,-0.055349094287415634,-0.050000000000000044,192.7,182.034229530815,3.0,stop_close,-0.00534909428741559
h5m80d50_direction,605589.SH,20260609,H5_COMPETING_DIRECTION_TOP3,1,1.0,0.06051857324902876,0.07999999999999996,60.1,63.73716625226663,2.0,profit_intraday,-0.019481426750971198
h5m80d50_direction,300260.SZ,20260608,H5_COMPETING_DIRECTION_TOP3,1,1.0,0.1580594679186229,0.15249393175271342,63.9,74.0,2.0,profit_open,0.00556553616590949
h5m80d50_direction,300811.SZ,20260608,H5_COMPETING_DIRECTION_TOP3,1,0.0,-0.053821727464774205,-0.050000000000000044,91.39,86.47123232699428,3.0,stop_close,-0.0038217274647741606
h5m80d50_direction,605358.SH,20260608,H5_COMPETING_DIRECTION_TOP3,1,1.0,0.11278195488721798,0.10721641872130849,66.5,74.0,2.0,profit_open,0.00556553616590949
h5m80d50_direction,301377.SZ,20260605,H5_COMPETING_DIRECTION_TOP3,1,1.0,0.09536082474226815,0.10925274620130121,388.0,425.0,2.0,profit_open,-0.013891921459033063
h5m80d50_direction,600487.SH,20260605,H5_COMPETING_DIRECTION_TOP3,1,1.0,0.07801188546731486,0.09190380692634792,92.55,99.77,2.0,profit_open,-0.013891921459033063
h5m80d50_direction,688630.SH,20260605,H5_COMPETING_DIRECTION_TOP3,1,1.0,0.136947951779695,0.15083987323872805,350.06,398.0,2.0,profit_open,-0.013891921459033063
h5m80d50_direction,002484.SZ,20260604,H5_COMPETING_DIRECTION_TOP3,1,0.0,-0.0821814722031643,-0.050000000000000044,92.01,84.44848274258686,2.0,stop_close,-0.03218147220316425
h5m80d50_direction,600403.SH,20260604,H5_COMPETING_DIRECTION_TOP3,1,1.0,0.11216216216216224,0.1443436343653265,7.4,8.23,2.0,profit_open,-0.03218147220316425
h5m80d50_direction,688017.SH,20260604,H5_COMPETING_DIRECTION_TOP3,1,1.0,0.1634549848193818,0.19563645702254606,322.78,375.54,2.0,profit_open,-0.03218147220316425
h5m80d50_direction,002156.SZ,20260603,H5_COMPETING_DIRECTION_TOP3,1,0.0,-0.09026315203505897,-0.050000000000000044,70.01,63.69067672602553,3.0,stop_close,-0.040263152035058924
h5m80d50_direction,600487.SH,20260603,H5_COMPETING_DIRECTION_TOP3,1,1.0,0.06880099148037022,0.08000000000000007,93.0,99.39849220767444,2.0,profit_intraday,-0.01119900851962985
h5m80d50_direction,603663.SH,20260603,H5_COMPETING_DIRECTION_TOP3,1,1.0,0.04507829810204589,0.08000000000000007,69.05,72.16265648394626,5.0,profit_intraday,-0.03492170189795418
h5m80d50_direction,002851.SZ,20260602,H5_COMPETING_DIRECTION_TOP3,1,1.0,0.06956251517346757,0.07999999999999996,148.0,158.2952522456732,2.0,profit_intraday,-0.010437484826532395
h5m80d50_direction,600403.SH,20260602,H5_COMPETING_DIRECTION_TOP3,1,1.0,0.09955423476968805,0.10999171959622045,6.73,7.4,2.0,profit_open,-0.010437484826532395
h5m80d50_direction,688630.SH,20260602,H5_COMPETING_DIRECTION_TOP3,1,1.0,0.06956251517346757,0.07999999999999996,363.1,388.3581492594861,2.0,profit_intraday,-0.010437484826532395
h5m80d50_direction,000636.SZ,20260601,H5_COMPETING_DIRECTION_TOP3,1,1.0,0.1048990276738968,0.11168775567658928,53.48,59.09,2.0,profit_open,-0.006788728002692479
h5m80d50_direction,000767.SZ,20260601,H5_COMPETING_DIRECTION_TOP3,1,0.0,-0.06508244761558679,-0.04999999999999993,6.15,5.749742947164141,3.0,stop_close,-0.015082447615586858
h5m80d50_direction,301171.SZ,20260601,H5_COMPETING_DIRECTION_TOP3,1,0.0,-0.0679117094995828,-0.050000000000000044,46.0,42.87606136301919,4.0,stop_close,-0.017911709499582762
h5m80d50_direction,000021.SZ,20260529,H5_COMPETING_DIRECTION_TOP3,1,0.0,-0.06306075365290953,-0.061387915444814145,39.01,36.55,2.0,t1_stop_t2_open,-0.001672838208095384
h5m80d50_direction,000539.SZ,20260529,H5_COMPETING_DIRECTION_TOP3,1,0.0,-0.05167283820809532,-0.04999999999999993,9.77,9.265156370706908,2.0,stop_close,-0.001672838208095384
h5m80d50_direction,002484.SZ,20260529,H5_COMPETING_DIRECTION_TOP3,1,1.0,0.07832716179190458,0.07999999999999996,77.85,83.94776954549977,2.0,profit_intraday,-0.001672838208095384
h5m80d50_direction,000539.SZ,20260528,H5_COMPETING_DIRECTION_TOP3,1,1.0,0.11402508551881407,0.12904303392246042,8.77,9.77,2.0,profit_open,-0.015017948403646342
h5m80d50_direction,000791.SZ,20260528,H5_COMPETING_DIRECTION_TOP3,1,1.0,0.058295276360532,0.07999999999999996,9.67,10.233715322406344,4.0,profit_intraday,-0.02170472363946796
h5m80d50_direction,603678.SH,20260528,H5_COMPETING_DIRECTION_TOP3,1,1.0,0.06498205159635373,0.08000000000000007,49.0,52.184120528221335,2.0,profit_intraday,-0.015017948403646342
h5m80d50_direction,300672.SZ,20260527,H5_COMPETING_DIRECTION_TOP3,1,0.0,-0.062296016721340663,-0.050000000000000044,351.0,329.13409813080943,3.0,stop_close,-0.012296016721340619
h5m80d50_direction,300776.SZ,20260527,H5_COMPETING_DIRECTION_TOP3,1,0.0,-0.06528498674541738,-0.04999999999999993,167.02,156.1161015137804,2.0,stop_close,-0.01528498674541745
h5m80d50_direction,688347.SH,20260527,H5_COMPETING_DIRECTION_TOP3,1,1.0,0.1500229673863116,0.16530795413172905,217.7,250.36,2.0,profit_open,-0.01528498674541745
h5m80d50_direction,002185.SZ,20260526,H5_COMPETING_DIRECTION_TOP3,1,1.0,0.06631533591637728,0.07999999999999996,19.75,21.05972788434845,2.0,profit_intraday,-0.013684664083622677
h5m80d50_direction,300567.SZ,20260526,H5_COMPETING_DIRECTION_TOP3,1,0.0,-0.08143703954764026,-0.050000000000000044,215.0,197.49103649725734,3.0,stop_close,-0.03143703954764021
h5m80d50_direction,300672.SZ,20260526,H5_COMPETING_DIRECTION_TOP3,1,0.0,-0.07849709690814,-0.050000000000000044,348.28,320.941031088833,4.0,stop_close,-0.02849709690813995
h5m80d50_direction,000636.SZ,20260525,H5_COMPETING_DIRECTION_TOP3,1,1.0,0.056681243493166944,0.08000000000000007,42.12,44.50741397593219,2.0,profit_intraday,-0.023318756506833127
h5m80d50_direction,002897.SZ,20260525,H5_COMPETING_DIRECTION_TOP3,1,0.0,-0.04638439581351084,-0.01105635040526598,84.08,80.18,5.0,expiry_close,-0.03532804540824486
h5m80d50_direction,600186.SH,20260525,H5_COMPETING_DIRECTION_TOP3,1,0.0,-0.07331875650683317,-0.050000000000000044,12.99,12.037589352976237,2.0,stop_close,-0.023318756506833127
h5m80d50_direction,000636.SZ,20260522,H5_COMPETING_DIRECTION_TOP3,1,1.0,0.0641888726043287,0.07999999999999996,41.38,44.03613554836713,3.0,profit_intraday,-0.015811127395671254
h5m80d50_direction,301200.SZ,20260522,H5_COMPETING_DIRECTION_TOP3,1,1.0,0.0641888726043287,0.07999999999999996,279.0,296.9086954566077,3.0,profit_intraday,-0.015811127395671254
h5m80d50_direction,603228.SH,20260522,H5_COMPETING_DIRECTION_TOP3,1,0.0,-0.06309138761018707,-0.050000000000000044,87.99,82.43858880417963,4.0,stop_close,-0.013091387610187022
h5m80d50_direction,300323.SZ,20260521,H5_COMPETING_DIRECTION_TOP3,1,0.0,-0.03580415755753652,-0.050000000000000044,18.2,17.548364332452834,3.0,stop_close,0.014195842442463524
h5m80d50_direction,300567.SZ,20260521,H5_COMPETING_DIRECTION_TOP3,1,1.0,0.10137747505422223,0.08000000000000007,195.0,214.76860763557335,2.0,profit_intraday,0.02137747505422216
h5m80d50_direction,300776.SZ,20260521,H5_COMPETING_DIRECTION_TOP3,1,1.0,0.10137747505422223,0.08000000000000007,147.32,162.25492962498802,2.0,profit_intraday,0.02137747505422216
h5m80d50_direction,300567.SZ,20260520,H5_COMPETING_DIRECTION_TOP3,1,1.0,0.07570487541685544,0.07999999999999996,205.0,220.51949946045536,3.0,profit_intraday,-0.004295124583144516
h5m80d50_direction,300776.SZ,20260520,H5_COMPETING_DIRECTION_TOP3,1,1.0,0.05769230769230771,0.08520603181796449,156.0,165.0,5.0,profit_open,-0.02751372412565678
h5m80d50_direction,688147.SH,20260520,H5_COMPETING_DIRECTION_TOP3,1,0.0,-0.11174168297455966,-0.09985108244478691,102.2,90.78,2.0,t1_stop_t2_open,-0.011890600529772755
h5m80d50_direction,002421.SZ,20260519,H5_COMPETING_DIRECTION_TOP3,1,1.0,0.05092593005120971,0.08000000000000007,4.27,4.487453721318665,2.0,profit_intraday,-0.02907406994879036
h5m80d50_direction,300657.SZ,20260519,H5_COMPETING_DIRECTION_TOP3,1,0.0,-0.07042253521126762,-0.04134846526247726,56.09,52.14,2.0,t1_stop_t2_open,-0.02907406994879036
h5m80d50_direction,600903.SH,20260519,H5_COMPETING_DIRECTION_TOP3,1,0.0,-0.02526724975704564,-0.009976291334564569,10.29,10.03,5.0,expiry_close,-0.015290958422481071
h5m80d50_direction,002929.SZ,20260518,H5_COMPETING_DIRECTION_TOP3,1,0.0,-0.043351389715040156,-0.050000000000000044,92.2,88.2030018682733,2.0,stop_close,0.006648610284959888
h5m80d50_direction,600578.SH,20260518,H5_COMPETING_DIRECTION_TOP3,1,1.0,0.07467895378621048,0.07999999999999996,7.71,8.285774733691683,4.0,profit_intraday,-0.005321046213789482
h5m80d50_direction,002929.SZ,20260515,H5_COMPETING_DIRECTION_TOP3,1,0.0,-0.043202788500966594,-0.04999999999999993,98.0,93.76612672690527,3.0,stop_close,0.00679721149903334
h5m80d50_direction,300776.SZ,20260515,H5_COMPETING_DIRECTION_TOP3,1,1.0,0.061491090737500365,0.07999999999999996,147.0,156.03919033841257,4.0,profit_intraday,-0.018508909262499595
h5m80d50_direction,300820.SZ,20260515,H5_COMPETING_DIRECTION_TOP3,1,1.0,0.09088153108212227,0.08000000000000007,62.08,67.72192544957815,2.0,profit_intraday,0.010881531082122198
h5m80d50_direction,002008.SZ,20260514,H5_COMPETING_DIRECTION_TOP3,1,0.0,-0.058490872210806844,-0.050000000000000044,149.24,140.5108222312592,2.0,stop_close,-0.008490872210806799
h5m80d50_direction,603688.SH,20260514,H5_COMPETING_DIRECTION_TOP3,1,1.0,0.05301373926710995,0.08000000000000007,71.89,75.70115771591253,5.0,profit_intraday,-0.02698626073289012
h5m80d50_direction,688146.SH,20260514,H5_COMPETING_DIRECTION_TOP3,1,0.0,-0.047849671997337584,-0.050000000000000044,139.53,132.85353526621148,3.0,stop_close,0.0021503280026624605
h5m80d50_direction,002008.SZ,20260513,H5_COMPETING_DIRECTION_TOP3,1,0.0,-0.07912617960610613,-0.050000000000000044,153.0,140.89369452026577,3.0,stop_close,-0.029126179606106084
h5m80d50_direction,002498.SZ,20260513,H5_COMPETING_DIRECTION_TOP3,1,0.0,-0.11452991452991457,-0.0852604359289616,11.7,10.36,2.0,t1_stop_t2_open,-0.02926947860095297
h5m80d50_direction,600869.SH,20260513,H5_COMPETING_DIRECTION_TOP3,1,0.0,-0.06870644425998462,-0.050000000000000044,23.1,21.512881137594356,4.0,stop_close,-0.018706444259984578
h5m80d50_direction,002281.SZ,20260512,H5_COMPETING_DIRECTION_TOP3,1,1.0,0.0689493525771423,0.07999999999999996,196.01,209.52476259864565,2.0,profit_intraday,-0.011050647422857662
h5m80d50_direction,688146.SH,20260512,H5_COMPETING_DIRECTION_TOP3,1,1.0,0.3517665130568355,0.36281716047969315,97.65,132.0,2.0,profit_open,-0.011050647422857662
h5m80d50_direction,688313.SH,20260512,H5_COMPETING_DIRECTION_TOP3,1,1.0,0.0689493525771423,0.07999999999999996,175.55,187.65405884491733,2.0,profit_intraday,-0.011050647422857662
h5m80d50_direction,002008.SZ,20260511,H5_COMPETING_DIRECTION_TOP3,1,1.0,0.0828614626248454,0.08000000000000007,134.2,145.32000828425424,2.0,profit_intraday,0.0028614626248453234
h5m80d50_direction,002281.SZ,20260511,H5_COMPETING_DIRECTION_TOP3,1,1.0,0.061989890214507515,0.08000000000000007,200.0,212.3979780429015,3.0,profit_intraday,-0.018010109785492556
h5m80d50_direction,601991.SH,20260511,H5_COMPETING_DIRECTION_TOP3,1,1.0,0.0828614626248454,0.08000000000000007,6.68,7.233514570333967,2.0,profit_intraday,0.0028614626248453234
h5m80d50_direction,002317.SZ,20260508,H5_COMPETING_DIRECTION_TOP3,1,0.0,-0.045786464997175313,-0.050000000000000044,23.0,21.94691130506497,2.0,stop_close,0.004213535002824731
h5m80d50_direction,002929.SZ,20260508,H5_COMPETING_DIRECTION_TOP3,1,1.0,0.09422438302254843,0.08000000000000007,78.99,86.4327840149511,3.0,profit_intraday,0.01422438302254836
h5m80d50_direction,601991.SH,20260508,H5_COMPETING_DIRECTION_TOP3,1,1.0,0.11333333333333329,0.10911979833050856,6.0,6.68,2.0,profit_open,0.004213535002824731
h5m80d50_direction,002081.SZ,20260507,H5_COMPETING_DIRECTION_TOP3,1,1.0,0.09518077261767632,0.08000000000000007,6.43,7.042012367931658,2.0,profit_intraday,0.015180772617676253
h5m80d50_direction,301511.SZ,20260507,H5_COMPETING_DIRECTION_TOP3,1,1.0,0.09808567445598326,0.08000000000000007,90.6,99.48656210571208,4.0,profit_intraday,0.01808567445598319
h5m80d50_direction,301526.SZ,20260507,H5_COMPETING_DIRECTION_TOP3,1,0.0,-0.0419632862361895,-0.050000000000000155,18.84,18.04941168731019,3.0,stop_close,0.008036713763810654
h5m80d50_direction,002149.SZ,20260506,H5_COMPETING_DIRECTION_TOP3,1,1.0,0.09910794781339982,0.08000000000000007,71.0,78.03666429475139,4.0,profit_intraday,0.01910794781339975
h5m80d50_direction,301217.SZ,20260506,H5_COMPETING_DIRECTION_TOP3,1,1.0,0.09910794781339982,0.08000000000000007,85.0,93.42417556413899,4.0,profit_intraday,0.01910794781339975
h5m80d50_direction,600673.SH,20260506,H5_COMPETING_DIRECTION_TOP3,1,0.0,-0.03516808199509769,-0.050000000000000044,42.83,41.323751048149965,2.0,stop_close,0.014831918004902356
h5m80d50_direction,002192.SZ,20260430,H5_COMPETING_DIRECTION_TOP3,1,0.0,-0.033217391304347754,-0.06273649746220189,115.0,111.18,2.0,t1_stop_t2_open,0.029519106157854136
h5m80d50_direction,300390.SZ,20260430,H5_COMPETING_DIRECTION_TOP3,1,0.0,-0.01656137329845886,-0.050000000000000044,113.0,111.12856481727415,3.0,stop_close,0.033438626701541185
h5m80d50_direction,301217.SZ,20260430,H5_COMPETING_DIRECTION_TOP3,1,1.0,0.1095191061578542,0.08000000000000007,78.55,87.15272578869944,2.0,profit_intraday,0.029519106157854136
h5m80d50_direction,300390.SZ,20260429,H5_COMPETING_DIRECTION_TOP3,1,0.0,-0.015192253238420772,-0.050000000000000044,109.32,107.65918287597583,4.0,stop_close,0.03480774676157927
h5m80d50_direction,300438.SZ,20260429,H5_COMPETING_DIRECTION_TOP3,1,0.0,0.06445783132530103,0.017925196838350255,83.0,88.35,5.0,expiry_close,0.046532634486950775
h5m80d50_direction,301217.SZ,20260429,H5_COMPETING_DIRECTION_TOP3,1,1.0,0.09968387907620047,0.08000000000000007,72.32,79.52913813479081,2.0,profit_intraday,0.019683879076200395
h5m80d50_direction,300613.SZ,20260428,H5_COMPETING_DIRECTION_TOP3,1,0.0,0.04135649296939614,-0.007441703694474278,60.45,62.95,5.0,expiry_close,0.04879819666387042
h5m80d50_direction,688048.SH,20260428,H5_COMPETING_DIRECTION_TOP3,1,1.0,0.12482042191093101,0.08000000000000007,352.06,396.00427773796235,4.0,profit_intraday,0.04482042191093094
h5m80d50_direction,688702.SH,20260428,H5_COMPETING_DIRECTION_TOP3,1,1.0,0.10175438596491237,0.08689180045138944,285.0,314.0,2.0,profit_open,0.01486258551352293
h5m80d50_direction,000062.SZ,20260427,H5_COMPETING_DIRECTION_TOP3,1,0.0,-0.047594709887350706,-0.04999999999999993,38.28,36.458074505512215,2.0,stop_close,0.0024052901126492277
h5m80d50_direction,301500.SZ,20260427,H5_COMPETING_DIRECTION_TOP3,1,0.0,-0.04759470988735082,-0.050000000000000044,31.51,30.010290691449576,2.0,stop_close,0.0024052901126492277
h5m80d50_direction,688106.SH,20260427,H5_COMPETING_DIRECTION_TOP3,1,0.0,-0.04626670340924777,-0.050000000000000155,41.0,39.103065160220844,3.0,stop_close,0.0037332965907523885
h5m80d50_direction,300857.SZ,20260424,H5_COMPETING_DIRECTION_TOP3,1,1.0,0.10536070494683059,0.08000000000000007,266.0,294.02594751585696,5.0,profit_intraday,0.025360704946830515
h5m80d50_direction,301511.SZ,20260424,H5_COMPETING_DIRECTION_TOP3,1,1.0,0.07215347066576139,0.08000000000000007,63.27,67.83515008902273,2.0,profit_intraday,-0.007846529334238683
h5m80d50_direction,688048.SH,20260424,H5_COMPETING_DIRECTION_TOP3,1,0.0,-0.05784652933423873,-0.050000000000000044,392.94,370.20978476340423,2.0,stop_close,-0.007846529334238683
h5m80d50_direction,300857.SZ,20260423,H5_COMPETING_DIRECTION_TOP3,1,1.0,0.06480297600556106,0.07999999999999996,255.0,271.52475888141805,3.0,profit_intraday,-0.015197023994438896
h5m80d50_direction,600105.SH,20260423,H5_COMPETING_DIRECTION_TOP3,1,0.0,-0.06519702399443883,-0.04999999999999993,48.5,45.337944336269715,3.0,stop_close,-0.015197023994438896
h5m80d50_direction,688048.SH,20260423,H5_COMPETING_DIRECTION_TOP3,1,0.0,-0.0518826313040569,-0.050000000000000044,380.45,360.7112529203715,4.0,stop_close,-0.0018826313040568587
h5m80d50_direction,002081.SZ,20260422,H5_COMPETING_DIRECTION_TOP3,1,0.0,-0.06627092615354424,-0.04999999999999993,5.43,5.070148870986254,2.0,stop_close,-0.016270926153544307
h5m80d50_direction,688048.SH,20260422,H5_COMPETING_DIRECTION_TOP3,1,1.0,0.06372907384645576,0.08000000000000007,383.9,408.36559144965435,2.0,profit_intraday,-0.016270926153544307
h5m80d50_direction,688313.SH,20260422,H5_COMPETING_DIRECTION_TOP3,1,0.0,-0.060794269347748786,-0.04999999999999993,144.8,135.99698979844598,5.0,stop_close,-0.010794269347748853
h5m80d50_direction,002428.SZ,20260421,H5_COMPETING_DIRECTION_TOP3,1,1.0,0.11323507952721434,0.11277257136213503,68.53,76.29,2.0,profit_open,0.0004625081650793117
h5m80d50_direction,300390.SZ,20260421,H5_COMPETING_DIRECTION_TOP3,1,1.0,0.07305045494808726,0.07999999999999996,84.05,90.18989073838674,3.0,profit_intraday,-0.006949545051912698
h5m80d50_direction,688502.SH,20260421,H5_COMPETING_DIRECTION_TOP3,1,0.0,-0.029123966246501487,-0.014382421669459577,475.21,461.37,5.0,expiry_close,-0.01474154457704191
h5m80d50_direction,002281.SZ,20260420,H5_COMPETING_DIRECTION_TOP3,1,1.0,0.07901187544050337,0.07999999999999996,119.0,128.4024131774199,3.0,profit_intraday,-0.0009881245594965948
h5m80d50_direction,002428.SZ,20260420,H5_COMPETING_DIRECTION_TOP3,1,1.0,0.08801185588886318,0.08000000000000007,68.32,74.33296999432713,2.0,profit_intraday,0.008011855888863106
h5m80d50_direction,688313.SH,20260420,H5_COMPETING_DIRECTION_TOP3,1,1.0,0.11888844140153032,0.11087658551266721,124.15,138.91,2.0,profit_open,0.008011855888863106
h5m80d50_direction,002428.SZ,20260417,H5_COMPETING_DIRECTION_TOP3,1,1.0,0.08451589576787666,0.08000000000000007,63.86,69.2571851037366,2.0,profit_intraday,0.004515895767876588
h5m80d50_direction,300390.SZ,20260417,H5_COMPETING_DIRECTION_TOP3,1,0.0,-0.04501950742837901,-0.050000000000000044,86.47,82.57716319266807,4.0,stop_close,0.004980492571621031
h5m80d50_direction,603083.SH,20260417,H5_COMPETING_DIRECTION_TOP3,1,0.0,-0.05536418863906789,-0.05988008440694448,159.67,150.83,2.0,t1_stop_t2_open,0.004515895767876588
h5m80d50_direction,300390.SZ,20260416,H5_COMPETING_DIRECTION_TOP3,1,0.0,-0.041677146127182096,-0.050000000000000044,85.0,81.45744257918952,5.0,stop_close,0.008322853872817948
h5m80d50_direction,603826.SH,20260416,H5_COMPETING_DIRECTION_TOP3,1,0.0,-0.040679812061084064,-0.050000000000000044,35.5,34.05586667183152,2.0,stop_close,0.00932018793891598
h5m80d50_direction,688048.SH,20260416,H5_COMPETING_DIRECTION_TOP3,1,1.0,0.09740671583040306,0.08000000000000007,307.0,336.90386175993376,4.0,profit_intraday,0.017406715830402986
h5m80d50_direction,001309.SZ,20260415,H5_COMPETING_DIRECTION_TOP3,1,0.0,0.0714285714285714,0.04121104649442464,490.0,525.0,5.0,expiry_close,0.030217524934146756
h5m80d50_direction,688048.SH,20260415,H5_COMPETING_DIRECTION_TOP3,1,1.0,0.09595930457671353,0.08000000000000007,298.16,326.77122625259295,2.0,profit_intraday,0.015959304576713462
h5m80d50_direction,688313.SH,20260415,H5_COMPETING_DIRECTION_TOP3,1,1.0,0.09595930457671353,0.08000000000000007,113.81,124.73112845387577,2.0,profit_intraday,0.015959304576713462
h5m80d50_direction,000967.SZ,20260414,H5_COMPETING_DIRECTION_TOP3,1,1.0,0.1502463054187193,0.1369202846568165,12.18,14.01,3.0,profit_open,0.013326020761902813
h5m80d50_direction,002364.SZ,20260414,H5_COMPETING_DIRECTION_TOP3,1,0.0,-0.03667397923809712,-0.04999999999999993,42.49,40.931722622173254,3.0,stop_close,0.013326020761902813
h5m80d50_direction,300548.SZ,20260414,H5_COMPETING_DIRECTION_TOP3,1,1.0,0.09332602076190288,0.08000000000000007,228.86,250.2185931115691,3.0,profit_intraday,0.013326020761902813
h5m80d50_direction,001309.SZ,20260413,H5_COMPETING_DIRECTION_TOP3,1,0.0,0.06143984830684879,0.030043720532817675,485.19,515.0,5.0,expiry_close,0.03139612777403111
h5m80d50_direction,600105.SH,20260413,H5_COMPETING_DIRECTION_TOP3,1,1.0,0.10527062718700186,0.08000000000000007,38.1,42.11081089582477,4.0,profit_intraday,0.025270627187001793
h5m80d50_direction,688313.SH,20260413,H5_COMPETING_DIRECTION_TOP3,1,1.0,0.10527062718700186,0.08000000000000007,116.2,128.43244687912963,4.0,profit_intraday,0.025270627187001793
h5m80d50_direction,002281.SZ,20260410,H5_COMPETING_DIRECTION_TOP3,1,0.0,0.08891788610308504,0.06318428555320632,107.29,116.83,5.0,expiry_close,0.02573360054987872
h5m80d50_direction,002364.SZ,20260410,H5_COMPETING_DIRECTION_TOP3,1,1.0,0.09224441051918042,0.08000000000000007,38.63,42.193401578355946,2.0,profit_intraday,0.012244410519180349
h5m80d50_direction,300548.SZ,20260410,H5_COMPETING_DIRECTION_TOP3,1,1.0,0.08962075540736136,0.08000000000000007,223.32,243.33410709757194,3.0,profit_intraday,0.009620755407361292
h5m80d50_direction,300548.SZ,20260409,H5_COMPETING_DIRECTION_TOP3,1,0.0,0.049138980692294165,0.01767489868916927,229.96,241.26,5.0,expiry_close,0.031464082003124894
h5m80d50_direction,688205.SH,20260409,H5_COMPETING_DIRECTION_TOP3,1,0.0,-0.06988727858293076,-0.07927396626276395,248.4,231.04,2.0,t1_stop_t2_open,0.009386687679833194
h5m80d50_direction,688313.SH,20260409,H5_COMPETING_DIRECTION_TOP3,1,1.0,0.08938668767983327,0.08000000000000007,109.01,118.75404282397864,2.0,profit_intraday,0.009386687679833194
h5m80d50_direction,300548.SZ,20260408,H5_COMPETING_DIRECTION_TOP3,1,1.0,0.14916795762330715,0.14957721061288176,200.11,229.96,2.0,profit_open,-0.00040925298957461553
h5m80d50_direction,601869.SH,20260408,H5_COMPETING_DIRECTION_TOP3,1,1.0,0.10466099306768872,0.10507024605726334,354.86,392.0,2.0,profit_open,-0.00040925298957461553
h5m80d50_direction,688205.SH,20260408,H5_COMPETING_DIRECTION_TOP3,1,0.0,-0.01216326530612244,-0.021370830400996632,245.0,242.02,5.0,expiry_close,0.009207565094874193
h5m80d50_direction,002428.SZ,20260407,H5_COMPETING_DIRECTION_TOP3,1,0.0,0.09037037037037043,0.03627674637877476,54.0,58.88,5.0,expiry_close,0.054093623991595674
h5m80d50_direction,002432.SZ,20260407,H5_COMPETING_DIRECTION_TOP3,1,1.0,0.1213429928953138,0.08000000000000007,84.43,94.67498889015135,3.0,profit_intraday,0.041342992895313735
h5m80d50_direction,688205.SH,20260407,H5_COMPETING_DIRECTION_TOP3,1,0.0,-0.017875010988911644,-0.050000000000000044,248.0,243.56699727474992,2.0,stop_close,0.0321249890110884
h5m80d50_direction,002428.SZ,20260403,H5_COMPETING_DIRECTION_TOP3,1,1.0,0.12991369014021492,0.08000000000000007,51.91,58.65381965517855,4.0,profit_intraday,0.04991369014021485
h5m80d50_direction,002432.SZ,20260403,H5_COMPETING_DIRECTION_TOP3,1,1.0,0.12991369014021492,0.08000000000000007,82.1,92.76591396051164,4.0,profit_intraday,0.04991369014021485
h5m80d50_direction,688048.SH,20260403,H5_COMPETING_DIRECTION_TOP3,1,0.0,-0.00938018184994005,-0.04999999999999993,233.45,231.26019654713147,3.0,stop_close,0.04061981815005988
h5m80d50_direction,000950.SZ,20260402,H5_COMPETING_DIRECTION_TOP3,1,1.0,0.10992366412213728,0.11641772863135913,6.55,7.27,2.0,profit_open,-0.006494064509221853
h5m80d50_direction,002432.SZ,20260402,H5_COMPETING_DIRECTION_TOP3,1,1.0,0.07350593549077811,0.07999999999999996,80.0,85.88047483926225,2.0,profit_intraday,-0.006494064509221853
h5m80d50_direction,688331.SH,20260402,H5_COMPETING_DIRECTION_TOP3,1,0.0,-0.014995977186216258,-0.050000000000000044,145.0,142.82558330799864,3.0,stop_close,0.035004022813783786
h5m80d50_direction,001309.SZ,20260401,H5_COMPETING_DIRECTION_TOP3,1,1.0,0.08828046696740888,0.08000000000000007,378.88,412.3277033246119,5.0,profit_intraday,0.008280466967408806
h5m80d50_direction,002428.SZ,20260401,H5_COMPETING_DIRECTION_TOP3,1,1.0,0.0489229912609761,0.08000000000000007,48.01,50.35879281043946,2.0,profit_intraday,-0.03107700873902397
h5m80d50_direction,688048.SH,20260401,H5_COMPETING_DIRECTION_TOP3,1,1.0,0.0489229912609761,0.08000000000000007,225.0,236.0076730337196,2.0,profit_intraday,-0.03107700873902397
h5m80d50_direction,000657.SZ,20260331,H5_COMPETING_DIRECTION_TOP3,1,0.0,-0.04923662739359369,-0.04999999999999993,48.73,46.330699147110174,2.0,stop_close,0.0007633726064062429
h5m80d50_direction,600259.SH,20260331,H5_COMPETING_DIRECTION_TOP3,1,1.0,0.07426435070623372,0.07999999999999996,80.22,86.17748621365406,4.0,profit_intraday,-0.005735649293766243
h5m80d50_direction,688331.SH,20260331,H5_COMPETING_DIRECTION_TOP3,1,1.0,0.08934337997847153,0.08858000737206528,130.06,141.68,2.0,profit_open,0.0007633726064062429
h5m80d50_direction,002038.SZ,20260330,H5_COMPETING_DIRECTION_TOP3,1,1.0,0.08197388930636951,0.08000000000000007,6.81,7.368242186176376,2.0,profit_intraday,0.0019738893063694363
h5m80d50_direction,002756.SZ,20260330,H5_COMPETING_DIRECTION_TOP3,1,0.0,-0.04802611069363061,-0.050000000000000044,78.73,74.94890430509047,2.0,stop_close,0.0019738893063694363
h5m80d50_direction,603026.SH,20260330,H5_COMPETING_DIRECTION_TOP3,1,0.0,-0.0480261106936305,-0.04999999999999993,92.62,88.17182162755594,2.0,stop_close,0.0019738893063694363
h5m80d50_direction,000767.SZ,20260327,H5_COMPETING_DIRECTION_TOP3,1,0.0,-0.1710261569416498,-0.1569449022976992,4.97,4.12,2.0,t1_stop_t2_open,-0.014081254643950603
h5m80d50_direction,603026.SH,20260327,H5_COMPETING_DIRECTION_TOP3,1,0.0,-0.06408125464395065,-0.050000000000000044,94.79,88.71573787229993,2.0,stop_close,-0.014081254643950603
h5m80d50_direction,688205.SH,20260327,H5_COMPETING_DIRECTION_TOP3,1,0.0,-0.06408125464395065,-0.050000000000000044,198.0,185.31191158049776,2.0,stop_close,-0.014081254643950603
h5m80d50_direction,000767.SZ,20260326,H5_COMPETING_DIRECTION_TOP3,1,0.0,-0.03523585254033834,-0.050000000000000155,4.9,4.727344322552343,2.0,stop_close,0.014764147459661814
h5m80d50_direction,600163.SH,20260326,H5_COMPETING_DIRECTION_TOP3,1,0.0,-0.1383219954648527,-0.1530861429245145,8.82,7.6,2.0,t1_stop_t2_open,0.014764147459661814
h5m80d50_direction,688048.SH,20260326,H5_COMPETING_DIRECTION_TOP3,1,1.0,0.07977003021337059,0.07999999999999996,213.0,229.99101643544793,5.0,profit_intraday,-0.0002299697866293693
h5m80d50_direction,002192.SZ,20260325,H5_COMPETING_DIRECTION_TOP3,1,1.0,0.09349835967790043,0.09421018843293139,67.06,73.33,2.0,profit_open,-0.0007118287550309521
h5m80d50_direction,600821.SH,20260325,H5_COMPETING_DIRECTION_TOP3,1,0.0,-0.050711828755030997,-0.050000000000000044,10.89,10.337748184857713,2.0,stop_close,-0.0007118287550309521
h5m80d50_direction,601869.SH,20260325,H5_COMPETING_DIRECTION_TOP3,1,1.0,0.07928817124496912,0.08000000000000007,258.44,278.93123497654983,2.0,profit_intraday,-0.0007118287550309521
h5m80d50_direction,000035.SZ,20260324,H5_COMPETING_DIRECTION_TOP3,1,0.0,-0.03223733173839749,-0.050000000000000044,7.51,7.267897638644635,3.0,stop_close,0.017762668261602554
h5m80d50_direction,002192.SZ,20260324,H5_COMPETING_DIRECTION_TOP3,1,1.0,0.08442827307980783,0.08000000000000007,63.0,68.31898120402789,2.0,profit_intraday,0.004428273079807754
h5m80d50_direction,002498.SZ,20260324,H5_COMPETING_DIRECTION_TOP3,1,0.0,-0.04557172692019229,-0.050000000000000044,9.21,8.79028439506503,2.0,stop_close,0.004428273079807754
h5m80d50_direction,300672.SZ,20260323,H5_COMPETING_DIRECTION_TOP3,1,0.0,-0.006136766621438694,-0.050000000000000044,177.0,175.91379230800536,2.0,stop_close,0.04386323337856135
h5m80d50_direction,688519.SH,20260323,H5_COMPETING_DIRECTION_TOP3,1,1.0,0.1386297376093295,0.09476650423076816,137.2,156.22,2.0,profit_open,0.04386323337856135
h5m80d50_direction,688717.SH,20260323,H5_COMPETING_DIRECTION_TOP3,1,0.0,-0.006136766621438694,-0.050000000000000044,135.87,135.03619751914513,2.0,stop_close,0.04386323337856135
h5m80d50_direction,301205.SZ,20260320,H5_COMPETING_DIRECTION_TOP3,1,1.0,0.10655466943513758,0.11002971820096485,211.91,234.49,3.0,profit_open,-0.003475048765827271
h5m80d50_direction,600821.SH,20260320,H5_COMPETING_DIRECTION_TOP3,1,1.0,0.058435962698149435,0.08000000000000007,10.38,10.986565292806793,2.0,profit_intraday,-0.021564037301850636
h5m80d50_direction,688048.SH,20260320,H5_COMPETING_DIRECTION_TOP3,1,1.0,0.097006738755681,0.10048178752150827,191.43,210.0,3.0,profit_open,-0.003475048765827271
h5m80d50_direction,002432.SZ,20260319,H5_COMPETING_DIRECTION_TOP3,1,0.0,-0.0592492085029398,-0.02610968787774004,66.33,62.4,5.0,expiry_close,-0.03313952062519976
h5m80d50_direction,300166.SZ,20260319,H5_COMPETING_DIRECTION_TOP3,1,0.0,-0.1157436216552582,-0.05494138299514029,16.07,14.21,2.0,t1_stop_t2_open,-0.06080223866011791
h5m80d50_direction,600821.SH,20260319,H5_COMPETING_DIRECTION_TOP3,1,1.0,0.019197761339882158,0.08000000000000007,10.88,11.088871643377919,2.0,profit_intraday,-0.06080223866011791
h5m80d50_direction,300166.SZ,20260318,H5_COMPETING_DIRECTION_TOP3,1,1.0,0.055847568988173446,0.09426268326375276,15.22,16.07,2.0,profit_open,-0.03841511427557931
h5m80d50_direction,300672.SZ,20260318,H5_COMPETING_DIRECTION_TOP3,1,1.0,0.04158488572442076,0.08000000000000007,191.75,199.72390183765768,2.0,profit_intraday,-0.03841511427557931
h5m80d50_direction,603248.SH,20260318,H5_COMPETING_DIRECTION_TOP3,1,0.0,-0.08841511427557935,-0.050000000000000044,31.75,28.942820121750355,2.0,stop_close,-0.03841511427557931
h5m80d50_direction,002015.SZ,20260317,H5_COMPETING_DIRECTION_TOP3,1,1.0,0.04738160708070893,0.08000000000000007,20.43,21.398006232658883,3.0,profit_intraday,-0.03261839291929114
h5m80d50_direction,301511.SZ,20260317,H5_COMPETING_DIRECTION_TOP3,1,0.0,-0.08261839291929107,-0.04999999999999993,39.46,36.19987821540477,3.0,stop_close,-0.03261839291929114
h5m80d50_direction,688295.SH,20260317,H5_COMPETING_DIRECTION_TOP3,1,1.0,0.06329844642674498,0.07999999999999996,55.55,59.066228699005684,2.0,profit_intraday,-0.01670155357325498
h5m80d50_direction,300548.SZ,20260316,H5_COMPETING_DIRECTION_TOP3,1,0.0,-0.08012345679012345,-0.0685994848371555,162.0,149.02,2.0,t1_stop_t2_open,-0.011523971952967949
h5m80d50_direction,600330.SH,20260316,H5_COMPETING_DIRECTION_TOP3,1,0.0,-0.12052631578947359,-0.10900234383650564,19.0,16.71,2.0,t1_stop_t2_open,-0.011523971952967949
h5m80d50_direction,688717.SH,20260316,H5_COMPETING_DIRECTION_TOP3,1,0.0,-0.06152397195296799,-0.050000000000000044,141.48,132.77558844809408,2.0,stop_close,-0.011523971952967949
h5m80d50_direction,300438.SZ,20260313,H5_COMPETING_DIRECTION_TOP3,1,0.0,-0.06396366129123665,-0.050000000000000044,58.48,54.739405087688475,3.0,stop_close,-0.013963661291236606
h5m80d50_direction,300763.SZ,20260313,H5_COMPETING_DIRECTION_TOP3,1,0.0,-0.0698721650924593,-0.050000000000000044,105.7,98.31451214972705,2.0,stop_close,-0.01987216509245926
h5m80d50_direction,688717.SH,20260313,H5_COMPETING_DIRECTION_TOP3,1,0.0,-0.0698721650924593,-0.050000000000000044,145.0,134.8685360615934,2.0,stop_close,-0.01987216509245926
h5m80d50_direction,002015.SZ,20260312,H5_COMPETING_DIRECTION_TOP3,1,0.0,-0.05617977528089879,-0.008966060534023157,21.36,20.16,5.0,expiry_close,-0.047213714746875635
h5m80d50_direction,601016.SH,20260312,H5_COMPETING_DIRECTION_TOP3,1,0.0,-0.063824520263697,-0.050000000000000155,4.61,4.315768961584357,2.0,stop_close,-0.013824520263696849
h5m80d50_direction,688295.SH,20260312,H5_COMPETING_DIRECTION_TOP3,1,1.0,0.06617547973630322,0.08000000000000007,44.73,47.69002920860484,2.0,profit_intraday,-0.013824520263696849
h5m80d50_direction,301217.SZ,20260311,H5_COMPETING_DIRECTION_TOP3,1,0.0,-0.06324659704972757,-0.050000000000000044,44.03,41.245252331900495,2.0,stop_close,-0.013246597049727526
h5m80d50_direction,601869.SH,20260311,H5_COMPETING_DIRECTION_TOP3,1,0.0,-0.0828555235787013,-0.050000000000000044,245.01,224.70956816798238,4.0,stop_close,-0.03285552357870125
h5m80d50_direction,688300.SH,20260311,H5_COMPETING_DIRECTION_TOP3,1,0.0,-0.06324659704972757,-0.050000000000000044,98.51,92.27957772463134,2.0,stop_close,-0.013246597049727526
h5m80d50_direction,300870.SZ,20260310,H5_COMPETING_DIRECTION_TOP3,1,0.0,-0.05043356922156883,-0.05150950994956782,300.99,285.81,2.0,t1_stop_t2_open,0.0010759407279989919
h5m80d50_direction,688158.SH,20260310,H5_COMPETING_DIRECTION_TOP3,1,0.0,-0.04892405927200105,-0.050000000000000044,51.48,48.961389428677386,2.0,stop_close,0.0010759407279989919
h5m80d50_direction,688300.SH,20260310,H5_COMPETING_DIRECTION_TOP3,1,0.0,-0.06032079496216636,-0.050000000000000155,99.1,93.12220921924931,3.0,stop_close,-0.010320794962166202
h5m80d50_direction,001203.SZ,20260309,H5_COMPETING_DIRECTION_TOP3,1,0.0,0.011688311688311748,0.010206087022878396,38.5,38.95,5.0,expiry_close,0.0014822246654333515
h5m80d50_direction,002015.SZ,20260309,H5_COMPETING_DIRECTION_TOP3,1,1.0,0.09552131972823275,0.08000000000000007,18.39,20.1466370698022,3.0,profit_intraday,0.015521319728232674
h5m80d50_direction,600821.SH,20260309,H5_COMPETING_DIRECTION_TOP3,1,0.0,-0.0720461095100865,-0.0894838278010609,10.41,9.66,2.0,t1_stop_t2_open,0.017437718290974402
h5m80d50_direction,002498.SZ,20260306,H5_COMPETING_DIRECTION_TOP3,1,0.0,-0.03956235181087098,-0.050000000000000044,9.84,9.45070645818103,3.0,stop_close,0.010437648189129067
h5m80d50_direction,300323.SZ,20260306,H5_COMPETING_DIRECTION_TOP3,1,1.0,0.09043764818912914,0.08000000000000007,11.26,12.278327918609595,3.0,profit_intraday,0.010437648189129067
h5m80d50_direction,600821.SH,20260306,H5_COMPETING_DIRECTION_TOP3,1,1.0,0.10042283298097243,0.09297235534708337,9.46,10.41,2.0,profit_open,0.007450477633889063
h5m80d50_direction,002498.SZ,20260305,H5_COMPETING_DIRECTION_TOP3,1,1.0,0.08467810590898739,0.08000000000000007,9.54,10.34782913037174,2.0,profit_intraday,0.004678105908987318
h5m80d50_direction,300323.SZ,20260305,H5_COMPETING_DIRECTION_TOP3,1,0.0,-0.030824536375534728,-0.04999999999999993,11.51,11.155209586317595,3.0,stop_close,0.019175463624465205
h5m80d50_direction,600487.SH,20260305,H5_COMPETING_DIRECTION_TOP3,1,0.0,-0.04532189409101273,-0.050000000000000044,49.37,47.1324580887267,2.0,stop_close,0.004678105908987318
h5m80d50_direction,300870.SZ,20260304,H5_COMPETING_DIRECTION_TOP3,1,1.0,0.09953534830826505,0.08000000000000007,282.0,310.0689682229307,2.0,profit_intraday,0.019535348308264977
h5m80d50_direction,301500.SZ,20260304,H5_COMPETING_DIRECTION_TOP3,1,0.0,-0.030464651691735067,-0.050000000000000044,26.24,25.44060753960887,2.0,stop_close,0.019535348308264977
h5m80d50_direction,688702.SH,20260304,H5_COMPETING_DIRECTION_TOP3,1,0.0,-0.037479153691380995,-0.050000000000000044,200.0,192.5041692617238,3.0,stop_close,0.012520846308619049
h5m80d50_direction,002378.SZ,20260303,H5_COMPETING_DIRECTION_TOP3,1,1.0,0.19076044640539846,0.19092419586360032,38.53,45.88,2.0,profit_open,-0.00016374945820185616
h5m80d50_direction,601869.SH,20260303,H5_COMPETING_DIRECTION_TOP3,1,0.0,-0.03852737993857469,-0.04999999999999993,226.87,218.12929331333555,3.0,stop_close,0.011472620061425243
h5m80d50_direction,601975.SH,20260303,H5_COMPETING_DIRECTION_TOP3,1,0.0,-0.0501637494582019,-0.050000000000000044,5.4,5.12911575292571,2.0,stop_close,-0.00016374945820185616
h5m80d50_direction,000657.SZ,20260302,H5_COMPETING_DIRECTION_TOP3,1,0.0,-0.05294545454545452,-0.022924340308134172,68.75,65.11,5.0,expiry_close,-0.030021114237320345
h5m80d50_direction,002378.SZ,20260302,H5_COMPETING_DIRECTION_TOP3,1,1.0,0.037984113906359696,0.08000000000000007,43.85,45.51560339479387,2.0,profit_intraday,-0.042015886093640376
h5m80d50_direction,600498.SH,20260302,H5_COMPETING_DIRECTION_TOP3,1,0.0,-0.07330133275469519,-0.050000000000000044,58.41,54.12846915379825,4.0,stop_close,-0.023301332754695148
h5m80d50_direction,001203.SZ,20260227,H5_COMPETING_DIRECTION_TOP3,1,0.0,-0.0679851668726823,-0.02479751273033426,40.45,37.7,2.0,t1_stop_t2_open,-0.04318765414234804
h5m80d50_direction,002378.SZ,20260227,H5_COMPETING_DIRECTION_TOP3,1,0.0,0.000895656068069961,0.033106165696312084,44.66,44.7,5.0,expiry_close,-0.03221050962824212
h5m80d50_direction,688726.SH,20260227,H5_COMPETING_DIRECTION_TOP3,1,0.0,-0.09318765414234798,-0.04999999999999993,77.0,69.8245506310392,2.0,stop_close,-0.04318765414234804
h5m80d50_direction,000657.SZ,20260226,H5_COMPETING_DIRECTION_TOP3,1,1.0,0.1716171617161717,0.17192318926615402,60.6,71.0,2.0,profit_open,-0.00030602754998232395
h5m80d50_direction,001203.SZ,20260226,H5_COMPETING_DIRECTION_TOP3,1,0.0,-0.05030602754998237,-0.050000000000000044,39.5,37.512911911775696,2.0,stop_close,-0.00030602754998232395
h5m80d50_direction,002378.SZ,20260226,H5_COMPETING_DIRECTION_TOP3,1,1.0,0.1587960560456667,0.15910208359564904,38.54,44.66,2.0,profit_open,-0.00030602754998232395
h5m80d50_direction,001203.SZ,20260225,H5_COMPETING_DIRECTION_TOP3,1,0.0,-0.03707386835858906,-0.04999999999999993,42.62,41.03991173055693,2.0,stop_close,0.012926131641410876
h5m80d50_direction,002378.SZ,20260225,H5_COMPETING_DIRECTION_TOP3,1,1.0,0.09292613164141095,0.08000000000000007,35.55,38.853523979852156,2.0,profit_intraday,0.012926131641410876
h5m80d50_direction,301526.SZ,20260225,H5_COMPETING_DIRECTION_TOP3,1,0.0,-0.03707386835858917,-0.050000000000000044,15.16,14.597960155683788,2.0,stop_close,0.012926131641410876
h5m80d50_direction,002378.SZ,20260224,H5_COMPETING_DIRECTION_TOP3,1,1.0,0.12678288431061802,0.10841860147249172,31.55,35.55,2.0,profit_open,0.0183642828381263
h5m80d50_direction,002498.SZ,20260224,H5_COMPETING_DIRECTION_TOP3,1,1.0,0.09836428283812637,0.08000000000000007,7.83,8.60019233462253,2.0,profit_intraday,0.0183642828381263
h5m80d50_direction,300065.SZ,20260224,H5_COMPETING_DIRECTION_TOP3,1,0.0,-0.031635717161873744,-0.050000000000000044,28.3,27.404709204318973,2.0,stop_close,0.0183642828381263
h5m80d50_direction,002378.SZ,20260213,H5_COMPETING_DIRECTION_TOP3,1,0.0,-0.01159147869674193,-0.037050318633138346,31.92,31.55,2.0,t1_stop_t2_open,0.025458839936396416
h5m80d50_direction,300017.SZ,20260213,H5_COMPETING_DIRECTION_TOP3,1,0.0,-0.028419182948490218,-0.053878022884886634,22.52,21.88,2.0,t1_stop_t2_open,0.025458839936396416
h5m80d50_direction,301526.SZ,20260213,H5_COMPETING_DIRECTION_TOP3,1,1.0,0.18175018698578915,0.15629134704939274,13.37,15.8,2.0,profit_open,0.025458839936396416
h5m80d50_direction,002378.SZ,20260212,H5_COMPETING_DIRECTION_TOP3,1,1.0,0.12964728312678742,0.11285872705417166,31.47,35.55,4.0,profit_open,0.016788556072615757
h5m80d50_direction,301526.SZ,20260212,H5_COMPETING_DIRECTION_TOP3,1,1.0,0.0784526885005048,0.08000000000000007,12.71,13.707133670841417,2.0,profit_intraday,-0.0015473114994952741
h5m80d50_direction,603619.SH,20260212,H5_COMPETING_DIRECTION_TOP3,1,1.0,0.0784526885005048,0.08000000000000007,33.72,36.36542465623702,2.0,profit_intraday,-0.0015473114994952741
h5m80d50_direction,002378.SZ,20260211,H5_COMPETING_DIRECTION_TOP3,1,1.0,0.10887949260042284,0.11524101671659193,28.38,31.47,2.0,profit_open,-0.006361524116169082
h5m80d50_direction,300017.SZ,20260211,H5_COMPETING_DIRECTION_TOP3,1,1.0,0.08849129593810456,0.09485282005427365,20.68,22.51,2.0,profit_open,-0.006361524116169082
h5m80d50_direction,301526.SZ,20260211,H5_COMPETING_DIRECTION_TOP3,1,1.0,0.10521739130434793,0.11157891542051701,11.5,12.71,2.0,profit_open,-0.006361524116169082
h5m80d50_direction,002429.SZ,20260210,H5_COMPETING_DIRECTION_TOP3,1,0.0,-0.0557453060344314,-0.050000000000000044,11.9,11.236630858190267,3.0,stop_close,-0.005745306034431352
h5m80d50_direction,301526.SZ,20260210,H5_COMPETING_DIRECTION_TOP3,1,1.0,0.10258868648130393,0.0958511959606545,10.43,11.5,2.0,profit_open,0.006737490520649425
h5m80d50_direction,601869.SH,20260210,H5_COMPETING_DIRECTION_TOP3,1,1.0,0.0867374905206495,0.08000000000000007,208.08,226.12833702753676,2.0,profit_intraday,0.006737490520649425
h5m80d50_direction,002506.SZ,20260209,H5_COMPETING_DIRECTION_TOP3,1,0.0,-0.04230964271740434,-0.050000000000000044,5.41,5.181104832898843,3.0,stop_close,0.007690357282595706
h5m80d50_direction,600884.SH,20260209,H5_COMPETING_DIRECTION_TOP3,1,0.0,-0.05500000000000005,-0.056567240039426925,16.0,15.12,2.0,t1_stop_t2_open,0.001567240039426876
h5m80d50_direction,603103.SH,20260209,H5_COMPETING_DIRECTION_TOP3,1,0.0,-0.04843275996057306,-0.04999999999999993,39.17,37.272888792344354,2.0,stop_close,0.001567240039426876
h5m80d50_direction,002378.SZ,20260206,H5_COMPETING_DIRECTION_TOP3,1,1.0,0.09996494479662199,0.08000000000000007,24.93,27.422126073779786,3.0,profit_intraday,0.01996494479662192
h5m80d50_direction,300751.SZ,20260206,H5_COMPETING_DIRECTION_TOP3,1,0.0,-0.030035055203378236,-0.050000000000000155,317.2,307.6728804894884,3.0,stop_close,0.01996494479662192
h5m80d50_direction,688726.SH,20260206,H5_COMPETING_DIRECTION_TOP3,1,0.0,-0.04615791561962701,-0.0654907076635014,75.61,72.12,2.0,t1_stop_t2_open,0.01933279204387439
h5m80d50_direction,000657.SZ,20260205,H5_COMPETING_DIRECTION_TOP3,1,1.0,0.09859810994370921,0.08000000000000007,44.64,49.04141962788718,4.0,profit_intraday,0.01859810994370914
h5m80d50_direction,300751.SZ,20260205,H5_COMPETING_DIRECTION_TOP3,1,1.0,0.09913718424061813,0.08213296403108727,288.59,317.2,2.0,profit_open,0.01700422020953085
h5m80d50_direction,688726.SH,20260205,H5_COMPETING_DIRECTION_TOP3,1,1.0,0.17864380358534682,0.16163958337581597,64.15,75.61,2.0,profit_open,0.01700422020953085
h5m80d50_direction,300065.SZ,20260204,H5_COMPETING_DIRECTION_TOP3,1,1.0,0.06583543058055841,0.07999999999999996,27.1,28.884140168733133,2.0,profit_intraday,-0.014164569419441553
h5m80d50_direction,688516.SH,20260204,H5_COMPETING_DIRECTION_TOP3,1,1.0,0.06583543058055841,0.07999999999999996,105.23,112.15786235999217,2.0,profit_intraday,-0.014164569419441553
h5m80d50_direction,688726.SH,20260204,H5_COMPETING_DIRECTION_TOP3,1,1.0,0.06583543058055841,0.07999999999999996,68.0,72.47680927947798,2.0,profit_intraday,-0.014164569419441553
h5m80d50_direction,300757.SZ,20260203,H5_COMPETING_DIRECTION_TOP3,1,0.0,-0.05824265747890878,-0.050000000000000044,426.01,401.19804548741007,2.0,stop_close,-0.008242657478908733
h5m80d50_direction,600986.SH,20260203,H5_COMPETING_DIRECTION_TOP3,1,0.0,-0.08036809815950918,-0.07212544068060045,16.3,14.99,2.0,t1_stop_t2_open,-0.008242657478908733
h5m80d50_direction,688516.SH,20260203,H5_COMPETING_DIRECTION_TOP3,1,0.0,-0.05824265747890878,-0.050000000000000044,123.0,115.83615313009422,2.0,stop_close,-0.008242657478908733
h5m80d50_direction,300058.SZ,20260202,H5_COMPETING_DIRECTION_TOP3,1,0.0,-0.01892913883397962,-0.050000000000000044,22.25,21.828826660943953,2.0,stop_close,0.031070861166020425
h5m80d50_direction,603103.SH,20260202,H5_COMPETING_DIRECTION_TOP3,1,0.0,-0.01892913883397962,-0.050000000000000044,30.86,30.27584677558339,2.0,stop_close,0.031070861166020425
h5m80d50_direction,688380.SH,20260202,H5_COMPETING_DIRECTION_TOP3,1,0.0,-0.01057692307692304,-0.04571449170836295,52.0,51.45,5.0,expiry_close,0.03513756863143991
h5m80d50_direction,300757.SZ,20260130,H5_COMPETING_DIRECTION_TOP3,1,1.0,0.0729786295824153,0.07999999999999996,365.0,391.63719979758156,2.0,profit_intraday,-0.00702137041758466
h5m80d50_direction,688380.SH,20260130,H5_COMPETING_DIRECTION_TOP3,1,0.0,-0.054545454545454564,-0.0475240841278699,55.0,52.0,2.0,t1_stop_t2_open,-0.00702137041758466
h5m80d50_direction,688516.SH,20260130,H5_COMPETING_DIRECTION_TOP3,1,1.0,0.0729786295824153,0.07999999999999996,99.5,106.76137364345033,2.0,profit_intraday,-0.00702137041758466
h5m80d50_direction,300136.SZ,20260129,H5_COMPETING_DIRECTION_TOP3,1,1.0,0.03712106913237467,0.08000000000000007,83.0,86.0810487379871,2.0,profit_intraday,-0.0428789308676254
h5m80d50_direction,601069.SH,20260129,H5_COMPETING_DIRECTION_TOP3,1,0.0,-0.09287893086762544,-0.050000000000000044,44.82,40.65716631851303,2.0,stop_close,-0.0428789308676254
h5m80d50_direction,688380.SH,20260129,H5_COMPETING_DIRECTION_TOP3,1,1.0,0.045031350940528236,0.08791028180815363,52.63,55.0,2.0,profit_open,-0.0428789308676254
h5m80d50_direction,000620.SZ,20260128,H5_COMPETING_DIRECTION_TOP3,1,0.0,-0.1080402010050252,-0.09157111808854956,3.98,3.55,2.0,t1_stop_t2_open,-0.01646908291647564
h5m80d50_direction,300567.SZ,20260128,H5_COMPETING_DIRECTION_TOP3,1,0.0,-0.0866957470010905,-0.07022666408461486,146.72,134.0,2.0,t1_stop_t2_open,-0.01646908291647564
h5m80d50_direction,688380.SH,20260128,H5_COMPETING_DIRECTION_TOP3,1,1.0,0.06353091708352432,0.07999999999999996,52.97,56.335232677914284,2.0,profit_intraday,-0.01646908291647564
h5m80d50_direction,300857.SZ,20260127,H5_COMPETING_DIRECTION_TOP3,1,0.0,-0.0200425531914894,-0.016270631086845455,235.0,230.29,2.0,t1_stop_t2_open,-0.0037719221046439433
h5m80d50_direction,301207.SZ,20260127,H5_COMPETING_DIRECTION_TOP3,1,0.0,-0.05377192210464399,-0.050000000000000044,24.2,22.898719485067616,2.0,stop_close,-0.0037719221046439433
h5m80d50_direction,600877.SH,20260127,H5_COMPETING_DIRECTION_TOP3,1,0.0,-0.05377192210464388,-0.04999999999999993,25.55,24.17612739022635,2.0,stop_close,-0.0037719221046439433
h5m80d50_direction,000426.SZ,20260126,H5_COMPETING_DIRECTION_TOP3,1,1.0,0.08217416229124175,0.08000000000000007,63.5,68.71805930549385,2.0,profit_intraday,0.002174162291241677
h5m80d50_direction,002716.SZ,20260126,H5_COMPETING_DIRECTION_TOP3,1,1.0,0.16150442477876115,0.16510297153806064,18.08,21.0,3.0,profit_open,-0.0035985467592994924
h5m80d50_direction,300751.SZ,20260126,H5_COMPETING_DIRECTION_TOP3,1,0.0,-0.07540804230874443,-0.029084866519535457,329.01,304.2,5.0,expiry_close,-0.04632317578920897
h5m80d50_direction,301205.SZ,20260123,H5_COMPETING_DIRECTION_TOP3,1,1.0,0.06910647747756138,0.08000000000000007,191.72,204.96909386199806,2.0,profit_intraday,-0.010893522522438692
h5m80d50_direction,600118.SH,20260123,H5_COMPETING_DIRECTION_TOP3,1,0.0,-0.1307013469577335,-0.11980782443529481,107.65,93.58,2.0,t1_stop_t2_open,-0.010893522522438692
h5m80d50_direction,601212.SH,20260123,H5_COMPETING_DIRECTION_TOP3,1,1.0,0.06910647747756138,0.08000000000000007,10.97,11.728098057928849,2.0,profit_intraday,-0.010893522522438692
h5m80d50_direction,600879.SH,20260122,H5_COMPETING_DIRECTION_TOP3,1,0.0,-0.04076891764642854,-0.050000000000000044,28.9,27.721778280018214,4.0,stop_close,0.009231082353571507
h5m80d50_direction,688387.SH,20260122,H5_COMPETING_DIRECTION_TOP3,1,1.0,0.08704161045840153,0.08000000000000007,19.05,20.70814267923255,2.0,profit_intraday,0.007041610458401459
h5m80d50_direction,688523.SH,20260122,H5_COMPETING_DIRECTION_TOP3,1,1.0,0.09213967081987384,0.08509806036147238,65.01,71.0,2.0,profit_open,0.007041610458401459
h5m80d50_direction,000880.SZ,20260121,H5_COMPETING_DIRECTION_TOP3,1,1.0,0.09409778602736552,0.08000000000000007,36.77,40.22997559222623,3.0,profit_intraday,0.014097786027365444
h5m80d50_direction,002716.SZ,20260121,H5_COMPETING_DIRECTION_TOP3,1,1.0,0.23743232791956692,0.21198734867280256,12.93,16.0,2.0,profit_open,0.025444979246764365
h5m80d50_direction,600118.SH,20260121,H5_COMPETING_DIRECTION_TOP3,1,1.0,0.10544497924676444,0.08000000000000007,96.28,106.43224260187849,2.0,profit_intraday,0.025444979246764365
h5m80d50_direction,002498.SZ,20260120,H5_COMPETING_DIRECTION_TOP3,1,1.0,0.10106923314953198,0.08000000000000007,5.74,6.320137398278314,4.0,profit_intraday,0.021069233149531907
h5m80d50_direction,600118.SH,20260120,H5_COMPETING_DIRECTION_TOP3,1,0.0,-0.017848036715961246,-0.039094968361295335,98.05,96.3,5.0,expiry_close,0.02124693164533409
h5m80d50_direction,688523.SH,20260120,H5_COMPETING_DIRECTION_TOP3,1,1.0,0.11249443300557282,0.08000000000000007,61.5,68.41840762984273,3.0,profit_intraday,0.032494433005572754
h5m80d50_direction,002498.SZ,20260119,H5_COMPETING_DIRECTION_TOP3,1,1.0,0.08712121212121215,0.08431133631366117,5.28,5.74,2.0,profit_open,0.0028098758075509878
h5m80d50_direction,600879.SH,20260119,H5_COMPETING_DIRECTION_TOP3,1,1.0,0.0898364003051515,0.08000000000000007,27.01,29.436481172242143,3.0,profit_intraday,0.009836400305151427
h5m80d50_direction,603667.SH,20260119,H5_COMPETING_DIRECTION_TOP3,1,0.0,-0.03305272513718527,-0.050000000000000044,89.0,86.05830746279051,5.0,stop_close,0.016947274862814776
h5m80d50_direction,300762.SZ,20260116,H5_COMPETING_DIRECTION_TOP3,1,0.0,-0.04678871899421955,-0.050000000000000044,49.1,46.80267389738382,2.0,stop_close,0.0032112810057804975
h5m80d50_direction,600879.SH,20260116,H5_COMPETING_DIRECTION_TOP3,1,1.0,0.08321128100578057,0.08000000000000007,25.25,27.35108484539596,2.0,profit_intraday,0.0032112810057804975
h5m80d50_direction,688523.SH,20260116,H5_COMPETING_DIRECTION_TOP3,1,0.0,-0.04678871899421955,-0.050000000000000044,65.52,62.45440313149873,2.0,stop_close,0.0032112810057804975
h5m80d50_direction,300136.SZ,20260115,H5_COMPETING_DIRECTION_TOP3,1,0.0,-0.04077702672429451,-0.050000000000000155,79.0,75.77861488878074,4.0,stop_close,0.009222973275705648
h5m80d50_direction,300409.SZ,20260115,H5_COMPETING_DIRECTION_TOP3,1,0.0,-0.04360487204716623,-0.050000000000000044,33.26,31.809701955711247,2.0,stop_close,0.006395127952833812
h5m80d50_direction,603000.SH,20260115,H5_COMPETING_DIRECTION_TOP3,1,0.0,-0.04360487204716623,-0.050000000000000044,27.75,26.539964800691138,2.0,stop_close,0.006395127952833812
h5m80d50_direction,002465.SZ,20260114,H5_COMPETING_DIRECTION_TOP3,1,0.0,-0.05172215921894041,-0.050000000000000044,23.96,22.72073706511419,2.0,stop_close,-0.0017221592189403667
h5m80d50_direction,300136.SZ,20260114,H5_COMPETING_DIRECTION_TOP3,1,1.0,0.0782778407810596,0.07999999999999996,75.4,81.3021491948919,2.0,profit_intraday,-0.0017221592189403667
h5m80d50_direction,300409.SZ,20260114,H5_COMPETING_DIRECTION_TOP3,1,0.0,-0.04445712869304841,-0.050000000000000044,32.66,31.208030176885035,3.0,stop_close,0.0055428713069516355
h5m80d50_direction,002465.SZ,20260113,H5_COMPETING_DIRECTION_TOP3,1,0.0,-0.0453666199793874,-0.050000000000000044,26.62,25.412340576148708,2.0,stop_close,0.004633380020612643
h5m80d50_direction,300136.SZ,20260113,H5_COMPETING_DIRECTION_TOP3,1,1.0,0.08697659456889228,0.08000000000000007,76.24,82.87109556993234,5.0,profit_intraday,0.006976594568892214
h5m80d50_direction,300409.SZ,20260113,H5_COMPETING_DIRECTION_TOP3,1,0.0,-0.06552217453505027,-0.07015555455566291,34.95,32.66,2.0,t1_stop_t2_open,0.004633380020612643
h5m80d50_direction,002044.SZ,20260112,H5_COMPETING_DIRECTION_TOP3,1,1.0,0.09986504723346834,0.1082739592186499,7.41,8.15,2.0,profit_open,-0.008408911985181566
h5m80d50_direction,600879.SH,20260112,H5_COMPETING_DIRECTION_TOP3,1,0.0,-0.13403661185231142,-0.12562769986712985,32.23,27.91,2.0,t1_stop_t2_open,-0.008408911985181566
h5m80d50_direction,603496.SH,20260112,H5_COMPETING_DIRECTION_TOP3,1,0.0,-0.03944672131147542,-0.031037809326293853,39.04,37.5,2.0,t1_stop_t2_open,-0.008408911985181566
h5m80d50_direction,002202.SZ,20260109,H5_COMPETING_DIRECTION_TOP3,1,1.0,0.08817938360994404,0.08000000000000007,33.99,36.987217248902,2.0,profit_intraday,0.008179383609943969
h5m80d50_direction,600118.SH,20260109,H5_COMPETING_DIRECTION_TOP3,1,1.0,0.08817938360994404,0.08000000000000007,112.0,121.87609096431373,2.0,profit_intraday,0.008179383609943969
h5m80d50_direction,600879.SH,20260109,H5_COMPETING_DIRECTION_TOP3,1,0.0,-0.041820616390056076,-0.050000000000000044,30.5,29.224471200103288,2.0,stop_close,0.008179383609943969
h5m80d50_direction,600783.SH,20260108,H5_COMPETING_DIRECTION_TOP3,1,1.0,0.1660018410555384,0.1405165941077391,32.59,38.0,3.0,profit_open,0.0254852469477993
h5m80d50_direction,601611.SH,20260108,H5_COMPETING_DIRECTION_TOP3,1,1.0,0.11985393615344542,0.08000000000000007,17.5,19.597443882685294,2.0,profit_intraday,0.039853936153445346
h5m80d50_direction,603650.SH,20260108,H5_COMPETING_DIRECTION_TOP3,1,0.0,-0.024514753052200744,-0.050000000000000044,56.6,55.21246497724544,3.0,stop_close,0.0254852469477993
h5m80d50_direction,000620.SZ,20260107,H5_COMPETING_DIRECTION_TOP3,1,0.0,-0.0029842718103321175,-0.050000000000000044,3.33,3.3200623748715943,3.0,stop_close,0.04701572818966793
h5m80d50_direction,600118.SH,20260107,H5_COMPETING_DIRECTION_TOP3,1,1.0,0.13131313131313127,0.08429740312346334,99.0,112.0,3.0,profit_open,0.04701572818966793
h5m80d50_direction,600879.SH,20260107,H5_COMPETING_DIRECTION_TOP3,1,1.0,0.17120954003407163,0.14703855001595856,23.48,27.5,2.0,profit_open,0.02417099001811307
h5m80d50_direction,002195.SZ,20260106,H5_COMPETING_DIRECTION_TOP3,1,1.0,0.09086300707789685,0.08000000000000007,9.44,10.297746786815345,2.0,profit_intraday,0.01086300707789678
h5m80d50_direction,301293.SZ,20260106,H5_COMPETING_DIRECTION_TOP3,1,1.0,0.09086300707789685,0.08000000000000007,90.49,98.71219351047888,2.0,profit_intraday,0.01086300707789678
h5m80d50_direction,688523.SH,20260106,H5_COMPETING_DIRECTION_TOP3,1,1.0,0.09086300707789685,0.08000000000000007,70.0,76.36041049545278,2.0,profit_intraday,0.01086300707789678
h5m80d50_direction,002195.SZ,20260105,H5_COMPETING_DIRECTION_TOP3,1,1.0,0.10023310023310006,0.08017387566095202,8.58,9.44,2.0,profit_open,0.020059224572148038
h5m80d50_direction,600118.SH,20260105,H5_COMPETING_DIRECTION_TOP3,1,1.0,0.12471506590716563,0.08000000000000007,96.89,108.97364273574527,4.0,profit_intraday,0.04471506590716556
h5m80d50_direction,688102.SH,20260105,H5_COMPETING_DIRECTION_TOP3,1,1.0,0.1070846843766664,0.08000000000000007,40.53,44.87014225778629,3.0,profit_intraday,0.027084684376666335
h5m80d50_direction,300762.SZ,20251231,H5_COMPETING_DIRECTION_TOP3,1,1.0,0.14582893827621013,0.08000000000000007,41.93,48.04460738192149,5.0,profit_intraday,0.06582893827621006
h5m80d50_direction,603667.SH,20251231,H5_COMPETING_DIRECTION_TOP3,1,1.0,0.11658184773361957,0.08000000000000007,69.0,77.04414749361975,2.0,profit_intraday,0.0365818477336195
h5m80d50_direction,688102.SH,20251231,H5_COMPETING_DIRECTION_TOP3,1,1.0,0.12784224368236918,0.08000000000000007,41.05,46.29792410316125,4.0,profit_intraday,0.04784224368236911
h5m80d50_direction,300136.SZ,20251230,H5_COMPETING_DIRECTION_TOP3,1,1.0,0.11913357400722036,0.09858348616902624,55.4,62.0,2.0,profit_open,0.02055008783819412
h5m80d50_direction,300762.SZ,20251230,H5_COMPETING_DIRECTION_TOP3,1,1.0,0.10055008783819419,0.08000000000000007,38.75,42.64631590373003,2.0,profit_intraday,0.02055008783819412
h5m80d50_direction,688629.SH,20251230,H5_COMPETING_DIRECTION_TOP3,1,0.0,0.023718514162501148,-0.024472850695369752,102.03,104.45,5.0,expiry_close,0.0481913648578709
h5m80d50_direction,002465.SZ,20251229,H5_COMPETING_DIRECTION_TOP3,1,1.0,0.10110925336183363,0.08000000000000007,15.0,16.516638800427504,3.0,profit_intraday,0.021109253361833558
h5m80d50_direction,300136.SZ,20251229,H5_COMPETING_DIRECTION_TOP3,1,1.0,0.08088126960564002,0.08000000000000007,52.92,57.20023678753047,2.0,profit_intraday,0.0008812696056399449
h5m80d50_direction,300762.SZ,20251229,H5_COMPETING_DIRECTION_TOP3,1,1.0,0.08088126960564002,0.08000000000000007,38.6,41.722017006777705,2.0,profit_intraday,0.0008812696056399449
h5m80d50_direction,300762.SZ,20251226,H5_COMPETING_DIRECTION_TOP3,1,1.0,0.07829966059433047,0.08000000000000007,38.0,40.975387102584556,3.0,profit_intraday,-0.0017003394056696042
h5m80d50_direction,600118.SH,20251226,H5_COMPETING_DIRECTION_TOP3,1,1.0,0.07796715685246203,0.08000000000000007,81.0,87.31533970504942,2.0,profit_intraday,-0.0020328431475380437
h5m80d50_direction,600879.SH,20251226,H5_COMPETING_DIRECTION_TOP3,1,1.0,0.07796715685246203,0.08000000000000007,19.0,20.481375980196777,2.0,profit_intraday,-0.0020328431475380437
h5m80d50_direction,300762.SZ,20251225,H5_COMPETING_DIRECTION_TOP3,1,1.0,0.08157974238987498,0.08000000000000007,38.08,41.186556590206436,4.0,profit_intraday,0.0015797423898749052
h5m80d50_direction,600118.SH,20251225,H5_COMPETING_DIRECTION_TOP3,1,1.0,0.09459459459459452,0.09389673681121291,74.0,81.0,2.0,profit_open,0.0006978577833816058
h5m80d50_direction,600879.SH,20251225,H5_COMPETING_DIRECTION_TOP3,1,1.0,0.08124614615092018,0.08000000000000007,18.4,19.89492908917693,3.0,profit_intraday,0.0012461461509201133
h5m80d50_direction,300726.SZ,20251224,H5_COMPETING_DIRECTION_TOP3,1,0.0,-0.06621392190152797,-0.07820806197324381,58.9,55.0,2.0,t1_stop_t2_open,0.011994140071715842
h5m80d50_direction,600118.SH,20251224,H5_COMPETING_DIRECTION_TOP3,1,1.0,0.09548482605477426,0.08349068598305842,67.55,74.0,2.0,profit_open,0.011994140071715842
h5m80d50_direction,688102.SH,20251224,H5_COMPETING_DIRECTION_TOP3,1,1.0,0.09199414007171591,0.08000000000000007,35.5,38.76579197254591,2.0,profit_intraday,0.011994140071715842
h5m80d50_direction,002163.SZ,20251223,H5_COMPETING_DIRECTION_TOP3,1,1.0,0.1018429384770092,0.08000000000000007,18.98,20.912978972293637,2.0,profit_intraday,0.021842938477009133
h5m80d50_direction,300456.SZ,20251223,H5_COMPETING_DIRECTION_TOP3,1,0.0,-0.02815706152299091,-0.050000000000000044,61.5,59.768340716336056,2.0,stop_close,0.021842938477009133
h5m80d50_direction,301205.SZ,20251223,H5_COMPETING_DIRECTION_TOP3,1,0.0,-0.061555590901861024,-0.08339852937887016,188.61,177.0,2.0,t1_stop_t2_open,0.021842938477009133
h5m80d50_direction,002163.SZ,20251222,H5_COMPETING_DIRECTION_TOP3,1,1.0,0.0904133324963321,0.08000000000000007,17.59,19.18037051861048,2.0,profit_intraday,0.010413332496332028
h5m80d50_direction,300762.SZ,20251222,H5_COMPETING_DIRECTION_TOP3,1,0.0,-0.11330448891292588,-0.12371782140925791,36.98,32.79,2.0,t1_stop_t2_open,0.010413332496332028
h5m80d50_direction,688048.SH,20251222,H5_COMPETING_DIRECTION_TOP3,1,1.0,0.09918367180231114,0.08000000000000007,143.26,157.46905282239908,3.0,profit_intraday,0.019183671802311064
h5m80d50_direction,002046.SZ,20251219,H5_COMPETING_DIRECTION_TOP3,1,1.0,0.08601438182399446,0.08000000000000007,41.58,45.15647799624169,2.0,profit_intraday,0.006014381823994386
h5m80d50_direction,002149.SZ,20251219,H5_COMPETING_DIRECTION_TOP3,1,0.0,-0.05348662834291429,-0.059501010166908674,40.01,37.87,2.0,t1_stop_t2_open,0.006014381823994386
h5m80d50_direction,603698.SH,20251219,H5_COMPETING_DIRECTION_TOP3,1,1.0,0.08601438182399446,0.08000000000000007,27.57,29.941416506887528,2.0,profit_intraday,0.006014381823994386
h5m80d50_direction,001203.SZ,20251218,H5_COMPETING_DIRECTION_TOP3,1,1.0,0.09605379167163575,0.08000000000000007,26.88,29.461925920133567,3.0,profit_intraday,0.016053791671635675
h5m80d50_direction,002149.SZ,20251218,H5_COMPETING_DIRECTION_TOP3,1,1.0,0.14314285714285702,0.12443796531857187,35.0,40.01,2.0,profit_open,0.01870489182428514
h5m80d50_direction,301205.SZ,20251218,H5_COMPETING_DIRECTION_TOP3,1,0.0,-0.03129510817571479,-0.04999999999999993,180.01,174.37656757728956,2.0,stop_close,0.01870489182428514
h5m80d50_direction,002149.SZ,20251217,H5_COMPETING_DIRECTION_TOP3,1,1.0,0.10514682664982633,0.09716888698438386,31.67,35.0,2.0,profit_open,0.007977939665442468
h5m80d50_direction,002837.SZ,20251217,H5_COMPETING_DIRECTION_TOP3,1,1.0,0.11567203452268182,0.08839879319410082,95.01,106.0,5.0,profit_open,0.027273241328581
h5m80d50_direction,688102.SH,20251217,H5_COMPETING_DIRECTION_TOP3,1,0.0,-0.03595969613524641,-0.050000000000000044,34.8,33.54860257449342,4.0,stop_close,0.014040303864753634
h5m80d50_direction,300456.SZ,20251216,H5_COMPETING_DIRECTION_TOP3,1,0.0,-0.020138320736299287,-0.050000000000000044,62.32,61.06497985171383,4.0,stop_close,0.029861679263700758
h5m80d50_direction,000620.SZ,20251215,H5_COMPETING_DIRECTION_TOP3,1,0.0,-0.013745704467354014,-0.027881691275381315,2.91,2.87,5.0,expiry_close,0.014135986808027301
h5m80d50_direction,688102.SH,20251215,H5_COMPETING_DIRECTION_TOP3,1,1.0,0.07551498667285683,0.07999999999999996,35.3,37.96567902955184,3.0,profit_intraday,-0.004485013327143128
h5m80d50_direction,688048.SH,20251212,H5_COMPETING_DIRECTION_TOP3,1,0.0,-0.03539258103411591,-0.03561292945806571,140.99,136.0,5.0,expiry_close,0.00022034842394980103
h5m80d50_direction,688102.SH,20251212,H5_COMPETING_DIRECTION_TOP3,1,1.0,0.0596087760275652,0.07999999999999996,34.4,36.450541895348245,2.0,profit_intraday,-0.020391223972434758
h5m80d50_direction,300456.SZ,20251211,H5_COMPETING_DIRECTION_TOP3,1,1.0,0.10509150208371087,0.10054789938588637,55.19,60.99,2.0,profit_open,0.0045436026978245
h5m80d50_direction,300620.SZ,20251211,H5_COMPETING_DIRECTION_TOP3,1,0.0,-0.060795489990461915,-0.050000000000000044,168.49,158.24656789150708,3.0,stop_close,-0.01079548999046187
h5m80d50_direction,688313.SH,20251211,H5_COMPETING_DIRECTION_TOP3,1,0.0,0.006809739991745722,0.006771528739717203,96.92,97.58,5.0,expiry_close,3.821125202851938e-05
h5m80d50_direction,001203.SZ,20251210,H5_COMPETING_DIRECTION_TOP3,1,0.0,-0.051965028052185724,-0.050000000000000044,28.11,26.64926306145306,2.0,stop_close,-0.00196502805218568
h5m80d50_direction,688048.SH,20251210,H5_COMPETING_DIRECTION_TOP3,1,0.0,-0.020571278825995742,-0.010925182515852394,152.64,149.5,5.0,expiry_close,-0.009646096310143348
h5m80d50_direction,300620.SZ,20251209,H5_COMPETING_DIRECTION_TOP3,1,1.0,0.07297433523661057,0.07999999999999996,167.12,179.31547090474237,2.0,profit_intraday,-0.007025664763389394
h5m80d50_direction,688048.SH,20251209,H5_COMPETING_DIRECTION_TOP3,1,1.0,0.07297433523661057,0.07999999999999996,142.32,152.7057073908744,2.0,profit_intraday,-0.007025664763389394
h5m80d50_direction,688205.SH,20251209,H5_COMPETING_DIRECTION_TOP3,1,1.0,0.07297433523661057,0.07999999999999996,160.99,172.73813822974193,2.0,profit_intraday,-0.007025664763389394
h5m80d50_direction,300620.SZ,20251208,H5_COMPETING_DIRECTION_TOP3,1,1.0,0.06523752084894507,0.07999999999999996,167.09,177.99053735865024,3.0,profit_intraday,-0.014762479151054886
h5m80d50_direction,688048.SH,20251208,H5_COMPETING_DIRECTION_TOP3,1,1.0,0.07684722382271247,0.08000000000000007,140.94,151.7708477255731,2.0,profit_intraday,-0.0031527761772875973
h5m80d50_direction,688313.SH,20251208,H5_COMPETING_DIRECTION_TOP3,1,1.0,0.06523752084894507,0.07999999999999996,93.0,99.0670894389519,3.0,profit_intraday,-0.014762479151054886
h5m80d50_direction,300620.SZ,20251205,H5_COMPETING_DIRECTION_TOP3,1,1.0,0.1600249930574842,0.16042801190753342,144.04,167.09,2.0,profit_open,-0.00040301885004923044
h5m80d50_direction,688048.SH,20251205,H5_COMPETING_DIRECTION_TOP3,1,1.0,0.07959698114995084,0.08000000000000007,132.18,142.7011289684005,2.0,profit_intraday,-0.00040301885004923044
h5m80d50_direction,688313.SH,20251205,H5_COMPETING_DIRECTION_TOP3,1,1.0,0.07959698114995084,0.08000000000000007,86.27,93.13683156380625,2.0,profit_intraday,-0.00040301885004923044
h5m80d50_direction,688147.SH,20251204,H5_COMPETING_DIRECTION_TOP3,1,0.0,-0.05399505166642404,-0.07446819218852374,68.71,65.0,2.0,t1_stop_t2_open,0.020473140522099698
h5m80d50_direction,688498.SH,20251204,H5_COMPETING_DIRECTION_TOP3,1,1.0,0.10047314052209977,0.08000000000000007,588.0,647.0782066269946,2.0,profit_intraday,0.020473140522099698
h5m80d50_direction,688523.SH,20251204,H5_COMPETING_DIRECTION_TOP3,1,0.0,-0.03747793232605823,-0.04999999999999993,42.51,40.91681309681926,3.0,stop_close,0.012522067673941706
h5m80d50_direction,300620.SZ,20251203,H5_COMPETING_DIRECTION_TOP3,1,1.0,0.0987608511792113,0.08000000000000007,139.0,152.72775831391036,3.0,profit_intraday,0.018760851179211224
h5m80d50_direction,688205.SH,20251203,H5_COMPETING_DIRECTION_TOP3,1,1.0,0.0987608511792113,0.08000000000000007,117.02,128.5769948049913,3.0,profit_intraday,0.018760851179211224
h5m80d50_direction,688523.SH,20251203,H5_COMPETING_DIRECTION_TOP3,1,1.0,0.12758620689655165,0.11635554214885047,37.7,42.51,2.0,profit_open,0.01123066474770118
h5m80d50_direction,300456.SZ,20251202,H5_COMPETING_DIRECTION_TOP3,1,0.0,-0.17700826155739147,-0.16884567021696584,56.89,46.82,2.0,t1_stop_t2_open,-0.008162591340425629
h5m80d50_direction,688205.SH,20251202,H5_COMPETING_DIRECTION_TOP3,1,1.0,0.09214343530213709,0.08000000000000007,123.2,134.5520712292233,4.0,profit_intraday,0.012143435302137018
h5m80d50_direction,688313.SH,20251202,H5_COMPETING_DIRECTION_TOP3,1,1.0,0.08466216160141316,0.08000000000000007,77.44,83.99623779441343,3.0,profit_intraday,0.004662161601413084
h5m80d50_direction,300620.SZ,20251201,H5_COMPETING_DIRECTION_TOP3,1,1.0,0.08405320923066095,0.08000000000000007,143.06,155.08465211253835,5.0,profit_intraday,0.004053209230660881
h5m80d50_direction,688313.SH,20251201,H5_COMPETING_DIRECTION_TOP3,1,1.0,0.0655632046210588,0.08000000000000007,77.4,82.47459203766996,2.0,profit_intraday,-0.01443679537894127
h5m80d50_direction,688523.SH,20251201,H5_COMPETING_DIRECTION_TOP3,1,1.0,0.06390949194112272,0.08000000000000007,39.7,42.237206830062576,3.0,profit_intraday,-0.01609050805887735
h5m80d50_direction,001203.SZ,20251128,H5_COMPETING_DIRECTION_TOP3,1,0.0,-0.09270516717325217,-0.09304291731331826,32.9,29.85,2.0,t1_stop_t2_open,0.0003377501400660954
h5m80d50_direction,300620.SZ,20251128,H5_COMPETING_DIRECTION_TOP3,1,0.0,-0.04966224985993406,-0.050000000000000155,153.0,145.4016757714301,2.0,stop_close,0.0003377501400660954
h5m80d50_direction,001203.SZ,20251127,H5_COMPETING_DIRECTION_TOP3,1,1.0,0.12594113620807668,0.10746256501278917,29.22,32.9,2.0,profit_open,0.018478571195287508
h5m80d50_direction,300456.SZ,20251127,H5_COMPETING_DIRECTION_TOP3,1,1.0,0.09033770735866731,0.08000000000000007,48.11,52.456147101025486,3.0,profit_intraday,0.010337707358667236
h5m80d50_direction,688110.SH,20251127,H5_COMPETING_DIRECTION_TOP3,1,0.0,-0.03152142880471254,-0.050000000000000044,134.55,130.30879175432594,2.0,stop_close,0.018478571195287508
h5m80d50_direction,300390.SZ,20251126,H5_COMPETING_DIRECTION_TOP3,1,1.0,0.09835645045774788,0.08000000000000007,50.36,55.31323084505218,3.0,profit_intraday,0.018356450457747808
h5m80d50_direction,300456.SZ,20251126,H5_COMPETING_DIRECTION_TOP3,1,1.0,0.1728425158459288,0.16296703867787077,41.02,48.11,2.0,profit_open,0.009875477168058033
h5m80d50_direction,688498.SH,20251126,H5_COMPETING_DIRECTION_TOP3,1,0.0,-0.04012452283194201,-0.050000000000000044,567.0,544.2493955542889,2.0,stop_close,0.009875477168058033
h5m80d50_direction,688048.SH,20251125,H5_COMPETING_DIRECTION_TOP3,1,1.0,0.17666666666666675,0.17843033944850573,90.0,105.9,2.0,profit_open,-0.0017636727818389764
h5m80d50_direction,688498.SH,20251125,H5_COMPETING_DIRECTION_TOP3,1,1.0,0.07823632721816098,0.07999999999999996,535.0,576.8564350617161,2.0,profit_intraday,-0.0017636727818389764
h5m80d50_direction,300620.SZ,20251124,H5_COMPETING_DIRECTION_TOP3,1,1.0,0.1284469666693311,0.11908556568932083,125.11,141.18,2.0,profit_open,0.00936140098001026
h5m80d50_direction,301205.SZ,20251124,H5_COMPETING_DIRECTION_TOP3,1,1.0,0.08936140098001033,0.08000000000000007,115.2,125.4944333928972,2.0,profit_intraday,0.00936140098001026
h5m80d50_direction,688498.SH,20251124,H5_COMPETING_DIRECTION_TOP3,1,1.0,0.08936140098001033,0.08000000000000007,547.05,595.9351544061146,2.0,profit_intraday,0.00936140098001026
h5m80d50_direction,300456.SZ,20251121,H5_COMPETING_DIRECTION_TOP3,1,1.0,0.10143655893701609,0.08000000000000007,35.16,38.72650941222548,3.0,profit_intraday,0.021436558937016015
h5m80d50_direction,301205.SZ,20251121,H5_COMPETING_DIRECTION_TOP3,1,1.0,0.10131408352176896,0.08000000000000007,116.5,128.30309073028607,4.0,profit_intraday,0.02131408352176889
h5m80d50_direction,688498.SH,20251121,H5_COMPETING_DIRECTION_TOP3,1,0.0,0.009317343173431691,-0.013801186651985375,542.0,547.05,2.0,t1_stop_t2_open,0.023118529825417067
h5m80d50_direction,000833.SZ,20251120,H5_COMPETING_DIRECTION_TOP3,1,0.0,-0.0607854208161549,-0.050000000000000044,21.57,20.258858472995538,3.0,stop_close,-0.010785420816154856
h5m80d50_direction,300548.SZ,20251120,H5_COMPETING_DIRECTION_TOP3,1,1.0,0.07128554265118137,0.09285666253023905,99.88,107.0,2.0,profit_open,-0.021571119879057687
h5m80d50_direction,688205.SH,20251120,H5_COMPETING_DIRECTION_TOP3,1,1.0,0.1820952380952381,0.20366635797429578,105.0,124.12,2.0,profit_open,-0.021571119879057687
h5m80d50_direction,300456.SZ,20251119,H5_COMPETING_DIRECTION_TOP3,1,1.0,0.04013750451495479,0.07999999999999996,29.0,30.16398763093369,2.0,profit_intraday,-0.03986249548504517
h5m80d50_direction,301205.SZ,20251119,H5_COMPETING_DIRECTION_TOP3,1,1.0,0.06233447204958531,0.07999999999999996,117.97,125.32359766768958,4.0,profit_intraday,-0.01766552795041465
h5m80d50_direction,688205.SH,20251119,H5_COMPETING_DIRECTION_TOP3,1,1.0,0.04013750451495479,0.07999999999999996,105.5,109.73450672632774,2.0,profit_intraday,-0.03986249548504517
h5m80d50_direction,000833.SZ,20251118,H5_COMPETING_DIRECTION_TOP3,1,0.0,-0.0855103167890201,-0.050000000000000044,22.03,20.146207721137888,4.0,stop_close,-0.03551031678902006
h5m80d50_direction,001203.SZ,20251118,H5_COMPETING_DIRECTION_TOP3,1,1.0,0.06575348991309493,0.08000000000000007,31.8,33.89096097923642,2.0,profit_intraday,-0.01424651008690514
h5m80d50_direction,300058.SZ,20251118,H5_COMPETING_DIRECTION_TOP3,1,1.0,0.04448968321098001,0.08000000000000007,9.51,9.93309688733642,4.0,profit_intraday,-0.03551031678902006
h5m80d50_direction,000620.SZ,20251117,H5_COMPETING_DIRECTION_TOP3,1,0.0,-0.15931372549019607,-0.14147554150327557,4.08,3.43,2.0,t1_stop_t2_open,-0.017838183986920497
h5m80d50_direction,000833.SZ,20251117,H5_COMPETING_DIRECTION_TOP3,1,0.0,-0.10698960494332566,-0.050000000000000044,23.56,21.039324907535246,4.0,stop_close,-0.05698960494332561
h5m80d50_direction,001203.SZ,20251117,H5_COMPETING_DIRECTION_TOP3,1,0.0,-0.033728350045578726,-0.01589016605865823,32.91,31.8,2.0,t1_stop_t2_open,-0.017838183986920497
h5m80d50_direction,000620.SZ,20251114,H5_COMPETING_DIRECTION_TOP3,1,1.0,0.1301939058171746,0.14096194088087433,3.61,4.08,2.0,profit_open,-0.010768035063699721
h5m80d50_direction,001203.SZ,20251114,H5_COMPETING_DIRECTION_TOP3,1,1.0,0.08865365530929536,0.09942169037299509,30.23,32.91,2.0,profit_open,-0.010768035063699721
h5m80d50_direction,603026.SH,20251114,H5_COMPETING_DIRECTION_TOP3,1,0.0,-0.060768035063699766,-0.050000000000000044,102.58,96.34641496316567,2.0,stop_close,-0.010768035063699721
h5m80d50_direction,000833.SZ,20251113,H5_COMPETING_DIRECTION_TOP3,1,1.0,0.11428571428571432,0.12459247136110607,21.7,24.18,2.0,profit_open,-0.010306757075391748
h5m80d50_direction,300390.SZ,20251113,H5_COMPETING_DIRECTION_TOP3,1,1.0,0.12340425531914878,0.13371101239454053,47.0,52.8,2.0,profit_open,-0.010306757075391748
h5m80d50_direction,603026.SH,20251113,H5_COMPETING_DIRECTION_TOP3,1,1.0,0.06969324292460821,0.07999999999999996,98.69,105.56802614422958,2.0,profit_intraday,-0.010306757075391748
h5m80d50_direction,000620.SZ,20251112,H5_COMPETING_DIRECTION_TOP3,1,1.0,0.08225884605233857,0.08000000000000007,3.04,3.290066891999109,2.0,profit_intraday,0.0022588460523385034
h5m80d50_direction,000833.SZ,20251112,H5_COMPETING_DIRECTION_TOP3,1,1.0,0.08225884605233857,0.08000000000000007,21.3,23.05211342091481,2.0,profit_intraday,0.0022588460523385034
h5m80d50_direction,002326.SZ,20251112,H5_COMPETING_DIRECTION_TOP3,1,1.0,0.0820616479214511,0.08000000000000007,28.22,30.535779704343348,3.0,profit_intraday,0.0020616479214510264
h5m80d50_direction,000620.SZ,20251111,H5_COMPETING_DIRECTION_TOP3,1,0.0,-0.04445148700600576,-0.050000000000000044,3.35,3.2010875185298806,2.0,stop_close,0.005548512993994281
h5m80d50_direction,000833.SZ,20251111,H5_COMPETING_DIRECTION_TOP3,1,1.0,0.1482479784366577,0.14269946544266343,18.55,21.3,2.0,profit_open,0.005548512993994281
h5m80d50_direction,300390.SZ,20251111,H5_COMPETING_DIRECTION_TOP3,1,1.0,0.08554851299399435,0.08000000000000007,41.41,44.9525639230813,2.0,profit_intraday,0.005548512993994281
h5m80d50_direction,000620.SZ,20251110,H5_COMPETING_DIRECTION_TOP3,1,0.0,-0.06944444444444442,-0.06137473377542746,3.6,3.35,2.0,t1_stop_t2_open,-0.00806971066901696
h5m80d50_direction,001203.SZ,20251110,H5_COMPETING_DIRECTION_TOP3,1,1.0,0.08333333333333326,0.08916242618410009,24.0,26.0,4.0,profit_open,-0.005829092850766826
h5m80d50_direction,002326.SZ,20251110,H5_COMPETING_DIRECTION_TOP3,1,1.0,0.1023965141612202,0.11046622483023716,22.95,25.3,2.0,profit_open,-0.00806971066901696
h5m80d50_direction,001203.SZ,20251107,H5_COMPETING_DIRECTION_TOP3,1,1.0,0.0919781604367913,0.0929305007711817,23.81,26.0,5.0,profit_open,-0.0009523403343904002
h5m80d50_direction,300390.SZ,20251107,H5_COMPETING_DIRECTION_TOP3,1,1.0,0.08925322112520195,0.08000000000000007,40.7,44.332606099795726,4.0,profit_intraday,0.009253221125201883
h5m80d50_direction,688676.SH,20251107,H5_COMPETING_DIRECTION_TOP3,1,0.0,-0.04631573406619949,-0.050000000000000044,92.51,88.22533144153589,2.0,stop_close,0.0036842659338005568
h5m80d50_direction,001203.SZ,20251106,H5_COMPETING_DIRECTION_TOP3,1,1.0,0.09070087036188723,0.08675400723060767,21.83,23.81,2.0,profit_open,0.0039468631312795655
h5m80d50_direction,001309.SZ,20251106,H5_COMPETING_DIRECTION_TOP3,1,1.0,0.0961158916870608,0.09216902855578124,253.34,277.69,2.0,profit_open,0.0039468631312795655
h5m80d50_direction,600550.SH,20251106,H5_COMPETING_DIRECTION_TOP3,1,1.0,0.08394686313127964,0.08000000000000007,10.98,11.90173655718145,2.0,profit_intraday,0.0039468631312795655
h5m80d50_direction,300438.SZ,20251105,H5_COMPETING_DIRECTION_TOP3,1,0.0,-0.03577211127446245,-0.050000000000000044,53.25,51.345135074634875,3.0,stop_close,0.014227888725537596
h5m80d50_direction,603530.SH,20251105,H5_COMPETING_DIRECTION_TOP3,1,0.0,-0.08445440956651729,-0.09373144498624064,53.52,49.0,2.0,t1_stop_t2_open,0.009277035419723356
h5m80d50_direction,688676.SH,20251105,H5_COMPETING_DIRECTION_TOP3,1,1.0,0.08927703541972343,0.08000000000000007,85.0,92.58854801067649,2.0,profit_intraday,0.009277035419723356
h5m80d50_direction,601126.SH,20251104,H5_COMPETING_DIRECTION_TOP3,1,1.0,0.14512635379061378,0.13083280537385722,27.7,31.72,2.0,profit_open,0.014293548416756563
h5m80d50_direction,601179.SH,20251104,H5_COMPETING_DIRECTION_TOP3,1,1.0,0.11442786069651767,0.1001343122797611,8.04,8.96,2.0,profit_open,0.014293548416756563
h5m80d50_direction,688676.SH,20251104,H5_COMPETING_DIRECTION_TOP3,1,1.0,0.23708339397467637,0.2227898455579198,68.71,85.0,2.0,profit_open,0.014293548416756563
h5m80d50_direction,000555.SZ,20251103,H5_COMPETING_DIRECTION_TOP3,1,1.0,0.09554777388694347,0.10393882885028638,19.99,21.9,2.0,profit_open,-0.008391054963342914
h5m80d50_direction,000620.SZ,20251103,H5_COMPETING_DIRECTION_TOP3,1,1.0,0.07160894503665705,0.07999999999999996,2.95,3.1612463878581383,2.0,profit_intraday,-0.008391054963342914
h5m80d50_direction,688676.SH,20251103,H5_COMPETING_DIRECTION_TOP3,1,1.0,0.07160894503665705,0.07999999999999996,75.7,81.12079713927494,2.0,profit_intraday,-0.008391054963342914
h5m80d50_direction,300438.SZ,20251031,H5_COMPETING_DIRECTION_TOP3,1,1.0,0.07559975054802881,0.08000000000000007,49.61,53.36050362468771,3.0,profit_intraday,-0.004400249451971261
h5m80d50_direction,601126.SH,20251031,H5_COMPETING_DIRECTION_TOP3,1,1.0,0.07162150662404798,0.08000000000000007,28.28,30.305456207328078,2.0,profit_intraday,-0.00837849337595209
h5m80d50_direction,688676.SH,20251031,H5_COMPETING_DIRECTION_TOP3,1,1.0,0.08670686190066035,0.09508535527661244,69.66,75.7,2.0,profit_open,-0.00837849337595209
h5m80d50_direction,001203.SZ,20251030,H5_COMPETING_DIRECTION_TOP3,1,1.0,0.08825745877038882,0.08000000000000007,19.5,21.22102044602258,5.0,profit_intraday,0.008257458770388748
h5m80d50_direction,300438.SZ,20251030,H5_COMPETING_DIRECTION_TOP3,1,1.0,0.07803695423245349,0.07999999999999996,49.03,52.85615186601719,4.0,profit_intraday,-0.0019630457675464674
h5m80d50_direction,601126.SH,20251030,H5_COMPETING_DIRECTION_TOP3,1,1.0,0.07803695423245349,0.07999999999999996,28.9,31.155267977317905,4.0,profit_intraday,-0.0019630457675464674
h5m80d50_direction,000657.SZ,20251029,H5_COMPETING_DIRECTION_TOP3,1,0.0,-0.05820142521459659,-0.050000000000000044,26.24,24.712794602368984,2.0,stop_close,-0.008201425214596547
h5m80d50_direction,001203.SZ,20251029,H5_COMPETING_DIRECTION_TOP3,1,1.0,0.14571092831962407,0.15391235353422061,17.02,19.5,2.0,profit_open,-0.008201425214596547
h5m80d50_direction,688676.SH,20251029,H5_COMPETING_DIRECTION_TOP3,1,0.0,-0.05820142521459659,-0.050000000000000044,75.6,71.1999722537765,2.0,stop_close,-0.008201425214596547
h5m80d50_direction,000969.SZ,20251028,H5_COMPETING_DIRECTION_TOP3,1,0.0,-0.04594824309180778,-0.050000000000000155,23.72,22.63010767386232,3.0,stop_close,0.004051756908192372
h5m80d50_direction,002192.SZ,20251028,H5_COMPETING_DIRECTION_TOP3,1,1.0,0.08159986509104833,0.08000000000000007,45.12,48.801785912908095,2.0,profit_intraday,0.0015998650910482581
h5m80d50_direction,300475.SZ,20251028,H5_COMPETING_DIRECTION_TOP3,1,1.0,0.08159986509104833,0.08000000000000007,128.5,138.9855826641997,2.0,profit_intraday,0.0015998650910482581
h5m80d50_direction,300475.SZ,20251027,H5_COMPETING_DIRECTION_TOP3,1,1.0,0.09003760979131892,0.08000000000000007,125.1,136.36370498489399,2.0,profit_intraday,0.010037609791318847
h5m80d50_direction,301308.SZ,20251027,H5_COMPETING_DIRECTION_TOP3,1,1.0,0.09003760979131892,0.08000000000000007,249.98,272.4876016956339,2.0,profit_intraday,0.010037609791318847
h5m80d50_direction,688766.SH,20251027,H5_COMPETING_DIRECTION_TOP3,1,1.0,0.09003760979131892,0.08000000000000007,139.0,151.51522776099333,2.0,profit_intraday,0.010037609791318847
h5m80d50_direction,300475.SZ,20251024,H5_COMPETING_DIRECTION_TOP3,1,0.0,0.011603053435114585,-0.0003659174485861616,131.0,132.52,5.0,expiry_close,0.011968970883700747
h5m80d50_direction,301308.SZ,20251024,H5_COMPETING_DIRECTION_TOP3,1,1.0,0.09390862944162426,0.0860233646422397,228.52,249.98,2.0,profit_open,0.007885264799384561
h5m80d50_direction,688183.SH,20251024,H5_COMPETING_DIRECTION_TOP3,1,1.0,0.08788526479938463,0.08000000000000007,98.99,107.68976236249108,2.0,profit_intraday,0.007885264799384561
h5m80d50_direction,000058.SZ,20251023,H5_COMPETING_DIRECTION_TOP3,1,0.0,-0.17886178861788626,-0.19924109640786214,12.3,10.1,2.0,t1_stop_t2_open,0.020379307789975876
h5m80d50_direction,688123.SH,20251023,H5_COMPETING_DIRECTION_TOP3,1,1.0,0.10037930778997595,0.08000000000000007,158.0,173.8599306308162,2.0,profit_intraday,0.020379307789975876
h5m80d50_direction,688525.SH,20251023,H5_COMPETING_DIRECTION_TOP3,1,1.0,0.10961709706144251,0.08923778927146664,112.3,124.61,2.0,profit_open,0.020379307789975876
h5m80d50_direction,001309.SZ,20251022,H5_COMPETING_DIRECTION_TOP3,1,1.0,0.10869449896557226,0.09734339237086109,188.51,209.0,2.0,profit_open,0.011351106594711169
h5m80d50_direction,301308.SZ,20251022,H5_COMPETING_DIRECTION_TOP3,1,1.0,0.09135110659471124,0.08000000000000007,180.74,197.25079900592812,2.0,profit_intraday,0.011351106594711169
h5m80d50_direction,688525.SH,20251022,H5_COMPETING_DIRECTION_TOP3,1,1.0,0.09135110659471124,0.08000000000000007,106.1,115.79235240969885,2.0,profit_intraday,0.011351106594711169
h5m80d50_direction,001309.SZ,20251021,H5_COMPETING_DIRECTION_TOP3,1,1.0,0.11282679303551468,0.10597910134325539,187.81,209.0,3.0,profit_open,0.0068476916922592945
h5m80d50_direction,600403.SH,20251021,H5_COMPETING_DIRECTION_TOP3,1,1.0,0.13095238095238093,0.13415174430047594,8.4,9.5,2.0,profit_open,-0.003199363348095008
h5m80d50_direction,600629.SH,20251021,H5_COMPETING_DIRECTION_TOP3,1,0.0,-0.05319936334809494,-0.04999999999999993,36.84,34.880135454256184,2.0,stop_close,-0.003199363348095008
h5m80d50_direction,001309.SZ,20251020,H5_COMPETING_DIRECTION_TOP3,1,1.0,0.12954656001729448,0.1088925901602571,185.03,209.0,4.0,profit_open,0.02065396985703738
h5m80d50_direction,301308.SZ,20251020,H5_COMPETING_DIRECTION_TOP3,1,1.0,0.10065396985703745,0.08000000000000007,183.0,201.41967648383786,4.0,profit_intraday,0.02065396985703738
h5m80d50_direction,688525.SH,20251020,H5_COMPETING_DIRECTION_TOP3,1,1.0,0.10065396985703745,0.08000000000000007,105.53,116.15201343901316,4.0,profit_intraday,0.02065396985703738
h5m80d50_direction,300548.SZ,20251017,H5_COMPETING_DIRECTION_TOP3,1,1.0,0.10881280403326898,0.08000000000000007,97.59,108.20904154560672,5.0,profit_intraday,0.028812804033268913
h5m80d50_direction,600629.SH,20251017,H5_COMPETING_DIRECTION_TOP3,1,0.0,-0.03273428750441343,-0.050000000000000044,38.8,37.529909644828756,3.0,stop_close,0.017265712495586616
h5m80d50_direction,002320.SZ,20251016,H5_COMPETING_DIRECTION_TOP3,1,1.0,0.07775211701308704,0.09698111933961662,12.99,14.0,2.0,profit_open,-0.019229002326529576
h5m80d50_direction,600629.SH,20251016,H5_COMPETING_DIRECTION_TOP3,1,1.0,0.07421970230035213,0.07999999999999996,37.77,40.5732781558843,3.0,profit_intraday,-0.0057802976996478295
h5m80d50_direction,301071.SZ,20251015,H5_COMPETING_DIRECTION_TOP3,1,1.0,0.04835924006908465,0.08522680534978211,40.53,42.49,2.0,profit_open,-0.036867565280697456
h5m80d50_direction,600629.SH,20251015,H5_COMPETING_DIRECTION_TOP3,1,1.0,0.07362137578169414,0.1104889410623916,35.18,37.77,2.0,profit_open,-0.036867565280697456
h5m80d50_direction,600629.SH,20251014,H5_COMPETING_DIRECTION_TOP3,1,1.0,0.15457827371184774,0.15163368201519045,30.47,35.18,2.0,profit_open,0.002944591696657284
h5m80d50_direction,601126.SH,20251014,H5_COMPETING_DIRECTION_TOP3,1,1.0,0.1491379310344827,0.1461933393378254,23.2,26.66,2.0,profit_open,0.002944591696657284
h5m80d50_direction,688062.SH,20251014,H5_COMPETING_DIRECTION_TOP3,1,1.0,0.08294459169665735,0.08000000000000007,44.46,48.14771654683339,2.0,profit_intraday,0.002944591696657284
h5m80d50_direction,000969.SZ,20251013,H5_COMPETING_DIRECTION_TOP3,1,1.0,0.06742793216562948,0.08000000000000007,19.86,21.1991187328094,3.0,profit_intraday,-0.012572067834370593
h5m80d50_direction,600629.SH,20251013,H5_COMPETING_DIRECTION_TOP3,1,1.0,0.07753739025657547,0.07999999999999996,29.51,31.798128386471543,2.0,profit_intraday,-0.002462609743424493
h5m80d50_direction,688658.SH,20251013,H5_COMPETING_DIRECTION_TOP3,1,1.0,0.04076061540135467,0.08000000000000007,21.63,22.5116521111313,4.0,profit_intraday,-0.0392393845986454
h5m80d50_direction,000737.SZ,20251010,H5_COMPETING_DIRECTION_TOP3,1,1.0,0.07734138972809657,0.09666748015873261,16.55,17.83,2.0,profit_open,-0.019326090430636045
h5m80d50_direction,600629.SH,20251010,H5_COMPETING_DIRECTION_TOP3,1,1.0,0.060673909569364026,0.08000000000000007,28.7,30.441341204640747,2.0,profit_intraday,-0.019326090430636045
h5m80d50_direction,688347.SH,20251010,H5_COMPETING_DIRECTION_TOP3,1,1.0,0.21178571428571424,0.2311118047163503,112.0,135.72,2.0,profit_open,-0.019326090430636045
h5m80d50_direction,000923.SZ,20251009,H5_COMPETING_DIRECTION_TOP3,1,0.0,-0.06460084033613445,-0.039120220654150994,19.04,17.81,5.0,expiry_close,-0.025480619681983452
h5m80d50_direction,600635.SH,20251009,H5_COMPETING_DIRECTION_TOP3,1,1.0,0.06692709470016522,0.07999999999999996,6.65,7.095065179756099,2.0,profit_intraday,-0.013072905299834736
h5m80d50_direction,601212.SH,20251009,H5_COMPETING_DIRECTION_TOP3,1,1.0,0.06692709470016522,0.07999999999999996,4.9,5.22794276403081,2.0,profit_intraday,-0.013072905299834736
h5m80d50_direction,000672.SZ,20250930,H5_COMPETING_DIRECTION_TOP3,1,1.0,0.08422373760196611,0.08000000000000007,10.97,11.893934401493569,2.0,profit_intraday,0.004223737601966038
h5m80d50_direction,600629.SH,20250930,H5_COMPETING_DIRECTION_TOP3,1,1.0,0.06481601883647925,0.08000000000000007,29.0,30.8796645462579,4.0,profit_intraday,-0.015183981163520821
h5m80d50_direction,600641.SH,20250930,H5_COMPETING_DIRECTION_TOP3,1,0.0,-0.08344198174706652,-0.08766571934903256,23.01,21.09,2.0,t1_stop_t2_open,0.004223737601966038
h5m80d50_direction,600531.SH,20250929,H5_COMPETING_DIRECTION_TOP3,1,1.0,0.11560693641618491,0.09298312374978401,12.11,13.51,2.0,profit_open,0.0226238126664009
h5m80d50_direction,600629.SH,20250929,H5_COMPETING_DIRECTION_TOP3,1,1.0,0.07364085759936212,0.07999999999999996,28.58,30.684655710189766,5.0,profit_intraday,-0.0063591424006378405
h5m80d50_direction,601212.SH,20250929,H5_COMPETING_DIRECTION_TOP3,1,1.0,0.14640198511166247,0.12377817244526157,4.03,4.62,2.0,profit_open,0.0226238126664009
h5m80d50_direction,001309.SZ,20250926,H5_COMPETING_DIRECTION_TOP3,1,1.0,0.11111111111111116,0.0901507183242638,180.0,200.0,2.0,profit_open,0.02096039278684736
h5m80d50_direction,600629.SH,20250926,H5_COMPETING_DIRECTION_TOP3,1,1.0,0.10096039278684743,0.08000000000000007,26.0,28.624970212458035,2.0,profit_intraday,0.02096039278684736
h5m80d50_direction,688123.SH,20250926,H5_COMPETING_DIRECTION_TOP3,1,1.0,0.10096039278684743,0.08000000000000007,143.13,157.58046101958146,2.0,profit_intraday,0.02096039278684736
h5m80d50_direction,000737.SZ,20250925,H5_COMPETING_DIRECTION_TOP3,1,1.0,0.08955581678041225,0.08000000000000007,14.64,15.951097157665236,3.0,profit_intraday,0.009555816780412174
h5m80d50_direction,605358.SH,20250925,H5_COMPETING_DIRECTION_TOP3,1,0.0,-0.11452991452991457,-0.11511954676076797,35.1,31.08,2.0,t1_stop_t2_open,0.0005896322308533986
h5m80d50_direction,688503.SH,20250925,H5_COMPETING_DIRECTION_TOP3,1,1.0,0.09589041095890405,0.09530077872805065,73.0,80.0,2.0,profit_open,0.0005896322308533986
h5m80d50_direction,300604.SZ,20250924,H5_COMPETING_DIRECTION_TOP3,1,1.0,0.07817309295158825,0.07999999999999996,97.73,105.36985637415873,3.0,profit_intraday,-0.0018269070484117078
h5m80d50_direction,600167.SH,20250924,H5_COMPETING_DIRECTION_TOP3,1,0.0,-0.042882376867888206,-0.050000000000000155,9.7,9.284040944381484,4.0,stop_close,0.00711762313211195
h5m80d50_direction,605358.SH,20250924,H5_COMPETING_DIRECTION_TOP3,1,0.0,-0.06355857656431685,-0.050000000000000044,36.34,34.03028132765273,2.0,stop_close,-0.013558576564316804
h5m80d50_direction,001309.SZ,20250923,H5_COMPETING_DIRECTION_TOP3,1,1.0,0.08341805052487272,0.08000000000000007,168.61,182.67511749899882,3.0,profit_intraday,0.003418050524872651
h5m80d50_direction,300604.SZ,20250923,H5_COMPETING_DIRECTION_TOP3,1,1.0,0.12307515513675038,0.10832186466453675,87.02,97.73,2.0,profit_open,0.014753290472213632
h5m80d50_direction,600635.SH,20250923,H5_COMPETING_DIRECTION_TOP3,1,0.0,-0.10494752623688164,-0.11970081670909527,6.67,5.97,2.0,t1_stop_t2_open,0.014753290472213632
h5m80d50_direction,001309.SZ,20250922,H5_COMPETING_DIRECTION_TOP3,1,1.0,0.0878650090457378,0.08000000000000007,162.96,177.27848187409344,2.0,profit_intraday,0.007865009045737725
h5m80d50_direction,301308.SZ,20250922,H5_COMPETING_DIRECTION_TOP3,1,1.0,0.0878650090457378,0.08000000000000007,138.88,151.08269245627207,2.0,profit_intraday,0.007865009045737725
h5m80d50_direction,600167.SH,20250922,H5_COMPETING_DIRECTION_TOP3,1,1.0,0.09965635738831602,0.0917913483425783,8.73,9.6,2.0,profit_open,0.007865009045737725
h5m80d50_direction,300857.SZ,20250919,H5_COMPETING_DIRECTION_TOP3,1,1.0,0.07470455677594012,0.08000000000000007,163.08,175.26281911902032,2.0,profit_intraday,-0.005295443224059948
h5m80d50_direction,301308.SZ,20250919,H5_COMPETING_DIRECTION_TOP3,1,1.0,0.07470455677594012,0.08000000000000007,130.54,140.2919328415312,2.0,profit_intraday,-0.005295443224059948
h5m80d50_direction,688110.SH,20250919,H5_COMPETING_DIRECTION_TOP3,1,1.0,0.07470455677594012,0.08000000000000007,112.4,120.79679218161567,2.0,profit_intraday,-0.005295443224059948
h5m80d50_direction,600651.SH,20250918,H5_COMPETING_DIRECTION_TOP3,1,0.0,-0.06583072100313492,-0.06721133352561781,9.57,8.94,2.0,t1_stop_t2_open,0.0013806125224828936
h5m80d50_direction,600699.SH,20250918,H5_COMPETING_DIRECTION_TOP3,1,0.0,-0.049524762381190524,-0.05090537490367342,39.98,38.0,2.0,t1_stop_t2_open,0.0013806125224828936
h5m80d50_direction,603786.SH,20250918,H5_COMPETING_DIRECTION_TOP3,1,1.0,0.0831089351285188,0.09092786132883424,81.7,88.49,3.0,profit_open,-0.007818926200315435
h5m80d50_direction,300475.SZ,20250917,H5_COMPETING_DIRECTION_TOP3,1,1.0,0.07071326515726262,0.08000000000000007,78.03,83.5477560802212,3.0,profit_intraday,-0.009286734842737454
h5m80d50_direction,603786.SH,20250917,H5_COMPETING_DIRECTION_TOP3,1,1.0,0.06161172581045449,0.08000000000000007,84.17,89.35585896146596,4.0,profit_intraday,-0.018388274189545584
h5m80d50_direction,688498.SH,20250917,H5_COMPETING_DIRECTION_TOP3,1,1.0,0.06683746759146003,0.07999999999999996,378.09,403.3605781216551,2.0,profit_intraday,-0.013162532408539929
h5m80d50_direction,600170.SH,20250916,H5_COMPETING_DIRECTION_TOP3,1,1.0,0.07737742511163415,0.08000000000000007,3.38,3.641535696877323,2.0,profit_intraday,-0.002622574888365925
h5m80d50_direction,600580.SH,20250916,H5_COMPETING_DIRECTION_TOP3,1,1.0,0.09245639840302577,0.0950789732913917,47.59,51.99,2.0,profit_open,-0.002622574888365925
h5m80d50_direction,688498.SH,20250916,H5_COMPETING_DIRECTION_TOP3,1,1.0,0.07737742511163415,0.08000000000000007,369.2,397.7677453512153,2.0,profit_intraday,-0.002622574888365925
h5m80d50_direction,300620.SZ,20250915,H5_COMPETING_DIRECTION_TOP3,1,1.0,0.08471108170027963,0.08000000000000007,102.03,110.67307166587953,3.0,profit_intraday,0.004711081700279562
h5m80d50_direction,600580.SH,20250915,H5_COMPETING_DIRECTION_TOP3,1,1.0,0.09552914832673376,0.08000000000000007,46.21,50.624401944178366,2.0,profit_intraday,0.015529148326733688
h5m80d50_direction,601869.SH,20250915,H5_COMPETING_DIRECTION_TOP3,1,1.0,0.10204545454545455,0.08651630621872086,88.0,96.98,2.0,profit_open,0.015529148326733688
h5m80d50_direction,600580.SH,20250912,H5_COMPETING_DIRECTION_TOP3,1,1.0,0.09396077139462644,0.08000000000000007,46.15,50.48628959986201,3.0,profit_intraday,0.01396077139462637
h5m80d50_direction,603083.SH,20250912,H5_COMPETING_DIRECTION_TOP3,1,1.0,0.09708737864077666,0.09129018806265465,103.0,113.0,2.0,profit_open,0.005797190578122002
h5m80d50_direction,688205.SH,20250912,H5_COMPETING_DIRECTION_TOP3,1,1.0,0.08579719057812207,0.08000000000000007,97.0,105.32232748607784,2.0,profit_intraday,0.005797190578122002
h5m80d50_direction,688498.SH,20250911,H5_COMPETING_DIRECTION_TOP3,1,1.0,0.08507735119046078,0.08000000000000007,365.02,396.074934731542,5.0,profit_intraday,0.0050773511904607105
h5m80d50_direction,688519.SH,20250911,H5_COMPETING_DIRECTION_TOP3,1,1.0,0.08507735119046078,0.08000000000000007,70.66,76.67156563511796,5.0,profit_intraday,0.0050773511904607105
h5m80d50_direction,688702.SH,20250911,H5_COMPETING_DIRECTION_TOP3,1,1.0,0.08114181091877493,0.08077725886311193,120.16,129.91,2.0,profit_open,0.0003645520556629922
h5m80d50_direction,688205.SH,20250910,H5_COMPETING_DIRECTION_TOP3,1,1.0,0.16822429906542058,0.13193871474109065,96.3,112.5,5.0,profit_open,0.036285584324329934
h5m80d50_direction,688498.SH,20250910,H5_COMPETING_DIRECTION_TOP3,1,1.0,0.10201743258666474,0.08000000000000007,345.0,380.1960142423993,2.0,profit_intraday,0.022017432586664665
h5m80d50_direction,688519.SH,20250910,H5_COMPETING_DIRECTION_TOP3,1,1.0,0.10201743258666474,0.08000000000000007,64.99,71.62011294380734,2.0,profit_intraday,0.022017432586664665
h5m80d50_direction,300548.SZ,20250909,H5_COMPETING_DIRECTION_TOP3,1,0.0,-0.010081328363266806,-0.03733770516777257,118.04,116.85,5.0,expiry_close,0.027256376804505766
h5m80d50_direction,688205.SH,20250909,H5_COMPETING_DIRECTION_TOP3,1,0.0,-0.028664499734733617,-0.050000000000000044,101.4,98.49341972689801,3.0,stop_close,0.021335500265266427
h5m80d50_direction,688519.SH,20250909,H5_COMPETING_DIRECTION_TOP3,1,1.0,0.09938653658173169,0.08000000000000007,61.91,68.063020479775,2.0,profit_intraday,0.019386536581731617
h5m80d50_direction,688205.SH,20250908,H5_COMPETING_DIRECTION_TOP3,1,0.0,-0.026530612244897944,-0.03667909703556049,98.0,95.4,5.0,expiry_close,0.010148484790662549
h5m80d50_direction,688313.SH,20250908,H5_COMPETING_DIRECTION_TOP3,1,0.0,-0.033424283765347895,-0.043572768556010444,73.3,70.85,5.0,expiry_close,0.010148484790662549
h5m80d50_direction,688702.SH,20250908,H5_COMPETING_DIRECTION_TOP3,1,1.0,0.08978036728200167,0.08000000000000007,106.88,116.47572565510033,3.0,profit_intraday,0.0097803672820016
h5m80d50_direction,002364.SZ,20250905,H5_COMPETING_DIRECTION_TOP3,1,1.0,0.08189085574762389,0.08000000000000007,25.45,27.534122278777026,3.0,profit_intraday,0.0018908557476238208
h5m80d50_direction,600580.SH,20250905,H5_COMPETING_DIRECTION_TOP3,1,1.0,0.08255980513484307,0.08000000000000007,38.87,42.07909962559135,2.0,profit_intraday,0.002559805134842996
h5m80d50_direction,601069.SH,20250905,H5_COMPETING_DIRECTION_TOP3,1,0.0,-0.08128544423440454,-0.08384524936924753,31.74,29.16,2.0,t1_stop_t2_open,0.002559805134842996
h5m80d50_direction,300827.SZ,20250904,H5_COMPETING_DIRECTION_TOP3,1,1.0,0.1099527897279442,0.08000000000000007,32.8,36.40645150307657,3.0,profit_intraday,0.02995278972794413
h5m80d50_direction,300953.SZ,20250904,H5_COMPETING_DIRECTION_TOP3,1,1.0,0.1099527897279442,0.08000000000000007,146.22,162.29729691402,3.0,profit_intraday,0.02995278972794413
h5m80d50_direction,688006.SH,20250904,H5_COMPETING_DIRECTION_TOP3,1,1.0,0.22735849056603774,0.1876076287132742,31.8,39.03,2.0,profit_open,0.03975086185276355
h5m80d50_direction,300450.SZ,20250903,H5_COMPETING_DIRECTION_TOP3,1,1.0,0.08957792283490207,0.08000000000000007,44.83,48.845778280688656,2.0,profit_intraday,0.009577922834901997
h5m80d50_direction,300457.SZ,20250903,H5_COMPETING_DIRECTION_TOP3,1,1.0,0.08957792283490207,0.08000000000000007,27.81,30.301162034038626,2.0,profit_intraday,0.009577922834901997
h5m80d50_direction,300953.SZ,20250903,H5_COMPETING_DIRECTION_TOP3,1,0.0,-0.03851311094703158,-0.050000000000000044,154.88,148.91508937652375,5.0,stop_close,0.011486889052968463
h5m80d50_direction,300450.SZ,20250902,H5_COMPETING_DIRECTION_TOP3,1,1.0,0.048345098362627015,0.07999999999999996,43.55,45.65542903369241,2.0,profit_intraday,-0.031654901637372945
h5m80d50_direction,601212.SH,20250902,H5_COMPETING_DIRECTION_TOP3,1,0.0,-0.10021321961620477,-0.06855831797883183,4.69,4.22,2.0,t1_stop_t2_open,-0.031654901637372945
h5m80d50_direction,688006.SH,20250902,H5_COMPETING_DIRECTION_TOP3,1,1.0,0.048345098362627015,0.07999999999999996,30.15,31.607604715633205,2.0,profit_intraday,-0.031654901637372945
h5m80d50_direction,300450.SZ,20250901,H5_COMPETING_DIRECTION_TOP3,1,1.0,0.06115984405458086,0.09551820248148868,41.04,43.55,2.0,profit_open,-0.03435835842690782
h5m80d50_direction,688006.SH,20250901,H5_COMPETING_DIRECTION_TOP3,1,1.0,0.028961954483320396,0.07999999999999996,29.85,30.714514341327114,3.0,profit_intraday,-0.051038045516679564
h5m80d50_direction,688062.SH,20250901,H5_COMPETING_DIRECTION_TOP3,1,1.0,0.03966942148760322,0.09070746700428278,60.5,62.9,3.0,profit_open,-0.051038045516679564
h5m80d50_direction,300450.SZ,20250829,H5_COMPETING_DIRECTION_TOP3,1,1.0,0.06786342526750033,0.07999999999999996,38.54,41.15545640980946,2.0,profit_intraday,-0.012136574732499628
h5m80d50_direction,300457.SZ,20250829,H5_COMPETING_DIRECTION_TOP3,1,1.0,0.053406516767161794,0.08000000000000007,27.48,28.947611080761607,3.0,profit_intraday,-0.026593483232838278
h5m80d50_direction,301487.SZ,20250829,H5_COMPETING_DIRECTION_TOP3,1,1.0,0.06272972927174858,0.08000000000000007,24.19,25.707432151083598,5.0,profit_intraday,-0.01727027072825149
h5m80d50_direction,000831.SZ,20250828,H5_COMPETING_DIRECTION_TOP3,1,1.0,0.06824285443910516,0.08000000000000007,55.69,59.490444563713766,3.0,profit_intraday,-0.01175714556089491
h5m80d50_direction,600651.SH,20250828,H5_COMPETING_DIRECTION_TOP3,1,0.0,-0.09303987591200147,-0.050000000000000044,8.0,7.255680992703988,5.0,stop_close,-0.043039875912001424
h5m80d50_direction,688062.SH,20250828,H5_COMPETING_DIRECTION_TOP3,1,1.0,0.10650759219088934,0.09807925682202523,46.1,51.01,2.0,profit_open,0.008428335368864115
h5m80d50_direction,002837.SZ,20250827,H5_COMPETING_DIRECTION_TOP3,1,1.0,0.17816091954023006,0.16450548795223474,69.6,82.0,2.0,profit_open,0.013655431587995315
h5m80d50_direction,301018.SZ,20250827,H5_COMPETING_DIRECTION_TOP3,1,1.0,0.19012635909491626,0.17647092750692095,68.06,81.0,2.0,profit_open,0.013655431587995315
h5m80d50_direction,688183.SH,20250827,H5_COMPETING_DIRECTION_TOP3,1,1.0,0.13405017921146944,0.12039474762347413,69.75,79.1,2.0,profit_open,0.013655431587995315
h5m80d50_direction,002364.SZ,20250826,H5_COMPETING_DIRECTION_TOP3,1,1.0,0.11599999999999988,0.12167485442697756,25.0,27.9,2.0,profit_open,-0.005674854426977682
h5m80d50_direction,601869.SH,20250826,H5_COMPETING_DIRECTION_TOP3,1,1.0,0.07432514557302228,0.07999999999999996,72.0,77.3514104812576,2.0,profit_intraday,-0.005674854426977682
h5m80d50_direction,688205.SH,20250826,H5_COMPETING_DIRECTION_TOP3,1,1.0,0.07432514557302228,0.07999999999999996,94.22,101.22291521589015,2.0,profit_intraday,-0.005674854426977682
h5m80d50_direction,002378.SZ,20250825,H5_COMPETING_DIRECTION_TOP3,1,1.0,0.062246291056630154,0.07999999999999996,13.53,14.372192317996205,2.0,profit_intraday,-0.017753708943369806
h5m80d50_direction,002402.SZ,20250825,H5_COMPETING_DIRECTION_TOP3,1,0.0,-0.0027424582398404285,-0.006407998102541446,40.11,40.0,5.0,expiry_close,0.003665539862701017
h5m80d50_direction,600246.SH,20250825,H5_COMPETING_DIRECTION_TOP3,1,1.0,0.062246291056630154,0.07999999999999996,13.29,14.117253208142614,2.0,profit_intraday,-0.017753708943369806
h5m80d50_direction,002402.SZ,20250822,H5_COMPETING_DIRECTION_TOP3,1,0.0,0.04355623879067383,0.03337640850123691,39.03,40.73,5.0,expiry_close,0.01017983028943692
h5m80d50_direction,600246.SH,20250822,H5_COMPETING_DIRECTION_TOP3,1,1.0,0.09555510595292382,0.08000000000000007,12.77,13.990238703018838,2.0,profit_intraday,0.015555105952923753
h5m80d50_direction,688205.SH,20250822,H5_COMPETING_DIRECTION_TOP3,1,0.0,-0.06826103795507354,-0.0838161439079973,103.28,96.23,2.0,t1_stop_t2_open,0.015555105952923753
h5m80d50_direction,002104.SZ,20250821,H5_COMPETING_DIRECTION_TOP3,1,0.0,-0.019085343896291018,-0.042325111222143885,27.77,27.24,5.0,expiry_close,0.023239767325852867
h5m80d50_direction,688205.SH,20250821,H5_COMPETING_DIRECTION_TOP3,1,1.0,0.1898617511520737,0.16176630076051168,86.8,103.28,2.0,profit_open,0.028095450391562027
h5m80d50_direction,688313.SH,20250821,H5_COMPETING_DIRECTION_TOP3,1,1.0,0.11629456847717412,0.0881991180856121,60.02,67.0,2.0,profit_open,0.028095450391562027
h5m80d50_direction,002017.SZ,20250820,H5_COMPETING_DIRECTION_TOP3,1,0.0,-0.10542592071970758,-0.1151089710549319,35.57,31.82,2.0,t1_stop_t2_open,0.009683050335224319
h5m80d50_direction,688205.SH,20250820,H5_COMPETING_DIRECTION_TOP3,1,1.0,0.16306306306306317,0.1386549501294294,88.8,103.28,3.0,profit_open,0.024408112933633763
h5m80d50_direction,688498.SH,20250820,H5_COMPETING_DIRECTION_TOP3,1,1.0,0.0862210694573835,0.08000000000000007,271.21,294.59401624753696,5.0,profit_intraday,0.006221069457383432
h5m80d50_direction,002017.SZ,20250819,H5_COMPETING_DIRECTION_TOP3,1,1.0,0.08592712675275416,0.08000000000000007,33.0,35.83559518284089,2.0,profit_intraday,0.005927126752754086
h5m80d50_direction,603083.SH,20250819,H5_COMPETING_DIRECTION_TOP3,1,1.0,0.13079906904577188,0.09660996660580934,64.45,72.88,4.0,profit_open,0.03418910243996254
h5m80d50_direction,688205.SH,20250819,H5_COMPETING_DIRECTION_TOP3,1,1.0,0.1736363636363636,0.13944726119640105,88.0,103.28,4.0,profit_open,0.03418910243996254
h5m80d50_direction,002017.SZ,20250818,H5_COMPETING_DIRECTION_TOP3,1,0.0,-0.030961528738691846,-0.04999999999999993,34.84,33.76130033874398,4.0,stop_close,0.019038471261308088
h5m80d50_direction,601609.SH,20250818,H5_COMPETING_DIRECTION_TOP3,1,0.0,-0.030961528738691957,-0.050000000000000044,13.78,13.353350133980824,4.0,stop_close,0.019038471261308088
h5m80d50_direction,688313.SH,20250818,H5_COMPETING_DIRECTION_TOP3,1,1.0,0.11389997188224865,0.08000000000000007,63.54,70.77720421339808,5.0,profit_intraday,0.03389997188224858
h5m80d50_direction,002104.SZ,20250815,H5_COMPETING_DIRECTION_TOP3,1,0.0,-0.03478913740338019,-0.050000000000000044,29.58,28.550937315608014,2.0,stop_close,0.015210862596619856
h5m80d50_direction,600580.SH,20250815,H5_COMPETING_DIRECTION_TOP3,1,1.0,0.09521086259661993,0.08000000000000007,31.8,34.827705430572514,2.0,profit_intraday,0.015210862596619856
h5m80d50_direction,601609.SH,20250815,H5_COMPETING_DIRECTION_TOP3,1,1.0,0.09976057462090981,0.08454971202428996,12.53,13.78,2.0,profit_open,0.015210862596619856
h5m80d50_direction,300870.SZ,20250814,H5_COMPETING_DIRECTION_TOP3,1,1.0,0.15682692307692303,0.1206317370704264,208.0,240.62,2.0,profit_open,0.03619518600649663
h5m80d50_direction,601609.SH,20250814,H5_COMPETING_DIRECTION_TOP3,1,1.0,0.1442922374429223,0.10809705143642567,10.95,12.53,2.0,profit_open,0.03619518600649663
h5m80d50_direction,603516.SH,20250814,H5_COMPETING_DIRECTION_TOP3,1,1.0,0.1161951860064967,0.08000000000000007,108.24,120.8169669333432,2.0,profit_intraday,0.03619518600649663
h5m80d50_direction,002104.SZ,20250813,H5_COMPETING_DIRECTION_TOP3,1,1.0,0.11974872398900671,0.11360091276737072,25.47,28.52,2.0,profit_open,0.00614781122163599
h5m80d50_direction,600619.SH,20250813,H5_COMPETING_DIRECTION_TOP3,1,0.0,-0.043852188778364054,-0.050000000000000044,24.1,23.043162250441426,2.0,stop_close,0.00614781122163599
h5m80d50_direction,688146.SH,20250813,H5_COMPETING_DIRECTION_TOP3,1,0.0,-0.14157014157014147,-0.14771795279177746,46.62,40.02,2.0,t1_stop_t2_open,0.00614781122163599
h5m80d50_direction,301018.SZ,20250812,H5_COMPETING_DIRECTION_TOP3,1,1.0,0.09780637751390597,0.08000000000000007,56.08,61.564981650979846,3.0,profit_intraday,0.017806377513905902
h5m80d50_direction,600619.SH,20250812,H5_COMPETING_DIRECTION_TOP3,1,0.0,-0.03219362248609425,-0.050000000000000155,23.51,22.753127935351927,3.0,stop_close,0.017806377513905902
h5m80d50_direction,688660.SH,20250812,H5_COMPETING_DIRECTION_TOP3,1,1.0,0.07747331764826004,0.08000000000000007,19.31,20.806009763787902,2.0,profit_intraday,-0.0025266823517400283
h5m80d50_direction,002851.SZ,20250811,H5_COMPETING_DIRECTION_TOP3,1,1.0,0.08013475417858329,0.08000000000000007,67.99,73.43836193660188,3.0,profit_intraday,0.00013475417858321848
h5m80d50_direction,002941.SZ,20250811,H5_COMPETING_DIRECTION_TOP3,1,1.0,0.09428642480629468,0.08000000000000007,16.71,18.285526158513186,2.0,profit_intraday,0.014286424806294606
h5m80d50_direction,688660.SH,20250811,H5_COMPETING_DIRECTION_TOP3,1,1.0,0.08013475417858329,0.08000000000000007,19.27,20.8141967130213,3.0,profit_intraday,0.00013475417858321848
h5m80d50_direction,002017.SZ,20250808,H5_COMPETING_DIRECTION_TOP3,1,1.0,0.09335685773000968,0.08000000000000007,28.95,31.65268103128378,4.0,profit_intraday,0.013356857730009608
h5m80d50_direction,600619.SH,20250808,H5_COMPETING_DIRECTION_TOP3,1,1.0,0.1183783783783785,0.10245460397687545,18.5,20.69,2.0,profit_open,0.015923774401503055
h5m80d50_direction,688660.SH,20250808,H5_COMPETING_DIRECTION_TOP3,1,1.0,0.1415876777251186,0.12566390332361554,16.88,19.27,2.0,profit_open,0.015923774401503055
h5m80d50_direction,002046.SZ,20250807,H5_COMPETING_DIRECTION_TOP3,1,1.0,0.09989373007438895,0.08826917650868493,28.23,31.05,2.0,profit_open,0.011624553565704021
h5m80d50_direction,600619.SH,20250807,H5_COMPETING_DIRECTION_TOP3,1,1.0,0.09432374811476674,0.08000000000000007,19.91,21.787985824965006,3.0,profit_intraday,0.014323748114766666
h5m80d50_direction,601606.SH,20250807,H5_COMPETING_DIRECTION_TOP3,1,1.0,0.09162455356570409,0.08000000000000007,50.0,54.5812276782852,2.0,profit_intraday,0.011624553565704021
h5m80d50_direction,600619.SH,20250806,H5_COMPETING_DIRECTION_TOP3,1,1.0,0.11353467561521269,0.11594087915393969,17.88,19.91,2.0,profit_open,-0.002406203538727003
h5m80d50_direction,601606.SH,20250806,H5_COMPETING_DIRECTION_TOP3,1,1.0,0.07759379646127296,0.07999999999999996,50.98,54.93573174359569,2.0,profit_intraday,-0.002406203538727003
h5m80d50_direction,603516.SH,20250806,H5_COMPETING_DIRECTION_TOP3,1,1.0,0.1511979823455234,0.1536041858842504,79.3,91.29,2.0,profit_open,-0.002406203538727003
h5m80d50_direction,002046.SZ,20250805,H5_COMPETING_DIRECTION_TOP3,1,1.0,0.17625000000000002,0.16802482774625194,24.0,28.23,2.0,profit_open,0.008225172253748081
h5m80d50_direction,301392.SZ,20250805,H5_COMPETING_DIRECTION_TOP3,1,1.0,0.08822517225374815,0.08000000000000007,156.88,170.720765023168,2.0,profit_intraday,0.008225172253748081
h5m80d50_direction,601606.SH,20250805,H5_COMPETING_DIRECTION_TOP3,1,1.0,0.18200788314398308,0.173782710890235,43.13,50.98,2.0,profit_open,0.008225172253748081
h5m80d50_direction,002097.SZ,20250804,H5_COMPETING_DIRECTION_TOP3,1,1.0,0.09660734257977022,0.08000000000000007,16.0,17.545717481276323,2.0,profit_intraday,0.016607342579770146
h5m80d50_direction,600629.SH,20250804,H5_COMPETING_DIRECTION_TOP3,1,1.0,0.09660734257977022,0.08000000000000007,12.9,14.146234719279036,2.0,profit_intraday,0.016607342579770146
h5m80d50_direction,600651.SH,20250804,H5_COMPETING_DIRECTION_TOP3,1,1.0,0.09416117839455906,0.08000000000000007,5.9,6.455550952527899,4.0,profit_intraday,0.014161178394558993
h5m80d50_direction,301200.SZ,20250801,H5_COMPETING_DIRECTION_TOP3,1,1.0,0.09664707041311504,0.08000000000000007,71.76,78.69539377284514,2.0,profit_intraday,0.016647070413114973
h5m80d50_direction,600629.SH,20250801,H5_COMPETING_DIRECTION_TOP3,1,1.0,0.10339483238723024,0.08000000000000007,13.76,15.182712893648288,5.0,profit_intraday,0.02339483238723017
h5m80d50_direction,002837.SZ,20250731,H5_COMPETING_DIRECTION_TOP3,1,0.0,0.0290385553928747,0.0021743356476298104,40.98,42.17,5.0,expiry_close,0.02686421974524489
h5m80d50_direction,301200.SZ,20250731,H5_COMPETING_DIRECTION_TOP3,1,1.0,0.09848698882396656,0.08000000000000007,74.5,81.83728066738551,3.0,profit_intraday,0.018486988823966488
h5m80d50_direction,600629.SH,20250731,H5_COMPETING_DIRECTION_TOP3,1,1.0,0.16314454775993226,0.1522135590013971,11.83,13.76,2.0,profit_open,0.010930988758535154
h5m80d50_direction,301217.SZ,20250730,H5_COMPETING_DIRECTION_TOP3,1,0.0,-0.050488204145355375,-0.050000000000000044,26.65,25.30448935952628,3.0,stop_close,-0.00048820414535533097
h5m80d50_direction,301392.SZ,20250730,H5_COMPETING_DIRECTION_TOP3,1,0.0,-0.05950637171122719,-0.050000000000000044,162.12,152.47282701817585,2.0,stop_close,-0.009506371711227146
h5m80d50_direction,600651.SH,20250730,H5_COMPETING_DIRECTION_TOP3,1,1.0,0.086982445462638,0.08000000000000007,5.78,6.2827585347740476,4.0,profit_intraday,0.006982445462637932
h5m80d50_direction,301200.SZ,20250729,H5_COMPETING_DIRECTION_TOP3,1,1.0,0.06211217725532947,0.08000000000000007,69.07,73.3600880830256,2.0,profit_intraday,-0.0178878227446706
h5m80d50_direction,301377.SZ,20250729,H5_COMPETING_DIRECTION_TOP3,1,0.0,-0.047688921496698455,-0.047957395596828656,54.52,51.92,5.0,expiry_close,0.00026847410013020045
h5m80d50_direction,301392.SZ,20250729,H5_COMPETING_DIRECTION_TOP3,1,0.0,0.005383748591460957,0.005115274491330757,159.74,160.6,5.0,expiry_close,0.00026847410013020045
h5m80d50_direction,301200.SZ,20250728,H5_COMPETING_DIRECTION_TOP3,1,1.0,0.0678012091166671,0.08000000000000007,70.51,75.2906632548162,3.0,profit_intraday,-0.012198790883332977
h5m80d50_direction,301377.SZ,20250728,H5_COMPETING_DIRECTION_TOP3,1,0.0,-0.060411077443922157,-0.050000000000000044,55.63,52.26933176179461,4.0,stop_close,-0.010411077443922112
h5m80d50_direction,688313.SH,20250728,H5_COMPETING_DIRECTION_TOP3,1,0.0,-0.06219879088333302,-0.050000000000000044,60.98,57.18711773193435,3.0,stop_close,-0.012198790883332977
h5m80d50_direction,002017.SZ,20250725,H5_COMPETING_DIRECTION_TOP3,1,1.0,0.08762296343225784,0.08000000000000007,24.8,26.973049493119994,2.0,profit_intraday,0.007622963432257768
h5m80d50_direction,301377.SZ,20250725,H5_COMPETING_DIRECTION_TOP3,1,1.0,0.13902538902538897,0.1314024255931312,48.84,55.63,2.0,profit_open,0.007622963432257768
h5m80d50_direction,301392.SZ,20250725,H5_COMPETING_DIRECTION_TOP3,1,0.0,-0.05861025086013616,-0.050000000000000044,164.0,154.38791885893767,5.0,stop_close,-0.008610250860136115
h5m80d50_direction,002017.SZ,20250724,H5_COMPETING_DIRECTION_TOP3,1,1.0,0.08231303270702339,0.08000000000000007,23.29,25.207070531746574,2.0,profit_intraday,0.0023130327070233214
h5m80d50_direction,002104.SZ,20250724,H5_COMPETING_DIRECTION_TOP3,1,0.0,-0.029727095516569157,-0.0198131211379603,20.52,19.91,5.0,expiry_close,-0.009913974378608859
h5m80d50_direction,600528.SH,20250724,H5_COMPETING_DIRECTION_TOP3,1,0.0,-0.1301724137931034,-0.13248544650012672,11.6,10.09,2.0,t1_stop_t2_open,0.0023130327070233214
h5m80d50_direction,002097.SZ,20250723,H5_COMPETING_DIRECTION_TOP3,1,1.0,0.12163336229365762,0.10595754840943905,11.51,12.91,2.0,profit_open,0.01567581388421857
h5m80d50_direction,688425.SH,20250723,H5_COMPETING_DIRECTION_TOP3,1,0.0,-0.034324186115781474,-0.050000000000000044,7.49,7.232911845992797,2.0,stop_close,0.01567581388421857
h5m80d50_direction,002017.SZ,20250722,H5_COMPETING_DIRECTION_TOP3,1,1.0,0.09317479411453866,0.08000000000000007,23.6,25.798925141103116,4.0,profit_intraday,0.01317479411453859
h5m80d50_direction,600629.SH,20250722,H5_COMPETING_DIRECTION_TOP3,1,0.0,-0.12572855953372186,-0.13656525530947183,12.01,10.5,2.0,t1_stop_t2_open,0.010836695775749972
h5m80d50_direction,688425.SH,20250722,H5_COMPETING_DIRECTION_TOP3,1,1.0,0.09083669577575004,0.08000000000000007,7.12,7.76675727392334,2.0,profit_intraday,0.010836695775749972
h5m80d50_direction,002017.SZ,20250721,H5_COMPETING_DIRECTION_TOP3,1,1.0,0.08288842161021592,0.08000000000000007,22.02,23.845203043856955,2.0,profit_intraday,0.002888421610215852
h5m80d50_direction,002265.SZ,20250721,H5_COMPETING_DIRECTION_TOP3,1,1.0,0.10046315130814931,0.08000000000000007,38.09,41.91664143332741,5.0,profit_intraday,0.02046315130814924
h5m80d50_direction,600629.SH,20250721,H5_COMPETING_DIRECTION_TOP3,1,1.0,0.08288842161021592,0.08000000000000007,11.58,12.5398479222463,2.0,profit_intraday,0.002888421610215852
h5m80d50_direction,000880.SZ,20250718,H5_COMPETING_DIRECTION_TOP3,1,0.0,-0.019483627664359293,-0.050000000000000044,47.01,46.09407466349847,5.0,stop_close,0.03051637233564075
h5m80d50_direction,002265.SZ,20250718,H5_COMPETING_DIRECTION_TOP3,1,1.0,0.13127413127413123,0.1123071341093751,33.67,38.09,2.0,profit_open,0.01896699716475614
h5m80d50_direction,301217.SZ,20250718,H5_COMPETING_DIRECTION_TOP3,1,0.0,-0.031033002835243906,-0.050000000000000044,21.64,20.96844581864532,2.0,stop_close,0.01896699716475614
h5m80d50_direction,000880.SZ,20250717,H5_COMPETING_DIRECTION_TOP3,1,0.0,-0.02751406857701255,-0.050000000000000044,49.32,47.96300613778174,3.0,stop_close,0.022485931422987493
h5m80d50_direction,301217.SZ,20250717,H5_COMPETING_DIRECTION_TOP3,1,0.0,-0.02751406857701255,-0.050000000000000044,21.51,20.918172384908463,3.0,stop_close,0.022485931422987493
h5m80d50_direction,601208.SH,20250717,H5_COMPETING_DIRECTION_TOP3,1,0.0,0.004657351962741307,-0.028908948434061443,15.03,15.1,5.0,expiry_close,0.03356630039680275
h5m80d50_direction,000880.SZ,20250716,H5_COMPETING_DIRECTION_TOP3,1,1.0,0.0947835738068814,0.08135296477727483,45.05,49.32,2.0,profit_open,0.013430609029606577
h5m80d50_direction,001287.SZ,20250716,H5_COMPETING_DIRECTION_TOP3,1,0.0,-0.04304347826086952,-0.056474087290476094,23.0,22.01,2.0,t1_stop_t2_open,0.013430609029606577
h5m80d50_direction,601606.SH,20250716,H5_COMPETING_DIRECTION_TOP3,1,1.0,0.1126523445177483,0.08000000000000007,28.8,32.04438752211115,4.0,profit_intraday,0.03265234451774823
h5m80d50_direction,000880.SZ,20250715,H5_COMPETING_DIRECTION_TOP3,1,1.0,0.09267801376155083,0.08000000000000007,44.88,49.0393892576184,2.0,profit_intraday,0.012678013761550755
h5m80d50_direction,002755.SZ,20250715,H5_COMPETING_DIRECTION_TOP3,1,1.0,0.160621761658031,0.14794374789648024,21.23,24.64,2.0,profit_open,0.012678013761550755
h5m80d50_direction,601003.SH,20250715,H5_COMPETING_DIRECTION_TOP3,1,0.0,-0.08514492753623182,-0.09782294129778257,5.52,5.05,2.0,t1_stop_t2_open,0.012678013761550755
h5m80d50_direction,600606.SH,20250714,H5_COMPETING_DIRECTION_TOP3,1,0.0,-0.040963832044997095,-0.050000000000000155,2.15,2.0619277611032563,3.0,stop_close,0.00903616795500306
h5m80d50_direction,601606.SH,20250714,H5_COMPETING_DIRECTION_TOP3,1,1.0,0.07910225499247958,0.08000000000000007,28.0,30.21486313978943,2.0,profit_intraday,-0.0008977450075204896
h5m80d50_direction,601908.SH,20250714,H5_COMPETING_DIRECTION_TOP3,1,0.0,-0.15195071868583165,-0.15105297367831116,4.87,4.13,2.0,t1_stop_t2_open,-0.0008977450075204896
h5m80d50_direction,301392.SZ,20250711,H5_COMPETING_DIRECTION_TOP3,1,1.0,0.0940560829971464,0.08000000000000007,125.0,136.7570103746433,5.0,profit_intraday,0.014056082997146335
h5m80d50_direction,600606.SH,20250711,H5_COMPETING_DIRECTION_TOP3,1,0.0,-0.04938281520020538,-0.050000000000000044,2.29,2.1769133531915297,3.0,stop_close,0.0006171847997946678
h5m80d50_direction,601908.SH,20250711,H5_COMPETING_DIRECTION_TOP3,1,0.0,-0.05208541438366132,-0.050000000000000155,4.64,4.398323677259811,2.0,stop_close,-0.002085414383661166
h5m80d50_direction,002121.SZ,20250710,H5_COMPETING_DIRECTION_TOP3,1,0.0,-0.05882352941176472,-0.06809969502130109,6.29,5.92,2.0,t1_stop_t2_open,0.009276165609536369
h5m80d50_direction,002017.SZ,20250708,H5_COMPETING_DIRECTION_TOP3,1,0.0,-0.047925323729115954,-0.050000000000000044,17.74,16.889804757045482,2.0,stop_close,0.0020746762708840905
h5m80d50_direction,300872.SZ,20250708,H5_COMPETING_DIRECTION_TOP3,1,0.0,-0.047925323729115954,-0.050000000000000044,26.98,25.686974765788452,2.0,stop_close,0.0020746762708840905
h5m80d50_direction,600744.SH,20250708,H5_COMPETING_DIRECTION_TOP3,1,1.0,0.08207467627088416,0.08000000000000007,7.59,8.21294679289601,2.0,profit_intraday,0.0020746762708840905
h5m80d50_direction,600744.SH,20250707,H5_COMPETING_DIRECTION_TOP3,1,1.0,0.09048867947836947,0.08000000000000007,7.21,7.862423379039043,2.0,profit_intraday,0.0104886794783694
h5m80d50_direction,688068.SH,20250707,H5_COMPETING_DIRECTION_TOP3,1,1.0,0.09490343259557377,0.08000000000000007,179.0,195.9877144346077,3.0,profit_intraday,0.014903432595573696
h5m80d50_direction,002104.SZ,20250704,H5_COMPETING_DIRECTION_TOP3,1,1.0,0.09246818125831568,0.08000000000000007,19.99,21.83843894335373,3.0,profit_intraday,0.012468181258315614
h5m80d50_direction,300348.SZ,20250704,H5_COMPETING_DIRECTION_TOP3,1,1.0,0.09689158267790177,0.08000000000000007,18.81,20.63253067017133,4.0,profit_intraday,0.016891582677901695
h5m80d50_direction,002987.SZ,20250703,H5_COMPETING_DIRECTION_TOP3,1,1.0,0.07815078906703454,0.08000000000000007,22.52,24.279955769789616,2.0,profit_intraday,-0.0018492109329655282
h5m80d50_direction,688520.SH,20250703,H5_COMPETING_DIRECTION_TOP3,1,1.0,0.13284574468085109,0.1346949556138166,75.2,85.19,2.0,profit_open,-0.0018492109329655282
h5m80d50_direction,002104.SZ,20250702,H5_COMPETING_DIRECTION_TOP3,1,1.0,0.08172892869751269,0.08000000000000007,18.86,20.40140759523509,2.0,profit_intraday,0.0017289286975126217
h5m80d50_direction,300468.SZ,20250702,H5_COMPETING_DIRECTION_TOP3,1,1.0,0.08172892869751269,0.08000000000000007,44.18,47.79078406985611,2.0,profit_intraday,0.0017289286975126217
h5m80d50_direction,301345.SZ,20250702,H5_COMPETING_DIRECTION_TOP3,1,1.0,0.09421866655221178,0.08000000000000007,128.75,140.88065331859727,5.0,profit_intraday,0.014218666552211712
h5m80d50_direction,301345.SZ,20250701,H5_COMPETING_DIRECTION_TOP3,1,1.0,0.07935549469765935,0.07999999999999996,123.0,132.7607258478121,2.0,profit_intraday,-0.0006445053023406144
h5m80d50_direction,600353.SH,20250701,H5_COMPETING_DIRECTION_TOP3,1,0.0,-0.07702794819359238,-0.07638344289125176,14.67,13.54,2.0,t1_stop_t2_open,-0.0006445053023406144
h5m80d50_direction,688658.SH,20250701,H5_COMPETING_DIRECTION_TOP3,1,1.0,0.07555722385958918,0.07999999999999996,22.31,23.995681664307433,3.0,profit_intraday,-0.004442776140410776
h5m80d50_direction,600967.SH,20250630,H5_COMPETING_DIRECTION_TOP3,1,0.0,-0.05270785021260693,-0.050000000000000155,19.88,18.832167937773374,2.0,stop_close,-0.002707850212606777
h5m80d50_direction,688068.SH,20250630,H5_COMPETING_DIRECTION_TOP3,1,1.0,0.11966604823747695,0.12237389845008373,140.14,156.91,2.0,profit_open,-0.002707850212606777
h5m80d50_direction,002104.SZ,20250627,H5_COMPETING_DIRECTION_TOP3,1,0.0,0.04368421052631577,0.03390970303494689,19.0,19.83,5.0,expiry_close,0.009774507491368878
h5m80d50_direction,600643.SH,20250627,H5_COMPETING_DIRECTION_TOP3,1,1.0,0.09428072971703427,0.08000000000000007,6.6,7.222252816132426,2.0,profit_intraday,0.014280729717034202
h5m80d50_direction,002670.SZ,20250626,H5_COMPETING_DIRECTION_TOP3,1,0.0,-0.03379289494387949,-0.050000000000000044,15.93,15.391679183544,2.0,stop_close,0.016207105056120552
h5m80d50_direction,600643.SH,20250626,H5_COMPETING_DIRECTION_TOP3,1,1.0,0.09973802828229195,0.08000000000000007,6.92,7.610187155713461,3.0,profit_intraday,0.019738028282291875
h5m80d50_direction,601606.SH,20250626,H5_COMPETING_DIRECTION_TOP3,1,1.0,0.09620710505612062,0.08000000000000007,24.69,27.06535342383562,2.0,profit_intraday,0.016207105056120552
h5m80d50_direction,002125.SZ,20250625,H5_COMPETING_DIRECTION_TOP3,1,0.0,-0.051540284360189426,-0.052350695372610834,16.88,16.01,2.0,t1_stop_t2_open,0.0008104110124214081
h5m80d50_direction,300130.SZ,20250625,H5_COMPETING_DIRECTION_TOP3,1,0.0,-0.049189588987578636,-0.050000000000000044,37.88,36.016698369150525,2.0,stop_close,0.0008104110124214081
h5m80d50_direction,601606.SH,20250625,H5_COMPETING_DIRECTION_TOP3,1,1.0,0.08081041101242148,0.08000000000000007,23.77,25.690863469765258,2.0,profit_intraday,0.0008104110124214081
h5m80d50_direction,002017.SZ,20250624,H5_COMPETING_DIRECTION_TOP3,1,1.0,0.10859664366999922,0.08000000000000007,17.09,18.945916640320288,5.0,profit_intraday,0.028596643669999144
h5m80d50_direction,002125.SZ,20250624,H5_COMPETING_DIRECTION_TOP3,1,1.0,0.0886871482106335,0.08000000000000007,16.36,17.810921744725963,2.0,profit_intraday,0.008687148210633433
h5m80d50_direction,300773.SZ,20250624,H5_COMPETING_DIRECTION_TOP3,1,1.0,0.0886871482106335,0.08000000000000007,29.71,32.344895173337925,2.0,profit_intraday,0.008687148210633433
h5m80d50_direction,002104.SZ,20250623,H5_COMPETING_DIRECTION_TOP3,1,1.0,0.10741761177219566,0.08000000000000007,16.01,17.729755964472854,3.0,profit_intraday,0.027417611772195594
h5m80d50_direction,002125.SZ,20250623,H5_COMPETING_DIRECTION_TOP3,1,1.0,0.1359353970390309,0.10851778526683531,14.86,16.88,3.0,profit_open,0.027417611772195594
h5m80d50_direction,300773.SZ,20250623,H5_COMPETING_DIRECTION_TOP3,1,1.0,0.10741761177219566,0.08000000000000007,30.99,34.31887178882034,3.0,profit_intraday,0.027417611772195594
h5m80d50_direction,002125.SZ,20250620,H5_COMPETING_DIRECTION_TOP3,1,1.0,0.21275018532246093,0.16964056494227142,13.49,16.36,3.0,profit_open,0.043109620380189506
h5m80d50_direction,300130.SZ,20250620,H5_COMPETING_DIRECTION_TOP3,1,1.0,0.10942529819959979,0.08000000000000007,29.33,32.53944399619426,2.0,profit_intraday,0.029425298199599714
h5m80d50_direction,300468.SZ,20250620,H5_COMPETING_DIRECTION_TOP3,1,1.0,0.18094496365524404,0.15151966545564433,38.52,45.49,2.0,profit_open,0.029425298199599714
h5m80d50_direction,002104.SZ,20250619,H5_COMPETING_DIRECTION_TOP3,1,1.0,0.08446566033145775,0.08000000000000007,14.13,15.323499780483498,2.0,profit_intraday,0.004465660331457677
h5m80d50_direction,300682.SZ,20250619,H5_COMPETING_DIRECTION_TOP3,1,1.0,0.11200570984492764,0.08000000000000007,19.74,21.95099271233887,5.0,profit_intraday,0.032005709844927566
h5m80d50_direction,300872.SZ,20250619,H5_COMPETING_DIRECTION_TOP3,1,1.0,0.11200570984492764,0.08000000000000007,21.55,23.96372304715819,5.0,profit_intraday,0.032005709844927566
h5m80d50_direction,002017.SZ,20250618,H5_COMPETING_DIRECTION_TOP3,1,0.0,-0.0694246737740718,-0.050000000000000044,17.25,16.052424377397262,2.0,stop_close,-0.019424673774071755
h5m80d50_direction,002104.SZ,20250618,H5_COMPETING_DIRECTION_TOP3,1,0.0,-0.10851735015772868,-0.08909267638365692,15.85,14.13,2.0,t1_stop_t2_open,-0.019424673774071755
h5m80d50_direction,300773.SZ,20250618,H5_COMPETING_DIRECTION_TOP3,1,0.0,-0.0786184210526315,-0.05919374727855975,30.4,28.01,2.0,t1_stop_t2_open,-0.019424673774071755
h5m80d50_direction,002015.SZ,20250617,H5_COMPETING_DIRECTION_TOP3,1,1.0,0.10937499999999978,0.12380562618955371,12.8,14.2,2.0,profit_open,-0.01443062618955393
h5m80d50_direction,002104.SZ,20250617,H5_COMPETING_DIRECTION_TOP3,1,1.0,0.07823129251700678,0.09266191870656071,14.7,15.85,2.0,profit_open,-0.01443062618955393
h5m80d50_direction,300682.SZ,20250617,H5_COMPETING_DIRECTION_TOP3,1,1.0,0.06556937381044614,0.08000000000000007,20.51,21.854827856852253,2.0,profit_intraday,-0.01443062618955393
h5m80d50_direction,002017.SZ,20250616,H5_COMPETING_DIRECTION_TOP3,1,1.0,0.07882016853108942,0.08000000000000007,14.26,15.383975603253335,2.0,profit_intraday,-0.0011798314689106526
h5m80d50_direction,002104.SZ,20250616,H5_COMPETING_DIRECTION_TOP3,1,1.0,0.07882016853108942,0.08000000000000007,13.72,14.801412712246547,2.0,profit_intraday,-0.0011798314689106526
h5m80d50_direction,300872.SZ,20250616,H5_COMPETING_DIRECTION_TOP3,1,0.0,-0.07058158740159048,-0.050000000000000155,23.51,21.85062688018861,4.0,stop_close,-0.02058158740159033
h5m80d50_direction,002104.SZ,20250613,H5_COMPETING_DIRECTION_TOP3,1,1.0,0.08514255038730756,0.08000000000000007,12.76,13.846418942942044,2.0,profit_intraday,0.005142550387307487
h5m80d50_direction,301622.SZ,20250613,H5_COMPETING_DIRECTION_TOP3,1,0.0,-0.045928425098729964,-0.050000000000000044,89.09,84.99823660795415,3.0,stop_close,0.004071574901270081
h5m80d50_direction,600353.SH,20250613,H5_COMPETING_DIRECTION_TOP3,1,0.0,-0.04485744961269256,-0.050000000000000044,14.14,13.505715662476527,2.0,stop_close,0.005142550387307487
h5m80d50_direction,002104.SZ,20250612,H5_COMPETING_DIRECTION_TOP3,1,1.0,0.09810671256454384,0.1057961131033246,11.62,12.76,2.0,profit_open,-0.007689400538780755
h5m80d50_direction,300468.SZ,20250612,H5_COMPETING_DIRECTION_TOP3,1,1.0,0.0883846935320014,0.09607409407078216,29.53,32.14,2.0,profit_open,-0.007689400538780755
h5m80d50_direction,301622.SZ,20250612,H5_COMPETING_DIRECTION_TOP3,1,0.0,-0.0576894005387808,-0.050000000000000044,98.87,93.16624896873074,2.0,stop_close,-0.007689400538780755
h5m80d50_direction,002104.SZ,20250611,H5_COMPETING_DIRECTION_TOP3,1,1.0,0.06888402929752946,0.08000000000000007,11.05,11.8111685237377,2.0,profit_intraday,-0.011115970702470612
h5m80d50_direction,605376.SH,20250611,H5_COMPETING_DIRECTION_TOP3,1,0.0,-0.06111597070247077,-0.050000000000000155,42.76,40.14668109276235,2.0,stop_close,-0.011115970702470612
h5m80d50_direction,688205.SH,20250611,H5_COMPETING_DIRECTION_TOP3,1,1.0,0.07408319532804741,0.08000000000000007,62.67,67.31279385120874,3.0,profit_intraday,-0.005916804671952658
h5m80d50_direction,002104.SZ,20250610,H5_COMPETING_DIRECTION_TOP3,1,1.0,0.08703333995240281,0.08000000000000007,11.18,12.153032740667863,2.0,profit_intraday,0.00703333995240274
h5m80d50_direction,002317.SZ,20250610,H5_COMPETING_DIRECTION_TOP3,1,0.0,-0.055936540207699115,-0.050000000000000044,17.56,16.577754353952802,3.0,stop_close,-0.00593654020769907
h5m80d50_direction,300468.SZ,20250610,H5_COMPETING_DIRECTION_TOP3,1,1.0,0.07406345979230089,0.07999999999999996,29.0,31.147840333976724,3.0,profit_intraday,-0.00593654020769907
h5m80d50_direction,002104.SZ,20250609,H5_COMPETING_DIRECTION_TOP3,1,1.0,0.06634949858171435,0.08000000000000007,11.72,12.497616123377693,4.0,profit_intraday,-0.013650501418285721
h5m80d50_direction,300872.SZ,20250609,H5_COMPETING_DIRECTION_TOP3,1,0.0,-0.05078126790350146,-0.04999999999999993,21.0,19.93359337402647,3.0,stop_close,-0.0007812679035015258
h5m80d50_direction,600353.SH,20250609,H5_COMPETING_DIRECTION_TOP3,1,1.0,0.07743697881579137,0.07999999999999996,11.6,12.49826895426318,2.0,profit_intraday,-0.0025630211842085915
h5m80d50_direction,300468.SZ,20250606,H5_COMPETING_DIRECTION_TOP3,1,1.0,0.07610884105102178,0.07999999999999996,28.67,30.852040472932796,5.0,profit_intraday,-0.0038911589489781795
h5m80d50_direction,300872.SZ,20250606,H5_COMPETING_DIRECTION_TOP3,1,0.0,-0.04794240373834047,-0.050000000000000044,21.4,20.374032559999513,2.0,stop_close,0.0020575962616595778
h5m80d50_direction,688062.SH,20250606,H5_COMPETING_DIRECTION_TOP3,1,1.0,0.08205759626165965,0.08000000000000007,27.77,30.04873944818629,2.0,profit_intraday,0.0020575962616595778
h5m80d50_direction,002104.SZ,20250605,H5_COMPETING_DIRECTION_TOP3,1,1.0,0.08832883937970126,0.08000000000000007,10.7,11.645118581362803,2.0,profit_intraday,0.008328839379701192
h5m80d50_direction,300723.SZ,20250605,H5_COMPETING_DIRECTION_TOP3,1,1.0,0.08832883937970126,0.08000000000000007,51.08,55.59183711551514,2.0,profit_intraday,0.008328839379701192
h5m80d50_direction,688205.SH,20250605,H5_COMPETING_DIRECTION_TOP3,1,1.0,0.08754106442131881,0.08000000000000007,62.65,68.13444768599562,5.0,profit_intraday,0.007541064421318744
h5m80d50_direction,002104.SZ,20250604,H5_COMPETING_DIRECTION_TOP3,1,1.0,0.15053763440860202,0.14593571892821888,9.3,10.7,2.0,profit_open,0.004601915480383134
h5m80d50_direction,300468.SZ,20250604,H5_COMPETING_DIRECTION_TOP3,1,1.0,0.0846019154803832,0.08000000000000007,26.66,28.915487066707016,2.0,profit_intraday,0.004601915480383134
h5m80d50_direction,300872.SZ,20250604,H5_COMPETING_DIRECTION_TOP3,1,0.0,-0.016818837097549166,-0.028760399605804232,20.81,20.46,5.0,expiry_close,0.011941562508255066
h5m80d50_direction,002104.SZ,20250603,H5_COMPETING_DIRECTION_TOP3,1,1.0,0.09335938156261725,0.08000000000000007,9.95,10.878925846548041,3.0,profit_intraday,0.013359381562617179
h5m80d50_direction,002537.SZ,20250603,H5_COMPETING_DIRECTION_TOP3,1,0.0,-0.036640618437382755,-0.04999999999999993,8.5,8.188554743282246,3.0,stop_close,0.013359381562617179
h5m80d50_direction,300468.SZ,20250603,H5_COMPETING_DIRECTION_TOP3,1,1.0,0.09493275885245511,0.08000000000000007,26.04,28.51204904051793,2.0,profit_intraday,0.014932758852455041
h5m80d50_direction,002104.SZ,20250530,H5_COMPETING_DIRECTION_TOP3,1,1.0,0.10012569458965204,0.08000000000000007,9.8,10.78123180697859,4.0,profit_intraday,0.020125694589651966
h5m80d50_direction,002537.SZ,20250530,H5_COMPETING_DIRECTION_TOP3,1,0.0,-0.03454733275931943,-0.050000000000000155,8.88,8.573219685097245,2.0,stop_close,0.015452667240680729
h5m80d50_direction,300723.SZ,20250530,H5_COMPETING_DIRECTION_TOP3,1,1.0,0.11021923245787857,0.08000000000000007,48.67,54.034370043724955,5.0,profit_intraday,0.030219232457878498
h5m80d50_direction,300468.SZ,20250529,H5_COMPETING_DIRECTION_TOP3,1,0.0,0.025009473285335426,0.02753280520229273,26.39,27.05,2.0,t1_stop_t2_open,-0.0025233319169573054
h5m80d50_direction,300872.SZ,20250529,H5_COMPETING_DIRECTION_TOP3,1,1.0,0.07747666808304277,0.08000000000000007,19.46,20.967695960896013,2.0,profit_intraday,-0.0025233319169573054
h5m80d50_direction,600006.SH,20250529,H5_COMPETING_DIRECTION_TOP3,1,0.0,-0.05782312925170063,-0.05529979733474333,8.82,8.31,2.0,t1_stop_t2_open,-0.0025233319169573054
h5m80d50_direction,603693.SH,20250528,H5_COMPETING_DIRECTION_TOP3,1,0.0,-0.04266480792473504,-0.050000000000000155,16.8,16.083231226864452,2.0,stop_close,0.007335192075265118
h5m80d50_direction,688205.SH,20250528,H5_COMPETING_DIRECTION_TOP3,1,0.0,-0.04266480792473493,-0.050000000000000044,58.58,56.080695551769026,2.0,stop_close,0.007335192075265118
h5m80d50_direction,688336.SH,20250528,H5_COMPETING_DIRECTION_TOP3,1,1.0,0.12273755656108598,0.11540236448582086,53.04,59.55,2.0,profit_open,0.007335192075265118
h5m80d50_direction,688062.SH,20250527,H5_COMPETING_DIRECTION_TOP3,1,1.0,0.09496717724288839,0.09007358116132225,22.85,25.02,3.0,profit_open,0.004893596081566143
h5m80d50_direction,688336.SH,20250527,H5_COMPETING_DIRECTION_TOP3,1,0.0,-0.07434554973821983,-0.08850800033842965,57.3,53.04,2.0,t1_stop_t2_open,0.01416245060020982
h5m80d50_direction,688382.SH,20250527,H5_COMPETING_DIRECTION_TOP3,1,1.0,0.09416245060020989,0.08000000000000007,24.09,26.358373434959056,2.0,profit_intraday,0.01416245060020982
h5m80d50_direction,002194.SZ,20250526,H5_COMPETING_DIRECTION_TOP3,1,1.0,0.08185472677957617,0.08000000000000007,14.73,15.935720125463158,4.0,profit_intraday,0.001854726779576099
h5m80d50_direction,688062.SH,20250526,H5_COMPETING_DIRECTION_TOP3,1,1.0,0.1139804096170971,0.112125682837521,22.46,25.02,4.0,profit_open,0.001854726779576099
h5m80d50_direction,688382.SH,20250526,H5_COMPETING_DIRECTION_TOP3,1,1.0,0.07455944224047362,0.07999999999999996,22.58,24.263552205789892,2.0,profit_intraday,-0.005440557759526343
h5m80d50_direction,002317.SZ,20250523,H5_COMPETING_DIRECTION_TOP3,1,0.0,-0.04535790219702329,-0.047916263074258336,14.11,13.47,2.0,t1_stop_t2_open,0.002558360877235044
h5m80d50_direction,301606.SZ,20250523,H5_COMPETING_DIRECTION_TOP3,1,1.0,0.08012834304739624,0.08000000000000007,48.29,52.15939768575876,3.0,profit_intraday,0.0001283430473961733
h5m80d50_direction,688062.SH,20250523,H5_COMPETING_DIRECTION_TOP3,1,1.0,0.08746447654356548,0.08000000000000007,23.7,25.772908094082503,5.0,profit_intraday,0.007464476543565413
h5m80d50_direction,002364.SZ,20250522,H5_COMPETING_DIRECTION_TOP3,1,0.0,-0.0577633605913187,-0.050000000000000044,17.1,16.112246533888452,3.0,stop_close,-0.007763360591318658
h5m80d50_direction,688552.SH,20250522,H5_COMPETING_DIRECTION_TOP3,1,0.0,-0.031175771971496347,-0.037464913769521435,33.68,32.63,5.0,expiry_close,0.0062891417980250885
h5m80d50_direction,002727.SZ,20250521,H5_COMPETING_DIRECTION_TOP3,1,1.0,0.059778361371174205,0.08000000000000007,17.02,18.037427710537383,2.0,profit_intraday,-0.020221638628825866
h5m80d50_direction,301550.SZ,20250521,H5_COMPETING_DIRECTION_TOP3,1,0.0,-0.07022163862882591,-0.050000000000000044,135.47,125.95707461495296,2.0,stop_close,-0.020221638628825866
h5m80d50_direction,688336.SH,20250521,H5_COMPETING_DIRECTION_TOP3,1,1.0,0.10289826881929609,0.12311990744812196,51.41,56.7,2.0,profit_open,-0.020221638628825866
h5m80d50_direction,688331.SH,20250520,H5_COMPETING_DIRECTION_TOP3,1,1.0,0.06073769823972586,0.07999999999999996,56.29,59.70892503391417,5.0,profit_intraday,-0.019262301760274103
h5m80d50_direction,688336.SH,20250520,H5_COMPETING_DIRECTION_TOP3,1,1.0,0.08827265029635889,0.09986156035294391,47.24,51.41,2.0,profit_open,-0.011588910056585022
h5m80d50_direction,688552.SH,20250520,H5_COMPETING_DIRECTION_TOP3,1,1.0,0.06841108994341494,0.07999999999999996,32.99,35.24688185723326,2.0,profit_intraday,-0.011588910056585022
h5m80d50_direction,688552.SH,20250519,H5_COMPETING_DIRECTION_TOP3,1,0.0,-0.018939393939393923,-0.00881758120095777,34.32,33.67,5.0,expiry_close,-0.010121812738436153
h5m80d50_direction,002779.SZ,20250516,H5_COMPETING_DIRECTION_TOP3,1,0.0,-0.04139209132627819,-0.050000000000000044,122.6,117.52532960339829,3.0,stop_close,0.008607908673721854
h5m80d50_direction,601022.SH,20250516,H5_COMPETING_DIRECTION_TOP3,1,0.0,-0.03980083130712653,-0.050000000000000044,12.23,11.743235833113843,2.0,stop_close,0.010199168692873517
h5m80d50_direction,002251.SZ,20250515,H5_COMPETING_DIRECTION_TOP3,1,1.0,0.08564555765009563,0.08000000000000007,5.62,6.101328033993537,2.0,profit_intraday,0.005645557650095556
h5m80d50_direction,601022.SH,20250515,H5_COMPETING_DIRECTION_TOP3,1,1.0,0.08564555765009563,0.08000000000000007,12.23,13.27744517006067,2.0,profit_intraday,0.005645557650095556
h5m80d50_direction,601083.SH,20250515,H5_COMPETING_DIRECTION_TOP3,1,0.0,-0.03805129851586586,-0.050000000000000044,13.45,12.938210034961603,3.0,stop_close,0.011948701484134183
h5m80d50_direction,600744.SH,20250514,H5_COMPETING_DIRECTION_TOP3,1,1.0,0.07598987354932452,0.08000000000000007,5.09,5.476788456366061,5.0,profit_intraday,-0.004010126450675555
h5m80d50_direction,601022.SH,20250514,H5_COMPETING_DIRECTION_TOP3,1,1.0,0.09982014388489224,0.11233049108313065,11.12,12.23,2.0,profit_open,-0.012510347198238403
h5m80d50_direction,002194.SZ,20250513,H5_COMPETING_DIRECTION_TOP3,1,0.0,-0.014084507042253613,-0.013585549755625315,14.91,14.7,5.0,expiry_close,-0.0004989572866282987
h5m80d50_direction,688552.SH,20250513,H5_COMPETING_DIRECTION_TOP3,1,0.0,-0.06230068159829316,-0.04999999999999993,39.5,37.03912307686742,2.0,stop_close,-0.012300681598293228
h5m80d50_direction,000559.SZ,20250512,H5_COMPETING_DIRECTION_TOP3,1,0.0,-0.04994835228613015,-0.050000000000000044,9.55,9.072993235667457,2.0,stop_close,5.164771386989564e-05
h5m80d50_direction,300607.SZ,20250512,H5_COMPETING_DIRECTION_TOP3,1,1.0,0.06754065438479895,0.08000000000000007,38.95,41.580708488287925,4.0,profit_intraday,-0.012459345615201123
h5m80d50_direction,688552.SH,20250512,H5_COMPETING_DIRECTION_TOP3,1,0.0,-0.04994835228613015,-0.050000000000000044,41.34,39.275135116491384,2.0,stop_close,5.164771386989564e-05
h5m80d50_direction,603809.SH,20250509,H5_COMPETING_DIRECTION_TOP3,1,0.0,-0.03623956639156245,-0.050000000000000044,15.77,15.19850203800506,3.0,stop_close,0.013760433608437594
h5m80d50_direction,688552.SH,20250509,H5_COMPETING_DIRECTION_TOP3,1,1.0,0.27553224313483526,0.26373930029470793,32.41,41.34,2.0,profit_open,0.01179294284012733
h5m80d50_direction,002338.SZ,20250508,H5_COMPETING_DIRECTION_TOP3,1,0.0,-0.0487451042285314,-0.050000000000000044,49.5,47.0871173406877,3.0,stop_close,0.0012548957714686448
h5m80d50_direction,603809.SH,20250508,H5_COMPETING_DIRECTION_TOP3,1,0.0,-0.044242424242424305,-0.04739250852258692,16.5,15.77,2.0,t1_stop_t2_open,0.0031500842801626128
h5m80d50_direction,300047.SZ,20250507,H5_COMPETING_DIRECTION_TOP3,1,0.0,-0.06314580941446624,-0.05943058901789999,17.42,16.32,2.0,t1_stop_t2_open,-0.0037152203965662434
h5m80d50_direction,300548.SZ,20250507,H5_COMPETING_DIRECTION_TOP3,1,1.0,0.08999409016826387,0.08000000000000007,49.5,53.954707463329065,5.0,profit_intraday,0.009994090168263803
h5m80d50_direction,600744.SH,20250507,H5_COMPETING_DIRECTION_TOP3,1,1.0,0.07628477960343383,0.08000000000000007,4.96,5.338372506833032,2.0,profit_intraday,-0.0037152203965662434
h5m80d50_direction,300047.SZ,20250506,H5_COMPETING_DIRECTION_TOP3,1,0.0,-0.04068204129632713,-0.050000000000000044,18.02,17.286909615840184,2.0,stop_close,0.009317958703672913
h5m80d50_direction,600744.SH,20250506,H5_COMPETING_DIRECTION_TOP3,1,1.0,0.08931795870367298,0.08000000000000007,4.98,5.424803434344292,2.0,profit_intraday,0.009317958703672913
h5m80d50_direction,688313.SH,20250506,H5_COMPETING_DIRECTION_TOP3,1,0.0,0.007017543859649145,-0.003567003682468428,28.5,28.7,5.0,expiry_close,0.010584547542117573
h5m80d50_direction,300638.SZ,20250430,H5_COMPETING_DIRECTION_TOP3,1,1.0,0.10634174106308536,0.08000000000000007,26.65,29.484007399331222,2.0,profit_intraday,0.02634174106308529
h5m80d50_direction,300870.SZ,20250430,H5_COMPETING_DIRECTION_TOP3,1,1.0,0.11329060526585488,0.08000000000000007,116.67,129.88761491636728,3.0,profit_intraday,0.03329060526585481
h5m80d50_direction,688205.SH,20250430,H5_COMPETING_DIRECTION_TOP3,1,1.0,0.11329060526585488,0.08000000000000007,60.3,67.13142349753105,3.0,profit_intraday,0.03329060526585481
h5m80d50_direction,300870.SZ,20250429,H5_COMPETING_DIRECTION_TOP3,1,1.0,0.1129447677191644,0.08297575532855173,104.83,116.67,2.0,profit_open,0.02996901239061267
h5m80d50_direction,300953.SZ,20250429,H5_COMPETING_DIRECTION_TOP3,1,1.0,0.11257515348659797,0.08000000000000007,144.1,160.32207961741875,3.0,profit_intraday,0.032575153486597896
h5m80d50_direction,301550.SZ,20250429,H5_COMPETING_DIRECTION_TOP3,1,1.0,0.1558503079109428,0.12588129552033012,105.55,122.0,2.0,profit_open,0.02996901239061267
h5m80d50_direction,300870.SZ,20250428,H5_COMPETING_DIRECTION_TOP3,1,1.0,0.1164593301435406,0.08268869336871276,104.5,116.67,3.0,profit_open,0.033770636774827834
h5m80d50_direction,301550.SZ,20250428,H5_COMPETING_DIRECTION_TOP3,1,1.0,0.08978685334016823,0.08000000000000007,104.1,113.44681143271151,2.0,profit_intraday,0.009786853340168156
h5m80d50_direction,600744.SH,20250428,H5_COMPETING_DIRECTION_TOP3,1,0.0,-0.04021314665983189,-0.050000000000000044,4.88,4.68375984430002,2.0,stop_close,0.009786853340168156
h5m80d50_direction,300870.SZ,20250425,H5_COMPETING_DIRECTION_TOP3,1,1.0,0.11114285714285721,0.08719850919220407,105.0,116.67,4.0,profit_open,0.023944347950653144
h5m80d50_direction,301550.SZ,20250425,H5_COMPETING_DIRECTION_TOP3,1,1.0,0.08018853731260989,0.08000000000000007,105.07,113.49540961543592,3.0,profit_intraday,0.00018853731260981554
h5m80d50_direction,600744.SH,20250425,H5_COMPETING_DIRECTION_TOP3,1,1.0,0.07415063524486443,0.08000000000000007,4.66,5.005541960241068,2.0,profit_intraday,-0.005849364755135644
h5m80d50_direction,002965.SZ,20250424,H5_COMPETING_DIRECTION_TOP3,1,1.0,0.07758613922186419,0.08000000000000007,46.93,50.57111751368208,3.0,profit_intraday,-0.002413860778135879
h5m80d50_direction,300007.SZ,20250424,H5_COMPETING_DIRECTION_TOP3,1,1.0,0.10748281058890763,0.08000000000000007,39.89,44.17748931439153,5.0,profit_intraday,0.027482810588907558
h5m80d50_direction,300870.SZ,20250424,H5_COMPETING_DIRECTION_TOP3,1,1.0,0.11114285714285721,0.08366004655394965,105.0,116.67,5.0,profit_open,0.027482810588907558
h5m80d50_direction,002537.SZ,20250423,H5_COMPETING_DIRECTION_TOP3,1,1.0,0.09781357882623709,0.10169476421670576,8.69,9.54,2.0,profit_open,-0.0038811853904686666
h5m80d50_direction,300870.SZ,20250423,H5_COMPETING_DIRECTION_TOP3,1,0.0,0.002114942528735675,0.005808322354857842,108.75,108.98,5.0,expiry_close,-0.0036933798261221673
h5m80d50_direction,301550.SZ,20250423,H5_COMPETING_DIRECTION_TOP3,1,1.0,0.06665041724231169,0.07999999999999996,102.0,108.79834255871579,3.0,profit_intraday,-0.013349582757688272
h5m80d50_direction,002537.SZ,20250422,H5_COMPETING_DIRECTION_TOP3,1,1.0,0.07843399764630177,0.07999999999999996,8.14,8.778452740840898,2.0,profit_intraday,-0.0015660023536981926
h5m80d50_direction,301550.SZ,20250422,H5_COMPETING_DIRECTION_TOP3,1,1.0,0.09937486527268802,0.10094086762638621,92.78,102.0,2.0,profit_open,-0.0015660023536981926
h5m80d50_direction,688313.SH,20250422,H5_COMPETING_DIRECTION_TOP3,1,1.0,0.08188430371469857,0.08000000000000007,22.0,23.801454681723367,3.0,profit_intraday,0.0018843037146984987
h5m80d50_direction,002194.SZ,20250421,H5_COMPETING_DIRECTION_TOP3,1,1.0,0.08539553257152899,0.08000000000000007,13.11,14.229535432012744,2.0,profit_intraday,0.005395532571528916
h5m80d50_direction,300870.SZ,20250421,H5_COMPETING_DIRECTION_TOP3,1,0.0,0.0017055144968731728,0.009731592791617949,105.54,105.72,5.0,expiry_close,-0.008026078294744776
h5m80d50_direction,688313.SH,20250421,H5_COMPETING_DIRECTION_TOP3,1,1.0,0.0814934061188699,0.08000000000000007,21.8,23.576556253391363,4.0,profit_intraday,0.0014934061188698333
h5m80d50_direction,300007.SZ,20250418,H5_COMPETING_DIRECTION_TOP3,1,1.0,0.09821721715442977,0.08000000000000007,32.85,36.07643558352302,2.0,profit_intraday,0.0182172171544297
h5m80d50_direction,300953.SZ,20250418,H5_COMPETING_DIRECTION_TOP3,1,1.0,0.15879163439194421,0.14057441723751452,116.19,134.64,2.0,profit_open,0.0182172171544297
h5m80d50_direction,301550.SZ,20250418,H5_COMPETING_DIRECTION_TOP3,1,1.0,0.10568435918559493,0.08746714203116523,84.97,93.95,2.0,profit_open,0.0182172171544297
h5m80d50_direction,300007.SZ,20250417,H5_COMPETING_DIRECTION_TOP3,1,1.0,0.09779761331043546,0.08000000000000007,33.01,36.238299215377474,3.0,profit_intraday,0.01779761331043539
h5m80d50_direction,300953.SZ,20250417,H5_COMPETING_DIRECTION_TOP3,1,1.0,0.09819487467796151,0.08000000000000007,120.15,131.94811419255709,2.0,profit_intraday,0.018194874677961437
h5m80d50_direction,301550.SZ,20250417,H5_COMPETING_DIRECTION_TOP3,1,1.0,0.10368857828845024,0.08000000000000007,88.34,97.4998490060017,4.0,profit_intraday,0.02368857828845017
h5m80d50_direction,301018.SZ,20250416,H5_COMPETING_DIRECTION_TOP3,1,1.0,0.09870685066411,0.08000000000000007,33.3,36.58693812711486,4.0,profit_intraday,0.01870685066410993
h5m80d50_direction,603128.SH,20250416,H5_COMPETING_DIRECTION_TOP3,1,0.0,-0.049519126664299806,-0.050000000000000044,7.89,7.499294090618674,2.0,stop_close,0.00048087333570023816
h5m80d50_direction,688519.SH,20250416,H5_COMPETING_DIRECTION_TOP3,1,1.0,0.10463618802318098,0.10415531468748074,31.06,34.31,2.0,profit_open,0.00048087333570023816
h5m80d50_direction,688519.SH,20250415,H5_COMPETING_DIRECTION_TOP3,1,0.0,0.04383642247719899,0.03671930132510881,33.99,35.48,5.0,expiry_close,0.007117121152090178
h5m80d50_direction,688776.SH,20250415,H5_COMPETING_DIRECTION_TOP3,1,0.0,-0.025641025641025772,-0.03275814679311595,81.9,79.8,5.0,expiry_close,0.007117121152090178
h5m80d50_direction,688502.SH,20250414,H5_COMPETING_DIRECTION_TOP3,1,1.0,0.06615967323828076,0.07999999999999996,298.0,317.71558262500764,3.0,profit_intraday,-0.013840326761719202
h5m80d50_direction,688776.SH,20250414,H5_COMPETING_DIRECTION_TOP3,1,0.0,-0.06472051443397386,-0.050000000000000044,84.06,78.61959355668016,2.0,stop_close,-0.01472051443397382
h5m80d50_direction,001337.SZ,20250411,H5_COMPETING_DIRECTION_TOP3,1,1.0,0.07918523651030185,0.07999999999999996,25.33,27.335762040805943,4.0,profit_intraday,-0.0008147634896981115
h5m80d50_direction,300100.SZ,20250411,H5_COMPETING_DIRECTION_TOP3,1,1.0,0.08978161091318637,0.08000000000000007,67.88,73.97437574878708,2.0,profit_intraday,0.0097816109131863
h5m80d50_direction,300100.SZ,20250410,H5_COMPETING_DIRECTION_TOP3,1,1.0,0.09958057397877962,0.08000000000000007,66.21,72.803229803135,3.0,profit_intraday,0.019580573978779547
h5m80d50_direction,301000.SZ,20250410,H5_COMPETING_DIRECTION_TOP3,1,1.0,0.09958057397877962,0.08000000000000007,36.65,40.29962803632227,3.0,profit_intraday,0.019580573978779547
h5m80d50_direction,601083.SH,20250410,H5_COMPETING_DIRECTION_TOP3,1,0.0,-0.0939130434782609,-0.11695363142054882,11.5,10.42,2.0,t1_stop_t2_open,0.023040587942287916
h5m80d50_direction,000880.SZ,20250409,H5_COMPETING_DIRECTION_TOP3,1,1.0,0.1261544544206723,0.08000000000000007,35.9,40.42894491370213,3.0,profit_intraday,0.04615445442067223
h5m80d50_direction,300100.SZ,20250409,H5_COMPETING_DIRECTION_TOP3,1,1.0,0.1494791666666666,0.1169625749169394,57.6,66.21,2.0,profit_open,0.03251659174972721
h5m80d50_direction,603072.SH,20250409,H5_COMPETING_DIRECTION_TOP3,1,0.0,-0.017483408250272836,-0.050000000000000044,58.0,56.98596232148417,2.0,stop_close,0.03251659174972721
h5m80d50_direction,300100.SZ,20250408,H5_COMPETING_DIRECTION_TOP3,1,1.0,0.12474958838775829,0.08000000000000007,52.31,58.83565096856364,2.0,profit_intraday,0.04474958838775822
h5m80d50_direction,688182.SH,20250408,H5_COMPETING_DIRECTION_TOP3,1,1.0,0.12474958838775829,0.08000000000000007,20.08,22.584971734826183,2.0,profit_intraday,0.04474958838775822
h5m80d50_direction,688220.SH,20250408,H5_COMPETING_DIRECTION_TOP3,1,1.0,0.12474958838775829,0.08000000000000007,74.0,83.2314695406941,2.0,profit_intraday,0.04474958838775822
h5m80d50_direction,300870.SZ,20250407,H5_COMPETING_DIRECTION_TOP3,1,1.0,0.13579719408250068,0.08000000000000007,93.0,105.62913904967256,3.0,profit_intraday,0.05579719408250061
h5m80d50_direction,688048.SH,20250407,H5_COMPETING_DIRECTION_TOP3,1,1.0,0.112470279716123,0.08000000000000007,44.37,49.36030631100437,2.0,profit_intraday,0.03247027971612293
h5m80d50_direction,688279.SH,20250407,H5_COMPETING_DIRECTION_TOP3,1,1.0,0.13579719408250068,0.08000000000000007,179.44,203.80744850616392,3.0,profit_intraday,0.05579719408250061
h5m80d50_direction,600292.SH,20250403,H5_COMPETING_DIRECTION_TOP3,1,1.0,0.025925925925925908,0.1263177802913571,13.5,13.85,2.0,profit_open,-0.10039185436543119
h5m80d50_direction,688068.SH,20250403,H5_COMPETING_DIRECTION_TOP3,1,1.0,0.020105263157894626,0.12049711752332581,95.0,96.91,2.0,profit_open,-0.10039185436543119
h5m80d50_direction,688776.SH,20250403,H5_COMPETING_DIRECTION_TOP3,1,0.0,-0.15039185436543123,-0.050000000000000044,81.7,69.41298549834427,2.0,stop_close,-0.10039185436543119
h5m80d50_direction,000027.SZ,20250402,H5_COMPETING_DIRECTION_TOP3,1,1.0,-0.014128728414442682,0.10402938476293977,6.37,6.28,2.0,profit_open,-0.11815811317738245
h5m80d50_direction,600116.SH,20250402,H5_COMPETING_DIRECTION_TOP3,1,1.0,-0.004392386530014725,0.11376572664736773,6.83,6.8,2.0,profit_open,-0.11815811317738245
h5m80d50_direction,600269.SH,20250402,H5_COMPETING_DIRECTION_TOP3,1,1.0,-0.0078125,0.11034561317738245,5.12,5.08,2.0,profit_open,-0.11815811317738245
h5m80d50_direction,600116.SH,20250401,H5_COMPETING_DIRECTION_TOP3,1,1.0,-0.01449275362318847,0.10143938582908596,6.9,6.8,3.0,profit_open,-0.11593213945227443
h5m80d50_direction,600395.SH,20250401,H5_COMPETING_DIRECTION_TOP3,1,1.0,-0.022403258655804503,0.09352888079646993,4.91,4.8,3.0,profit_open,-0.11593213945227443
h5m80d50_direction,600928.SH,20250401,H5_COMPETING_DIRECTION_TOP3,1,1.0,-0.008498583569405027,0.1074335558828694,3.53,3.5,3.0,profit_open,-0.11593213945227443
h5m80d50_direction,002608.SZ,20250331,H5_COMPETING_DIRECTION_TOP3,1,1.0,-0.0065359477124183885,0.10198881882740662,7.65,7.6,4.0,profit_open,-0.10852476653982501
h5m80d50_direction,600269.SH,20250331,H5_COMPETING_DIRECTION_TOP3,1,1.0,-0.011673151750972721,0.09685161478885229,5.14,5.08,4.0,profit_open,-0.10852476653982501
h5m80d50_direction,600908.SH,20250331,H5_COMPETING_DIRECTION_TOP3,1,1.0,-0.012237762237762184,0.09628700430206283,5.72,5.65,4.0,profit_open,-0.10852476653982501
h5m80d50_direction,000767.SZ,20250328,H5_COMPETING_DIRECTION_TOP3,1,1.0,0.01908396946564883,0.13538413610531186,2.62,2.67,5.0,profit_open,-0.11630016663966303
h5m80d50_direction,002004.SZ,20250328,H5_COMPETING_DIRECTION_TOP3,1,1.0,-0.004975124378109319,0.11132504226155371,4.02,4.0,5.0,profit_open,-0.11630016663966303
h5m80d50_direction,002275.SZ,20250328,H5_COMPETING_DIRECTION_TOP3,1,1.0,-0.004964539007092261,0.11133562763257077,14.1,14.03,5.0,profit_open,-0.11630016663966303
h5m80d50_direction,603072.SH,20250327,H5_COMPETING_DIRECTION_TOP3,1,0.0,-0.0677471815576095,-0.050000000000000044,47.8,44.561684721546264,2.0,stop_close,-0.01774718155760946
h5m80d50_direction,688068.SH,20250327,H5_COMPETING_DIRECTION_TOP3,1,1.0,0.070482857385328,0.08000000000000007,91.65,98.10975387936531,3.0,profit_intraday,-0.00951714261467207
h5m80d50_direction,688717.SH,20250326,H5_COMPETING_DIRECTION_TOP3,1,0.0,-0.06820041997458126,-0.050000000000000044,57.32,53.410751927057,3.0,stop_close,-0.018200419974581217
h5m80d50_direction,300100.SZ,20250325,H5_COMPETING_DIRECTION_TOP3,1,0.0,-0.004211208292841051,0.0026234935076616672,61.74,61.48,5.0,expiry_close,-0.006834701800502718
h5m80d50_direction,688068.SH,20250325,H5_COMPETING_DIRECTION_TOP3,1,1.0,0.0827082152852705,0.08000000000000007,83.09,89.96222560805313,2.0,profit_intraday,0.002708215285270432
h5m80d50_direction,688776.SH,20250325,H5_COMPETING_DIRECTION_TOP3,1,1.0,0.07316529819949724,0.07999999999999996,84.0,90.14588504875776,5.0,profit_intraday,-0.006834701800502718
h5m80d50_direction,002204.SZ,20250324,H5_COMPETING_DIRECTION_TOP3,1,1.0,0.0799393659977381,0.08000000000000007,7.7,8.315533118182584,2.0,profit_intraday,-6.063400226197224e-05
h5m80d50_direction,600320.SH,20250324,H5_COMPETING_DIRECTION_TOP3,1,0.0,-0.050522033477838235,-0.050000000000000044,5.44,5.1651601378805605,3.0,stop_close,-0.0005220334778381908
h5m80d50_direction,002204.SZ,20250321,H5_COMPETING_DIRECTION_TOP3,1,1.0,0.07270656687845767,0.07999999999999996,7.7,8.259840564964124,2.0,profit_intraday,-0.007293433121542292
h5m80d50_direction,601890.SH,20250321,H5_COMPETING_DIRECTION_TOP3,1,0.0,-0.057293433121542225,-0.04999999999999993,11.1,10.46404289235088,2.0,stop_close,-0.007293433121542292
h5m80d50_direction,002204.SZ,20250320,H5_COMPETING_DIRECTION_TOP3,1,1.0,0.10000000000000009,0.12033858802685304,7.0,7.7,2.0,profit_open,-0.020338588026852955
h5m80d50_direction,300100.SZ,20250320,H5_COMPETING_DIRECTION_TOP3,1,1.0,0.059661411973147116,0.08000000000000007,66.3,70.25555161381965,2.0,profit_intraday,-0.020338588026852955
h5m80d50_direction,300100.SZ,20250319,H5_COMPETING_DIRECTION_TOP3,1,1.0,0.0693548387096774,0.08965985205087668,62.0,66.3,2.0,profit_open,-0.020305013341199274
h5m80d50_direction,688068.SH,20250319,H5_COMPETING_DIRECTION_TOP3,1,1.0,0.0596949866588008,0.08000000000000007,85.0,90.07407386599807,2.0,profit_intraday,-0.020305013341199274
h5m80d50_direction,000880.SZ,20250318,H5_COMPETING_DIRECTION_TOP3,1,0.0,-0.05892651136978766,-0.050000000000000044,37.7,35.47847052135901,2.0,stop_close,-0.008926511369787615
h5m80d50_direction,002896.SZ,20250318,H5_COMPETING_DIRECTION_TOP3,1,0.0,-0.07908354675937357,-0.050000000000000155,106.68,98.24336723171004,4.0,stop_close,-0.029083546759373413
h5m80d50_direction,300100.SZ,20250318,H5_COMPETING_DIRECTION_TOP3,1,1.0,0.07107348863021246,0.08000000000000007,61.11,65.45330089019228,2.0,profit_intraday,-0.008926511369787615
h5m80d50_direction,000880.SZ,20250317,H5_COMPETING_DIRECTION_TOP3,1,0.0,-0.05537926960396711,-0.050000000000000044,38.15,36.037280864608654,3.0,stop_close,-0.005379269603967063
h5m80d50_direction,300100.SZ,20250317,H5_COMPETING_DIRECTION_TOP3,1,1.0,0.10526315789473695,0.10659689300956976,55.29,61.11,2.0,profit_open,-0.0013337351148328125
h5m80d50_direction,301109.SZ,20250317,H5_COMPETING_DIRECTION_TOP3,1,0.0,-0.05537926960396711,-0.050000000000000044,22.86,21.59402989685331,3.0,stop_close,-0.005379269603967063
h5m80d50_direction,000880.SZ,20250314,H5_COMPETING_DIRECTION_TOP3,1,0.0,-0.05273639608157554,-0.050000000000000155,38.2,36.18546966968382,4.0,stop_close,-0.0027363960815753874
h5m80d50_direction,300065.SZ,20250314,H5_COMPETING_DIRECTION_TOP3,1,1.0,0.08624586910983556,0.08000000000000007,16.5,17.923056840312288,2.0,profit_intraday,0.006245869109835489
h5m80d50_direction,603119.SH,20250314,H5_COMPETING_DIRECTION_TOP3,1,1.0,0.08131988806887058,0.08000000000000007,35.2,38.06246006002425,3.0,profit_intraday,0.0013198880688705117
h5m80d50_direction,002896.SZ,20250313,H5_COMPETING_DIRECTION_TOP3,1,1.0,0.09907575022743553,0.08000000000000007,96.01,105.52226277933609,2.0,profit_intraday,0.019075750227435462
h5m80d50_direction,300718.SZ,20250313,H5_COMPETING_DIRECTION_TOP3,1,1.0,0.10272321744879953,0.08000000000000007,92.0,101.45053600528956,3.0,profit_intraday,0.02272321744879946
h5m80d50_direction,000156.SZ,20250312,H5_COMPETING_DIRECTION_TOP3,1,0.0,-0.04478547199044347,-0.050000000000000044,9.62,9.189163759451933,2.0,stop_close,0.005214528009556574
h5m80d50_direction,000880.SZ,20250312,H5_COMPETING_DIRECTION_TOP3,1,1.0,0.08788555102286355,0.08000000000000007,36.64,39.86012658947772,3.0,profit_intraday,0.00788555102286348
h5m80d50_direction,301600.SZ,20250312,H5_COMPETING_DIRECTION_TOP3,1,0.0,-0.043458701328268234,-0.04999999999999993,201.0,192.26480103301807,5.0,stop_close,0.006541298671731699
h5m80d50_direction,000880.SZ,20250311,H5_COMPETING_DIRECTION_TOP3,1,1.0,0.07027318842021302,0.07999999999999996,35.59,38.09102277587539,2.0,profit_intraday,-0.009726811579786943
h5m80d50_direction,002093.SZ,20250310,H5_COMPETING_DIRECTION_TOP3,1,1.0,0.08620190181289589,0.08000000000000007,11.15,12.11115120521379,2.0,profit_intraday,0.006201901812895816
h5m80d50_direction,301392.SZ,20250310,H5_COMPETING_DIRECTION_TOP3,1,0.0,-0.02344086021505387,-0.03757721846399764,93.0,90.82,5.0,expiry_close,0.01413635824894377
h5m80d50_direction,603108.SH,20250310,H5_COMPETING_DIRECTION_TOP3,1,0.0,-0.04379809818710412,-0.04999999999999993,24.0,22.9488456435095,2.0,stop_close,0.006201901812895816
h5m80d50_direction,000880.SZ,20250307,H5_COMPETING_DIRECTION_TOP3,1,1.0,0.08808711283997317,0.08000000000000007,30.0,32.6426133851992,2.0,profit_intraday,0.008087112839973098
h5m80d50_direction,002093.SZ,20250307,H5_COMPETING_DIRECTION_TOP3,1,1.0,0.08808711283997317,0.08000000000000007,10.96,11.925434756726107,2.0,profit_intraday,0.008087112839973098
h5m80d50_direction,301550.SZ,20250307,H5_COMPETING_DIRECTION_TOP3,1,0.0,-0.11930860033726809,-0.1273957131772412,142.32,125.34,2.0,t1_stop_t2_open,0.008087112839973098
h5m80d50_direction,000880.SZ,20250306,H5_COMPETING_DIRECTION_TOP3,1,1.0,0.08494584681106443,0.08000000000000007,29.98,32.52667648739571,3.0,profit_intraday,0.004945846811064358
h5m80d50_direction,002896.SZ,20250306,H5_COMPETING_DIRECTION_TOP3,1,1.0,0.08621996112203223,0.08000000000000007,97.18,105.5588558218391,4.0,profit_intraday,0.006219961122032158
h5m80d50_direction,603300.SH,20250306,H5_COMPETING_DIRECTION_TOP3,1,0.0,-0.049982052002581545,-0.050000000000000044,12.3,11.685220760368248,2.0,stop_close,1.7947997418499284e-05
h5m80d50_direction,000880.SZ,20250305,H5_COMPETING_DIRECTION_TOP3,1,1.0,0.0948540988709401,0.08000000000000007,28.8,31.531798047483075,2.0,profit_intraday,0.014854098870940025
h5m80d50_direction,603300.SH,20250305,H5_COMPETING_DIRECTION_TOP3,1,1.0,0.0948540988709401,0.08000000000000007,11.66,12.76599879283516,2.0,profit_intraday,0.014854098870940025
h5m80d50_direction,603583.SH,20250305,H5_COMPETING_DIRECTION_TOP3,1,1.0,0.0948540988709401,0.08000000000000007,48.03,52.58584236877125,2.0,profit_intraday,0.014854098870940025
h5m80d50_direction,003021.SZ,20250304,H5_COMPETING_DIRECTION_TOP3,1,1.0,0.11141546257618296,0.0903426380909611,146.03,162.3,2.0,profit_open,0.021072824485221853
h5m80d50_direction,300718.SZ,20250304,H5_COMPETING_DIRECTION_TOP3,1,1.0,0.10107282448522192,0.08000000000000007,101.56,111.82495605471914,2.0,profit_intraday,0.021072824485221853
h5m80d50_direction,688343.SH,20250304,H5_COMPETING_DIRECTION_TOP3,1,0.0,-0.02890884930236015,-0.050000000000000044,73.39,71.26837954969979,4.0,stop_close,0.021091150697639893
h5m80d50_direction,300718.SZ,20250303,H5_COMPETING_DIRECTION_TOP3,1,1.0,0.09396090518425138,0.08000000000000007,93.85,102.66823095154199,2.0,profit_intraday,0.013960905184251304
h5m80d50_direction,688158.SH,20250303,H5_COMPETING_DIRECTION_TOP3,1,0.0,0.015666666666666718,-0.016590765285230624,30.0,30.47,5.0,expiry_close,0.03225743195189734
h5m80d50_direction,688327.SH,20250303,H5_COMPETING_DIRECTION_TOP3,1,1.0,0.11223890533068914,0.08000000000000007,18.18,20.22050329891193,3.0,profit_intraday,0.03223890533068907
h5m80d50_direction,300454.SZ,20250228,H5_COMPETING_DIRECTION_TOP3,1,1.0,0.11579543642524026,0.08000000000000007,103.0,114.92692995179975,4.0,profit_intraday,0.03579543642524019
h5m80d50_direction,300718.SZ,20250228,H5_COMPETING_DIRECTION_TOP3,1,1.0,0.09441876777735314,0.08000000000000007,94.29,103.19274561372663,2.0,profit_intraday,0.01441876777735307
h5m80d50_direction,600602.SH,20250228,H5_COMPETING_DIRECTION_TOP3,1,1.0,0.11579543642524026,0.08000000000000007,22.49,25.094239365203652,4.0,profit_intraday,0.03579543642524019
h5m80d50_direction,002896.SZ,20250227,H5_COMPETING_DIRECTION_TOP3,1,0.0,-0.17436661698956768,-0.14739004519767618,114.07,94.18,2.0,t1_stop_t2_open,-0.0269765717918915
h5m80d50_direction,300031.SZ,20250227,H5_COMPETING_DIRECTION_TOP3,1,0.0,-0.07697657179189155,-0.050000000000000044,39.5,36.459425414220284,2.0,stop_close,-0.0269765717918915
h5m80d50_direction,300718.SZ,20250227,H5_COMPETING_DIRECTION_TOP3,1,0.0,-0.08027701911822072,-0.053300447326329214,102.52,94.29,2.0,t1_stop_t2_open,-0.0269765717918915
h5m80d50_direction,000880.SZ,20250226,H5_COMPETING_DIRECTION_TOP3,1,0.0,-0.07932828435612105,-0.050000000000000044,30.77,28.329068690362156,3.0,stop_close,-0.029328284356121004
h5m80d50_direction,300031.SZ,20250226,H5_COMPETING_DIRECTION_TOP3,1,1.0,0.19696969696969702,0.22963090211102943,33.0,39.5,2.0,profit_open,-0.03266120514133242
h5m80d50_direction,000880.SZ,20250225,H5_COMPETING_DIRECTION_TOP3,1,0.0,-0.037592026854447624,-0.050000000000000044,32.64,31.41299624347083,2.0,stop_close,0.01240797314555242
h5m80d50_direction,301325.SZ,20250225,H5_COMPETING_DIRECTION_TOP3,1,0.0,-0.04116638078902224,-0.05357435393457466,81.62,78.26,2.0,t1_stop_t2_open,0.01240797314555242
h5m80d50_direction,000880.SZ,20250224,H5_COMPETING_DIRECTION_TOP3,1,1.0,0.1912408759124089,0.18156493324864664,27.4,32.64,2.0,profit_open,0.00967594266376226
h5m80d50_direction,001309.SZ,20250224,H5_COMPETING_DIRECTION_TOP3,1,1.0,0.08723564417625806,0.08000000000000007,147.15,159.98672504053638,3.0,profit_intraday,0.007235644176257994
h5m80d50_direction,600602.SH,20250224,H5_COMPETING_DIRECTION_TOP3,1,1.0,0.09692307692307689,0.08724713425931463,26.0,28.52,2.0,profit_open,0.00967594266376226
h5m80d50_direction,000880.SZ,20250221,H5_COMPETING_DIRECTION_TOP3,1,1.0,0.07588770992433647,0.07999999999999996,26.86,28.898343888567677,2.0,profit_intraday,-0.004112290075663494
h5m80d50_direction,002126.SZ,20250221,H5_COMPETING_DIRECTION_TOP3,1,0.0,-0.06144909813512689,-0.03912623057688869,32.71,30.7,5.0,expiry_close,-0.022322867558238202
h5m80d50_direction,002364.SZ,20250221,H5_COMPETING_DIRECTION_TOP3,1,0.0,-0.03931259902110662,-0.050000000000000155,18.76,18.022495642364042,3.0,stop_close,0.010687400978893535
h5m80d50_direction,002896.SZ,20250220,H5_COMPETING_DIRECTION_TOP3,1,1.0,0.10582915732558718,0.08000000000000007,89.6,99.0822924963726,4.0,profit_intraday,0.025829157325587104
h5m80d50_direction,002978.SZ,20250220,H5_COMPETING_DIRECTION_TOP3,1,0.0,-0.09288702928870285,-0.10888544420508561,35.85,32.52,2.0,t1_stop_t2_open,0.015998414916382764
h5m80d50_direction,600143.SH,20250220,H5_COMPETING_DIRECTION_TOP3,1,0.0,-0.03919225739519705,-0.050000000000000044,13.6,13.066985299425319,3.0,stop_close,0.010807742604802995
h5m80d50_direction,002896.SZ,20250219,H5_COMPETING_DIRECTION_TOP3,1,1.0,0.1013723023535511,0.08000000000000007,83.06,91.47998343348596,2.0,profit_intraday,0.02137230235355103
h5m80d50_direction,300718.SZ,20250219,H5_COMPETING_DIRECTION_TOP3,1,0.0,-0.027604522324142455,-0.050000000000000155,104.0,101.12912967828919,3.0,stop_close,0.0223954776758577
h5m80d50_direction,301550.SZ,20250219,H5_COMPETING_DIRECTION_TOP3,1,1.0,0.10239547767585777,0.08000000000000007,126.02,138.9238780967116,3.0,profit_intraday,0.0223954776758577
h5m80d50_direction,003021.SZ,20250218,H5_COMPETING_DIRECTION_TOP3,1,1.0,0.107687457206459,0.08000000000000007,115.0,127.38405757874278,2.0,profit_intraday,0.027687457206458932
h5m80d50_direction,300718.SZ,20250218,H5_COMPETING_DIRECTION_TOP3,1,1.0,0.26520681265206814,0.2375193554456092,82.2,104.0,2.0,profit_open,0.027687457206458932
h5m80d50_direction,603583.SH,20250218,H5_COMPETING_DIRECTION_TOP3,1,1.0,0.14495512646178943,0.1172676692553305,36.77,42.1,2.0,profit_open,0.027687457206458932
h5m80d50_direction,002044.SZ,20250217,H5_COMPETING_DIRECTION_TOP3,1,0.0,-0.04772155996408389,-0.050000000000000044,7.47,7.113519947068293,2.0,stop_close,0.0022784400359161516
h5m80d50_direction,002335.SZ,20250217,H5_COMPETING_DIRECTION_TOP3,1,1.0,0.10472494446473424,0.08000000000000007,43.98,48.585803057559005,5.0,profit_intraday,0.024724944464734167
h5m80d50_direction,603881.SH,20250217,H5_COMPETING_DIRECTION_TOP3,1,1.0,0.12765363128491614,0.10395419338610679,35.8,40.37,4.0,profit_open,0.02369943789880935
h5m80d50_direction,002123.SZ,20250214,H5_COMPETING_DIRECTION_TOP3,1,0.0,-0.2640159045725645,-0.2507497727077833,25.15,18.51,2.0,t1_stop_t2_open,-0.013266131864781205
h5m80d50_direction,002896.SZ,20250214,H5_COMPETING_DIRECTION_TOP3,1,1.0,0.0691823899371069,0.08244852180188811,63.6,68.0,2.0,profit_open,-0.013266131864781205
h5m80d50_direction,300718.SZ,20250214,H5_COMPETING_DIRECTION_TOP3,1,1.0,0.23155054753213777,0.24481667939691898,63.01,77.6,2.0,profit_open,-0.013266131864781205
h5m80d50_direction,300718.SZ,20250213,H5_COMPETING_DIRECTION_TOP3,1,1.0,0.0909805358229252,0.08000000000000007,63.2,68.94996986400888,2.0,profit_intraday,0.01098053582292513
h5m80d50_direction,603667.SH,20250213,H5_COMPETING_DIRECTION_TOP3,1,0.0,-0.07166199813258634,-0.08264253395551147,42.84,39.77,2.0,t1_stop_t2_open,0.01098053582292513
h5m80d50_direction,688615.SH,20250213,H5_COMPETING_DIRECTION_TOP3,1,1.0,0.12641771468250895,0.11543717885958382,259.22,291.99,2.0,profit_open,0.01098053582292513
h5m80d50_direction,002123.SZ,20250212,H5_COMPETING_DIRECTION_TOP3,1,1.0,0.09961501443695853,0.10376608132391896,20.78,22.85,2.0,profit_open,-0.004151066886960431
h5m80d50_direction,002929.SZ,20250212,H5_COMPETING_DIRECTION_TOP3,1,1.0,0.08352608100844794,0.08000000000000007,51.93,56.2675093867687,5.0,profit_intraday,0.0035260810084478678
h5m80d50_direction,600126.SH,20250212,H5_COMPETING_DIRECTION_TOP3,1,1.0,0.07584893311303964,0.08000000000000007,10.13,10.898349692435092,2.0,profit_intraday,-0.004151066886960431
h5m80d50_direction,002261.SZ,20250211,H5_COMPETING_DIRECTION_TOP3,1,1.0,0.1552772808586762,0.15207481702779657,27.95,32.29,2.0,profit_open,0.0032024638308796316
h5m80d50_direction,600126.SH,20250211,H5_COMPETING_DIRECTION_TOP3,1,1.0,0.09989142236699244,0.09668895853611281,9.21,10.13,2.0,profit_open,0.0032024638308796316
h5m80d50_direction,688158.SH,20250211,H5_COMPETING_DIRECTION_TOP3,1,1.0,0.0832024638308797,0.08000000000000007,29.2,31.629511943861687,2.0,profit_intraday,0.0032024638308796316
h5m80d50_direction,000034.SZ,20250210,H5_COMPETING_DIRECTION_TOP3,1,1.0,0.07902530144218245,0.08000000000000007,43.87,47.33683997426854,3.0,profit_intraday,-0.0009746985578176215
h5m80d50_direction,002261.SZ,20250210,H5_COMPETING_DIRECTION_TOP3,1,1.0,0.08873945088309121,0.08000000000000007,27.19,29.60282566951125,2.0,profit_intraday,0.008739450883091138
h5m80d50_direction,600633.SH,20250210,H5_COMPETING_DIRECTION_TOP3,1,1.0,0.10030395136778125,0.09156450048469011,16.45,18.1,2.0,profit_open,0.008739450883091138
h5m80d50_direction,002881.SZ,20250207,H5_COMPETING_DIRECTION_TOP3,1,1.0,0.09996605566870342,0.09336760883686246,58.92,64.81,2.0,profit_open,0.006598446831840965
h5m80d50_direction,600633.SH,20250207,H5_COMPETING_DIRECTION_TOP3,1,1.0,0.10033444816053505,0.09373600132869409,14.95,16.45,2.0,profit_open,0.006598446831840965
h5m80d50_direction,688158.SH,20250207,H5_COMPETING_DIRECTION_TOP3,1,1.0,0.08659844683184104,0.08000000000000007,28.59,31.065849594922334,2.0,profit_intraday,0.006598446831840965
h5m80d50_direction,002881.SZ,20250206,H5_COMPETING_DIRECTION_TOP3,1,1.0,0.21004480955937255,0.188412716125673,53.56,64.81,3.0,profit_open,0.02163209343369954
h5m80d50_direction,600126.SH,20250206,H5_COMPETING_DIRECTION_TOP3,1,1.0,0.2095375722543351,0.18790547882063557,6.92,8.37,3.0,profit_open,0.02163209343369954
h5m80d50_direction,688158.SH,20250206,H5_COMPETING_DIRECTION_TOP3,1,1.0,0.19623430962343114,0.1703305294270272,23.9,28.59,2.0,profit_open,0.025903780196403936
h5m80d50_direction,300624.SZ,20250205,H5_COMPETING_DIRECTION_TOP3,1,0.0,-0.010207852385761385,-0.050000000000000044,81.17,80.34142862184775,2.0,stop_close,0.03979214761423866
h5m80d50_direction,300718.SZ,20250205,H5_COMPETING_DIRECTION_TOP3,1,1.0,0.2075471698113207,0.16775502219708205,53.0,64.0,2.0,profit_open,0.03979214761423866
h5m80d50_direction,688158.SH,20250205,H5_COMPETING_DIRECTION_TOP3,1,1.0,0.19979919678714841,0.16000704917290975,19.92,23.9,2.0,profit_open,0.03979214761423866
h5m80d50_direction,300166.SZ,20250127,H5_COMPETING_DIRECTION_TOP3,1,1.0,0.12562544525332653,0.08000000000000007,10.8,12.156754808735927,3.0,profit_intraday,0.04562544525332646
h5m80d50_direction,300378.SZ,20250127,H5_COMPETING_DIRECTION_TOP3,1,1.0,0.1325249491598508,0.08000000000000007,35.05,39.69499946805277,5.0,profit_intraday,0.05252494915985073
h5m80d50_direction,300925.SZ,20250127,H5_COMPETING_DIRECTION_TOP3,1,1.0,0.12562544525332653,0.08000000000000007,24.68,27.780435988852098,3.0,profit_intraday,0.04562544525332646
h5m80d50_direction,300166.SZ,20250124,H5_COMPETING_DIRECTION_TOP3,1,0.0,-0.019073569482288777,-0.013061152068601367,11.01,10.8,2.0,t1_stop_t2_open,-0.00601241741368741
h5m80d50_direction,300378.SZ,20250124,H5_COMPETING_DIRECTION_TOP3,1,0.0,0.06670533642691434,0.02199509768151664,34.48,36.78,5.0,expiry_close,0.0447102387453977
h5m80d50_direction,300496.SZ,20250124,H5_COMPETING_DIRECTION_TOP3,1,1.0,0.11354048319930743,0.08000000000000007,65.72,73.18188055585848,4.0,profit_intraday,0.03354048319930736
h5m80d50_direction,002364.SZ,20250123,H5_COMPETING_DIRECTION_TOP3,1,1.0,0.08426502748763909,0.08000000000000007,12.6,13.661739346344252,2.0,profit_intraday,0.004265027487639017
h5m80d50_direction,300925.SZ,20250123,H5_COMPETING_DIRECTION_TOP3,1,1.0,0.08528138528138518,0.08101635779374616,23.1,25.07,2.0,profit_open,0.004265027487639017
h5m80d50_direction,688631.SH,20250123,H5_COMPETING_DIRECTION_TOP3,1,1.0,0.08989901580665416,0.08000000000000007,87.99,95.9002144008275,3.0,profit_intraday,0.009899015806654088
h5m80d50_direction,300378.SZ,20250122,H5_COMPETING_DIRECTION_TOP3,1,1.0,0.09339292409064437,0.08000000000000007,25.45,27.8268499181069,2.0,profit_intraday,0.013392924090644298
h5m80d50_direction,300548.SZ,20250122,H5_COMPETING_DIRECTION_TOP3,1,0.0,-0.05518617021276584,-0.06857909430341014,60.16,56.84,2.0,t1_stop_t2_open,0.013392924090644298
h5m80d50_direction,688631.SH,20250122,H5_COMPETING_DIRECTION_TOP3,1,1.0,0.08729998282693407,0.08000000000000007,90.53,98.43326744532234,4.0,profit_intraday,0.007299982826934004
h5m80d50_direction,300548.SZ,20250121,H5_COMPETING_DIRECTION_TOP3,1,0.0,-0.05615979050702602,-0.050000000000000044,59.24,55.91309401036378,4.0,stop_close,-0.006159790507025975
h5m80d50_direction,300638.SZ,20250121,H5_COMPETING_DIRECTION_TOP3,1,1.0,0.07384020949297398,0.07999999999999996,28.45,30.55075396007511,4.0,profit_intraday,-0.006159790507025975
h5m80d50_direction,300718.SZ,20250121,H5_COMPETING_DIRECTION_TOP3,1,1.0,0.08546096495898414,0.08000000000000007,52.0,56.44397017786717,3.0,profit_intraday,0.005460964958984071
h5m80d50_direction,000880.SZ,20250120,H5_COMPETING_DIRECTION_TOP3,1,1.0,0.07809523809523822,0.08244130369138669,21.0,22.64,2.0,profit_open,-0.004346065596148474
h5m80d50_direction,002364.SZ,20250120,H5_COMPETING_DIRECTION_TOP3,1,1.0,0.0756539344038516,0.08000000000000007,13.4,14.413762721011611,2.0,profit_intraday,-0.004346065596148474
h5m80d50_direction,002965.SZ,20250120,H5_COMPETING_DIRECTION_TOP3,1,1.0,0.0756539344038516,0.08000000000000007,40.77,43.85441090564503,2.0,profit_intraday,-0.004346065596148474
h5m80d50_direction,000880.SZ,20250117,H5_COMPETING_DIRECTION_TOP3,1,1.0,0.08999425131357075,0.08000000000000007,19.73,21.50558657841675,2.0,profit_intraday,0.009994251313570679
h5m80d50_direction,300718.SZ,20250117,H5_COMPETING_DIRECTION_TOP3,1,1.0,0.18592592592592605,0.17593167461235537,40.5,48.03,2.0,profit_open,0.009994251313570679
h5m80d50_direction,688313.SH,20250117,H5_COMPETING_DIRECTION_TOP3,1,1.0,0.0820888940388298,0.08000000000000007,19.2,20.77610676554553,3.0,profit_intraday,0.002088894038829725
h5m80d50_direction,000880.SZ,20250116,H5_COMPETING_DIRECTION_TOP3,1,1.0,0.111549295774648,0.09817971937184233,17.75,19.73,2.0,profit_open,0.013369576402805672
h5m80d50_direction,300718.SZ,20250116,H5_COMPETING_DIRECTION_TOP3,1,1.0,0.09336957640280574,0.08000000000000007,41.5,45.37483742071644,2.0,profit_intraday,0.013369576402805672
h5m80d50_direction,301536.SZ,20250116,H5_COMPETING_DIRECTION_TOP3,1,1.0,0.09336957640280574,0.08000000000000007,68.95,75.38783229297346,2.0,profit_intraday,0.013369576402805672
h5m80d50_direction,002364.SZ,20250115,H5_COMPETING_DIRECTION_TOP3,1,1.0,0.09725148272220818,0.08000000000000007,12.13,13.309660485420386,3.0,profit_intraday,0.01725148272220811
h5m80d50_direction,300718.SZ,20250115,H5_COMPETING_DIRECTION_TOP3,1,1.0,0.09071915583097168,0.08000000000000007,38.5,41.99268749949241,2.0,profit_intraday,0.010719155830971605
h5m80d50_direction,603667.SH,20250115,H5_COMPETING_DIRECTION_TOP3,1,1.0,0.09071915583097168,0.08000000000000007,39.5,43.08340665532338,2.0,profit_intraday,0.010719155830971605
h5m80d50_direction,002364.SZ,20250114,H5_COMPETING_DIRECTION_TOP3,1,0.0,-0.08659638554216853,-0.08359914017489178,13.28,12.13,2.0,t1_stop_t2_open,-0.0029972453672767463
h5m80d50_direction,300007.SZ,20250114,H5_COMPETING_DIRECTION_TOP3,1,0.0,0.026428571428571468,0.012551534217629445,28.0,28.74,5.0,expiry_close,0.013877037210942023
h5m80d50_direction,300548.SZ,20250114,H5_COMPETING_DIRECTION_TOP3,1,1.0,0.07700275463272321,0.07999999999999996,46.14,49.69290709875385,2.0,profit_intraday,-0.0029972453672767463
h5m80d50_direction,002354.SZ,20250113,H5_COMPETING_DIRECTION_TOP3,1,1.0,0.11392608157146444,0.08000000000000007,5.7,6.349378664957348,2.0,profit_intraday,0.03392608157146437
h5m80d50_direction,300548.SZ,20250113,H5_COMPETING_DIRECTION_TOP3,1,1.0,0.11788673352244805,0.08000000000000007,44.44,49.67888643773759,3.0,profit_intraday,0.03788673352244798
h5m80d50_direction,300718.SZ,20250113,H5_COMPETING_DIRECTION_TOP3,1,1.0,0.13496932515337412,0.10104324358190975,32.6,37.0,2.0,profit_open,0.03392608157146437
h5m80d50_direction,300276.SZ,20250110,H5_COMPETING_DIRECTION_TOP3,1,1.0,0.12450626910815532,0.08000000000000007,9.3,10.457908302705846,2.0,profit_intraday,0.04450626910815525
h5m80d50_direction,300548.SZ,20250110,H5_COMPETING_DIRECTION_TOP3,1,1.0,0.1213756275319795,0.08000000000000007,43.1,48.33128954662832,4.0,profit_intraday,0.04137562753197943
h5m80d50_direction,300718.SZ,20250110,H5_COMPETING_DIRECTION_TOP3,1,1.0,0.12450626910815532,0.08000000000000007,32.51,36.55769880870613,2.0,profit_intraday,0.04450626910815525
h5m80d50_direction,300276.SZ,20250109,H5_COMPETING_DIRECTION_TOP3,1,1.0,0.06410639584617828,0.08000000000000007,9.87,10.50273012700178,2.0,profit_intraday,-0.015893604153821794
h5m80d50_direction,300718.SZ,20250109,H5_COMPETING_DIRECTION_TOP3,1,1.0,0.06410639584617828,0.08000000000000007,32.4,34.47704722541617,2.0,profit_intraday,-0.015893604153821794
h5m80d50_direction,688165.SH,20250109,H5_COMPETING_DIRECTION_TOP3,1,1.0,0.10446153521371171,0.08000000000000007,32.4,35.78455374092426,3.0,profit_intraday,0.024461535213711638
h5m80d50_direction,000880.SZ,20250108,H5_COMPETING_DIRECTION_TOP3,1,1.0,0.09664804469273736,0.11486908538748364,17.9,19.63,2.0,profit_open,-0.018221040694746282
h5m80d50_direction,300276.SZ,20250108,H5_COMPETING_DIRECTION_TOP3,1,1.0,0.06177895930525379,0.08000000000000007,9.42,10.001957796655491,2.0,profit_intraday,-0.018221040694746282
h5m80d50_direction,300718.SZ,20250108,H5_COMPETING_DIRECTION_TOP3,1,1.0,0.06177895930525379,0.08000000000000007,32.0,33.97692669776812,2.0,profit_intraday,-0.018221040694746282
h5m80d50_direction,000880.SZ,20250107,H5_COMPETING_DIRECTION_TOP3,1,1.0,0.0905555555555555,0.11253310647537973,18.0,19.63,3.0,profit_open,-0.02197755091982423
h5m80d50_direction,002364.SZ,20250107,H5_COMPETING_DIRECTION_TOP3,1,0.0,-0.06868989288010507,-0.050000000000000044,14.3,13.317734531814498,4.0,stop_close,-0.01868989288010503
h5m80d50_direction,300548.SZ,20250107,H5_COMPETING_DIRECTION_TOP3,1,0.0,-0.00893807193019791,-0.030488651322952975,46.99,46.57,5.0,expiry_close,0.021550579392755065
h5m80d50_direction,000880.SZ,20250106,H5_COMPETING_DIRECTION_TOP3,1,1.0,0.09090909090909083,0.08149911903258933,16.5,18.0,2.0,profit_open,0.0094099718765015
h5m80d50_direction,300548.SZ,20250106,H5_COMPETING_DIRECTION_TOP3,1,1.0,0.08940997187650157,0.08000000000000007,43.14,46.997146186752275,2.0,profit_intraday,0.0094099718765015
h5m80d50_direction,301536.SZ,20250106,H5_COMPETING_DIRECTION_TOP3,1,1.0,0.08940997187650157,0.08000000000000007,74.4,81.05210190761173,2.0,profit_intraday,0.0094099718765015
h5m80d50_direction,000880.SZ,20250103,H5_COMPETING_DIRECTION_TOP3,1,1.0,0.0888623191223088,0.08000000000000007,16.64,18.118668990195218,3.0,profit_intraday,0.008862319122308726
h5m80d50_direction,301536.SZ,20250103,H5_COMPETING_DIRECTION_TOP3,1,1.0,0.0888623191223088,0.08000000000000007,77.37,84.24527763049304,3.0,profit_intraday,0.008862319122308726
h5m80d50_direction,688332.SH,20250103,H5_COMPETING_DIRECTION_TOP3,1,1.0,0.0888623191223088,0.08000000000000007,122.7,133.6034065563073,3.0,profit_intraday,0.008862319122308726
h5m80d50_direction,002265.SZ,20250102,H5_COMPETING_DIRECTION_TOP3,1,1.0,0.05413341622853718,0.07999999999999996,26.0,27.40746882194197,2.0,profit_intraday,-0.02586658377146278
h5m80d50_direction,002364.SZ,20250102,H5_COMPETING_DIRECTION_TOP3,1,1.0,0.05413341622853718,0.07999999999999996,12.0,12.649600994742446,2.0,profit_intraday,-0.02586658377146278
h5m80d50_direction,300718.SZ,20250102,H5_COMPETING_DIRECTION_TOP3,1,0.0,-0.07586658377146283,-0.050000000000000044,33.06,30.55185074051544,2.0,stop_close,-0.02586658377146278
h5m80d50_direction,000880.SZ,20241231,H5_COMPETING_DIRECTION_TOP3,1,1.0,0.02922190306018524,0.07999999999999996,17.25,17.754077827788194,2.0,profit_intraday,-0.05077809693981472
h5m80d50_direction,002364.SZ,20241231,H5_COMPETING_DIRECTION_TOP3,1,1.0,0.15718418514946975,0.20796228208928447,10.37,12.0,2.0,profit_open,-0.05077809693981472
h5m80d50_direction,300718.SZ,20241231,H5_COMPETING_DIRECTION_TOP3,1,1.0,0.12181879877841895,0.17259689571823367,29.47,33.06,2.0,profit_open,-0.05077809693981472
h5m80d50_direction,000880.SZ,20241230,H5_COMPETING_DIRECTION_TOP3,1,0.0,0.0011111111111110628,0.0667048416385988,18.0,18.02,5.0,expiry_close,-0.06559373052748774
h5m80d50_direction,002364.SZ,20241230,H5_COMPETING_DIRECTION_TOP3,1,0.0,-0.13941908713692963,-0.08605900663815358,12.05,10.37,2.0,t1_stop_t2_open,-0.05336008049877605
h5m80d50_direction,300718.SZ,20241230,H5_COMPETING_DIRECTION_TOP3,1,1.0,0.026639919501223908,0.07999999999999996,32.57,33.437662178154866,2.0,profit_intraday,-0.05336008049877605
h5m80d50_direction,000880.SZ,20241227,H5_COMPETING_DIRECTION_TOP3,1,0.0,-0.0804634135515725,-0.050000000000000155,19.0,17.471195142520124,2.0,stop_close,-0.030463413551572338
h5m80d50_direction,002265.SZ,20241227,H5_COMPETING_DIRECTION_TOP3,1,1.0,0.04953658644842762,0.07999999999999996,22.12,23.21574929223922,2.0,profit_intraday,-0.030463413551572338
h5m80d50_direction,300718.SZ,20241227,H5_COMPETING_DIRECTION_TOP3,1,1.0,0.09811193526635198,0.12857534881792432,29.66,32.57,2.0,profit_open,-0.030463413551572338
h5m80d50_direction,000880.SZ,20241226,H5_COMPETING_DIRECTION_TOP3,1,0.0,-0.07839962190109251,-0.04999999999999993,18.94,17.455111161193308,3.0,stop_close,-0.028399621901092575
h5m80d50_direction,300548.SZ,20241226,H5_COMPETING_DIRECTION_TOP3,1,1.0,0.08977272727272734,0.09019520672422132,44.0,47.95,2.0,profit_open,-0.00042247945149398447
h5m80d50_direction,300718.SZ,20241226,H5_COMPETING_DIRECTION_TOP3,1,0.0,-0.052396166134185296,-0.05197368668269131,31.3,29.66,2.0,t1_stop_t2_open,-0.00042247945149398447
h5m80d50_direction,000880.SZ,20241225,H5_COMPETING_DIRECTION_TOP3,1,1.0,0.16913580246913584,0.1576630592820807,16.2,18.94,2.0,profit_open,0.011472743187055157
h5m80d50_direction,002364.SZ,20241225,H5_COMPETING_DIRECTION_TOP3,1,1.0,0.09147274318705523,0.08000000000000007,9.73,10.620029791210047,2.0,profit_intraday,0.011472743187055157
h5m80d50_direction,300548.SZ,20241225,H5_COMPETING_DIRECTION_TOP3,1,1.0,0.1907983761840324,0.17932563299697724,36.95,44.0,2.0,profit_open,0.011472743187055157
h5m80d50_direction,002364.SZ,20241224,H5_COMPETING_DIRECTION_TOP3,1,1.0,0.11431226765799263,0.11631647417985191,10.76,11.99,4.0,profit_open,-0.0020042065218592864
h5m80d50_direction,002896.SZ,20241224,H5_COMPETING_DIRECTION_TOP3,1,0.0,-0.07993707806434547,-0.050000000000000044,42.5,39.10267418226532,5.0,stop_close,-0.029937078064345424
h5m80d50_direction,300718.SZ,20241224,H5_COMPETING_DIRECTION_TOP3,1,1.0,0.08043217286914772,0.08201456846913813,24.99,27.0,2.0,profit_open,-0.001582395599990405
h5m80d50_direction,000880.SZ,20241223,H5_COMPETING_DIRECTION_TOP3,1,1.0,0.08197740093293282,0.08000000000000007,15.5,16.770649714460458,2.0,profit_intraday,0.001977400932932749
h5m80d50_direction,300548.SZ,20241223,H5_COMPETING_DIRECTION_TOP3,1,1.0,0.09132009674796926,0.08000000000000007,35.2,38.41446740552852,3.0,profit_intraday,0.011320096747969188
h5m80d50_direction,300870.SZ,20241223,H5_COMPETING_DIRECTION_TOP3,1,1.0,0.09132009674796926,0.08000000000000007,110.7,120.8091347100002,3.0,profit_intraday,0.011320096747969188
h5m80d50_direction,002265.SZ,20241220,H5_COMPETING_DIRECTION_TOP3,1,0.0,-0.059163059163059195,-0.04840763535495696,20.79,19.56,2.0,t1_stop_t2_open,-0.010755423808102238
h5m80d50_direction,002779.SZ,20241220,H5_COMPETING_DIRECTION_TOP3,1,1.0,0.08487084870848705,0.09562627251658928,67.75,73.5,2.0,profit_open,-0.010755423808102238
h5m80d50_direction,300548.SZ,20241220,H5_COMPETING_DIRECTION_TOP3,1,1.0,0.05855490153995979,0.07999999999999996,35.41,37.483429063529975,3.0,profit_intraday,-0.02144509846004017
h5m80d50_direction,300548.SZ,20241219,H5_COMPETING_DIRECTION_TOP3,1,1.0,0.09900682805710725,0.11432714096353669,32.22,35.41,2.0,profit_open,-0.015320312906429434
h5m80d50_direction,301536.SZ,20241219,H5_COMPETING_DIRECTION_TOP3,1,1.0,0.06467968709357064,0.08000000000000007,70.98,75.57096418990164,2.0,profit_intraday,-0.015320312906429434
h5m80d50_direction,688766.SH,20241219,H5_COMPETING_DIRECTION_TOP3,1,0.0,-0.06337320637453081,-0.050000000000000044,120.52,112.88226116774155,4.0,stop_close,-0.013373206374530766
h5m80d50_direction,301536.SZ,20241218,H5_COMPETING_DIRECTION_TOP3,1,1.0,0.08970416364286482,0.08000000000000007,67.39,73.43516358789266,2.0,profit_intraday,0.00970416364286475
h5m80d50_direction,688709.SH,20241218,H5_COMPETING_DIRECTION_TOP3,1,1.0,0.08970416364286482,0.08000000000000007,33.38,36.37432498239883,2.0,profit_intraday,0.00970416364286475
h5m80d50_direction,688766.SH,20241218,H5_COMPETING_DIRECTION_TOP3,1,1.0,0.08970416364286482,0.08000000000000007,117.0,127.49538714621518,2.0,profit_intraday,0.00970416364286475
h5m80d50_direction,300276.SZ,20241217,H5_COMPETING_DIRECTION_TOP3,1,1.0,0.08953618761142068,0.08000000000000007,9.46,10.30701233480404,2.0,profit_intraday,0.00953618761142061
h5m80d50_direction,300548.SZ,20241217,H5_COMPETING_DIRECTION_TOP3,1,1.0,0.08953618761142068,0.08000000000000007,28.76,31.33506075570446,2.0,profit_intraday,0.00953618761142061
h5m80d50_direction,688205.SH,20241217,H5_COMPETING_DIRECTION_TOP3,1,1.0,0.09786363776265072,0.08000000000000007,80.0,87.82909102101206,3.0,profit_intraday,0.017863637762650653
h5m80d50_direction,000785.SZ,20241216,H5_COMPETING_DIRECTION_TOP3,1,0.0,-0.1814744801512287,-0.1710713997060247,5.29,4.33,2.0,t1_stop_t2_open,-0.010403080445203994
h5m80d50_direction,300276.SZ,20241216,H5_COMPETING_DIRECTION_TOP3,1,0.0,-0.0642927794263104,-0.053889698981106404,10.11,9.46,2.0,t1_stop_t2_open,-0.010403080445203994
h5m80d50_direction,300548.SZ,20241216,H5_COMPETING_DIRECTION_TOP3,1,1.0,0.06959691955479608,0.08000000000000007,29.6,31.660068818821966,2.0,profit_intraday,-0.010403080445203994
h5m80d50_direction,002265.SZ,20241213,H5_COMPETING_DIRECTION_TOP3,1,0.0,-0.2110344827586207,-0.18241317302359272,29.0,22.88,2.0,t1_stop_t2_open,-0.028621309735027967
h5m80d50_direction,300276.SZ,20241213,H5_COMPETING_DIRECTION_TOP3,1,0.0,-0.10133333333333339,-0.07271202359830542,11.25,10.11,2.0,t1_stop_t2_open,-0.028621309735027967
h5m80d50_direction,300607.SZ,20241213,H5_COMPETING_DIRECTION_TOP3,1,1.0,0.05137869026497199,0.07999999999999996,33.01,34.70601056564672,2.0,profit_intraday,-0.028621309735027967
h5m80d50_direction,000681.SZ,20241212,H5_COMPETING_DIRECTION_TOP3,1,1.0,0.17203850983675184,0.2015642093163873,23.89,28.0,2.0,profit_open,-0.02952569947963546
h5m80d50_direction,002265.SZ,20241212,H5_COMPETING_DIRECTION_TOP3,1,1.0,0.05839416058394176,0.08791986006357722,27.4,29.0,2.0,profit_open,-0.02952569947963546
h5m80d50_direction,300493.SZ,20241212,H5_COMPETING_DIRECTION_TOP3,1,1.0,0.1428571428571428,0.17238284233677825,24.5,28.0,2.0,profit_open,-0.02952569947963546
h5m80d50_direction,002265.SZ,20241211,H5_COMPETING_DIRECTION_TOP3,1,1.0,0.0677052386187178,0.08000000000000007,25.67,27.407993475342487,2.0,profit_intraday,-0.012294761381282271
h5m80d50_direction,300607.SZ,20241211,H5_COMPETING_DIRECTION_TOP3,1,1.0,0.0677052386187178,0.08000000000000007,33.05,35.28765813634862,2.0,profit_intraday,-0.012294761381282271
h5m80d50_direction,688306.SH,20241211,H5_COMPETING_DIRECTION_TOP3,1,0.0,-0.062294761381282315,-0.050000000000000044,10.6,9.939675529358407,2.0,stop_close,-0.012294761381282271
h5m80d50_direction,002265.SZ,20241210,H5_COMPETING_DIRECTION_TOP3,1,1.0,0.15112107623318383,0.1311941771581433,22.3,25.67,2.0,profit_open,0.019926899075040527
h5m80d50_direction,002681.SZ,20241210,H5_COMPETING_DIRECTION_TOP3,1,0.0,-0.030073100924959406,-0.04999999999999993,9.94,9.641073376805902,2.0,stop_close,0.019926899075040527
h5m80d50_direction,002779.SZ,20241210,H5_COMPETING_DIRECTION_TOP3,1,0.0,-0.030073100924959517,-0.050000000000000044,73.0,70.80466363247795,2.0,stop_close,0.019926899075040527
h5m80d50_direction,000813.SZ,20241209,H5_COMPETING_DIRECTION_TOP3,1,0.0,-0.02804670838227441,-0.050000000000000044,4.1,3.9850084956326746,2.0,stop_close,0.021953291617725634
h5m80d50_direction,002265.SZ,20241209,H5_COMPETING_DIRECTION_TOP3,1,1.0,0.15067079463364297,0.12871750301591733,19.38,22.3,2.0,profit_open,0.021953291617725634
h5m80d50_direction,002354.SZ,20241209,H5_COMPETING_DIRECTION_TOP3,1,1.0,0.10962566844919786,0.08042501160839577,7.48,8.3,3.0,profit_open,0.029200656840802086
h5m80d50_direction,000681.SZ,20241206,H5_COMPETING_DIRECTION_TOP3,1,1.0,0.08430620006593159,0.08000000000000007,20.58,22.31502159735687,2.0,profit_intraday,0.00430620006593152
h5m80d50_direction,002265.SZ,20241206,H5_COMPETING_DIRECTION_TOP3,1,1.0,0.08430620006593159,0.08000000000000007,18.0,19.51751160118677,2.0,profit_intraday,0.00430620006593152
h5m80d50_direction,002354.SZ,20241206,H5_COMPETING_DIRECTION_TOP3,1,1.0,0.10000000000000009,0.09569379993406857,6.8,7.48,2.0,profit_open,0.00430620006593152
h5m80d50_direction,300276.SZ,20241205,H5_COMPETING_DIRECTION_TOP3,1,1.0,0.08717305875641324,0.08000000000000007,8.53,9.273586191192205,2.0,profit_intraday,0.007173058756413164
h5m80d50_direction,603667.SH,20241205,H5_COMPETING_DIRECTION_TOP3,1,1.0,0.08717305875641301,0.07999999999999985,29.45,32.017246580376366,2.0,profit_intraday,0.007173058756413164
h5m80d50_direction,688698.SH,20241205,H5_COMPETING_DIRECTION_TOP3,1,1.0,0.08717305875641324,0.08000000000000007,47.99,52.17343508972027,2.0,profit_intraday,0.007173058756413164
h5m80d50_direction,002265.SZ,20241204,H5_COMPETING_DIRECTION_TOP3,1,1.0,0.1468750000000001,0.12506087027313817,16.0,18.35,2.0,profit_open,0.02181412972686192
h5m80d50_direction,300276.SZ,20241204,H5_COMPETING_DIRECTION_TOP3,1,1.0,0.09696741733183445,0.08000000000000007,8.7,9.54361653078696,3.0,profit_intraday,0.016967417331834378
h5m80d50_direction,603667.SH,20241204,H5_COMPETING_DIRECTION_TOP3,1,1.0,0.1016062756817333,0.08463885834989893,26.77,29.49,3.0,profit_open,0.016967417331834378
h5m80d50_direction,002265.SZ,20241203,H5_COMPETING_DIRECTION_TOP3,1,1.0,0.07718516486714089,0.07999999999999996,15.16,16.330127099385855,2.0,profit_intraday,-0.0028148351328590726
h5m80d50_direction,300276.SZ,20241203,H5_COMPETING_DIRECTION_TOP3,1,1.0,0.08433803264575657,0.08000000000000007,8.98,9.737355533158894,4.0,profit_intraday,0.0043380326457564955
h5m80d50_direction,301000.SZ,20241203,H5_COMPETING_DIRECTION_TOP3,1,1.0,0.07718516486714089,0.07999999999999996,31.1,33.50045862736808,2.0,profit_intraday,-0.0028148351328590726
h5m80d50_direction,002131.SZ,20241202,H5_COMPETING_DIRECTION_TOP3,1,1.0,0.06680561292823417,0.07999999999999996,4.44,4.73661692140136,2.0,profit_intraday,-0.01319438707176579
h5m80d50_direction,002779.SZ,20241202,H5_COMPETING_DIRECTION_TOP3,1,1.0,0.06680561292823417,0.07999999999999996,68.11,72.66013029654202,2.0,profit_intraday,-0.01319438707176579
h5m80d50_direction,300276.SZ,20241202,H5_COMPETING_DIRECTION_TOP3,1,1.0,0.06680561292823417,0.07999999999999996,8.71,9.29187688860492,2.0,profit_intraday,-0.01319438707176579
h5m80d50_direction,002131.SZ,20241129,H5_COMPETING_DIRECTION_TOP3,1,1.0,0.15594059405940586,0.14883353194607807,4.04,4.67,3.0,profit_open,0.007107062113327789
h5m80d50_direction,300276.SZ,20241129,H5_COMPETING_DIRECTION_TOP3,1,1.0,0.10673443456162657,0.08696316767454482,7.87,8.71,2.0,profit_open,0.01977126688708175
h5m80d50_direction,300607.SZ,20241129,H5_COMPETING_DIRECTION_TOP3,1,1.0,0.09977126688708182,0.08000000000000007,30.0,32.993138006612455,2.0,profit_intraday,0.01977126688708175
h5m80d50_direction,300276.SZ,20241128,H5_COMPETING_DIRECTION_TOP3,1,1.0,0.3782837127845884,0.3392656661027069,5.71,7.87,2.0,profit_open,0.03901804668188147
h5m80d50_direction,300607.SZ,20241128,H5_COMPETING_DIRECTION_TOP3,1,1.0,0.2165450121654502,0.17752696548356872,24.66,30.0,2.0,profit_open,0.03901804668188147
h5m80d50_direction,688165.SH,20241128,H5_COMPETING_DIRECTION_TOP3,1,1.0,0.25661375661375674,0.21759570993187527,15.12,19.0,2.0,profit_open,0.03901804668188147
h5m80d50_direction,300276.SZ,20241127,H5_COMPETING_DIRECTION_TOP3,1,1.0,0.09251363372887944,0.08000000000000007,5.84,6.380279620976656,2.0,profit_intraday,0.01251363372887937
h5m80d50_direction,300607.SZ,20241127,H5_COMPETING_DIRECTION_TOP3,1,1.0,0.09251363372887944,0.08000000000000007,25.64,28.012049568808468,2.0,profit_intraday,0.01251363372887937
h5m80d50_direction,603516.SH,20241127,H5_COMPETING_DIRECTION_TOP3,1,0.0,-0.016656028649342014,-0.050000000000000044,47.0,46.21716665348092,3.0,stop_close,0.03334397135065803
h5m80d50_direction,002779.SZ,20241126,H5_COMPETING_DIRECTION_TOP3,1,1.0,0.1353098996701798,0.08000000000000007,57.61,65.40520331999906,4.0,profit_intraday,0.05530989967017974
h5m80d50_direction,300276.SZ,20241126,H5_COMPETING_DIRECTION_TOP3,1,1.0,0.11403676882972746,0.08000000000000007,5.73,6.383430685394339,3.0,profit_intraday,0.03403676882972739
h5m80d50_direction,300607.SZ,20241126,H5_COMPETING_DIRECTION_TOP3,1,0.0,-0.034319951861927045,-0.050000000000000044,25.52,24.64415482848362,2.0,stop_close,0.015680048138073
h5m80d50_direction,002155.SZ,20241125,H5_COMPETING_DIRECTION_TOP3,1,0.0,-0.03965859426042384,-0.050000000000000155,22.26,21.377199691762968,2.0,stop_close,0.010341405739576315
h5m80d50_direction,300607.SZ,20241125,H5_COMPETING_DIRECTION_TOP3,1,0.0,-0.12722298221614226,-0.13756438795571857,29.24,25.52,2.0,t1_stop_t2_open,0.010341405739576315
h5m80d50_direction,688502.SH,20241125,H5_COMPETING_DIRECTION_TOP3,1,1.0,0.08482393348322059,0.08000000000000007,249.97,271.17343865280066,3.0,profit_intraday,0.004823933483220522
h5m80d50_direction,002127.SZ,20241122,H5_COMPETING_DIRECTION_TOP3,1,0.0,-0.05683403362641026,-0.050000000000000044,4.3,4.055613655406436,2.0,stop_close,-0.006834033626410219
h5m80d50_direction,002611.SZ,20241122,H5_COMPETING_DIRECTION_TOP3,1,1.0,0.07316596637358974,0.07999999999999996,15.58,16.71992575610053,2.0,profit_intraday,-0.006834033626410219
h5m80d50_direction,000833.SZ,20241121,H5_COMPETING_DIRECTION_TOP3,1,1.0,0.1048648648648649,0.13815047202371933,18.5,20.44,2.0,profit_open,-0.033285607158854424
h5m80d50_direction,002324.SZ,20241121,H5_COMPETING_DIRECTION_TOP3,1,1.0,0.046714392841145536,0.07999999999999996,11.18,11.702266911964006,2.0,profit_intraday,-0.033285607158854424
h5m80d50_direction,002611.SZ,20241121,H5_COMPETING_DIRECTION_TOP3,1,1.0,0.10028248587570632,0.13356809303456074,14.16,15.58,2.0,profit_open,-0.033285607158854424
h5m80d50_direction,000833.SZ,20241120,H5_COMPETING_DIRECTION_TOP3,1,1.0,0.09532267613972767,0.1334231153655948,16.89,18.5,2.0,profit_open,-0.038100439225867144
h5m80d50_direction,002611.SZ,20241120,H5_COMPETING_DIRECTION_TOP3,1,1.0,0.10023310023310028,0.13833353945896742,12.87,14.16,2.0,profit_open,-0.038100439225867144
h5m80d50_direction,300276.SZ,20241120,H5_COMPETING_DIRECTION_TOP3,1,1.0,0.03532590683057313,0.07999999999999996,6.0,6.211955440983439,4.0,profit_intraday,-0.04467409316942683
h5m80d50_direction,000833.SZ,20241119,H5_COMPETING_DIRECTION_TOP3,1,1.0,0.1003257328990228,0.08543133937143943,15.35,16.89,2.0,profit_open,0.014894393527583372
h5m80d50_direction,300607.SZ,20241119,H5_COMPETING_DIRECTION_TOP3,1,1.0,0.16749521988527727,0.1526008263576939,26.15,30.53,2.0,profit_open,0.014894393527583372
h5m80d50_direction,688262.SH,20241119,H5_COMPETING_DIRECTION_TOP3,1,1.0,0.06111301743690034,0.07999999999999996,33.47,35.51545269361306,4.0,profit_intraday,-0.01888698256309962
h5m80d50_direction,300409.SZ,20241118,H5_COMPETING_DIRECTION_TOP3,1,1.0,0.12101472430532723,0.08000000000000007,14.65,16.422865711073044,2.0,profit_intraday,0.041014724305327155
h5m80d50_direction,300607.SZ,20241118,H5_COMPETING_DIRECTION_TOP3,1,1.0,0.28754308222550473,0.24652835792017758,20.31,26.15,2.0,profit_open,0.041014724305327155
h5m80d50_direction,301325.SZ,20241118,H5_COMPETING_DIRECTION_TOP3,1,1.0,0.12101472430532723,0.08000000000000007,49.0,54.929721490961036,2.0,profit_intraday,0.041014724305327155
h5m80d50_direction,300607.SZ,20241115,H5_COMPETING_DIRECTION_TOP3,1,0.0,-0.11657242279251845,-0.12240277674444289,22.99,20.31,2.0,t1_stop_t2_open,0.0058303539519244385
h5m80d50_direction,600629.SH,20241115,H5_COMPETING_DIRECTION_TOP3,1,0.0,-0.1640543364681296,-0.16988469042005405,9.57,8.0,2.0,t1_stop_t2_open,0.0058303539519244385
h5m80d50_direction,688502.SH,20241115,H5_COMPETING_DIRECTION_TOP3,1,0.0,-0.06633330728963194,-0.07216366124155638,255.98,239.0,2.0,t1_stop_t2_open,0.0058303539519244385
h5m80d50_direction,000833.SZ,20241114,H5_COMPETING_DIRECTION_TOP3,1,1.0,0.13824057450628358,0.17835476180843912,11.14,12.68,2.0,profit_open,-0.040114187302155546
h5m80d50_direction,300607.SZ,20241114,H5_COMPETING_DIRECTION_TOP3,1,1.0,0.10902074288470809,0.14913493018686363,20.73,22.99,2.0,profit_open,-0.040114187302155546
h5m80d50_direction,000833.SZ,20241113,H5_COMPETING_DIRECTION_TOP3,1,1.0,0.06297709923664119,0.11409825876720514,10.48,11.14,2.0,profit_open,-0.05112115953056395
h5m80d50_direction,002402.SZ,20241113,H5_COMPETING_DIRECTION_TOP3,1,1.0,0.028878840469436007,0.07999999999999996,18.79,19.3326334124207,2.0,profit_intraday,-0.05112115953056395
h5m80d50_direction,600629.SH,20241113,H5_COMPETING_DIRECTION_TOP3,1,1.0,0.11111111111111116,0.1622322706416751,9.0,10.0,2.0,profit_open,-0.05112115953056395
h5m80d50_direction,002065.SZ,20241112,H5_COMPETING_DIRECTION_TOP3,1,0.0,-0.07961105349810771,-0.050000000000000044,9.43,8.679267765512844,2.0,stop_close,-0.029611053498107665
h5m80d50_direction,002402.SZ,20241112,H5_COMPETING_DIRECTION_TOP3,1,1.0,0.10011709601873542,0.12972814951684308,17.08,18.79,2.0,profit_open,-0.029611053498107665
h5m80d50_direction,600006.SH,20241112,H5_COMPETING_DIRECTION_TOP3,1,0.0,-0.09487459105779705,-0.06526353755968939,9.17,8.3,2.0,t1_stop_t2_open,-0.029611053498107665
h5m80d50_direction,000833.SZ,20241111,H5_COMPETING_DIRECTION_TOP3,1,1.0,0.06886163046887694,0.08000000000000007,8.66,9.256341719860474,2.0,profit_intraday,-0.011138369531123127
h5m80d50_direction,002065.SZ,20241111,H5_COMPETING_DIRECTION_TOP3,1,1.0,0.10035005834305721,0.11148842787418034,8.57,9.43,2.0,profit_open,-0.011138369531123127
h5m80d50_direction,002402.SZ,20241111,H5_COMPETING_DIRECTION_TOP3,1,1.0,0.09980682549903408,0.1109451950301572,15.53,17.08,2.0,profit_open,-0.011138369531123127
h5m80d50_direction,000557.SZ,20241108,H5_COMPETING_DIRECTION_TOP3,1,0.0,-0.037579904352929794,-0.04999999999999993,6.89,6.631074459008313,2.0,stop_close,0.01242009564707014
h5m80d50_direction,600206.SH,20241108,H5_COMPETING_DIRECTION_TOP3,1,1.0,0.10012437810945296,0.08770428246238282,16.08,17.69,2.0,profit_open,0.01242009564707014
h5m80d50_direction,600210.SH,20241108,H5_COMPETING_DIRECTION_TOP3,1,1.0,0.09242009564707021,0.08000000000000007,8.49,9.274646612043627,2.0,profit_intraday,0.01242009564707014
h5m80d50_direction,000557.SZ,20241107,H5_COMPETING_DIRECTION_TOP3,1,1.0,0.10063897763578278,0.08696460791250571,6.26,6.89,3.0,profit_open,0.013674369723277069
h5m80d50_direction,002400.SZ,20241107,H5_COMPETING_DIRECTION_TOP3,1,0.0,-0.0625,-0.08755978061483982,8.16,7.65,2.0,t1_stop_t2_open,0.02505978061483982
h5m80d50_direction,600210.SH,20241107,H5_COMPETING_DIRECTION_TOP3,1,1.0,0.09367436972327714,0.08000000000000007,8.49,9.285295398950623,3.0,profit_intraday,0.013674369723277069
h5m80d50_direction,300047.SZ,20241106,H5_COMPETING_DIRECTION_TOP3,1,1.0,0.10138635730772982,0.08000000000000007,14.25,15.69475559163515,2.0,profit_intraday,0.021386357307729753
h5m80d50_direction,688498.SH,20241106,H5_COMPETING_DIRECTION_TOP3,1,1.0,0.12568658784454478,0.08000000000000007,151.52,170.56403179020543,3.0,profit_intraday,0.04568658784454471
h5m80d50_direction,688631.SH,20241106,H5_COMPETING_DIRECTION_TOP3,1,1.0,0.10138635730772982,0.08000000000000007,112.5,123.9059651971196,2.0,profit_intraday,0.021386357307729753
h5m80d50_direction,000795.SZ,20241105,H5_COMPETING_DIRECTION_TOP3,1,1.0,0.10678539828640443,0.08000000000000007,10.96,12.130367965218994,3.0,profit_intraday,0.02678539828640436
h5m80d50_direction,002892.SZ,20241105,H5_COMPETING_DIRECTION_TOP3,1,0.0,-0.024485098773958436,-0.050000000000000044,16.53,16.125261317266467,2.0,stop_close,0.02551490122604161
h5m80d50_direction,600629.SH,20241105,H5_COMPETING_DIRECTION_TOP3,1,1.0,0.10678539828640443,0.08000000000000007,8.44,9.341268761537252,3.0,profit_intraday,0.02678539828640436
h5m80d50_direction,600629.SH,20241104,H5_COMPETING_DIRECTION_TOP3,1,1.0,0.209908735332464,0.15063331871795116,7.67,9.28,3.0,profit_open,0.059275416614512855
h5m80d50_direction,688498.SH,20241104,H5_COMPETING_DIRECTION_TOP3,1,1.0,0.1658206261655657,0.08000000000000007,146.47,170.75774711447042,5.0,profit_intraday,0.08582062616556563
h5m80d50_direction,688631.SH,20241104,H5_COMPETING_DIRECTION_TOP3,1,1.0,0.14584332150733514,0.10746276007759703,104.29,119.5,2.0,profit_open,0.038380561429738114
h5m80d50_direction,300047.SZ,20241101,H5_COMPETING_DIRECTION_TOP3,1,1.0,0.13985744228890118,0.08000000000000007,13.68,15.593249810512168,3.0,profit_intraday,0.05985744228890111
h5m80d50_direction,300348.SZ,20241101,H5_COMPETING_DIRECTION_TOP3,1,1.0,0.13428450195295505,0.08000000000000007,14.95,16.957553304196676,2.0,profit_intraday,0.05428450195295498
h5m80d50_direction,688631.SH,20241101,H5_COMPETING_DIRECTION_TOP3,1,1.0,0.13985744228890118,0.08000000000000007,104.88,119.54824854725994,3.0,profit_intraday,0.05985744228890111
h5m80d50_direction,000917.SZ,20241031,H5_COMPETING_DIRECTION_TOP3,1,0.0,-0.05140603818530309,-0.050000000000000044,11.12,10.548364855379429,2.0,stop_close,-0.001406038185303049
h5m80d50_direction,002312.SZ,20241031,H5_COMPETING_DIRECTION_TOP3,1,1.0,0.11146822505004761,0.08000000000000007,19.68,21.873694668984935,3.0,profit_intraday,0.03146822505004754
h5m80d50_direction,300570.SZ,20241031,H5_COMPETING_DIRECTION_TOP3,1,1.0,0.11146822505004761,0.08000000000000007,68.5,76.13557341592826,3.0,profit_intraday,0.03146822505004754
h5m80d50_direction,000917.SZ,20241030,H5_COMPETING_DIRECTION_TOP3,1,1.0,0.09990108803165176,0.10872186589064736,10.11,11.12,2.0,profit_open,-0.008820777858995599
h5m80d50_direction,002312.SZ,20241030,H5_COMPETING_DIRECTION_TOP3,1,1.0,0.07117922214100436,0.07999999999999996,18.88,20.223863714022162,2.0,profit_intraday,-0.008820777858995599
h5m80d50_direction,002456.SZ,20241030,H5_COMPETING_DIRECTION_TOP3,1,0.0,-0.058820777858995754,-0.050000000000000155,17.64,16.602401478567316,2.0,stop_close,-0.008820777858995599
h5m80d50_direction,002312.SZ,20241029,H5_COMPETING_DIRECTION_TOP3,1,1.0,0.10023310023310006,0.08606088297189518,17.16,18.88,2.0,profit_open,0.014172217261204878
h5m80d50_direction,300047.SZ,20241029,H5_COMPETING_DIRECTION_TOP3,1,1.0,0.0981842636180228,0.08401204635681792,14.87,16.33,2.0,profit_open,0.014172217261204878
h5m80d50_direction,600246.SH,20241029,H5_COMPETING_DIRECTION_TOP3,1,1.0,0.09417221726120495,0.08000000000000007,13.62,14.902625599097611,2.0,profit_intraday,0.014172217261204878
h5m80d50_direction,000058.SZ,20241028,H5_COMPETING_DIRECTION_TOP3,1,1.0,0.06330892236685437,0.07999999999999996,9.82,10.44169361764251,2.0,profit_intraday,-0.01669107763314559
h5m80d50_direction,000917.SZ,20241028,H5_COMPETING_DIRECTION_TOP3,1,1.0,0.10059880239520957,0.11728988002835516,8.35,9.19,2.0,profit_open,-0.01669107763314559
h5m80d50_direction,600635.SH,20241028,H5_COMPETING_DIRECTION_TOP3,1,1.0,0.06330892236685437,0.07999999999999996,4.6,4.89122104288753,2.0,profit_intraday,-0.01669107763314559
h5m80d50_direction,000058.SZ,20241025,H5_COMPETING_DIRECTION_TOP3,1,1.0,0.09966405375139975,0.10113866960489115,8.93,9.82,2.0,profit_open,-0.0014746158534914011
h5m80d50_direction,002654.SZ,20241025,H5_COMPETING_DIRECTION_TOP3,1,1.0,0.1001344086021505,0.1016090244556419,14.88,16.37,2.0,profit_open,-0.0014746158534914011
h5m80d50_direction,600635.SH,20241025,H5_COMPETING_DIRECTION_TOP3,1,1.0,0.1004784688995215,0.1019530847530129,4.18,4.6,2.0,profit_open,-0.0014746158534914011
h5m80d50_direction,000628.SZ,20241024,H5_COMPETING_DIRECTION_TOP3,1,0.0,-0.01367078674440636,-0.050000000000000044,71.9,70.91707043307719,2.0,stop_close,0.036329213255593684
h5m80d50_direction,300047.SZ,20241024,H5_COMPETING_DIRECTION_TOP3,1,1.0,0.1103448275862069,0.09238610152554627,14.5,16.1,3.0,profit_open,0.017958726060660624
h5m80d50_direction,600550.SH,20241024,H5_COMPETING_DIRECTION_TOP3,1,1.0,0.11238545828933177,0.08000000000000007,11.6,12.903671316156249,5.0,profit_intraday,0.0323854582893317
h5m80d50_direction,300047.SZ,20241023,H5_COMPETING_DIRECTION_TOP3,1,1.0,0.10817027376448518,0.08000000000000007,14.26,15.802508103881559,3.0,profit_intraday,0.02817027376448511
h5m80d50_direction,300337.SZ,20241023,H5_COMPETING_DIRECTION_TOP3,1,1.0,0.09795134443021758,0.08800692844027624,15.62,17.15,4.0,profit_open,0.009944415989941335
h5m80d50_direction,300917.SZ,20241023,H5_COMPETING_DIRECTION_TOP3,1,1.0,0.09143589539608277,0.08000000000000007,58.6,63.95814347021045,2.0,profit_intraday,0.011435895396082696
h5m80d50_direction,002851.SZ,20241022,H5_COMPETING_DIRECTION_TOP3,1,1.0,0.07588901819674243,0.08000000000000007,43.79,47.11318010683535,2.0,profit_intraday,-0.004110981803257641
h5m80d50_direction,300337.SZ,20241022,H5_COMPETING_DIRECTION_TOP3,1,1.0,0.093773916261358,0.08000000000000007,16.05,17.555071355994798,5.0,profit_intraday,0.013773916261357932
h5m80d50_direction,300917.SZ,20241022,H5_COMPETING_DIRECTION_TOP3,1,1.0,0.11206888271771565,0.08000000000000007,59.55,66.22370196583996,4.0,profit_intraday,0.032068882717715574
h5m80d50_direction,002851.SZ,20241021,H5_COMPETING_DIRECTION_TOP3,1,1.0,0.09182092405107944,0.08000000000000007,40.98,44.74282146761323,2.0,profit_intraday,0.011820924051079373
h5m80d50_direction,600217.SH,20241021,H5_COMPETING_DIRECTION_TOP3,1,1.0,0.09182092405107944,0.08000000000000007,6.99,7.631828259117046,2.0,profit_intraday,0.011820924051079373
h5m80d50_direction,688717.SH,20241021,H5_COMPETING_DIRECTION_TOP3,1,1.0,0.09182092405107922,0.07999999999999985,59.51,64.97426319027973,2.0,profit_intraday,0.011820924051079373
h5m80d50_direction,002837.SZ,20241018,H5_COMPETING_DIRECTION_TOP3,1,0.0,-0.02196940185307028,-0.050000000000000044,32.19,31.482804954349664,3.0,stop_close,0.028030598146929764
h5m80d50_direction,300100.SZ,20241018,H5_COMPETING_DIRECTION_TOP3,1,1.0,0.1041472436913855,0.08000000000000007,21.21,23.418963038694287,2.0,profit_intraday,0.024147243691385434
h5m80d50_direction,688717.SH,20241018,H5_COMPETING_DIRECTION_TOP3,1,1.0,0.10803059814692983,0.08000000000000007,58.95,65.31840376076151,3.0,profit_intraday,0.028030598146929764
h5m80d50_direction,300672.SZ,20241017,H5_COMPETING_DIRECTION_TOP3,1,1.0,0.13763145082961348,0.08000000000000007,67.57,76.86975713255697,2.0,profit_intraday,0.057631450829613406
h5m80d50_direction,688252.SH,20241017,H5_COMPETING_DIRECTION_TOP3,1,1.0,0.13763145082961348,0.08000000000000007,24.62,28.008486319425085,2.0,profit_intraday,0.057631450829613406
h5m80d50_direction,688498.SH,20241017,H5_COMPETING_DIRECTION_TOP3,1,1.0,0.20282161297360202,0.1451901621439886,137.51,165.4,2.0,profit_open,0.057631450829613406
h5m80d50_direction,300672.SZ,20241016,H5_COMPETING_DIRECTION_TOP3,1,1.0,0.11453159982480332,0.08000000000000007,68.3,76.12250826803407,2.0,profit_intraday,0.03453159982480325
h5m80d50_direction,688037.SH,20241016,H5_COMPETING_DIRECTION_TOP3,1,1.0,0.11453159982480332,0.08000000000000007,79.7,88.82816850603683,2.0,profit_intraday,0.03453159982480325
h5m80d50_direction,688525.SH,20241016,H5_COMPETING_DIRECTION_TOP3,1,1.0,0.11453159982480332,0.08000000000000007,63.23,70.4718330569223,2.0,profit_intraday,0.03453159982480325
h5m80d50_direction,688498.SH,20241015,H5_COMPETING_DIRECTION_TOP3,1,1.0,0.11596536029043203,0.08000000000000007,133.6,149.09297213480173,3.0,profit_intraday,0.03596536029043196
h5m80d50_direction,688525.SH,20241015,H5_COMPETING_DIRECTION_TOP3,1,1.0,0.11596536029043203,0.08000000000000007,60.8,67.85069390565826,3.0,profit_intraday,0.03596536029043196
h5m80d50_direction,688766.SH,20241015,H5_COMPETING_DIRECTION_TOP3,1,1.0,0.11596536029043203,0.08000000000000007,77.89,86.92254191302175,3.0,profit_intraday,0.03596536029043196
h5m80d50_direction,688037.SH,20241014,H5_COMPETING_DIRECTION_TOP3,1,1.0,0.09404283844229755,0.08000000000000007,83.0,90.8055555907107,4.0,profit_intraday,0.014042838442297478
h5m80d50_direction,688498.SH,20241014,H5_COMPETING_DIRECTION_TOP3,1,1.0,0.09404283844229755,0.08000000000000007,135.6,148.35220889277554,4.0,profit_intraday,0.014042838442297478
h5m80d50_direction,688631.SH,20241014,H5_COMPETING_DIRECTION_TOP3,1,1.0,0.06019513238070684,0.08000000000000007,88.53,93.85907506966397,2.0,profit_intraday,-0.01980486761929323
h5m80d50_direction,300672.SZ,20241011,H5_COMPETING_DIRECTION_TOP3,1,1.0,0.08917732812300994,0.08000000000000007,66.45,72.375833453774,2.0,profit_intraday,0.009177328123009865
h5m80d50_direction,301153.SZ,20241011,H5_COMPETING_DIRECTION_TOP3,1,1.0,0.08917732812300994,0.08000000000000007,31.86,34.701189673999096,2.0,profit_intraday,0.009177328123009865
h5m80d50_direction,688631.SH,20241011,H5_COMPETING_DIRECTION_TOP3,1,1.0,0.13791773778920313,0.12874040966619327,77.8,88.53,2.0,profit_open,0.009177328123009865
h5m80d50_direction,300047.SZ,20241010,H5_COMPETING_DIRECTION_TOP3,1,1.0,0.16104868913857673,0.17356287748913302,13.35,15.5,2.0,profit_open,-0.012514188350556288
h5m80d50_direction,300348.SZ,20241010,H5_COMPETING_DIRECTION_TOP3,1,1.0,0.11349693251533743,0.12601112086589372,13.04,14.52,2.0,profit_open,-0.012514188350556288
h5m80d50_direction,300663.SZ,20241010,H5_COMPETING_DIRECTION_TOP3,1,1.0,0.34157303370786507,0.35408722205842136,17.8,23.88,2.0,profit_open,-0.012514188350556288
h5m80d50_direction,002155.SZ,20241009,H5_COMPETING_DIRECTION_TOP3,1,1.0,0.031674670226166324,0.07999999999999996,15.89,16.393310509893784,2.0,profit_intraday,-0.048325329773833636
h5m80d50_direction,601101.SH,20241009,H5_COMPETING_DIRECTION_TOP3,1,1.0,0.10219780219780228,0.15052313197163592,9.1,10.03,2.0,profit_open,-0.048325329773833636
h5m80d50_direction,601918.SH,20241009,H5_COMPETING_DIRECTION_TOP3,1,1.0,0.09786700125470515,0.1461923310285388,7.97,8.75,2.0,profit_open,-0.048325329773833636
h5m80d50_direction,300047.SZ,20241008,H5_COMPETING_DIRECTION_TOP3,1,1.0,0.04615384615384621,0.12989388520768164,14.3,14.96,2.0,profit_open,-0.08374003905383542
h5m80d50_direction,300077.SZ,20241008,H5_COMPETING_DIRECTION_TOP3,1,1.0,0.20010341261633924,0.28384345167017466,19.34,23.21,2.0,profit_open,-0.08374003905383542
h5m80d50_direction,301611.SZ,20241008,H5_COMPETING_DIRECTION_TOP3,1,1.0,0.07301216869478244,0.15675220774861787,59.99,64.37,2.0,profit_open,-0.08374003905383542
h5m80d50_direction,603290.SH,20240930,H5_COMPETING_DIRECTION_TOP3,1,0.0,0.07591153616258217,0.0760691450233908,100.38,108.0,2.0,t1_stop_t2_open,-0.00015760886080862235
h5m80d50_direction,688409.SH,20240930,H5_COMPETING_DIRECTION_TOP3,1,0.0,-0.001984126984126977,-0.0018265181233183547,55.44,55.33,2.0,t1_stop_t2_open,-0.00015760886080862235
h5m80d50_direction,688652.SH,20240930,H5_COMPETING_DIRECTION_TOP3,1,0.0,-0.06870497276401333,-0.0685473639032047,56.91,53.0,2.0,t1_stop_t2_open,-0.00015760886080862235
h5m80d50_direction,688262.SH,20240927,H5_COMPETING_DIRECTION_TOP3,1,1.0,0.3422370617696162,0.13582491055050983,17.97,24.12,2.0,profit_open,0.2064121512191064
h5m80d50_direction,688591.SH,20240927,H5_COMPETING_DIRECTION_TOP3,1,1.0,0.326178010471204,0.1197658592520976,19.1,25.33,2.0,profit_open,0.2064121512191064
h5m80d50_direction,688652.SH,20240927,H5_COMPETING_DIRECTION_TOP3,1,1.0,0.34221698113207544,0.13580482991296905,42.4,56.91,2.0,profit_open,0.2064121512191064
h5m80d50_direction,301087.SZ,20240926,H5_COMPETING_DIRECTION_TOP3,1,1.0,0.40990990990991016,0.1370042385120549,33.3,46.95,3.0,profit_open,0.27290567139785527
h5m80d50_direction,688048.SH,20240926,H5_COMPETING_DIRECTION_TOP3,1,1.0,0.49490909090909097,0.2220034195112357,27.5,41.11,3.0,profit_open,0.27290567139785527
h5m80d50_direction,688652.SH,20240926,H5_COMPETING_DIRECTION_TOP3,1,1.0,0.479334546399792,0.20642887500193674,38.47,56.91,3.0,profit_open,0.27290567139785527
h5m80d50_direction,688153.SH,20240925,H5_COMPETING_DIRECTION_TOP3,1,1.0,0.3030021463162076,0.08000000000000007,27.35,35.63710870174828,3.0,profit_intraday,0.22300214631620752
h5m80d50_direction,688331.SH,20240925,H5_COMPETING_DIRECTION_TOP3,1,1.0,0.1791536750145053,0.08000000000000007,24.2,28.53551893535103,2.0,profit_intraday,0.09915367501450523
h5m80d50_direction,688409.SH,20240925,H5_COMPETING_DIRECTION_TOP3,1,1.0,0.3030021463162076,0.08000000000000007,33.66,43.85905224500355,3.0,profit_intraday,0.22300214631620752
h5m80d50_direction,301087.SZ,20240924,H5_COMPETING_DIRECTION_TOP3,1,1.0,0.49142312579415504,0.15230431693222357,31.48,46.95,5.0,profit_open,0.33911880886193146
h5m80d50_direction,688153.SH,20240924,H5_COMPETING_DIRECTION_TOP3,1,1.0,0.31507181247214633,0.08000000000000007,27.51,36.17762556110875,4.0,profit_intraday,0.23507181247214626
h5m80d50_direction,688252.SH,20240924,H5_COMPETING_DIRECTION_TOP3,1,1.0,0.5444670739986421,0.20534826513671067,14.73,22.75,5.0,profit_open,0.33911880886193146
h5m80d50_direction,002583.SZ,20240923,H5_COMPETING_DIRECTION_TOP3,1,1.0,0.17547071702820438,0.08000000000000007,5.24,6.159466557227791,3.0,profit_intraday,0.09547071702820431
h5m80d50_direction,300047.SZ,20240923,H5_COMPETING_DIRECTION_TOP3,1,1.0,0.3660862482836844,0.08000000000000007,8.37,11.434141898134438,5.0,profit_intraday,0.28608624828368434
h5m80d50_direction,301536.SZ,20240923,H5_COMPETING_DIRECTION_TOP3,1,0.0,0.045470717028204266,-0.050000000000000044,30.5,31.88685686936023,3.0,stop_close,0.09547071702820431
h5m80d50_direction,300047.SZ,20240920,H5_COMPETING_DIRECTION_TOP3,1,0.0,0.045313615855175016,-0.050000000000000044,8.94,9.345103725745265,4.0,stop_close,0.09531361585517506
h5m80d50_direction,300085.SZ,20240920,H5_COMPETING_DIRECTION_TOP3,1,1.0,0.12115550043408807,0.08000000000000007,12.75,14.294732630534623,2.0,profit_intraday,0.041155500434088
h5m80d50_direction,300085.SZ,20240919,H5_COMPETING_DIRECTION_TOP3,1,1.0,0.10008628127696295,0.10507887730394183,11.59,12.75,2.0,profit_open,-0.004992596026978879
h5m80d50_direction,600619.SH,20240919,H5_COMPETING_DIRECTION_TOP3,1,1.0,0.07500740397302108,0.07999999999999996,6.99,7.514301753771417,2.0,profit_intraday,-0.004992596026978879
h5m80d50_direction,300047.SZ,20240918,H5_COMPETING_DIRECTION_TOP3,1,1.0,0.0935046764916474,0.08000000000000007,8.3,9.076088814880674,3.0,profit_intraday,0.013504676491647327
h5m80d50_direction,600550.SH,20240918,H5_COMPETING_DIRECTION_TOP3,1,1.0,0.3285543608124253,0.3149043170293988,8.37,11.12,2.0,profit_open,0.013650043783026478
h5m80d50_direction,600619.SH,20240918,H5_COMPETING_DIRECTION_TOP3,1,1.0,0.09365004378302655,0.08000000000000007,6.52,7.130598285465332,2.0,profit_intraday,0.013650043783026478
h5m80d50_direction,300047.SZ,20240913,H5_COMPETING_DIRECTION_TOP3,1,1.0,0.09146441892520496,0.08000000000000007,8.24,8.993666811943688,4.0,profit_intraday,0.011464418925204889
h5m80d50_direction,600490.SH,20240913,H5_COMPETING_DIRECTION_TOP3,1,0.0,-0.06425702811244982,-0.08079661855818066,2.49,2.33,2.0,t1_stop_t2_open,0.016539590445730834
h5m80d50_direction,300047.SZ,20240912,H5_COMPETING_DIRECTION_TOP3,1,1.0,0.06559957045240683,0.07999999999999996,8.11,8.642012516369018,2.0,profit_intraday,-0.01440042954759313
h5m80d50_direction,300925.SZ,20240912,H5_COMPETING_DIRECTION_TOP3,1,1.0,0.06559957045240683,0.07999999999999996,11.88,12.659322896974594,2.0,profit_intraday,-0.01440042954759313
h5m80d50_direction,300779.SZ,20240911,H5_COMPETING_DIRECTION_TOP3,1,0.0,0.046666666666666634,0.0511356268270311,51.0,53.38,5.0,expiry_close,-0.004468960160364466
h5m80d50_direction,300925.SZ,20240911,H5_COMPETING_DIRECTION_TOP3,1,1.0,0.0641060667736113,0.08000000000000007,11.48,12.215937646561057,2.0,profit_intraday,-0.015893933226388768
h5m80d50_direction,002036.SZ,20240910,H5_COMPETING_DIRECTION_TOP3,1,0.0,-0.1894510226049515,-0.18557613203352863,9.29,7.53,2.0,t1_stop_t2_open,-0.003874890571422873
h5m80d50_direction,300925.SZ,20240910,H5_COMPETING_DIRECTION_TOP3,1,1.0,0.07612510942857709,0.07999999999999996,11.91,12.816650053294353,2.0,profit_intraday,-0.003874890571422873
h5m80d50_direction,600550.SH,20240910,H5_COMPETING_DIRECTION_TOP3,1,1.0,0.16112956810631252,0.1650044586777354,6.02,6.99,2.0,profit_open,-0.003874890571422873
h5m80d50_direction,002036.SZ,20240909,H5_COMPETING_DIRECTION_TOP3,1,0.0,-0.04755617104795218,-0.050000000000000044,8.69,8.276736873593295,2.0,stop_close,0.002443828952047866
h5m80d50_direction,603883.SH,20240909,H5_COMPETING_DIRECTION_TOP3,1,0.0,-0.1427804616210413,-0.14522429057308917,18.63,15.97,2.0,t1_stop_t2_open,0.002443828952047866
h5m80d50_direction,002104.SZ,20240906,H5_COMPETING_DIRECTION_TOP3,1,0.0,-0.12012012012012008,-0.11577781237506524,6.66,5.86,2.0,t1_stop_t2_open,-0.004342307745054841
h5m80d50_direction,300047.SZ,20240906,H5_COMPETING_DIRECTION_TOP3,1,1.0,0.05948906869710391,0.08000000000000007,8.21,8.698405254003225,5.0,profit_intraday,-0.020510931302896163
h5m80d50_direction,603883.SH,20240906,H5_COMPETING_DIRECTION_TOP3,1,0.0,-0.054342307745054885,-0.050000000000000044,19.71,18.63891311434497,2.0,stop_close,-0.004342307745054841
h5m80d50_direction,300047.SZ,20240905,H5_COMPETING_DIRECTION_TOP3,1,0.0,-0.07434363766420249,-0.050000000000000044,9.12,8.441986024502473,2.0,stop_close,-0.024343637664202444
h5m80d50_direction,603883.SH,20240905,H5_COMPETING_DIRECTION_TOP3,1,1.0,0.0998883928571428,0.12423203052134524,17.92,19.71,2.0,profit_open,-0.024343637664202444
h5m80d50_direction,300047.SZ,20240904,H5_COMPETING_DIRECTION_TOP3,1,1.0,0.08571428571428563,0.09598595944927535,8.4,9.12,2.0,profit_open,-0.010271673734989717
h5m80d50_direction,300184.SZ,20240904,H5_COMPETING_DIRECTION_TOP3,1,0.0,-0.06456937871163038,-0.050000000000000044,6.9,6.454471286889751,4.0,stop_close,-0.014569378711630332
h5m80d50_direction,600550.SH,20240904,H5_COMPETING_DIRECTION_TOP3,1,0.0,-0.07538461538461538,-0.06511294164962567,6.5,6.01,2.0,t1_stop_t2_open,-0.010271673734989717
h5m80d50_direction,300047.SZ,20240903,H5_COMPETING_DIRECTION_TOP3,1,0.0,-0.14634146341463405,-0.14934579310666884,9.84,8.4,2.0,t1_stop_t2_open,0.0030043296920347906
h5m80d50_direction,300438.SZ,20240903,H5_COMPETING_DIRECTION_TOP3,1,0.0,-0.046995670307965254,-0.050000000000000044,27.74,26.43634010565704,2.0,stop_close,0.0030043296920347906
h5m80d50_direction,600550.SH,20240903,H5_COMPETING_DIRECTION_TOP3,1,1.0,0.09983079526226724,0.09682646557023245,5.91,6.5,2.0,profit_open,0.0030043296920347906
h5m80d50_direction,000062.SZ,20240902,H5_COMPETING_DIRECTION_TOP3,1,1.0,0.1778571428571427,0.17208734869400177,28.0,32.98,2.0,profit_open,0.00576979416314094
h5m80d50_direction,301091.SZ,20240902,H5_COMPETING_DIRECTION_TOP3,1,1.0,0.07543885498498937,0.08000000000000007,27.88,29.983235276981503,4.0,profit_intraday,-0.004561145015010704
h5m80d50_direction,301487.SZ,20240902,H5_COMPETING_DIRECTION_TOP3,1,1.0,0.08576979416314101,0.08000000000000007,17.05,18.512374990481554,2.0,profit_intraday,0.00576979416314094
h5m80d50_direction,000062.SZ,20240830,H5_COMPETING_DIRECTION_TOP3,1,1.0,0.06846402456928291,0.07999999999999996,28.0,29.91699268793992,2.0,profit_intraday,-0.01153597543071705
h5m80d50_direction,002681.SZ,20240830,H5_COMPETING_DIRECTION_TOP3,1,0.0,-0.061535975430717094,-0.050000000000000044,5.29,4.964474689971507,2.0,stop_close,-0.01153597543071705
h5m80d50_direction,300184.SZ,20240830,H5_COMPETING_DIRECTION_TOP3,1,0.0,-0.11764705882352944,-0.10611108339281239,8.16,7.2,2.0,t1_stop_t2_open,-0.01153597543071705
h5m80d50_direction,002681.SZ,20240829,H5_COMPETING_DIRECTION_TOP3,1,1.0,0.0997920997920998,0.10299582000106267,4.81,5.29,2.0,profit_open,-0.003203720208962868
h5m80d50_direction,300184.SZ,20240829,H5_COMPETING_DIRECTION_TOP3,1,1.0,0.2088888888888889,0.21209260909785177,6.75,8.16,2.0,profit_open,-0.003203720208962868
h5m80d50_direction,301487.SZ,20240829,H5_COMPETING_DIRECTION_TOP3,1,1.0,0.07679627979103709,0.07999999999999996,16.12,17.35795603023152,2.0,profit_intraday,-0.003203720208962868
h5m80d50_direction,002302.SZ,20240828,H5_COMPETING_DIRECTION_TOP3,1,0.0,-0.013487523929006873,-0.050000000000000044,7.87,7.763853186678716,2.0,stop_close,0.03651247607099317
h5m80d50_direction,300184.SZ,20240828,H5_COMPETING_DIRECTION_TOP3,1,0.0,-0.004424778761061954,-0.040937254832055125,6.78,6.75,2.0,t1_stop_t2_open,0.03651247607099317
h5m80d50_direction,002302.SZ,20240827,H5_COMPETING_DIRECTION_TOP3,1,1.0,0.10069930069930066,0.08012365166607749,7.15,7.87,2.0,profit_open,0.020575649033223176
h5m80d50_direction,300184.SZ,20240827,H5_COMPETING_DIRECTION_TOP3,1,0.0,-0.02942435096677698,-0.050000000000000155,6.75,6.551385630974256,2.0,stop_close,0.020575649033223176
h5m80d50_direction,603118.SH,20240827,H5_COMPETING_DIRECTION_TOP3,1,0.0,-0.0028571428571427804,-0.030315308177207734,7.0,6.98,5.0,expiry_close,0.027458165320064953
h5m80d50_direction,000062.SZ,20240826,H5_COMPETING_DIRECTION_TOP3,1,1.0,0.07018336831098293,0.07999999999999996,19.9,21.296649029388558,2.0,profit_intraday,-0.00981663168901703
h5m80d50_direction,002302.SZ,20240826,H5_COMPETING_DIRECTION_TOP3,1,1.0,0.10000000000000009,0.10981663168901712,6.5,7.15,2.0,profit_open,-0.00981663168901703
h5m80d50_direction,603118.SH,20240826,H5_COMPETING_DIRECTION_TOP3,1,0.0,-0.042298087260015604,-0.050000000000000044,7.26,6.952915886492287,3.0,stop_close,0.00770191273998444
h5m80d50_direction,000062.SZ,20240823,H5_COMPETING_DIRECTION_TOP3,1,1.0,0.07258096228024424,0.07999999999999996,18.67,20.025086565772163,2.0,profit_intraday,-0.007419037719755717
h5m80d50_direction,603118.SH,20240823,H5_COMPETING_DIRECTION_TOP3,1,0.0,-0.05741903771975576,-0.050000000000000044,7.74,7.2955766480490905,2.0,stop_close,-0.007419037719755717
h5m80d50_direction,000062.SZ,20240822,H5_COMPETING_DIRECTION_TOP3,1,1.0,0.10017678255745444,0.0944123378189754,16.97,18.67,2.0,profit_open,0.005764444738479035
h5m80d50_direction,300184.SZ,20240822,H5_COMPETING_DIRECTION_TOP3,1,0.0,-0.04423555526152101,-0.050000000000000044,7.91,7.560096757881369,2.0,stop_close,0.005764444738479035
h5m80d50_direction,300718.SZ,20240822,H5_COMPETING_DIRECTION_TOP3,1,0.0,0.018796992481203034,0.005286237752369249,13.3,13.55,5.0,expiry_close,0.013510754728833785
h5m80d50_direction,000062.SZ,20240821,H5_COMPETING_DIRECTION_TOP3,1,1.0,0.0998055735580039,0.11294455152416238,15.43,16.97,2.0,profit_open,-0.013138977966158483
h5m80d50_direction,300718.SZ,20240821,H5_COMPETING_DIRECTION_TOP3,1,0.0,-0.24,-0.2268610220338415,17.5,13.3,2.0,t1_stop_t2_open,-0.013138977966158483
h5m80d50_direction,000062.SZ,20240820,H5_COMPETING_DIRECTION_TOP3,1,1.0,0.10214285714285709,0.12050894282947167,14.0,15.43,2.0,profit_open,-0.018366085686614575
h5m80d50_direction,300184.SZ,20240820,H5_COMPETING_DIRECTION_TOP3,1,1.0,0.061633914313385496,0.08000000000000007,7.8,8.280744531644407,2.0,profit_intraday,-0.018366085686614575
h5m80d50_direction,000062.SZ,20240819,H5_COMPETING_DIRECTION_TOP3,1,1.0,0.0980392156862746,0.12059932100392234,12.75,14.0,2.0,profit_open,-0.02256010531764774
h5m80d50_direction,300184.SZ,20240819,H5_COMPETING_DIRECTION_TOP3,1,1.0,0.16417910447761197,0.1867392097952597,6.7,7.8,2.0,profit_open,-0.02256010531764774
h5m80d50_direction,300972.SZ,20240819,H5_COMPETING_DIRECTION_TOP3,1,1.0,0.05743989468235222,0.07999999999999996,26.87,28.413409970114806,2.0,profit_intraday,-0.02256010531764774
h5m80d50_direction,000810.SZ,20240816,H5_COMPETING_DIRECTION_TOP3,1,1.0,0.06256632801275197,0.08000000000000007,10.46,11.114443791013386,2.0,profit_intraday,-0.0174336719872481
h5m80d50_direction,300184.SZ,20240816,H5_COMPETING_DIRECTION_TOP3,1,1.0,0.06256632801275197,0.08000000000000007,6.6,7.012937764884162,2.0,profit_intraday,-0.0174336719872481
h5m80d50_direction,600577.SH,20240816,H5_COMPETING_DIRECTION_TOP3,1,1.0,0.06256632801275197,0.08000000000000007,4.97,5.280954650223377,2.0,profit_intraday,-0.0174336719872481
h5m80d50_direction,000880.SZ,20240815,H5_COMPETING_DIRECTION_TOP3,1,0.0,-0.11343283582089558,-0.10704864152791993,10.05,8.91,2.0,t1_stop_t2_open,-0.0063841942929756534
h5m80d50_direction,301550.SZ,20240815,H5_COMPETING_DIRECTION_TOP3,1,1.0,0.07361580570702442,0.08000000000000007,44.96,48.26976662458782,2.0,profit_intraday,-0.0063841942929756534
h5m80d50_direction,000880.SZ,20240814,H5_COMPETING_DIRECTION_TOP3,1,0.0,-0.04834725628313197,-0.050000000000000044,10.8,10.277849632142175,2.0,stop_close,0.001652743716868077
h5m80d50_direction,000880.SZ,20240813,H5_COMPETING_DIRECTION_TOP3,1,0.0,-0.05897882726740489,-0.050000000000000044,10.72,10.08774697169342,3.0,stop_close,-0.008978827267404843
h5m80d50_direction,300493.SZ,20240813,H5_COMPETING_DIRECTION_TOP3,1,0.0,-0.025900900900900914,0.0003550644243419665,8.88,8.65,5.0,expiry_close,-0.02625596532524288
h5m80d50_direction,000880.SZ,20240812,H5_COMPETING_DIRECTION_TOP3,1,1.0,0.07479660638798191,0.07999999999999996,10.15,10.909185554838016,2.0,profit_intraday,-0.005203393612018048
h5m80d50_direction,300917.SZ,20240812,H5_COMPETING_DIRECTION_TOP3,1,0.0,-0.053140222506913526,-0.04999999999999993,34.05,32.24057542363959,5.0,stop_close,-0.0031402225069135925
h5m80d50_direction,000880.SZ,20240809,H5_COMPETING_DIRECTION_TOP3,1,0.0,-0.0781108083560399,-0.07794666352751434,11.01,10.15,2.0,t1_stop_t2_open,-0.00016414482852555867
h5m80d50_direction,600151.SH,20240809,H5_COMPETING_DIRECTION_TOP3,1,0.0,-0.09426987060998149,-0.09410572578145593,5.41,4.9,2.0,t1_stop_t2_open,-0.00016414482852555867
h5m80d50_direction,600216.SH,20240809,H5_COMPETING_DIRECTION_TOP3,1,0.0,-0.0501641448285256,-0.050000000000000044,16.0,15.19737368274359,2.0,stop_close,-0.00016414482852555867
h5m80d50_direction,000880.SZ,20240808,H5_COMPETING_DIRECTION_TOP3,1,0.0,-0.06373603595374011,-0.050000000000000044,11.43,10.70149710904875,2.0,stop_close,-0.013736035953740067
h5m80d50_direction,600686.SH,20240808,H5_COMPETING_DIRECTION_TOP3,1,1.0,0.0662639640462599,0.07999999999999996,14.68,15.652754992199094,2.0,profit_intraday,-0.013736035953740067
h5m80d50_direction,688717.SH,20240808,H5_COMPETING_DIRECTION_TOP3,1,0.0,-0.06051606657060493,-0.050000000000000044,75.87,71.27864602928821,5.0,stop_close,-0.010516066570604887
h5m80d50_direction,000880.SZ,20240807,H5_COMPETING_DIRECTION_TOP3,1,0.0,-0.06468371738479506,-0.050000000000000044,11.11,10.391363899854927,3.0,stop_close,-0.014683717384795014
h5m80d50_direction,688717.SH,20240807,H5_COMPETING_DIRECTION_TOP3,1,0.0,-0.06468371738479506,-0.050000000000000044,78.37,73.30073706855362,3.0,stop_close,-0.014683717384795014
h5m80d50_direction,000880.SZ,20240806,H5_COMPETING_DIRECTION_TOP3,1,1.0,0.07765377033894638,0.07999999999999996,11.06,11.918850699948747,2.0,profit_intraday,-0.0023462296610535782
h5m80d50_direction,002607.SZ,20240805,H5_COMPETING_DIRECTION_TOP3,1,1.0,0.09432223171015885,0.08000000000000007,2.43,2.659203023055686,2.0,profit_intraday,0.014322231710158784
h5m80d50_direction,000880.SZ,20240802,H5_COMPETING_DIRECTION_TOP3,1,1.0,0.07167315003773167,0.08000000000000007,10.49,11.241851343895805,2.0,profit_intraday,-0.008326849962268401
h5m80d50_direction,301091.SZ,20240802,H5_COMPETING_DIRECTION_TOP3,1,0.0,-0.059701985250799505,-0.04999999999999993,34.6,32.53431131032234,3.0,stop_close,-0.009701985250799572
h5m80d50_direction,688717.SH,20240802,H5_COMPETING_DIRECTION_TOP3,1,1.0,0.07167315003773167,0.08000000000000007,70.0,75.01712050264122,2.0,profit_intraday,-0.008326849962268401
h5m80d50_direction,000712.SZ,20240801,H5_COMPETING_DIRECTION_TOP3,1,0.0,-0.109375,-0.07277566898523102,12.8,11.4,2.0,t1_stop_t2_open,-0.03659933101476898
h5m80d50_direction,000880.SZ,20240801,H5_COMPETING_DIRECTION_TOP3,1,0.0,-0.1471544715447155,-0.11055514052994653,12.3,10.49,2.0,t1_stop_t2_open,-0.03659933101476898
h5m80d50_direction,688717.SH,20240801,H5_COMPETING_DIRECTION_TOP3,1,1.0,0.05855566210052787,0.08000000000000007,75.0,79.3916746575396,3.0,profit_intraday,-0.0214443378994722
h5m80d50_direction,000550.SZ,20240731,H5_COMPETING_DIRECTION_TOP3,1,0.0,-0.08168681804777345,-0.0657051081722575,33.91,31.14,2.0,t1_stop_t2_open,-0.015981709875515948
h5m80d50_direction,000880.SZ,20240731,H5_COMPETING_DIRECTION_TOP3,1,1.0,0.12021857923497259,0.13620028911048854,10.98,12.3,2.0,profit_open,-0.015981709875515948
h5m80d50_direction,600686.SH,20240731,H5_COMPETING_DIRECTION_TOP3,1,1.0,0.06401829012448412,0.08000000000000007,15.7,16.7050871549544,2.0,profit_intraday,-0.015981709875515948
h5m80d50_direction,000880.SZ,20240730,H5_COMPETING_DIRECTION_TOP3,1,1.0,0.12384851586489254,0.08550329142805535,9.77,10.98,2.0,profit_open,0.03834522443683719
h5m80d50_direction,600635.SH,20240730,H5_COMPETING_DIRECTION_TOP3,1,0.0,-0.2144373673036093,-0.2527825917404465,4.71,3.7,2.0,t1_stop_t2_open,0.03834522443683719
h5m80d50_direction,000880.SZ,20240729,H5_COMPETING_DIRECTION_TOP3,1,1.0,0.14375000000000004,0.10247924870164371,9.6,10.98,3.0,profit_open,0.041270751298356334
h5m80d50_direction,600686.SH,20240729,H5_COMPETING_DIRECTION_TOP3,1,1.0,0.12418506732369017,0.08000000000000007,15.5,17.4248685435172,2.0,profit_intraday,0.0441850673236901
h5m80d50_direction,688717.SH,20240729,H5_COMPETING_DIRECTION_TOP3,1,0.0,-0.005814932676309947,-0.050000000000000044,74.1,73.66911348868543,2.0,stop_close,0.0441850673236901
h5m80d50_direction,000712.SZ,20240726,H5_COMPETING_DIRECTION_TOP3,1,1.0,0.07810741493959372,0.07999999999999996,9.42,10.155771848730973,2.0,profit_intraday,-0.0018925850604062378
h5m80d50_direction,600686.SH,20240726,H5_COMPETING_DIRECTION_TOP3,1,1.0,0.07810741493959372,0.07999999999999996,14.8,15.955989741105988,2.0,profit_intraday,-0.0018925850604062378
h5m80d50_direction,688717.SH,20240726,H5_COMPETING_DIRECTION_TOP3,1,0.0,-0.01071930427715595,-0.04999999999999993,73.88,73.08805780000371,3.0,stop_close,0.039280695722843983
h5m80d50_direction,688717.SH,20240725,H5_COMPETING_DIRECTION_TOP3,1,0.0,-0.05209135232229922,-0.06248728378344848,77.94,73.88,2.0,t1_stop_t2_open,0.010395931461149255
h5m80d50_direction,300850.SZ,20240724,H5_COMPETING_DIRECTION_TOP3,1,1.0,0.09820441914745848,0.08000000000000007,17.15,18.83420578837891,2.0,profit_intraday,0.018204419147458406
h5m80d50_direction,688717.SH,20240724,H5_COMPETING_DIRECTION_TOP3,1,0.0,-0.03179558085254164,-0.050000000000000044,77.53,75.06488861650244,2.0,stop_close,0.018204419147458406
h5m80d50_direction,688717.SH,20240723,H5_COMPETING_DIRECTION_TOP3,1,1.0,0.06885661675152788,0.08000000000000007,74.02,79.1167667719481,2.0,profit_intraday,-0.011143383248472194
h5m80d50_direction,600171.SH,20240722,H5_COMPETING_DIRECTION_TOP3,1,0.0,-0.09111946497783818,-0.050000000000000044,24.56,22.322105940144294,2.0,stop_close,-0.04111946497783814
h5m80d50_direction,688717.SH,20240722,H5_COMPETING_DIRECTION_TOP3,1,1.0,0.03888053502216193,0.08000000000000007,72.69,75.51622609076095,2.0,profit_intraday,-0.04111946497783814
h5m80d50_direction,600171.SH,20240719,H5_COMPETING_DIRECTION_TOP3,1,0.0,-0.09043293680244613,-0.050000000000000044,24.0,21.829609516741293,3.0,stop_close,-0.040432936802446084
h5m80d50_direction,688692.SH,20240719,H5_COMPETING_DIRECTION_TOP3,1,0.0,-0.09043293680244613,-0.050000000000000044,237.99,216.46786537038585,3.0,stop_close,-0.040432936802446084
h5m80d50_direction,688717.SH,20240719,H5_COMPETING_DIRECTION_TOP3,1,1.0,0.053286679925364844,0.07999999999999996,71.06,74.84655147549643,2.0,profit_intraday,-0.026713320074635116
h5m80d50_direction,688252.SH,20240718,H5_COMPETING_DIRECTION_TOP3,1,0.0,-0.07320393686920679,-0.04999999999999993,18.4,17.053047561606594,3.0,stop_close,-0.023203936869206854
h5m80d50_direction,688692.SH,20240718,H5_COMPETING_DIRECTION_TOP3,1,1.0,0.084324253500911,0.08000000000000007,220.0,238.5513357702004,2.0,profit_intraday,0.004324253500910924
h5m80d50_direction,688717.SH,20240718,H5_COMPETING_DIRECTION_TOP3,1,1.0,0.09155145929339481,0.08722720579248389,65.1,71.06,2.0,profit_open,0.004324253500910924
h5m80d50_direction,688147.SH,20240717,H5_COMPETING_DIRECTION_TOP3,1,0.0,-0.06666666666666676,-0.0332554599674022,25.8,24.08,5.0,expiry_close,-0.03341120669926456
h5m80d50_direction,688692.SH,20240717,H5_COMPETING_DIRECTION_TOP3,1,1.0,0.11111111111111116,0.10379350885850447,198.0,220.0,2.0,profit_open,0.007317602252606692
h5m80d50_direction,688717.SH,20240717,H5_COMPETING_DIRECTION_TOP3,1,1.0,0.08731760225260676,0.08000000000000007,60.79,66.09803704093596,2.0,profit_intraday,0.007317602252606692
h5m80d50_direction,300100.SZ,20240716,H5_COMPETING_DIRECTION_TOP3,1,0.0,-0.10808767951625087,-0.10379127603199689,13.23,11.8,2.0,t1_stop_t2_open,-0.0042964034842539744
h5m80d50_direction,688252.SH,20240716,H5_COMPETING_DIRECTION_TOP3,1,0.0,-0.07244008714596939,-0.045039440267721886,18.36,17.03,5.0,expiry_close,-0.027400646878247503
h5m80d50_direction,688717.SH,20240716,H5_COMPETING_DIRECTION_TOP3,1,1.0,0.07570359651574599,0.07999999999999996,62.28,66.99481999100067,2.0,profit_intraday,-0.0042964034842539744
h5m80d50_direction,688183.SH,20240715,H5_COMPETING_DIRECTION_TOP3,1,0.0,-0.04823972006530031,-0.04999999999999993,26.5,25.22164741826954,4.0,stop_close,0.0017602799346996267
h5m80d50_direction,688717.SH,20240715,H5_COMPETING_DIRECTION_TOP3,1,1.0,0.09033613445378164,0.09585308591524677,57.12,62.28,2.0,profit_open,-0.005516951461465136
h5m80d50_direction,300763.SZ,20240712,H5_COMPETING_DIRECTION_TOP3,1,1.0,0.07173523102177293,0.08000000000000007,57.62,61.75338401147455,2.0,profit_intraday,-0.008264768978227144
h5m80d50_direction,688717.SH,20240712,H5_COMPETING_DIRECTION_TOP3,1,1.0,0.10526315789473673,0.11352792687296387,51.68,57.12,2.0,profit_open,-0.008264768978227144
h5m80d50_direction,300100.SZ,20240711,H5_COMPETING_DIRECTION_TOP3,1,0.0,-0.0691655060386156,-0.04999999999999993,13.05,12.147390146196066,4.0,stop_close,-0.019165506038615665
h5m80d50_direction,603516.SH,20240711,H5_COMPETING_DIRECTION_TOP3,1,0.0,-0.06553782805249275,-0.050000000000000044,36.0,33.64063819011026,5.0,stop_close,-0.015537828052492708
h5m80d50_direction,688717.SH,20240711,H5_COMPETING_DIRECTION_TOP3,1,1.0,0.06627572928748471,0.08000000000000007,50.95,54.32674840719735,2.0,profit_intraday,-0.013724270712515363
h5m80d50_direction,603171.SH,20240710,H5_COMPETING_DIRECTION_TOP3,1,1.0,0.10269634314829235,0.08000000000000007,30.2,33.30142956307843,2.0,profit_intraday,0.022696343148292275
h5m80d50_direction,688717.SH,20240710,H5_COMPETING_DIRECTION_TOP3,1,1.0,0.10269634314829235,0.08000000000000007,47.65,52.543480751016126,2.0,profit_intraday,0.022696343148292275
h5m80d50_direction,002130.SZ,20240709,H5_COMPETING_DIRECTION_TOP3,1,0.0,-0.031654058272982066,-0.050000000000000044,16.22,15.706571174812229,3.0,stop_close,0.018345941727017978
h5m80d50_direction,603171.SH,20240709,H5_COMPETING_DIRECTION_TOP3,1,1.0,0.09834594172701805,0.08000000000000007,30.0,32.95037825181054,3.0,profit_intraday,0.018345941727017978
h5m80d50_direction,688717.SH,20240709,H5_COMPETING_DIRECTION_TOP3,1,1.0,0.09834594172701805,0.08000000000000007,47.6,52.281266826206064,3.0,profit_intraday,0.018345941727017978
h5m80d50_direction,603171.SH,20240708,H5_COMPETING_DIRECTION_TOP3,1,1.0,0.11950102671649998,0.08000000000000007,30.0,33.585030801495,4.0,profit_intraday,0.03950102671649991
h5m80d50_direction,603887.SH,20240708,H5_COMPETING_DIRECTION_TOP3,1,0.0,-0.07966101694915262,-0.09609276003769807,5.9,5.43,2.0,t1_stop_t2_open,0.016431743088545447
h5m80d50_direction,688525.SH,20240708,H5_COMPETING_DIRECTION_TOP3,1,0.0,0.005352644836271958,-0.023018904481961755,63.52,63.86,5.0,expiry_close,0.028371549318233713
h5m80d50_direction,603171.SH,20240705,H5_COMPETING_DIRECTION_TOP3,1,1.0,0.07686060209449219,0.07999999999999996,28.7,30.905899280111925,2.0,profit_intraday,-0.003139397905507768
h5m80d50_direction,688717.SH,20240705,H5_COMPETING_DIRECTION_TOP3,1,1.0,0.0726201021560513,0.08000000000000007,46.9,50.305882791118805,3.0,profit_intraday,-0.007379897843948768
h5m80d50_direction,300401.SZ,20240704,H5_COMPETING_DIRECTION_TOP3,1,0.0,-0.05447714464621167,-0.039969515094766206,15.97,15.1,2.0,t1_stop_t2_open,-0.014507629551445467
h5m80d50_direction,603887.SH,20240704,H5_COMPETING_DIRECTION_TOP3,1,1.0,0.07194244604316546,0.08645007559461093,5.56,5.96,2.0,profit_open,-0.014507629551445467
h5m80d50_direction,688252.SH,20240704,H5_COMPETING_DIRECTION_TOP3,1,1.0,0.0654923704485546,0.08000000000000007,14.6,15.556188608548897,2.0,profit_intraday,-0.014507629551445467
h5m80d50_direction,301217.SZ,20240703,H5_COMPETING_DIRECTION_TOP3,1,1.0,0.06829067388989118,0.07999999999999996,10.91,11.655051252138714,2.0,profit_intraday,-0.011709326110108775
h5m80d50_direction,603171.SH,20240703,H5_COMPETING_DIRECTION_TOP3,1,0.0,-0.01871921182266012,0.00028359850088333083,30.45,29.88,5.0,expiry_close,-0.01900281032354345
h5m80d50_direction,300641.SZ,20240702,H5_COMPETING_DIRECTION_TOP3,1,1.0,0.060911389087250134,0.07999999999999996,28.88,30.639120916839783,3.0,profit_intraday,-0.019088610912749826
h5m80d50_direction,603171.SH,20240702,H5_COMPETING_DIRECTION_TOP3,1,0.0,-0.1536964980544746,-0.12573027684004057,35.98,30.45,2.0,t1_stop_t2_open,-0.02796622121443404
h5m80d50_direction,300641.SZ,20240701,H5_COMPETING_DIRECTION_TOP3,1,1.0,0.04394373842400556,0.07999999999999996,27.45,28.656255619738953,3.0,profit_intraday,-0.0360562615759944
h5m80d50_direction,603887.SH,20240701,H5_COMPETING_DIRECTION_TOP3,1,1.0,0.04394373842400556,0.07999999999999996,5.35,5.585099000568429,3.0,profit_intraday,-0.0360562615759944
h5m80d50_direction,300401.SZ,20240628,H5_COMPETING_DIRECTION_TOP3,1,1.0,0.08072875070001095,0.08000000000000007,14.59,15.76783247271316,2.0,profit_intraday,0.0007287507000108828
h5m80d50_direction,301215.SZ,20240628,H5_COMPETING_DIRECTION_TOP3,1,0.0,-0.07725785091770987,-0.04999999999999993,5.86,5.40726899362222,4.0,stop_close,-0.027257850917709936
h5m80d50_direction,603171.SH,20240628,H5_COMPETING_DIRECTION_TOP3,1,1.0,0.2522970903522206,0.2515683396522097,26.12,32.71,2.0,profit_open,0.0007287507000108828
h5m80d50_direction,300917.SZ,20240627,H5_COMPETING_DIRECTION_TOP3,1,1.0,0.09416579717756157,0.08000000000000007,34.86,38.142619689609795,2.0,profit_intraday,0.014165797177561501
h5m80d50_direction,603887.SH,20240627,H5_COMPETING_DIRECTION_TOP3,1,1.0,0.05759876991310042,0.08000000000000007,5.41,5.721609345229873,5.0,profit_intraday,-0.02240123008689965
h5m80d50_direction,603171.SH,20240626,H5_COMPETING_DIRECTION_TOP3,1,1.0,0.13923076923076927,0.15686631282134877,26.0,29.62,2.0,profit_open,-0.017635543590579505
h5m80d50_direction,603887.SH,20240626,H5_COMPETING_DIRECTION_TOP3,1,0.0,-0.06763554359057955,-0.050000000000000044,5.64,5.258535534149131,2.0,stop_close,-0.017635543590579505
h5m80d50_direction,300098.SZ,20240625,H5_COMPETING_DIRECTION_TOP3,1,0.0,-0.017857142857142905,-0.025737192994289892,4.48,4.4,5.0,expiry_close,0.007880050137146988
h5m80d50_direction,300641.SZ,20240625,H5_COMPETING_DIRECTION_TOP3,1,0.0,-0.047857317491835194,-0.04999999999999993,29.51,28.097730560815943,2.0,stop_close,0.0021426825081647394
h5m80d50_direction,300641.SZ,20240624,H5_COMPETING_DIRECTION_TOP3,1,0.0,-0.03198110750962013,-0.050000000000000044,30.6,29.621378110205626,2.0,stop_close,0.018018892490379912
h5m80d50_direction,301550.SZ,20240624,H5_COMPETING_DIRECTION_TOP3,1,0.0,-0.010373443983402453,-0.019567133180993457,48.2,47.7,5.0,expiry_close,0.009193689197591004
h5m80d50_direction,603228.SH,20240624,H5_COMPETING_DIRECTION_TOP3,1,0.0,-0.016721311475409895,-0.0259150006730009,30.5,29.99,5.0,expiry_close,0.009193689197591004
h5m80d50_direction,300641.SZ,20240621,H5_COMPETING_DIRECTION_TOP3,1,1.0,0.1383928571428572,0.1761200876286143,26.88,30.6,2.0,profit_open,-0.0377272304857571
h5m80d50_direction,301215.SZ,20240621,H5_COMPETING_DIRECTION_TOP3,1,1.0,0.04914925898272737,0.08000000000000007,5.6,5.875235850303273,5.0,profit_intraday,-0.030850741017272698
h5m80d50_direction,688206.SH,20240620,H5_COMPETING_DIRECTION_TOP3,1,0.0,-0.0873315938698015,-0.050000000000000044,17.28,15.77091005792983,3.0,stop_close,-0.03733159386980145
h5m80d50_direction,300284.SZ,20240619,H5_COMPETING_DIRECTION_TOP3,1,1.0,0.0626174391341161,0.08000000000000007,8.53,9.06412675581401,2.0,profit_intraday,-0.017382560865883967
h5m80d50_direction,301091.SZ,20240619,H5_COMPETING_DIRECTION_TOP3,1,0.0,-0.05360191191532948,-0.023000750388208924,29.29,27.72,5.0,expiry_close,-0.030601161527120557
h5m80d50_direction,688107.SH,20240618,H5_COMPETING_DIRECTION_TOP3,1,1.0,0.05056487676772492,0.08000000000000007,29.38,30.865596079435758,2.0,profit_intraday,-0.02943512323227515
h5m80d50_direction,688702.SH,20240618,H5_COMPETING_DIRECTION_TOP3,1,0.0,-0.08215686274509804,-0.052721739512822885,51.0,46.81,2.0,t1_stop_t2_open,-0.02943512323227515
h5m80d50_direction,300098.SZ,20240617,H5_COMPETING_DIRECTION_TOP3,1,1.0,0.21666666666666679,0.22088617271817002,4.2,5.11,2.0,profit_open,-0.00421950605150323
h5m80d50_direction,300779.SZ,20240617,H5_COMPETING_DIRECTION_TOP3,1,1.0,0.058471278903377,0.08000000000000007,51.6,54.617117991414254,4.0,profit_intraday,-0.02152872109662307
h5m80d50_direction,688702.SH,20240617,H5_COMPETING_DIRECTION_TOP3,1,0.0,-0.054219506051503163,-0.04999999999999993,50.9,48.140227141978485,2.0,stop_close,-0.00421950605150323
h5m80d50_direction,688107.SH,20240614,H5_COMPETING_DIRECTION_TOP3,1,1.0,0.05770167348726152,0.08000000000000007,30.03,31.762781254822464,4.0,profit_intraday,-0.022298326512738553
h5m80d50_direction,688525.SH,20240614,H5_COMPETING_DIRECTION_TOP3,1,1.0,0.07540636540055545,0.07999999999999996,55.3,59.469972006650714,3.0,profit_intraday,-0.004593634599444507
h5m80d50_direction,688702.SH,20240614,H5_COMPETING_DIRECTION_TOP3,1,1.0,0.10460069444444442,0.09724745419191816,46.08,50.9,2.0,profit_open,0.007353240252526261
h5m80d50_direction,688107.SH,20240613,H5_COMPETING_DIRECTION_TOP3,1,0.0,-0.04905617821990549,-0.050000000000000044,32.0,30.430202296963024,2.0,stop_close,0.0009438217800945559
h5m80d50_direction,688515.SH,20240613,H5_COMPETING_DIRECTION_TOP3,1,1.0,0.05899227060062806,0.08000000000000007,66.0,69.89348985964145,5.0,profit_intraday,-0.02100772939937201
h5m80d50_direction,688702.SH,20240613,H5_COMPETING_DIRECTION_TOP3,1,1.0,0.08094382178009463,0.08000000000000007,46.1,49.83151018406237,2.0,profit_intraday,0.0009438217800945559
h5m80d50_direction,300641.SZ,20240612,H5_COMPETING_DIRECTION_TOP3,1,0.0,-0.22857142857142854,-0.2249573686848383,35.0,27.0,2.0,t1_stop_t2_open,-0.0036140598865902485
h5m80d50_direction,301550.SZ,20240612,H5_COMPETING_DIRECTION_TOP3,1,1.0,0.1878012995179208,0.19141535940451104,47.71,56.67,2.0,profit_open,-0.0036140598865902485
h5m80d50_direction,688183.SH,20240612,H5_COMPETING_DIRECTION_TOP3,1,1.0,0.07601158409094388,0.08000000000000007,20.11,21.63859295606888,3.0,profit_intraday,-0.003988415909056187
h5m80d50_direction,300455.SZ,20240611,H5_COMPETING_DIRECTION_TOP3,1,0.0,-0.023183925811437356,-0.03209875120729422,12.94,12.64,5.0,expiry_close,0.008914825395856862
h5m80d50_direction,301550.SZ,20240611,H5_COMPETING_DIRECTION_TOP3,1,1.0,0.080229851231302,0.08000000000000007,46.58,50.31710647035405,2.0,profit_intraday,0.0002298512313019252
h5m80d50_direction,301536.SZ,20240607,H5_COMPETING_DIRECTION_TOP3,1,1.0,0.08877675207715185,0.08000000000000007,37.2,40.50249517727005,3.0,profit_intraday,0.008776752077151784
h5m80d50_direction,301550.SZ,20240607,H5_COMPETING_DIRECTION_TOP3,1,1.0,0.09377220272853659,0.08000000000000007,46.0,50.31352132551268,2.0,profit_intraday,0.01377220272853652
h5m80d50_direction,688515.SH,20240607,H5_COMPETING_DIRECTION_TOP3,1,1.0,0.09945454545454546,0.08568234272600894,55.0,60.47,2.0,profit_open,0.01377220272853652
h5m80d50_direction,300672.SZ,20240606,H5_COMPETING_DIRECTION_TOP3,1,0.0,-0.01874476987447693,-0.032928736300050776,59.75,58.63,5.0,expiry_close,0.014183966425573846
h5m80d50_direction,301550.SZ,20240606,H5_COMPETING_DIRECTION_TOP3,1,0.0,-0.03738577422518241,-0.050000000000000044,48.5,46.686789950078655,2.0,stop_close,0.012614225774817633
h5m80d50_direction,600171.SH,20240606,H5_COMPETING_DIRECTION_TOP3,1,0.0,-0.024752475247524663,-0.0373667010223423,18.18,17.73,2.0,t1_stop_t2_open,0.012614225774817633
h5m80d50_direction,301536.SZ,20240605,H5_COMPETING_DIRECTION_TOP3,1,0.0,-0.0659419690148717,-0.04999999999999993,40.32,37.66121980932037,2.0,stop_close,-0.01594196901487177
h5m80d50_direction,600171.SH,20240605,H5_COMPETING_DIRECTION_TOP3,1,1.0,0.08596783139212416,0.08835715370762431,18.03,19.58,4.0,profit_open,-0.002389322315500153
h5m80d50_direction,688702.SH,20240605,H5_COMPETING_DIRECTION_TOP3,1,1.0,0.07246674464933078,0.07999999999999996,41.25,44.239253216784896,3.0,profit_intraday,-0.007533255350669177
h5m80d50_direction,300641.SZ,20240604,H5_COMPETING_DIRECTION_TOP3,1,1.0,0.04807285907498504,0.07999999999999996,24.98,26.180860019693128,2.0,profit_intraday,-0.03192714092501492
h5m80d50_direction,301550.SZ,20240604,H5_COMPETING_DIRECTION_TOP3,1,1.0,0.0968063872255489,0.12873352815056383,50.1,54.95,2.0,profit_open,-0.03192714092501492
h5m80d50_direction,688702.SH,20240604,H5_COMPETING_DIRECTION_TOP3,1,1.0,0.060284348685830214,0.07999999999999996,40.76,43.21719005243444,4.0,profit_intraday,-0.019715651314169746
h5m80d50_direction,300455.SZ,20240603,H5_COMPETING_DIRECTION_TOP3,1,1.0,0.06660229399831397,0.07999999999999996,12.0,12.799227527979767,5.0,profit_intraday,-0.013397706001685994
h5m80d50_direction,301550.SZ,20240603,H5_COMPETING_DIRECTION_TOP3,1,0.0,-0.13620689655172413,-0.1302979321631098,58.0,50.1,2.0,t1_stop_t2_open,-0.005908964388614324
h5m80d50_direction,688525.SH,20240603,H5_COMPETING_DIRECTION_TOP3,1,1.0,0.06660229399831397,0.07999999999999996,54.01,57.60718989884894,5.0,profit_intraday,-0.013397706001685994
h5m80d50_direction,300455.SZ,20240531,H5_COMPETING_DIRECTION_TOP3,1,0.0,-0.06302521008403361,-0.03130547208974688,11.9,11.15,5.0,expiry_close,-0.031719737994286734
h5m80d50_direction,300576.SZ,20240531,H5_COMPETING_DIRECTION_TOP3,1,1.0,0.044389133368342826,0.07999999999999996,38.0,39.68678706799703,4.0,profit_intraday,-0.035610866631657134
h5m80d50_direction,300641.SZ,20240530,H5_COMPETING_DIRECTION_TOP3,1,0.0,-0.05519089140742084,-0.050000000000000044,24.3,22.958861338799675,2.0,stop_close,-0.005190891407420795
h5m80d50_direction,300672.SZ,20240530,H5_COMPETING_DIRECTION_TOP3,1,1.0,0.06893081699643644,0.07999999999999996,59.07,63.1417433599795,4.0,profit_intraday,-0.01106918300356352
h5m80d50_direction,300641.SZ,20240529,H5_COMPETING_DIRECTION_TOP3,1,0.0,-0.05715005128932282,-0.050000000000000044,25.33,23.882389200841452,3.0,stop_close,-0.0071500512893227786
h5m80d50_direction,300779.SZ,20240529,H5_COMPETING_DIRECTION_TOP3,1,0.0,-0.046934239288864976,-0.050000000000000044,55.16,52.571107360826204,2.0,stop_close,0.003065760711135068
h5m80d50_direction,688102.SH,20240529,H5_COMPETING_DIRECTION_TOP3,1,0.0,-0.02497985495568089,-0.011963088676189226,12.41,12.1,5.0,expiry_close,-0.013016766279491665
h5m80d50_direction,300576.SZ,20240528,H5_COMPETING_DIRECTION_TOP3,1,1.0,0.07925185850801619,0.07999999999999996,37.5,40.471944694050606,2.0,profit_intraday,-0.000748141491983767
h5m80d50_direction,300779.SZ,20240528,H5_COMPETING_DIRECTION_TOP3,1,0.0,-0.045706836788325766,-0.050000000000000044,55.0,52.486123976642084,3.0,stop_close,0.004293163211674278
h5m80d50_direction,601020.SH,20240528,H5_COMPETING_DIRECTION_TOP3,1,1.0,0.14164133738601836,0.14238947887800213,16.45,18.78,2.0,profit_open,-0.000748141491983767
h5m80d50_direction,300779.SZ,20240527,H5_COMPETING_DIRECTION_TOP3,1,1.0,0.08910891089108919,0.09691364858399198,50.5,55.0,2.0,profit_open,-0.007804737692902797
h5m80d50_direction,601020.SH,20240527,H5_COMPETING_DIRECTION_TOP3,1,1.0,0.10998650472334681,0.11779124241624961,14.82,16.45,2.0,profit_open,-0.007804737692902797
h5m80d50_direction,300602.SZ,20240524,H5_COMPETING_DIRECTION_TOP3,1,1.0,0.08569638684023273,0.08000000000000007,16.27,17.664280213890585,5.0,profit_intraday,0.005696386840232659
h5m80d50_direction,300779.SZ,20240524,H5_COMPETING_DIRECTION_TOP3,1,1.0,0.08262258590825855,0.08000000000000007,52.0,56.29637446722944,3.0,profit_intraday,0.002622585908258479
h5m80d50_direction,300779.SZ,20240523,H5_COMPETING_DIRECTION_TOP3,1,0.0,-0.05010278731927942,-0.050000000000000044,71.0,67.44270210033116,2.0,stop_close,-0.00010278731927937379
h5m80d50_direction,000737.SZ,20240522,H5_COMPETING_DIRECTION_TOP3,1,1.0,0.048904481932051214,0.07999999999999996,11.54,12.10435772149587,2.0,profit_intraday,-0.031095518067948746
h5m80d50_direction,300779.SZ,20240522,H5_COMPETING_DIRECTION_TOP3,1,1.0,0.048904481932051214,0.07999999999999996,71.0,74.47221821717564,2.0,profit_intraday,-0.031095518067948746
h5m80d50_direction,603099.SH,20240522,H5_COMPETING_DIRECTION_TOP3,1,0.0,-0.07091296534316671,-0.050000000000000044,24.9,23.134267162955148,3.0,stop_close,-0.020912965343166667
h5m80d50_direction,000737.SZ,20240521,H5_COMPETING_DIRECTION_TOP3,1,0.0,-0.06917322823489935,-0.050000000000000044,12.48,11.616718111628456,2.0,stop_close,-0.01917322823489931
h5m80d50_direction,300779.SZ,20240521,H5_COMPETING_DIRECTION_TOP3,1,1.0,0.05052635763239355,0.08000000000000007,72.0,75.63789774953233,3.0,profit_intraday,-0.029473642367606523
h5m80d50_direction,603099.SH,20240521,H5_COMPETING_DIRECTION_TOP3,1,0.0,-0.07434944237918217,-0.055176214144282865,26.9,24.9,2.0,t1_stop_t2_open,-0.01917322823489931
h5m80d50_direction,000737.SZ,20240520,H5_COMPETING_DIRECTION_TOP3,1,0.0,-0.05767545280650699,-0.050000000000000044,13.53,12.74965112352796,2.0,stop_close,-0.007675452806506944
h5m80d50_direction,002716.SZ,20240520,H5_COMPETING_DIRECTION_TOP3,1,0.0,-0.05767545280650699,-0.050000000000000044,4.16,3.920070116324931,2.0,stop_close,-0.007675452806506944
h5m80d50_direction,600649.SH,20240520,H5_COMPETING_DIRECTION_TOP3,1,0.0,-0.07832802611372325,-0.04999999999999993,4.95,4.56227627073707,3.0,stop_close,-0.028328026113723315
h5m80d50_direction,300779.SZ,20240517,H5_COMPETING_DIRECTION_TOP3,1,0.0,-0.021333333333333204,0.010736771471885342,75.0,73.4,5.0,expiry_close,-0.03207010480521855
h5m80d50_direction,688183.SH,20240517,H5_COMPETING_DIRECTION_TOP3,1,1.0,0.15538461538461545,0.15805992906073874,13.0,15.02,2.0,profit_open,-0.002675313676123281
h5m80d50_direction,688629.SH,20240517,H5_COMPETING_DIRECTION_TOP3,1,1.0,0.05820275248868967,0.07999999999999996,29.52,31.23814525346612,4.0,profit_intraday,-0.02179724751131029
h5m80d50_direction,000737.SZ,20240516,H5_COMPETING_DIRECTION_TOP3,1,1.0,0.1446769790718836,0.12450698925190284,10.99,12.58,2.0,profit_open,0.02016998981998075
h5m80d50_direction,300779.SZ,20240516,H5_COMPETING_DIRECTION_TOP3,1,0.0,-0.029830010180019295,-0.050000000000000044,75.55,73.29634273089954,2.0,stop_close,0.02016998981998075
h5m80d50_direction,688629.SH,20240516,H5_COMPETING_DIRECTION_TOP3,1,1.0,0.09064797193904894,0.08000000000000007,27.34,29.818315552813598,3.0,profit_intraday,0.010647971939048873
h5m80d50_direction,000628.SZ,20240515,H5_COMPETING_DIRECTION_TOP3,1,0.0,-0.03793477820158686,-0.050000000000000044,49.69,47.805020871163144,2.0,stop_close,0.012065221798413184
h5m80d50_direction,300779.SZ,20240515,H5_COMPETING_DIRECTION_TOP3,1,1.0,0.15909788278613046,0.14703266098771728,65.18,75.55,2.0,profit_open,0.012065221798413184
h5m80d50_direction,000628.SZ,20240514,H5_COMPETING_DIRECTION_TOP3,1,1.0,0.07834201388888884,0.08927248486179062,46.08,49.69,2.0,profit_open,-0.010930470972901785
h5m80d50_direction,300779.SZ,20240514,H5_COMPETING_DIRECTION_TOP3,1,1.0,0.06906952902709818,0.07999999999999996,66.99,71.6169677495253,2.0,profit_intraday,-0.010930470972901785
h5m80d50_direction,000737.SZ,20240513,H5_COMPETING_DIRECTION_TOP3,1,1.0,0.07443861287724451,0.07999999999999996,10.4,11.174161573923344,2.0,profit_intraday,-0.005561387122755446
h5m80d50_direction,002668.SZ,20240513,H5_COMPETING_DIRECTION_TOP3,1,0.0,-0.04356326469348537,-0.050000000000000044,12.38,11.840686783094652,4.0,stop_close,0.006436735306514674
h5m80d50_direction,603809.SH,20240513,H5_COMPETING_DIRECTION_TOP3,1,0.0,0.0007710100231301809,-0.012430163974904707,12.97,12.98,5.0,expiry_close,0.013201173998034887
h5m80d50_direction,000737.SZ,20240510,H5_COMPETING_DIRECTION_TOP3,1,1.0,0.07528958441489797,0.08000000000000007,10.11,10.871177698434618,2.0,profit_intraday,-0.004710415585102101
h5m80d50_direction,002668.SZ,20240510,H5_COMPETING_DIRECTION_TOP3,1,1.0,0.11531531531531547,0.12002573090041757,11.1,12.38,2.0,profit_open,-0.004710415585102101
h5m80d50_direction,600866.SH,20240510,H5_COMPETING_DIRECTION_TOP3,1,0.0,-0.052438633479900854,-0.050000000000000044,8.02,7.599442159491195,5.0,stop_close,-0.002438633479900809
h5m80d50_direction,000099.SZ,20240509,H5_COMPETING_DIRECTION_TOP3,1,0.0,-0.019149929939280663,0.004075297545663603,21.41,21.0,5.0,expiry_close,-0.023225227484944266
h5m80d50_direction,600645.SH,20240509,H5_COMPETING_DIRECTION_TOP3,1,0.0,-0.09007773205304082,-0.07357077894821817,21.87,19.9,2.0,t1_stop_t2_open,-0.01650695310482264
h5m80d50_direction,688631.SH,20240509,H5_COMPETING_DIRECTION_TOP3,1,0.0,-0.07793356069218138,-0.06142660758735874,79.17,73.0,2.0,t1_stop_t2_open,-0.01650695310482264
h5m80d50_direction,600645.SH,20240508,H5_COMPETING_DIRECTION_TOP3,1,0.0,-0.040656605105186316,-0.050000000000000155,21.87,20.980840046349577,2.0,stop_close,0.009343394894813839
h5m80d50_direction,603809.SH,20240508,H5_COMPETING_DIRECTION_TOP3,1,0.0,-0.006065200909780133,-0.0009437468893603862,13.19,13.11,5.0,expiry_close,-0.005121454020419747
h5m80d50_direction,688631.SH,20240508,H5_COMPETING_DIRECTION_TOP3,1,0.0,-0.040656605105186205,-0.050000000000000044,78.0,74.82878480179548,2.0,stop_close,0.009343394894813839
h5m80d50_direction,000737.SZ,20240507,H5_COMPETING_DIRECTION_TOP3,1,1.0,0.07024526751513505,0.07999999999999996,9.99,10.6917502224762,5.0,profit_intraday,-0.009754732484864914
h5m80d50_direction,603809.SH,20240507,H5_COMPETING_DIRECTION_TOP3,1,0.0,-0.04729042157729246,-0.050000000000000044,14.2,13.528476013602447,2.0,stop_close,0.0027095784227075814
h5m80d50_direction,000737.SZ,20240506,H5_COMPETING_DIRECTION_TOP3,1,0.0,-0.014423076923076983,-0.003279700737587765,10.4,10.25,5.0,expiry_close,-0.011143376185489218
h5m80d50_direction,301301.SZ,20240506,H5_COMPETING_DIRECTION_TOP3,1,1.0,0.0684193535928963,0.07999999999999996,16.5,17.628919334282788,2.0,profit_intraday,-0.011580646407103656
h5m80d50_direction,600789.SH,20240506,H5_COMPETING_DIRECTION_TOP3,1,0.0,-0.08244994110718495,-0.0708692947000813,8.49,7.79,2.0,t1_stop_t2_open,-0.011580646407103656
h5m80d50_direction,000737.SZ,20240430,H5_COMPETING_DIRECTION_TOP3,1,1.0,0.10379679825251054,0.08000000000000007,9.86,10.883436430769754,2.0,profit_intraday,0.023796798252510465
h5m80d50_direction,300284.SZ,20240430,H5_COMPETING_DIRECTION_TOP3,1,1.0,0.10657085596629257,0.08000000000000007,8.6,9.516509361310115,4.0,profit_intraday,0.026570855966292495
h5m80d50_direction,301301.SZ,20240430,H5_COMPETING_DIRECTION_TOP3,1,1.0,0.10738255033557054,0.08358575208306007,14.9,16.5,2.0,profit_open,0.023796798252510465
h5m80d50_direction,000737.SZ,20240429,H5_COMPETING_DIRECTION_TOP3,1,0.0,-0.09706959706959717,-0.11054805334536821,10.92,9.86,2.0,t1_stop_t2_open,0.013478456275771045
h5m80d50_direction,002670.SZ,20240429,H5_COMPETING_DIRECTION_TOP3,1,1.0,0.09347845627577112,0.08000000000000007,11.94,13.056132767932706,2.0,profit_intraday,0.013478456275771045
h5m80d50_direction,603809.SH,20240429,H5_COMPETING_DIRECTION_TOP3,1,1.0,0.10498687664042006,0.09150842036464901,11.43,12.63,2.0,profit_open,0.013478456275771045
h5m80d50_direction,000737.SZ,20240426,H5_COMPETING_DIRECTION_TOP3,1,0.0,-0.03368669331671548,-0.050000000000000044,10.63,10.271910450043315,2.0,stop_close,0.016313306683284567
h5m80d50_direction,001696.SZ,20240426,H5_COMPETING_DIRECTION_TOP3,1,0.0,-0.03368669331671548,-0.050000000000000044,12.94,12.504094188481702,2.0,stop_close,0.016313306683284567
h5m80d50_direction,301091.SZ,20240426,H5_COMPETING_DIRECTION_TOP3,1,0.0,-0.033686693316715366,-0.04999999999999993,44.07,42.58542742553235,2.0,stop_close,0.016313306683284567
h5m80d50_direction,603663.SH,20240425,H5_COMPETING_DIRECTION_TOP3,1,0.0,-0.013598815533283237,-0.050000000000000155,18.08,17.834133415158238,3.0,stop_close,0.03640118446671692
h5m80d50_direction,000628.SZ,20240424,H5_COMPETING_DIRECTION_TOP3,1,1.0,0.10098386047777153,0.08000000000000007,45.27,49.84153936382872,2.0,profit_intraday,0.020983860477771454
h5m80d50_direction,300133.SZ,20240424,H5_COMPETING_DIRECTION_TOP3,1,1.0,0.10098386047777153,0.08000000000000007,7.0,7.7068870233444,2.0,profit_intraday,0.020983860477771454
h5m80d50_direction,300757.SZ,20240424,H5_COMPETING_DIRECTION_TOP3,1,1.0,0.10098386047777153,0.08000000000000007,109.97,121.07519513674053,2.0,profit_intraday,0.020983860477771454
h5m80d50_direction,300757.SZ,20240423,H5_COMPETING_DIRECTION_TOP3,1,1.0,0.09588620365163347,0.08000000000000007,101.0,110.68450656881498,2.0,profit_intraday,0.0158862036516334
h5m80d50_direction,301205.SZ,20240423,H5_COMPETING_DIRECTION_TOP3,1,1.0,0.11596563955651895,0.08000000000000007,76.41,85.27093451851361,3.0,profit_intraday,0.03596563955651888
h5m80d50_direction,688629.SH,20240423,H5_COMPETING_DIRECTION_TOP3,1,1.0,0.09588620365163347,0.08000000000000007,24.28,26.608117024661663,2.0,profit_intraday,0.0158862036516334
h5m80d50_direction,300757.SZ,20240422,H5_COMPETING_DIRECTION_TOP3,1,1.0,0.08991203242011081,0.08000000000000007,103.76,113.0892724839107,2.0,profit_intraday,0.009912032420110739
h5m80d50_direction,301205.SZ,20240422,H5_COMPETING_DIRECTION_TOP3,1,1.0,0.11110388560323714,0.08000000000000007,75.6,83.99945375160472,4.0,profit_intraday,0.03110388560323707
h5m80d50_direction,688515.SH,20240422,H5_COMPETING_DIRECTION_TOP3,1,1.0,0.13570459440762295,0.08000000000000007,61.9,70.30011439383186,5.0,profit_intraday,0.055704594407622876
h5m80d50_direction,300548.SZ,20240419,H5_COMPETING_DIRECTION_TOP3,1,1.0,0.08751031629593209,0.08000000000000007,21.51,23.3923469035255,3.0,profit_intraday,0.007510316295932018
h5m80d50_direction,301205.SZ,20240419,H5_COMPETING_DIRECTION_TOP3,1,1.0,0.08751031629593209,0.08000000000000007,74.0,80.47576340589897,3.0,profit_intraday,0.007510316295932018
h5m80d50_direction,688629.SH,20240419,H5_COMPETING_DIRECTION_TOP3,1,1.0,0.12063188128291036,0.12769183295915365,20.89,23.41,2.0,profit_open,-0.007059951676243292
h5m80d50_direction,000737.SZ,20240418,H5_COMPETING_DIRECTION_TOP3,1,1.0,0.07222089358936667,0.08000000000000007,10.7,11.472763561406223,2.0,profit_intraday,-0.007779106410633396
h5m80d50_direction,301091.SZ,20240418,H5_COMPETING_DIRECTION_TOP3,1,1.0,0.12066905615292711,0.1284481625635605,41.85,46.9,2.0,profit_open,-0.007779106410633396
h5m80d50_direction,688522.SH,20240418,H5_COMPETING_DIRECTION_TOP3,1,1.0,0.08205581925453576,0.08000000000000007,59.5,64.38232124564487,4.0,profit_intraday,0.0020558192545356846
h5m80d50_direction,301091.SZ,20240417,H5_COMPETING_DIRECTION_TOP3,1,1.0,0.07582358376164544,0.07999999999999996,42.5,45.72250230986993,2.0,profit_intraday,-0.004176416238354519
h5m80d50_direction,688522.SH,20240417,H5_COMPETING_DIRECTION_TOP3,1,1.0,0.07582358376164544,0.07999999999999996,56.96,61.27891133106333,2.0,profit_intraday,-0.004176416238354519
h5m80d50_direction,688631.SH,20240417,H5_COMPETING_DIRECTION_TOP3,1,1.0,0.08330253385064412,0.08000000000000007,79.0,85.58090017420089,5.0,profit_intraday,0.0033025338506440516
h5m80d50_direction,001696.SZ,20240416,H5_COMPETING_DIRECTION_TOP3,1,1.0,0.12419577988521135,0.08000000000000007,8.09,9.09474385927136,2.0,profit_intraday,0.044195779885211284
h5m80d50_direction,688522.SH,20240416,H5_COMPETING_DIRECTION_TOP3,1,1.0,0.12419577988521135,0.08000000000000007,54.59,61.369847623933694,2.0,profit_intraday,0.044195779885211284
h5m80d50_direction,688631.SH,20240416,H5_COMPETING_DIRECTION_TOP3,1,1.0,0.12419577988521135,0.08000000000000007,71.0,79.81790037185,2.0,profit_intraday,0.044195779885211284
h5m80d50_direction,300641.SZ,20240415,H5_COMPETING_DIRECTION_TOP3,1,1.0,0.08195476658191558,0.08000000000000007,9.87,10.678893546163506,2.0,profit_intraday,0.0019547665819155124
h5m80d50_direction,301091.SZ,20240415,H5_COMPETING_DIRECTION_TOP3,1,1.0,0.08195476658191558,0.08000000000000007,35.8,38.73398064363258,2.0,profit_intraday,0.0019547665819155124
h5m80d50_direction,688631.SH,20240415,H5_COMPETING_DIRECTION_TOP3,1,1.0,0.08195476658191558,0.08000000000000007,67.45,72.9778490059502,2.0,profit_intraday,0.0019547665819155124
h5m80d50_direction,002130.SZ,20240412,H5_COMPETING_DIRECTION_TOP3,1,1.0,0.03675653379339083,0.07999999999999996,10.68,11.072559780913414,2.0,profit_intraday,-0.04324346620660913
h5m80d50_direction,300641.SZ,20240412,H5_COMPETING_DIRECTION_TOP3,1,0.0,0.0601503759398494,0.10339384214645853,9.31,9.87,2.0,t1_stop_t2_open,-0.04324346620660913
h5m80d50_direction,601918.SH,20240412,H5_COMPETING_DIRECTION_TOP3,1,0.0,-0.028632025450689214,-0.022264514144678005,9.43,9.16,5.0,expiry_close,-0.006367511306011209
h5m80d50_direction,300641.SZ,20240411,H5_COMPETING_DIRECTION_TOP3,1,1.0,0.26666666666666683,0.2774506540536139,7.35,9.31,2.0,profit_open,-0.01078398738694708
h5m80d50_direction,601001.SH,20240411,H5_COMPETING_DIRECTION_TOP3,1,1.0,0.05227963525835855,0.1018995783709673,16.45,17.31,3.0,profit_open,-0.049619943112608755
h5m80d50_direction,605376.SH,20240411,H5_COMPETING_DIRECTION_TOP3,1,0.0,-0.060783987386947125,-0.050000000000000044,24.12,22.653890224226835,2.0,stop_close,-0.01078398738694708
h5m80d50_direction,000921.SZ,20240410,H5_COMPETING_DIRECTION_TOP3,1,1.0,0.07280370636791078,0.08000000000000007,32.5,34.8661204569571,3.0,profit_intraday,-0.00719629363208929
h5m80d50_direction,601001.SH,20240410,H5_COMPETING_DIRECTION_TOP3,1,1.0,0.04718693284936459,0.09336003265236148,16.53,17.31,4.0,profit_open,-0.046173099802996886
h5m80d50_direction,601101.SH,20240410,H5_COMPETING_DIRECTION_TOP3,1,1.0,0.053283767038413865,0.09945686684141075,8.07,8.5,4.0,profit_open,-0.046173099802996886
h5m80d50_direction,000921.SZ,20240409,H5_COMPETING_DIRECTION_TOP3,1,1.0,0.060445412657031516,0.08000000000000007,32.16,34.10392447105013,3.0,profit_intraday,-0.019554587342968555
h5m80d50_direction,601001.SH,20240409,H5_COMPETING_DIRECTION_TOP3,1,1.0,0.05637955980414078,0.07999999999999996,16.23,17.145040255621204,4.0,profit_intraday,-0.023620440195859183
h5m80d50_direction,601918.SH,20240409,H5_COMPETING_DIRECTION_TOP3,1,1.0,0.0670236099646182,0.07999999999999996,8.87,9.464499420386163,2.0,profit_intraday,-0.012976390035381757
h5m80d50_direction,000737.SZ,20240408,H5_COMPETING_DIRECTION_TOP3,1,0.0,-0.05709621620754346,-0.050000000000000044,11.31,10.664241794692684,4.0,stop_close,-0.007096216207543415
h5m80d50_direction,301238.SZ,20240408,H5_COMPETING_DIRECTION_TOP3,1,1.0,0.15909090909090917,0.1631374689274926,22.0,25.5,2.0,profit_open,-0.004046559836583419
h5m80d50_direction,605011.SH,20240408,H5_COMPETING_DIRECTION_TOP3,1,1.0,0.07956556925538782,0.07999999999999996,26.5,28.608487585267778,3.0,profit_intraday,-0.0004344307446121354
h5m80d50_direction,000737.SZ,20240403,H5_COMPETING_DIRECTION_TOP3,1,0.0,-0.07441332475705198,-0.050000000000000155,11.43,10.579455698026896,5.0,stop_close,-0.024413324757051824
h5m80d50_direction,301238.SZ,20240403,H5_COMPETING_DIRECTION_TOP3,1,0.0,-0.07172995780590719,-0.06677431483857876,23.7,22.0,2.0,t1_stop_t2_open,-0.004955642967328422
h5m80d50_direction,301500.SZ,20240403,H5_COMPETING_DIRECTION_TOP3,1,1.0,0.07504435703267154,0.07999999999999996,27.7,29.778728689805,2.0,profit_intraday,-0.004955642967328422
h5m80d50_direction,000737.SZ,20240402,H5_COMPETING_DIRECTION_TOP3,1,1.0,0.125,0.14699847503107022,10.16,11.43,2.0,profit_open,-0.02199847503107022
h5m80d50_direction,301500.SZ,20240402,H5_COMPETING_DIRECTION_TOP3,1,1.0,0.1772205694857627,0.19921904451683292,23.53,27.7,2.0,profit_open,-0.02199847503107022
h5m80d50_direction,603663.SH,20240402,H5_COMPETING_DIRECTION_TOP3,1,1.0,0.05800152496892985,0.08000000000000007,19.86,21.011910285882948,2.0,profit_intraday,-0.02199847503107022
h5m80d50_direction,000737.SZ,20240401,H5_COMPETING_DIRECTION_TOP3,1,1.0,0.112814895947426,0.12174473390470886,9.13,10.16,2.0,profit_open,-0.00892983795728286
h5m80d50_direction,002239.SZ,20240401,H5_COMPETING_DIRECTION_TOP3,1,0.0,-0.11294765840220378,-0.10401782044492092,3.63,3.22,2.0,t1_stop_t2_open,-0.00892983795728286
h5m80d50_direction,603663.SH,20240401,H5_COMPETING_DIRECTION_TOP3,1,1.0,0.10027700831024933,0.10920684626753219,18.05,19.86,2.0,profit_open,-0.00892983795728286
h5m80d50_direction,000099.SZ,20240329,H5_COMPETING_DIRECTION_TOP3,1,1.0,0.0979380760680324,0.08000000000000007,17.0,18.66494729315655,2.0,profit_intraday,0.017938076068032327
h5m80d50_direction,000737.SZ,20240329,H5_COMPETING_DIRECTION_TOP3,1,1.0,0.0979380760680324,0.08000000000000007,8.73,9.584999404073923,2.0,profit_intraday,0.017938076068032327
h5m80d50_direction,603663.SH,20240329,H5_COMPETING_DIRECTION_TOP3,1,1.0,0.12883051907442145,0.11089244300638912,15.99,18.05,2.0,profit_open,0.017938076068032327
h5m80d50_direction,000099.SZ,20240328,H5_COMPETING_DIRECTION_TOP3,1,1.0,0.11058719560578201,0.08000000000000007,15.72,17.458430714922894,3.0,profit_intraday,0.030587195605781936
h5m80d50_direction,000737.SZ,20240328,H5_COMPETING_DIRECTION_TOP3,1,1.0,0.12936610608020693,0.09431646546504657,7.73,8.73,2.0,profit_open,0.03504964061516036
h5m80d50_direction,601918.SH,20240328,H5_COMPETING_DIRECTION_TOP3,1,1.0,0.08791584891590754,0.08000000000000007,8.15,8.866514168664647,5.0,profit_intraday,0.007915848915907464
h5m80d50_direction,000737.SZ,20240327,H5_COMPETING_DIRECTION_TOP3,1,1.0,0.1125115157667047,0.08000000000000007,7.18,7.98783268320494,2.0,profit_intraday,0.032511515766704635
h5m80d50_direction,301091.SZ,20240327,H5_COMPETING_DIRECTION_TOP3,1,1.0,0.18217641709608956,0.14966490132938493,32.99,39.0,2.0,profit_open,0.032511515766704635
h5m80d50_direction,688631.SH,20240327,H5_COMPETING_DIRECTION_TOP3,1,1.0,0.1125115157667047,0.08000000000000007,58.55,65.13754924814056,2.0,profit_intraday,0.032511515766704635
h5m80d50_direction,000737.SZ,20240326,H5_COMPETING_DIRECTION_TOP3,1,1.0,0.08009536509827275,0.08000000000000007,7.43,8.025108562680167,3.0,profit_intraday,9.536509827268169e-05
h5m80d50_direction,300913.SZ,20240326,H5_COMPETING_DIRECTION_TOP3,1,0.0,-0.031964848167307935,-0.04999999999999993,39.0,37.75337092147499,5.0,stop_close,0.018035151832691998
h5m80d50_direction,000737.SZ,20240325,H5_COMPETING_DIRECTION_TOP3,1,1.0,0.07771485968552128,0.07999999999999996,7.69,8.287627270981659,4.0,profit_intraday,-0.002285140314478684
h5m80d50_direction,300738.SZ,20240325,H5_COMPETING_DIRECTION_TOP3,1,1.0,0.05058365758754868,0.08428464353281884,12.85,13.5,2.0,profit_open,-0.03370098594527016
h5m80d50_direction,002130.SZ,20240322,H5_COMPETING_DIRECTION_TOP3,1,1.0,0.05670846797441409,0.08000000000000007,10.99,11.61322606303881,2.0,profit_intraday,-0.02329153202558598
h5m80d50_direction,601918.SH,20240322,H5_COMPETING_DIRECTION_TOP3,1,1.0,0.05680161187344601,0.07999999999999996,8.19,8.655205201243522,5.0,profit_intraday,-0.023198388126553948
h5m80d50_direction,603516.SH,20240322,H5_COMPETING_DIRECTION_TOP3,1,0.0,-0.06827586206896552,-0.04507747394241157,29.0,27.02,5.0,expiry_close,-0.023198388126553948
h5m80d50_direction,000737.SZ,20240321,H5_COMPETING_DIRECTION_TOP3,1,1.0,0.04595904066426626,0.08000000000000007,7.7,8.05388461311485,2.0,profit_intraday,-0.03404095933573381
h5m80d50_direction,300133.SZ,20240321,H5_COMPETING_DIRECTION_TOP3,1,1.0,0.06404958677685957,0.09809054611259338,9.68,10.3,2.0,profit_open,-0.03404095933573381
h5m80d50_direction,603516.SH,20240321,H5_COMPETING_DIRECTION_TOP3,1,0.0,-0.05236139630390135,-0.004284284541005046,29.22,27.69,5.0,expiry_close,-0.04807711176289631
h5m80d50_direction,002779.SZ,20240320,H5_COMPETING_DIRECTION_TOP3,1,1.0,0.01377410468319562,0.08272369113811828,36.3,36.8,5.0,profit_open,-0.06894958645492266
h5m80d50_direction,603516.SH,20240320,H5_COMPETING_DIRECTION_TOP3,1,0.0,-0.05170630816959665,0.017243278285326014,29.01,27.51,5.0,expiry_close,-0.06894958645492266
h5m80d50_direction,688629.SH,20240320,H5_COMPETING_DIRECTION_TOP3,1,1.0,0.06415099039495975,0.07999999999999996,30.01,31.935171221752743,2.0,profit_intraday,-0.01584900960504021
h5m80d50_direction,000719.SZ,20240319,H5_COMPETING_DIRECTION_TOP3,1,1.0,0.084463782943768,0.08000000000000007,12.09,13.111167135790154,2.0,profit_intraday,0.004463782943767924
h5m80d50_direction,001309.SZ,20240319,H5_COMPETING_DIRECTION_TOP3,1,1.0,0.16011796339665185,0.15565418045288393,115.29,133.75,2.0,profit_open,0.004463782943767924
h5m80d50_direction,603516.SH,20240319,H5_COMPETING_DIRECTION_TOP3,1,0.0,-0.022283167637984325,0.00975547502354479,29.17,28.52,5.0,expiry_close,-0.032038642661529115
h5m80d50_direction,000917.SZ,20240318,H5_COMPETING_DIRECTION_TOP3,1,1.0,0.08054922560107958,0.08000000000000007,7.23,7.812370901095806,2.0,profit_intraday,0.000549225601079506
h5m80d50_direction,603516.SH,20240318,H5_COMPETING_DIRECTION_TOP3,1,0.0,-0.0316151202749142,0.004333631903643109,29.1,28.18,5.0,expiry_close,-0.03594875217855731
h5m80d50_direction,688631.SH,20240318,H5_COMPETING_DIRECTION_TOP3,1,1.0,0.12395833333333339,0.12340910773225389,48.0,53.95,2.0,profit_open,0.000549225601079506
h5m80d50_direction,000737.SZ,20240315,H5_COMPETING_DIRECTION_TOP3,1,1.0,0.09382515821078763,0.08000000000000007,7.23,7.908355893863995,4.0,profit_intraday,0.013825158210787558
h5m80d50_direction,000917.SZ,20240315,H5_COMPETING_DIRECTION_TOP3,1,1.0,0.08931977381960388,0.08000000000000007,6.96,7.581665625784443,2.0,profit_intraday,0.009319773819603805
h5m80d50_direction,603516.SH,20240315,H5_COMPETING_DIRECTION_TOP3,1,0.0,-0.007118644067796609,-0.00739925009257747,29.5,29.29,5.0,expiry_close,0.0002806060247808606
h5m80d50_direction,000737.SZ,20240314,H5_COMPETING_DIRECTION_TOP3,1,1.0,0.11402157164869031,0.08597653612196687,6.49,7.23,2.0,profit_open,0.02804503552672344
h5m80d50_direction,603127.SH,20240314,H5_COMPETING_DIRECTION_TOP3,1,0.0,-0.028544932390278444,-0.050000000000000044,20.58,19.992545291408067,3.0,stop_close,0.0214550676097216
h5m80d50_direction,603516.SH,20240314,H5_COMPETING_DIRECTION_TOP3,1,0.0,-0.009221311475409832,-0.03523593279375303,29.28,29.01,5.0,expiry_close,0.0260146213183432
h5m80d50_direction,300548.SZ,20240313,H5_COMPETING_DIRECTION_TOP3,1,1.0,0.08591032455356595,0.08000000000000007,27.6,29.971124957678423,2.0,profit_intraday,0.005910324553565882
h5m80d50_direction,300757.SZ,20240313,H5_COMPETING_DIRECTION_TOP3,1,0.0,0.06391999999999998,0.04152343801796188,125.0,132.99,5.0,expiry_close,0.0223965619820381
h5m80d50_direction,603516.SH,20240313,H5_COMPETING_DIRECTION_TOP3,1,0.0,-0.027603438017961945,-0.050000000000000044,30.5,29.65809514045216,5.0,stop_close,0.0223965619820381
h5m80d50_direction,603009.SH,20240312,H5_COMPETING_DIRECTION_TOP3,1,1.0,0.07597086936406483,0.08000000000000007,14.8,15.92436886658816,2.0,profit_intraday,-0.004029130635935241
h5m80d50_direction,603516.SH,20240312,H5_COMPETING_DIRECTION_TOP3,1,0.0,-0.018333333333333313,-0.035672825036917155,30.0,29.45,5.0,expiry_close,0.017339491703583843
h5m80d50_direction,688631.SH,20240312,H5_COMPETING_DIRECTION_TOP3,1,1.0,0.1039029077789615,0.08000000000000007,38.0,41.94831049560054,4.0,profit_intraday,0.023902907778961424
h5m80d50_direction,002414.SZ,20240311,H5_COMPETING_DIRECTION_TOP3,1,0.0,-0.04940427913903345,-0.050000000000000044,8.25,7.842414697102974,3.0,stop_close,0.0005957208609665976
h5m80d50_direction,300757.SZ,20240311,H5_COMPETING_DIRECTION_TOP3,1,0.0,0.010937500000000044,-0.01771996340039972,128.0,129.4,5.0,expiry_close,0.028657463400399763
h5m80d50_direction,603516.SH,20240311,H5_COMPETING_DIRECTION_TOP3,1,0.0,-0.03737387673065573,-0.050000000000000044,31.12,29.956924956141993,4.0,stop_close,0.012626123269344314
h5m80d50_direction,300757.SZ,20240308,H5_COMPETING_DIRECTION_TOP3,1,1.0,0.1054701544052481,0.08000000000000007,123.1,136.08337600728603,3.0,profit_intraday,0.025470154405248024
h5m80d50_direction,301293.SZ,20240308,H5_COMPETING_DIRECTION_TOP3,1,0.0,-0.030723984237851942,-0.050000000000000044,71.56,69.36139168793932,4.0,stop_close,0.019276015762148102
h5m80d50_direction,603516.SH,20240308,H5_COMPETING_DIRECTION_TOP3,1,1.0,0.16904583020285502,0.14564640446165456,26.62,31.12,2.0,profit_open,0.023399425741200464
h5m80d50_direction,000628.SZ,20240307,H5_COMPETING_DIRECTION_TOP3,1,0.0,-0.013350645539058181,-0.050000000000000044,86.51,85.35503565441608,3.0,stop_close,0.03664935446094186
h5m80d50_direction,300757.SZ,20240307,H5_COMPETING_DIRECTION_TOP3,1,0.0,0.00623538581449723,-0.02623717297366346,128.3,129.1,5.0,expiry_close,0.03247255878816069
h5m80d50_direction,603516.SH,20240307,H5_COMPETING_DIRECTION_TOP3,1,1.0,0.11185785953568317,0.08000000000000007,24.0,26.684588628856396,2.0,profit_intraday,0.0318578595356831
h5m80d50_direction,300757.SZ,20240306,H5_COMPETING_DIRECTION_TOP3,1,1.0,0.07931503414770069,0.07999999999999996,124.0,133.8350642343149,2.0,profit_intraday,-0.0006849658522992685
h5m80d50_direction,603099.SH,20240306,H5_COMPETING_DIRECTION_TOP3,1,1.0,0.11708729830368214,0.11777226415598141,24.17,27.0,2.0,profit_open,-0.0006849658522992685
h5m80d50_direction,603516.SH,20240306,H5_COMPETING_DIRECTION_TOP3,1,1.0,0.0979714196867083,0.08000000000000007,24.74,27.16381292304916,3.0,profit_intraday,0.017971419686708234
h5m80d50_direction,300757.SZ,20240305,H5_COMPETING_DIRECTION_TOP3,1,1.0,0.13242009132420085,0.14292149704370438,109.5,124.0,2.0,profit_open,-0.010501405719503532
h5m80d50_direction,603099.SH,20240305,H5_COMPETING_DIRECTION_TOP3,1,1.0,0.06949859428049643,0.07999999999999996,23.98,25.646576290846305,2.0,profit_intraday,-0.010501405719503532
h5m80d50_direction,603516.SH,20240305,H5_COMPETING_DIRECTION_TOP3,1,1.0,0.0823096097185847,0.08000000000000007,24.2,26.19189255518975,3.0,profit_intraday,0.0023096097185846265
h5m80d50_direction,002881.SZ,20240304,H5_COMPETING_DIRECTION_TOP3,1,0.0,-0.07025059243802856,-0.050000000000000155,26.94,25.047449039719513,3.0,stop_close,-0.020250592438028403
h5m80d50_direction,300757.SZ,20240304,H5_COMPETING_DIRECTION_TOP3,1,1.0,0.0731144499905354,0.07999999999999996,111.0,119.11570394894943,2.0,profit_intraday,-0.006885550009464558
h5m80d50_direction,603099.SH,20240304,H5_COMPETING_DIRECTION_TOP3,1,1.0,0.05974940756197156,0.07999999999999996,23.38,24.776941148798894,3.0,profit_intraday,-0.020250592438028403
h5m80d50_direction,002611.SZ,20240301,H5_COMPETING_DIRECTION_TOP3,1,0.0,-0.23750000000000004,-0.23174519254105608,8.8,6.71,2.0,t1_stop_t2_open,-0.005754807458943967
h5m80d50_direction,300570.SZ,20240301,H5_COMPETING_DIRECTION_TOP3,1,0.0,-0.06619577961048351,-0.050000000000000044,43.03,40.1815956033609,4.0,stop_close,-0.016195779610483463
h5m80d50_direction,300757.SZ,20240301,H5_COMPETING_DIRECTION_TOP3,1,1.0,0.08951707891637217,0.09527188637531614,101.88,111.0,2.0,profit_open,-0.005754807458943967
h5m80d50_direction,300570.SZ,20240229,H5_COMPETING_DIRECTION_TOP3,1,1.0,0.09400763679306112,0.08000000000000007,39.9,43.650904708043136,2.0,profit_intraday,0.014007636793061051
h5m80d50_direction,300757.SZ,20240229,H5_COMPETING_DIRECTION_TOP3,1,1.0,0.20568047337278106,0.19167283657972,84.5,101.88,2.0,profit_open,0.014007636793061051
h5m80d50_direction,301205.SZ,20240229,H5_COMPETING_DIRECTION_TOP3,1,1.0,0.0840169709727685,0.08000000000000007,91.0,98.64554435852193,3.0,profit_intraday,0.00401697097276843
h5m80d50_direction,300678.SZ,20240228,H5_COMPETING_DIRECTION_TOP3,1,1.0,0.12701805607423844,0.08000000000000007,33.07,37.270487114375065,2.0,profit_intraday,0.04701805607423837
h5m80d50_direction,300757.SZ,20240228,H5_COMPETING_DIRECTION_TOP3,1,1.0,0.13881401617250666,0.09179596009826829,74.2,84.5,2.0,profit_open,0.04701805607423837
h5m80d50_direction,301550.SZ,20240228,H5_COMPETING_DIRECTION_TOP3,1,1.0,0.12701805607423844,0.08000000000000007,31.15,35.106612446712525,2.0,profit_intraday,0.04701805607423837
h5m80d50_direction,000628.SZ,20240227,H5_COMPETING_DIRECTION_TOP3,1,1.0,0.08918804265025293,0.08000000000000007,70.88,77.20164846304992,4.0,profit_intraday,0.009188042650252859
h5m80d50_direction,002611.SZ,20240227,H5_COMPETING_DIRECTION_TOP3,1,1.0,0.0816944024205748,0.08644741804681888,6.61,7.15,2.0,profit_open,-0.004753015626244084
h5m80d50_direction,300570.SZ,20240227,H5_COMPETING_DIRECTION_TOP3,1,1.0,0.08502860875483509,0.08000000000000007,40.18,43.59644949976927,3.0,profit_intraday,0.005028608754835018
h5m80d50_direction,300641.SZ,20240226,H5_COMPETING_DIRECTION_TOP3,1,1.0,0.06342827248043759,0.07999999999999996,4.16,4.42386161351862,2.0,profit_intraday,-0.016571727519562374
h5m80d50_direction,300663.SZ,20240226,H5_COMPETING_DIRECTION_TOP3,1,1.0,0.06342827248043759,0.07999999999999996,11.28,11.995470913579336,2.0,profit_intraday,-0.016571727519562374
h5m80d50_direction,688372.SH,20240226,H5_COMPETING_DIRECTION_TOP3,1,1.0,0.07111274871039064,0.08768447622995301,54.28,58.14,2.0,profit_open,-0.016571727519562374
h5m80d50_direction,301550.SZ,20240223,H5_COMPETING_DIRECTION_TOP3,1,1.0,0.1102915746477886,0.08000000000000007,34.0,37.74991353802481,2.0,profit_intraday,0.030291574647788533
h5m80d50_direction,688372.SH,20240223,H5_COMPETING_DIRECTION_TOP3,1,1.0,0.06897292350675155,0.08000000000000007,54.5,58.259024331117956,3.0,profit_intraday,-0.011027076493248522
h5m80d50_direction,688523.SH,20240223,H5_COMPETING_DIRECTION_TOP3,1,1.0,0.0747663551401867,0.08579343163343522,19.26,20.7,3.0,profit_open,-0.011027076493248522
h5m80d50_direction,300100.SZ,20240222,H5_COMPETING_DIRECTION_TOP3,1,1.0,0.12129380053908356,0.10190258923311846,7.42,8.32,2.0,profit_open,0.019391211305965106
h5m80d50_direction,301550.SZ,20240222,H5_COMPETING_DIRECTION_TOP3,1,1.0,0.09939121130596518,0.08000000000000007,31.92,35.09256746488641,2.0,profit_intraday,0.019391211305965106
h5m80d50_direction,688800.SH,20240222,H5_COMPETING_DIRECTION_TOP3,1,1.0,0.09953119365308316,0.09703305573671717,27.73,30.49,4.0,profit_open,0.0024981379163659945
h5m80d50_direction,300184.SZ,20240221,H5_COMPETING_DIRECTION_TOP3,1,1.0,0.11345563473621323,0.08000000000000007,4.3,4.787859229365717,3.0,profit_intraday,0.03345563473621316
h5m80d50_direction,300663.SZ,20240221,H5_COMPETING_DIRECTION_TOP3,1,1.0,0.11345563473621323,0.08000000000000007,10.29,11.457458481435634,3.0,profit_intraday,0.03345563473621316
h5m80d50_direction,688502.SH,20240221,H5_COMPETING_DIRECTION_TOP3,1,1.0,0.11345563473621323,0.08000000000000007,114.91,127.94718698753826,3.0,profit_intraday,0.03345563473621316
h5m80d50_direction,002892.SZ,20240220,H5_COMPETING_DIRECTION_TOP3,1,1.0,0.1133828549105953,0.08000000000000007,11.13,12.391951175154926,3.0,profit_intraday,0.03338285491059523
h5m80d50_direction,301550.SZ,20240220,H5_COMPETING_DIRECTION_TOP3,1,1.0,0.1133828549105953,0.08000000000000007,30.43,33.88024027492941,3.0,profit_intraday,0.03338285491059523
h5m80d50_direction,688433.SH,20240220,H5_COMPETING_DIRECTION_TOP3,1,1.0,0.1192091540595952,0.08000000000000007,21.2,23.727234066063417,4.0,profit_intraday,0.03920915405959513
h5m80d50_direction,002892.SZ,20240219,H5_COMPETING_DIRECTION_TOP3,1,1.0,0.08971695034423788,0.08000000000000007,10.91,11.888811928255635,2.0,profit_intraday,0.009716950344237807
h5m80d50_direction,603667.SH,20240219,H5_COMPETING_DIRECTION_TOP3,1,1.0,0.08971695034423788,0.08000000000000007,13.17,14.351572236033613,2.0,profit_intraday,0.009716950344237807
h5m80d50_direction,688433.SH,20240219,H5_COMPETING_DIRECTION_TOP3,1,1.0,0.12349767182191784,0.08000000000000007,21.3,23.93050040980685,5.0,profit_intraday,0.04349767182191777
h5m80d50_direction,002892.SZ,20240208,H5_COMPETING_DIRECTION_TOP3,1,1.0,0.09362566026195829,0.08000000000000007,10.46,11.439324406340084,2.0,profit_intraday,0.013625660261958217
h5m80d50_direction,300641.SZ,20240208,H5_COMPETING_DIRECTION_TOP3,1,1.0,0.0992687809020445,0.08000000000000007,3.39,3.726521167257931,3.0,profit_intraday,0.019268780902044425
h5m80d50_direction,603667.SH,20240208,H5_COMPETING_DIRECTION_TOP3,1,1.0,0.09362566026195829,0.08000000000000007,12.79,13.987472194750445,2.0,profit_intraday,0.013625660261958217
h5m80d50_direction,002896.SZ,20240207,H5_COMPETING_DIRECTION_TOP3,1,1.0,0.13155052650384924,0.08000000000000007,24.32,27.519308804573615,3.0,profit_intraday,0.05155052650384917
h5m80d50_direction,300493.SZ,20240207,H5_COMPETING_DIRECTION_TOP3,1,1.0,0.23516483516483522,0.18793592166757533,4.55,5.62,2.0,profit_open,0.04722891349725988
h5m80d50_direction,603667.SH,20240207,H5_COMPETING_DIRECTION_TOP3,1,1.0,0.12722891349725995,0.08000000000000007,11.36,12.805320457328872,2.0,profit_intraday,0.04722891349725988
h5m80d50_direction,002212.SZ,20240206,H5_COMPETING_DIRECTION_TOP3,1,1.0,0.18270119905520232,0.08000000000000007,5.88,6.954283050444589,5.0,profit_intraday,0.10270119905520225
h5m80d50_direction,300762.SZ,20240206,H5_COMPETING_DIRECTION_TOP3,1,1.0,0.16185516883909767,0.08000000000000007,8.41,9.771201969936811,2.0,profit_intraday,0.0818551688390976
h5m80d50_direction,688088.SH,20240206,H5_COMPETING_DIRECTION_TOP3,1,1.0,0.23218096457533077,0.14009154418948522,23.43,28.87,3.0,profit_open,0.09208942038584556
h5m80d50_direction,688213.SH,20240205,H5_COMPETING_DIRECTION_TOP3,1,1.0,0.23790814629604617,0.08000000000000007,35.41,43.83432746034299,3.0,profit_intraday,0.1579081462960461
h5m80d50_direction,688220.SH,20240205,H5_COMPETING_DIRECTION_TOP3,1,1.0,0.1961474220494661,0.08000000000000007,40.2,48.08512636638854,2.0,profit_intraday,0.11614742204946604
h5m80d50_direction,688536.SH,20240205,H5_COMPETING_DIRECTION_TOP3,1,1.0,0.1961474220494661,0.08000000000000007,83.88,100.33284576150922,2.0,profit_intraday,0.11614742204946604
h5m80d50_direction,603160.SH,20240202,H5_COMPETING_DIRECTION_TOP3,1,1.0,0.17571159393262925,0.08000000000000007,50.1,58.90315085602473,4.0,profit_intraday,0.09571159393262918
h5m80d50_direction,688114.SH,20240202,H5_COMPETING_DIRECTION_TOP3,1,1.0,0.15546218487394947,0.09926815533049282,66.64,77.0,3.0,profit_open,0.05619402954345665
h5m80d50_direction,688180.SH,20240202,H5_COMPETING_DIRECTION_TOP3,1,1.0,0.13619402954345672,0.08000000000000007,26.41,30.00688432024269,3.0,profit_intraday,0.05619402954345665
h5m80d50_direction,300037.SZ,20240201,H5_COMPETING_DIRECTION_TOP3,1,1.0,0.01644479248238051,0.10371076399685286,38.31,38.94,2.0,profit_open,-0.08726597151447235
h5m80d50_direction,603658.SH,20240201,H5_COMPETING_DIRECTION_TOP3,1,1.0,0.026364957442391423,0.11363092895686377,48.17,49.44,2.0,profit_open,-0.08726597151447235
h5m80d50_direction,688114.SH,20240201,H5_COMPETING_DIRECTION_TOP3,1,1.0,0.11675126903553301,0.09800553612458751,68.95,77.0,4.0,profit_open,0.0187457329109455
h5m80d50_direction,600486.SH,20240131,H5_COMPETING_DIRECTION_TOP3,1,1.0,-0.013206376475139336,0.07999999999999996,49.0,48.35288755271817,3.0,profit_intraday,-0.0932063764751393
h5m80d50_direction,600563.SH,20240131,H5_COMPETING_DIRECTION_TOP3,1,1.0,0.04865810968494744,0.09039160095865073,85.7,89.87,2.0,profit_open,-0.041733491273703294
h5m80d50_direction,688065.SH,20240131,H5_COMPETING_DIRECTION_TOP3,1,1.0,0.017034990791896965,0.11024136726703626,43.44,44.18,3.0,profit_open,-0.0932063764751393
h5m80d50_direction,000921.SZ,20240130,H5_COMPETING_DIRECTION_TOP3,1,1.0,0.0044941838812604384,0.08000000000000007,24.7,24.81100634186713,3.0,profit_intraday,-0.07550581611873963
h5m80d50_direction,002128.SZ,20240130,H5_COMPETING_DIRECTION_TOP3,1,1.0,-0.04266666666666674,0.08249796833280998,15.0,14.36,4.0,profit_open,-0.12516463499947672
h5m80d50_direction,603156.SH,20240130,H5_COMPETING_DIRECTION_TOP3,1,1.0,0.03045013239187999,0.10595594851061962,22.66,23.35,3.0,profit_open,-0.07550581611873963
h5m80d50_direction,002807.SZ,20240129,H5_COMPETING_DIRECTION_TOP3,1,1.0,-0.018918918918918948,0.08212934850589493,3.7,3.63,4.0,profit_open,-0.10104826742481388
h5m80d50_direction,002966.SZ,20240129,H5_COMPETING_DIRECTION_TOP3,1,1.0,0.011996495416640052,0.07999999999999996,7.01,7.094095432870646,3.0,profit_intraday,-0.06800350458335991
h5m80d50_direction,601577.SH,20240129,H5_COMPETING_DIRECTION_TOP3,1,1.0,-0.012379642365887178,0.0886686250589267,7.27,7.18,4.0,profit_open,-0.10104826742481388
h5m80d50_direction,002958.SZ,20240126,H5_COMPETING_DIRECTION_TOP3,1,0.0,-0.06569343065693434,0.056620050165167024,2.74,2.56,5.0,expiry_close,-0.12231348082210136
h5m80d50_direction,600639.SH,20240126,H5_COMPETING_DIRECTION_TOP3,1,1.0,-0.0423134808221014,0.07999999999999996,14.83,14.202491079408237,5.0,profit_intraday,-0.12231348082210136
h5m80d50_direction,601068.SH,20240126,H5_COMPETING_DIRECTION_TOP3,1,0.0,-0.10063056698404682,-0.050000000000000155,5.35,4.811626466635349,2.0,stop_close,-0.050630566984046665
h5m80d50_direction,000027.SZ,20240125,H5_COMPETING_DIRECTION_TOP3,1,1.0,0.02160773219786205,0.07999999999999996,6.24,6.374832248914659,3.0,profit_intraday,-0.05839226780213791
h5m80d50_direction,002423.SZ,20240125,H5_COMPETING_DIRECTION_TOP3,1,1.0,0.02160773219786205,0.07999999999999996,8.46,8.642801414393913,3.0,profit_intraday,-0.05839226780213791
h5m80d50_direction,600675.SH,20240125,H5_COMPETING_DIRECTION_TOP3,1,1.0,0.0483621938419696,0.07999999999999996,4.21,4.413604836074692,2.0,profit_intraday,-0.03163780615803036
h5m80d50_direction,002608.SZ,20240124,H5_COMPETING_DIRECTION_TOP3,1,1.0,0.08080390512234259,0.08000000000000007,6.54,7.068457539500121,3.0,profit_intraday,0.0008039051223425187
h5m80d50_direction,600578.SH,20240124,H5_COMPETING_DIRECTION_TOP3,1,1.0,0.06293706293706292,0.08978393751589331,2.86,3.04,4.0,profit_open,-0.026846874578830393
h5m80d50_direction,601228.SH,20240124,H5_COMPETING_DIRECTION_TOP3,1,1.0,0.018856149395814814,0.07999999999999996,3.03,3.087134132669319,5.0,profit_intraday,-0.061143850604185146
h5m80d50_direction,600578.SH,20240123,H5_COMPETING_DIRECTION_TOP3,1,1.0,0.09712230215827344,0.08298959879073697,2.78,3.05,4.0,profit_open,0.01413270336753647
h5m80d50_direction,600688.SH,20240123,H5_COMPETING_DIRECTION_TOP3,1,1.0,0.11870383198698797,0.08000000000000007,2.56,2.8638818098866894,3.0,profit_intraday,0.0387038319869879
h5m80d50_direction,601326.SH,20240123,H5_COMPETING_DIRECTION_TOP3,1,1.0,0.10181818181818181,0.08768547845064534,2.75,3.03,4.0,profit_open,0.01413270336753647
h5m80d50_direction,000550.SZ,20240122,H5_COMPETING_DIRECTION_TOP3,1,0.0,0.013239615259270865,-0.050000000000000044,22.05,22.341933516466923,3.0,stop_close,0.06323961525927091
h5m80d50_direction,600688.SH,20240122,H5_COMPETING_DIRECTION_TOP3,1,1.0,0.1345469530515062,0.08000000000000007,2.53,2.8704037912203106,4.0,profit_intraday,0.05454695305150614
h5m80d50_direction,601918.SH,20240122,H5_COMPETING_DIRECTION_TOP3,1,1.0,0.13461538461538458,0.08006843156387844,5.2,5.9,4.0,profit_open,0.05454695305150614
h5m80d50_direction,301381.SZ,20240119,H5_COMPETING_DIRECTION_TOP3,1,0.0,-0.04352192835621027,-0.0407813466681991,29.87,28.57,5.0,expiry_close,-0.0027405816880111677
h5m80d50_direction,603099.SH,20240119,H5_COMPETING_DIRECTION_TOP3,1,0.0,-0.07711342768084739,-0.050000000000000044,36.77,33.93453926417524,3.0,stop_close,-0.027113427680847346
h5m80d50_direction,300624.SZ,20240118,H5_COMPETING_DIRECTION_TOP3,1,0.0,0.02006403415154745,0.026155240160362858,93.7,95.58,5.0,expiry_close,-0.0060912060088154085
h5m80d50_direction,301381.SZ,20240118,H5_COMPETING_DIRECTION_TOP3,1,0.0,-0.028657114295234987,-0.022565908286419578,30.01,29.15,5.0,expiry_close,-0.0060912060088154085
h5m80d50_direction,603099.SH,20240118,H5_COMPETING_DIRECTION_TOP3,1,1.0,0.014792853583451171,0.07999999999999996,36.31,36.84712851361511,2.0,profit_intraday,-0.06520714641654879
h5m80d50_direction,300624.SZ,20240117,H5_COMPETING_DIRECTION_TOP3,1,1.0,0.1428222954018783,0.15653369422422447,81.99,93.7,2.0,profit_open,-0.013711398822346177
h5m80d50_direction,688390.SH,20240117,H5_COMPETING_DIRECTION_TOP3,1,0.0,-0.07860628240317169,-0.03815321892035117,131.16,120.85,5.0,expiry_close,-0.04045306348282052
h5m80d50_direction,301004.SZ,20240116,H5_COMPETING_DIRECTION_TOP3,1,1.0,0.13599480688088295,0.1642147634537965,61.62,70.0,2.0,profit_open,-0.02821995657291354
h5m80d50_direction,603009.SH,20240116,H5_COMPETING_DIRECTION_TOP3,1,1.0,-0.011586960149343795,0.07999999999999996,12.63,12.483656693313788,4.0,profit_intraday,-0.09158696014934375
h5m80d50_direction,603099.SH,20240116,H5_COMPETING_DIRECTION_TOP3,1,1.0,0.05178004342708653,0.08000000000000007,36.4,38.28479358074595,2.0,profit_intraday,-0.02821995657291354
h5m80d50_direction,000628.SZ,20240115,H5_COMPETING_DIRECTION_TOP3,1,1.0,0.048867215136960906,0.07999999999999996,49.72,52.14967793660969,3.0,profit_intraday,-0.031132784863039054
h5m80d50_direction,002779.SZ,20240115,H5_COMPETING_DIRECTION_TOP3,1,0.0,-0.07744107744107742,0.016868773777591328,29.7,27.4,5.0,expiry_close,-0.09430985121866875
h5m80d50_direction,603099.SH,20240115,H5_COMPETING_DIRECTION_TOP3,1,1.0,0.051031692627766745,0.08000000000000007,35.37,37.17499096824411,2.0,profit_intraday,-0.028968307372233326
h5m80d50_direction,002779.SZ,20240112,H5_COMPETING_DIRECTION_TOP3,1,1.0,0.04886744100737639,0.07999999999999996,28.49,29.88223339430015,3.0,profit_intraday,-0.03113255899262357
h5m80d50_direction,603099.SH,20240112,H5_COMPETING_DIRECTION_TOP3,1,1.0,0.14133591481122942,0.14655546600629388,30.99,35.37,2.0,profit_open,-0.0052195511950644535
h5m80d50_direction,000628.SZ,20240111,H5_COMPETING_DIRECTION_TOP3,1,0.0,-0.12509897070467146,-0.11750734288111864,50.52,44.2,2.0,t1_stop_t2_open,-0.007591627823552827
h5m80d50_direction,002779.SZ,20240111,H5_COMPETING_DIRECTION_TOP3,1,0.0,-0.07107923051842202,-0.0634876026948692,30.67,28.49,2.0,t1_stop_t2_open,-0.007591627823552827
h5m80d50_direction,603099.SH,20240111,H5_COMPETING_DIRECTION_TOP3,1,1.0,0.07306094182825484,0.08065256965180767,28.88,30.99,2.0,profit_open,-0.007591627823552827
h5m80d50_direction,000628.SZ,20240110,H5_COMPETING_DIRECTION_TOP3,1,1.0,0.12466607301869992,0.11371506234721251,44.92,50.52,2.0,profit_open,0.010951010671487404
h5m80d50_direction,301511.SZ,20240110,H5_COMPETING_DIRECTION_TOP3,1,1.0,0.09095101067148748,0.08000000000000007,26.56,28.975658843434704,2.0,profit_intraday,0.010951010671487404
h5m80d50_direction,603099.SH,20240110,H5_COMPETING_DIRECTION_TOP3,1,0.0,-0.06838709677419363,-0.07933810744568104,31.0,28.88,2.0,t1_stop_t2_open,0.010951010671487404
h5m80d50_direction,300276.SZ,20240109,H5_COMPETING_DIRECTION_TOP3,1,0.0,-0.04590974096570055,-0.050000000000000044,4.18,3.9880972827633716,3.0,stop_close,0.004090259034299493
h5m80d50_direction,300315.SZ,20240109,H5_COMPETING_DIRECTION_TOP3,1,0.0,-0.08365019011406838,-0.0931663872950409,5.26,4.82,2.0,t1_stop_t2_open,0.009516197180972519
h5m80d50_direction,603099.SH,20240109,H5_COMPETING_DIRECTION_TOP3,1,1.0,0.08409025903429956,0.08000000000000007,29.18,31.633753758620863,3.0,profit_intraday,0.004090259034299493
h5m80d50_direction,603099.SH,20240108,H5_COMPETING_DIRECTION_TOP3,1,1.0,0.09988692046739533,0.1039700318901623,26.53,29.18,2.0,profit_open,-0.004083111422766961
h5m80d50_direction,603099.SH,20240105,H5_COMPETING_DIRECTION_TOP3,1,1.0,0.16308636562911016,0.18314543433807373,22.81,26.53,2.0,profit_open,-0.020059068708963568
h5m80d50_direction,605011.SH,20240105,H5_COMPETING_DIRECTION_TOP3,1,0.0,0.02340267459138179,0.03945353105305227,26.92,27.55,5.0,expiry_close,-0.016050856461670482
h5m80d50_direction,603099.SH,20240104,H5_COMPETING_DIRECTION_TOP3,1,1.0,0.06738418343472152,0.10608095562502218,21.37,22.81,2.0,profit_open,-0.038696772190300655
h5m80d50_direction,688032.SH,20240104,H5_COMPETING_DIRECTION_TOP3,1,1.0,0.037378119619486894,0.08000000000000007,275.75,286.0570164850735,4.0,profit_intraday,-0.04262188038051318
h5m80d50_direction,603099.SH,20240103,H5_COMPETING_DIRECTION_TOP3,1,1.0,0.10325245224574076,0.12606634271204242,19.37,21.37,2.0,profit_open,-0.022813890466301667
h5m80d50_direction,603530.SH,20240103,H5_COMPETING_DIRECTION_TOP3,1,0.0,-0.19011558389796734,-0.16730169343166568,25.09,20.32,2.0,t1_stop_t2_open,-0.022813890466301667
h5m80d50_direction,605011.SH,20240103,H5_COMPETING_DIRECTION_TOP3,1,0.0,-0.05941591137965763,-0.03660202091335596,29.79,28.02,2.0,t1_stop_t2_open,-0.022813890466301667
h5m80d50_direction,002779.SZ,20240102,H5_COMPETING_DIRECTION_TOP3,1,0.0,0.017077798861480087,0.0636324301520832,26.35,26.8,5.0,expiry_close,-0.04655463129060311
h5m80d50_direction,601022.SH,20240102,H5_COMPETING_DIRECTION_TOP3,1,0.0,-0.09655463129060304,-0.04999999999999993,12.43,11.229825933057803,5.0,stop_close,-0.04655463129060311
h5m80d50_direction,603530.SH,20240102,H5_COMPETING_DIRECTION_TOP3,1,1.0,0.06913360966934734,0.08000000000000007,23.99,25.64851529596764,2.0,profit_intraday,-0.010866390330652731
h5m80d50_direction,000628.SZ,20231229,H5_COMPETING_DIRECTION_TOP3,1,0.0,-0.06524155920395747,-0.050000000000000044,50.0,46.73792203980213,3.0,stop_close,-0.015241559203957422
h5m80d50_direction,002779.SZ,20231229,H5_COMPETING_DIRECTION_TOP3,1,1.0,0.0712732427131959,0.08000000000000007,24.88,26.653278278704313,2.0,profit_intraday,-0.008726757286804165
h5m80d50_direction,603530.SH,20231229,H5_COMPETING_DIRECTION_TOP3,1,1.0,0.07965796579657969,0.08838472308338385,22.22,23.99,2.0,profit_open,-0.008726757286804165
h5m80d50_direction,603009.SH,20231228,H5_COMPETING_DIRECTION_TOP3,1,1.0,0.08789909476273805,0.08000000000000007,13.85,15.067402462463921,2.0,profit_intraday,0.00789909476273798
h5m80d50_direction,603530.SH,20231228,H5_COMPETING_DIRECTION_TOP3,1,1.0,0.08789909476273805,0.08000000000000007,20.74,22.563027225379184,2.0,profit_intraday,0.00789909476273798
h5m80d50_direction,605011.SH,20231228,H5_COMPETING_DIRECTION_TOP3,1,1.0,0.08354230589363443,0.08000000000000007,25.05,27.142734762635545,3.0,profit_intraday,0.0035423058936343566
h5m80d50_direction,300045.SZ,20231227,H5_COMPETING_DIRECTION_TOP3,1,0.0,-0.02722056595722877,-0.04999999999999993,23.41,22.772766550941274,4.0,stop_close,0.022779434042771163
h5m80d50_direction,601022.SH,20231227,H5_COMPETING_DIRECTION_TOP3,1,1.0,0.11680143755615435,0.09402200351338319,11.13,12.43,4.0,profit_open,0.022779434042771163
h5m80d50_direction,603009.SH,20231227,H5_COMPETING_DIRECTION_TOP3,1,0.0,-0.03417015341701535,-0.06595371214935875,14.34,13.85,2.0,t1_stop_t2_open,0.0317835587323434
h5m80d50_direction,601022.SH,20231226,H5_COMPETING_DIRECTION_TOP3,1,0.0,-0.0693979933110368,-0.09583811228289407,11.96,11.13,2.0,t1_stop_t2_open,0.026440118971857274
h5m80d50_direction,603009.SH,20231226,H5_COMPETING_DIRECTION_TOP3,1,0.0,0.05003573981415288,0.019959655959398637,13.99,14.69,5.0,expiry_close,0.030076083854754243
h5m80d50_direction,301000.SZ,20231225,H5_COMPETING_DIRECTION_TOP3,1,0.0,-0.03761898947269893,-0.04999999999999993,21.88,21.056896510337346,3.0,stop_close,0.012381010527301006
h5m80d50_direction,603009.SH,20231225,H5_COMPETING_DIRECTION_TOP3,1,0.0,-0.03761898947269904,-0.050000000000000044,14.71,14.156624664856597,3.0,stop_close,0.012381010527301006
h5m80d50_direction,688390.SH,20231225,H5_COMPETING_DIRECTION_TOP3,1,1.0,0.09238101052730108,0.08000000000000007,119.38,130.40844503674919,3.0,profit_intraday,0.012381010527301006
h5m80d50_direction,601022.SH,20231222,H5_COMPETING_DIRECTION_TOP3,1,0.0,-0.03125,-0.017847040985358054,12.8,12.4,2.0,t1_stop_t2_open,-0.013402959014641946
h5m80d50_direction,603009.SH,20231222,H5_COMPETING_DIRECTION_TOP3,1,0.0,-0.037317215873706955,-0.050000000000000044,14.49,13.949273541989987,4.0,stop_close,0.01268278412629309
h5m80d50_direction,688032.SH,20231222,H5_COMPETING_DIRECTION_TOP3,1,1.0,0.06659704098535801,0.07999999999999996,256.9,274.00877982913846,2.0,profit_intraday,-0.013402959014641946
h5m80d50_direction,002292.SZ,20231221,H5_COMPETING_DIRECTION_TOP3,1,0.0,-0.1255060728744939,-0.11759088465350931,9.88,8.64,2.0,t1_stop_t2_open,-0.007915188220984581
h5m80d50_direction,601022.SH,20231221,H5_COMPETING_DIRECTION_TOP3,1,1.0,0.05849626657584328,0.07999999999999996,12.26,12.977164228219838,3.0,profit_intraday,-0.02150373342415668
h5m80d50_direction,605011.SH,20231221,H5_COMPETING_DIRECTION_TOP3,1,0.0,-0.057915188220984626,-0.050000000000000044,29.67,27.951656365483387,2.0,stop_close,-0.007915188220984581
h5m80d50_direction,301000.SZ,20231220,H5_COMPETING_DIRECTION_TOP3,1,1.0,0.0782961172975154,0.07999999999999996,19.22,20.724851374458243,3.0,profit_intraday,-0.0017038827024845604
h5m80d50_direction,605011.SH,20231220,H5_COMPETING_DIRECTION_TOP3,1,0.0,-0.051703882702484605,-0.050000000000000044,29.6,28.06956507200646,3.0,stop_close,-0.0017038827024845604
h5m80d50_direction,301000.SZ,20231219,H5_COMPETING_DIRECTION_TOP3,1,1.0,0.06452142213223677,0.07999999999999996,19.4,20.65171558936539,4.0,profit_intraday,-0.015478577867763188
h5m80d50_direction,601022.SH,20231219,H5_COMPETING_DIRECTION_TOP3,1,1.0,0.07237626707215106,0.08000000000000007,11.31,12.128575580586029,2.0,profit_intraday,-0.007623732927849014
h5m80d50_direction,605011.SH,20231219,H5_COMPETING_DIRECTION_TOP3,1,1.0,0.09629629629629632,0.10392002922414534,27.0,29.6,2.0,profit_open,-0.007623732927849014
h5m80d50_direction,002292.SZ,20231218,H5_COMPETING_DIRECTION_TOP3,1,0.0,-0.06328959099628173,-0.050000000000000044,10.02,9.385838298217257,2.0,stop_close,-0.013289590996281686
h5m80d50_direction,601022.SH,20231218,H5_COMPETING_DIRECTION_TOP3,1,0.0,-0.09952229299363058,-0.08623270199734889,12.56,11.31,2.0,t1_stop_t2_open,-0.013289590996281686
h5m80d50_direction,605011.SH,20231218,H5_COMPETING_DIRECTION_TOP3,1,0.0,-0.09365558912386707,-0.08036599812758538,29.79,27.0,2.0,t1_stop_t2_open,-0.013289590996281686
h5m80d50_direction,603009.SH,20231215,H5_COMPETING_DIRECTION_TOP3,1,1.0,0.06609280034901399,0.08000000000000007,14.39,15.341075397022312,2.0,profit_intraday,-0.01390719965098608
h5m80d50_direction,605011.SH,20231215,H5_COMPETING_DIRECTION_TOP3,1,0.0,-0.06390719965098612,-0.050000000000000044,30.33,28.39169463458559,2.0,stop_close,-0.01390719965098608
h5m80d50_direction,300007.SZ,20231214,H5_COMPETING_DIRECTION_TOP3,1,1.0,0.05894105894105883,0.09284055527023449,20.02,21.2,4.0,profit_open,-0.03389949632917566
h5m80d50_direction,605011.SH,20231214,H5_COMPETING_DIRECTION_TOP3,1,1.0,0.05911250844743421,0.08000000000000007,28.83,30.534213618539525,2.0,profit_intraday,-0.020887491552565862
h5m80d50_direction,000766.SZ,20231213,H5_COMPETING_DIRECTION_TOP3,1,0.0,-0.05961246801903031,-0.050000000000000044,23.86,22.437646513065935,2.0,stop_close,-0.009612468019030262
h5m80d50_direction,300007.SZ,20231213,H5_COMPETING_DIRECTION_TOP3,1,0.0,-0.01918465227817756,0.01767685393577889,20.85,20.45,5.0,expiry_close,-0.03686150621395645
h5m80d50_direction,603009.SH,20231213,H5_COMPETING_DIRECTION_TOP3,1,1.0,0.05611060448680649,0.08000000000000007,14.73,15.556509204090661,3.0,profit_intraday,-0.02388939551319358
h5m80d50_direction,600686.SH,20231212,H5_COMPETING_DIRECTION_TOP3,1,0.0,-0.03917050691244239,-0.00708892010235751,8.68,8.34,5.0,expiry_close,-0.03208158681008488
h5m80d50_direction,688525.SH,20231212,H5_COMPETING_DIRECTION_TOP3,1,0.0,-0.08258051488673024,-0.050000000000000155,81.65,74.90730095949849,4.0,stop_close,-0.03258051488673008
h5m80d50_direction,000628.SZ,20231211,H5_COMPETING_DIRECTION_TOP3,1,0.0,-0.06050128945568345,-0.050000000000000044,57.51,54.030570843403645,3.0,stop_close,-0.010501289455683405
h5m80d50_direction,300857.SZ,20231211,H5_COMPETING_DIRECTION_TOP3,1,0.0,-0.07533615767176272,-0.044166722258309976,54.29,50.2,5.0,expiry_close,-0.03116943541345274
h5m80d50_direction,300548.SZ,20231208,H5_COMPETING_DIRECTION_TOP3,1,0.0,-0.04170804369414105,-0.036741012183169386,30.21,28.95,5.0,expiry_close,-0.0049670315109716645
h5m80d50_direction,300570.SZ,20231208,H5_COMPETING_DIRECTION_TOP3,1,0.0,-0.04902439024390237,-0.04405735873293071,41.0,38.99,5.0,expiry_close,-0.0049670315109716645
h5m80d50_direction,301205.SZ,20231208,H5_COMPETING_DIRECTION_TOP3,1,0.0,-0.048389800699630614,-0.050000000000000044,124.2,118.18998675310588,4.0,stop_close,0.0016101993003694304
h5m80d50_direction,300570.SZ,20231207,H5_COMPETING_DIRECTION_TOP3,1,1.0,0.09183318393211493,0.08000000000000007,38.77,42.3303725410481,2.0,profit_intraday,0.011833183932114855
h5m80d50_direction,300857.SZ,20231207,H5_COMPETING_DIRECTION_TOP3,1,0.0,-0.0037037037037037646,-0.004911334490481867,54.0,53.8,5.0,expiry_close,0.0012076307867781022
h5m80d50_direction,301205.SZ,20231207,H5_COMPETING_DIRECTION_TOP3,1,1.0,0.09183318393211493,0.08000000000000007,115.64,126.25958938990978,2.0,profit_intraday,0.011833183932114855
h5m80d50_direction,300624.SZ,20231206,H5_COMPETING_DIRECTION_TOP3,1,1.0,0.07838856498469049,0.07999999999999996,103.22,111.31126767771975,2.0,profit_intraday,-0.0016114350153094703
h5m80d50_direction,300857.SZ,20231206,H5_COMPETING_DIRECTION_TOP3,1,0.0,-0.07660738714090287,-0.0749959521255934,58.48,54.0,2.0,t1_stop_t2_open,-0.0016114350153094703
h5m80d50_direction,301205.SZ,20231205,H5_COMPETING_DIRECTION_TOP3,1,1.0,0.08313556690848745,0.08000000000000007,116.77,126.47774014790407,3.0,profit_intraday,0.003135566908487375
h5m80d50_direction,603516.SH,20231205,H5_COMPETING_DIRECTION_TOP3,1,0.0,0.01110162254483349,-0.005793432880428773,23.42,23.68,5.0,expiry_close,0.016895055425262262
h5m80d50_direction,688525.SH,20231205,H5_COMPETING_DIRECTION_TOP3,1,1.0,0.08353891061231433,0.08000000000000007,78.64,85.2094999305524,2.0,profit_intraday,0.003538910612314261
h5m80d50_direction,301171.SZ,20231204,H5_COMPETING_DIRECTION_TOP3,1,1.0,0.08512585812356965,0.10071360814851571,21.85,23.71,3.0,profit_open,-0.015587750024946057
h5m80d50_direction,603516.SH,20231204,H5_COMPETING_DIRECTION_TOP3,1,0.0,-0.0190082644628099,-0.015069245656845531,24.2,23.74,5.0,expiry_close,-0.003939018805964367
h5m80d50_direction,688525.SH,20231204,H5_COMPETING_DIRECTION_TOP3,1,0.0,-0.007204786909268623,-0.0032657681033042563,81.89,81.3,5.0,expiry_close,-0.003939018805964367
h5m80d50_direction,000628.SZ,20231201,H5_COMPETING_DIRECTION_TOP3,1,0.0,-0.058295964125560595,-0.03752470938098451,66.9,63.0,2.0,t1_stop_t2_open,-0.020771254744576084
h5m80d50_direction,300624.SZ,20231201,H5_COMPETING_DIRECTION_TOP3,1,1.0,0.059228745255423876,0.07999999999999996,93.5,99.03788768138213,2.0,profit_intraday,-0.020771254744576084
h5m80d50_direction,301205.SZ,20231201,H5_COMPETING_DIRECTION_TOP3,1,1.0,0.06229918250488664,0.08000000000000007,123.0,130.66279944810105,5.0,profit_intraday,-0.01770081749511343
h5m80d50_direction,300857.SZ,20231130,H5_COMPETING_DIRECTION_TOP3,1,1.0,0.06560822041201564,0.07999999999999996,54.75,58.34205006755786,3.0,profit_intraday,-0.014391779587984321
h5m80d50_direction,301205.SZ,20231130,H5_COMPETING_DIRECTION_TOP3,1,1.0,0.0847581181846131,0.08000000000000007,117.88,127.87128697160219,2.0,profit_intraday,0.004758118184613025
h5m80d50_direction,301262.SZ,20231130,H5_COMPETING_DIRECTION_TOP3,1,1.0,0.0847581181846131,0.08000000000000007,35.22,38.20518092246207,2.0,profit_intraday,0.004758118184613025
h5m80d50_direction,300857.SZ,20231129,H5_COMPETING_DIRECTION_TOP3,1,1.0,0.08198616275405035,0.08000000000000007,51.61,55.841305859736536,2.0,profit_intraday,0.00198616275405028
h5m80d50_direction,301091.SZ,20231129,H5_COMPETING_DIRECTION_TOP3,1,0.0,-0.0475416497358796,-0.03338045345816021,24.61,23.44,5.0,expiry_close,-0.01416119627771939
h5m80d50_direction,301262.SZ,20231129,H5_COMPETING_DIRECTION_TOP3,1,1.0,0.08198616275405035,0.08000000000000007,34.48,37.306882891759656,2.0,profit_intraday,0.00198616275405028
h5m80d50_direction,000628.SZ,20231128,H5_COMPETING_DIRECTION_TOP3,1,1.0,0.07650116015355102,0.08000000000000007,56.79,61.13450088512016,3.0,profit_intraday,-0.0034988398464490533
h5m80d50_direction,301262.SZ,20231128,H5_COMPETING_DIRECTION_TOP3,1,0.0,-0.009589041095890427,0.014608378201373728,36.5,36.15,5.0,expiry_close,-0.024197419297264156
h5m80d50_direction,300857.SZ,20231127,H5_COMPETING_DIRECTION_TOP3,1,1.0,0.0803034567408274,0.08000000000000007,53.35,57.634189417123146,5.0,profit_intraday,0.00030345674082732366
h5m80d50_direction,301205.SZ,20231127,H5_COMPETING_DIRECTION_TOP3,1,1.0,0.07556643398728191,0.07999999999999996,112.2,120.67855389337304,3.0,profit_intraday,-0.004433566012718049
h5m80d50_direction,301215.SZ,20231127,H5_COMPETING_DIRECTION_TOP3,1,0.0,-0.049933948096748004,-0.050000000000000044,7.51,7.134996049793422,2.0,stop_close,6.605190325204013e-05
h5m80d50_direction,301262.SZ,20231124,H5_COMPETING_DIRECTION_TOP3,1,1.0,0.08587588191503803,0.08000000000000007,35.5,38.54859380798385,2.0,profit_intraday,0.0058758819150379615
h5m80d50_direction,603103.SH,20231124,H5_COMPETING_DIRECTION_TOP3,1,0.0,0.03372093023255829,0.03136444693374685,17.2,17.78,5.0,expiry_close,0.0023564832988114404
h5m80d50_direction,002275.SZ,20231123,H5_COMPETING_DIRECTION_TOP3,1,0.0,-0.061672472446002935,-0.050000000000000044,17.4,16.326898979439548,2.0,stop_close,-0.01167247244600289
h5m80d50_direction,002416.SZ,20231123,H5_COMPETING_DIRECTION_TOP3,1,0.0,-0.13181367690782952,-0.12014120446182663,10.09,8.76,2.0,t1_stop_t2_open,-0.01167247244600289
h5m80d50_direction,603009.SH,20231123,H5_COMPETING_DIRECTION_TOP3,1,0.0,-0.041634541249036316,-0.02558025346743653,12.97,12.43,5.0,expiry_close,-0.016054287781599785
h5m80d50_direction,000058.SZ,20231122,H5_COMPETING_DIRECTION_TOP3,1,0.0,-0.06838565022421517,-0.06666211786673892,8.92,8.31,2.0,t1_stop_t2_open,-0.001723532357476243
h5m80d50_direction,301262.SZ,20231122,H5_COMPETING_DIRECTION_TOP3,1,0.0,-0.08000000000000007,-0.07827646764252383,40.0,36.8,2.0,t1_stop_t2_open,-0.001723532357476243
h5m80d50_direction,603663.SH,20231122,H5_COMPETING_DIRECTION_TOP3,1,0.0,-0.18730650154798756,-0.18558296919051132,12.92,10.5,2.0,t1_stop_t2_open,-0.001723532357476243
h5m80d50_direction,300184.SZ,20231121,H5_COMPETING_DIRECTION_TOP3,1,0.0,-0.06377739060557308,-0.050000000000000044,7.4,6.928047309518759,3.0,stop_close,-0.013777390605573037
h5m80d50_direction,603009.SH,20231121,H5_COMPETING_DIRECTION_TOP3,1,0.0,-0.030888030888030826,-0.022905567877199995,12.95,12.55,5.0,expiry_close,-0.007982463010830831
h5m80d50_direction,603663.SH,20231121,H5_COMPETING_DIRECTION_TOP3,1,0.0,-0.05182690981749405,-0.050000000000000044,12.9,12.231432863354327,2.0,stop_close,-0.0018269098174940046
h5m80d50_direction,002239.SZ,20231120,H5_COMPETING_DIRECTION_TOP3,1,0.0,-0.06784747719718187,-0.050000000000000044,4.07,3.79386076780747,2.0,stop_close,-0.017847477197181827
h5m80d50_direction,301091.SZ,20231120,H5_COMPETING_DIRECTION_TOP3,1,1.0,0.08669596484218922,0.10454344203937105,25.03,27.2,2.0,profit_open,-0.017847477197181827
h5m80d50_direction,603009.SH,20231120,H5_COMPETING_DIRECTION_TOP3,1,0.0,-0.06954024885020937,-0.050000000000000044,13.57,12.626338823102659,4.0,stop_close,-0.01954024885020933
h5m80d50_direction,002239.SZ,20231117,H5_COMPETING_DIRECTION_TOP3,1,1.0,0.10298102981029822,0.10104597630322187,3.69,4.07,2.0,profit_open,0.0019350535070763453
h5m80d50_direction,002400.SZ,20231117,H5_COMPETING_DIRECTION_TOP3,1,1.0,0.08193505350707642,0.08000000000000007,6.6,7.140771353146704,2.0,profit_intraday,0.0019350535070763453
h5m80d50_direction,300857.SZ,20231117,H5_COMPETING_DIRECTION_TOP3,1,1.0,0.08850630455868091,0.08657125105160457,41.24,44.89,2.0,profit_open,0.0019350535070763453
h5m80d50_direction,002239.SZ,20231116,H5_COMPETING_DIRECTION_TOP3,1,1.0,0.09496817199532281,0.08000000000000007,3.37,3.690042739624238,2.0,profit_intraday,0.014968171995322743
h5m80d50_direction,603009.SH,20231116,H5_COMPETING_DIRECTION_TOP3,1,0.0,0.001536098310291889,-0.005657824410565393,13.02,13.04,5.0,expiry_close,0.007193922720857282
h5m80d50_direction,603516.SH,20231116,H5_COMPETING_DIRECTION_TOP3,1,1.0,0.08903734294890864,0.08000000000000007,23.18,25.2438856095557,3.0,profit_intraday,0.009037342948908567
h5m80d50_direction,002881.SZ,20231115,H5_COMPETING_DIRECTION_TOP3,1,0.0,-0.050882943156835614,-0.050000000000000044,31.54,29.935151972833403,4.0,stop_close,-0.0008829431568355695
h5m80d50_direction,601022.SH,20231115,H5_COMPETING_DIRECTION_TOP3,1,0.0,-0.05281255422100273,-0.050000000000000044,12.9,12.218718050549064,2.0,stop_close,-0.0028125542210026833
h5m80d50_direction,603496.SH,20231115,H5_COMPETING_DIRECTION_TOP3,1,1.0,0.07718744577899739,0.08000000000000007,41.09,44.261632147059004,2.0,profit_intraday,-0.0028125542210026833
h5m80d50_direction,601022.SH,20231114,H5_COMPETING_DIRECTION_TOP3,1,0.0,-0.053695434082434934,-0.050000000000000044,13.19,12.481757224452682,2.0,stop_close,-0.0036954340824348897
h5m80d50_direction,603009.SH,20231114,H5_COMPETING_DIRECTION_TOP3,1,0.0,0.008560311284046884,0.0032517993227212383,12.85,12.96,5.0,expiry_close,0.005308511961325646
h5m80d50_direction,603496.SH,20231114,H5_COMPETING_DIRECTION_TOP3,1,1.0,0.07630456591756518,0.08000000000000007,38.89,41.85748456853411,2.0,profit_intraday,-0.0036954340824348897
h5m80d50_direction,300184.SZ,20231113,H5_COMPETING_DIRECTION_TOP3,1,0.0,-0.04746116136461942,-0.050000000000000044,7.4,7.048787405901817,3.0,stop_close,0.0025388386353806247
h5m80d50_direction,601022.SH,20231113,H5_COMPETING_DIRECTION_TOP3,1,1.0,0.09249309979353515,0.08000000000000007,13.19,14.409983986276728,2.0,profit_intraday,0.012493099793535078
h5m80d50_direction,603009.SH,20231113,H5_COMPETING_DIRECTION_TOP3,1,1.0,0.09249309979353515,0.08000000000000007,12.38,13.525064575443967,2.0,profit_intraday,0.012493099793535078
h5m80d50_direction,300184.SZ,20231110,H5_COMPETING_DIRECTION_TOP3,1,0.0,-0.039699260141319526,-0.050000000000000044,7.39,7.096622467555648,4.0,stop_close,0.010300739858680519
h5m80d50_direction,601022.SH,20231110,H5_COMPETING_DIRECTION_TOP3,1,1.0,0.10008340283569628,0.08603531511241536,11.99,13.19,2.0,profit_open,0.014048087723280922
h5m80d50_direction,603009.SH,20231110,H5_COMPETING_DIRECTION_TOP3,1,1.0,0.094048087723281,0.08000000000000007,11.32,12.384624353027542,2.0,profit_intraday,0.014048087723280922
h5m80d50_direction,000828.SZ,20231109,H5_COMPETING_DIRECTION_TOP3,1,1.0,0.14478114478114468,0.13948130820832194,11.88,13.6,2.0,profit_open,0.005299836572822736
h5m80d50_direction,301297.SZ,20231109,H5_COMPETING_DIRECTION_TOP3,1,1.0,0.08529983657282281,0.08000000000000007,35.01,37.996347278414525,2.0,profit_intraday,0.005299836572822736
h5m80d50_direction,603009.SH,20231109,H5_COMPETING_DIRECTION_TOP3,1,1.0,0.08529983657282281,0.08000000000000007,10.45,11.341383292185997,2.0,profit_intraday,0.005299836572822736
h5m80d50_direction,000628.SZ,20231108,H5_COMPETING_DIRECTION_TOP3,1,1.0,0.08052174727181427,0.08000000000000007,56.9,61.48168741976623,3.0,profit_intraday,0.0005217472718141991
h5m80d50_direction,000828.SZ,20231108,H5_COMPETING_DIRECTION_TOP3,1,1.0,0.0728349757317146,0.07999999999999996,12.78,13.710830989851312,2.0,profit_intraday,-0.007165024268285358
h5m80d50_direction,300047.SZ,20231108,H5_COMPETING_DIRECTION_TOP3,1,0.0,-0.0571650242682854,-0.050000000000000044,11.2,10.559751728195202,2.0,stop_close,-0.007165024268285358
h5m80d50_direction,000628.SZ,20231107,H5_COMPETING_DIRECTION_TOP3,1,1.0,0.08864605718964103,0.08000000000000007,57.8,62.923742105561246,5.0,profit_intraday,0.008646057189640954
h5m80d50_direction,000828.SZ,20231107,H5_COMPETING_DIRECTION_TOP3,1,1.0,0.07708939597775144,0.07999999999999996,12.0,12.925072751733017,2.0,profit_intraday,-0.0029106040222485197
h5m80d50_direction,603009.SH,20231107,H5_COMPETING_DIRECTION_TOP3,1,0.0,-0.05291060402224845,-0.04999999999999993,11.22,10.626343022870373,2.0,stop_close,-0.0029106040222485197
h5m80d50_direction,000712.SZ,20231106,H5_COMPETING_DIRECTION_TOP3,1,1.0,0.08454454930095268,0.08000000000000007,16.74,18.155275755297946,2.0,profit_intraday,0.004544549300952605
h5m80d50_direction,300337.SZ,20231106,H5_COMPETING_DIRECTION_TOP3,1,0.0,-0.05022995019540122,-0.050000000000000155,11.0,10.447470547850587,3.0,stop_close,-0.00022995019540106298
h5m80d50_direction,603009.SH,20231106,H5_COMPETING_DIRECTION_TOP3,1,0.0,-0.05022995019540122,-0.050000000000000155,11.32,10.751396963788059,3.0,stop_close,-0.00022995019540106298
h5m80d50_direction,300570.SZ,20231103,H5_COMPETING_DIRECTION_TOP3,1,1.0,0.10291474079790097,0.08000000000000007,32.04,35.33738829516474,2.0,profit_intraday,0.0229147407979009
h5m80d50_direction,301091.SZ,20231103,H5_COMPETING_DIRECTION_TOP3,1,1.0,0.10291474079790097,0.08000000000000007,23.12,25.49938880724747,2.0,profit_intraday,0.0229147407979009
h5m80d50_direction,603009.SH,20231103,H5_COMPETING_DIRECTION_TOP3,1,0.0,-0.025191748118625235,-0.050000000000000044,11.5,11.21029489663581,3.0,stop_close,0.02480825188137481
h5m80d50_direction,000676.SZ,20231102,H5_COMPETING_DIRECTION_TOP3,1,0.0,-0.050000000000000044,-0.08451211129653036,9.4,8.93,2.0,t1_stop_t2_open,0.03451211129653031
h5m80d50_direction,300337.SZ,20231102,H5_COMPETING_DIRECTION_TOP3,1,1.0,0.11451211129653038,0.08000000000000007,9.55,10.643590662881866,2.0,profit_intraday,0.03451211129653031
h5m80d50_direction,300570.SZ,20231102,H5_COMPETING_DIRECTION_TOP3,1,1.0,0.11729337530480688,0.08000000000000007,30.71,34.31207955561062,3.0,profit_intraday,0.03729337530480681
h5m80d50_direction,300570.SZ,20231101,H5_COMPETING_DIRECTION_TOP3,1,1.0,0.10596417390600199,0.08000000000000007,32.3,35.72264281716386,4.0,profit_intraday,0.02596417390600192
h5m80d50_direction,300735.SZ,20231101,H5_COMPETING_DIRECTION_TOP3,1,0.0,-0.04701887851794728,-0.050000000000000044,31.01,29.551944577158455,2.0,stop_close,0.002981121482052762
h5m80d50_direction,603009.SH,20231101,H5_COMPETING_DIRECTION_TOP3,1,1.0,0.08298112148205283,0.08000000000000007,10.75,11.642047055932068,2.0,profit_intraday,0.002981121482052762
h5m80d50_direction,000676.SZ,20231031,H5_COMPETING_DIRECTION_TOP3,1,1.0,0.12640801001251556,0.13810487960279638,7.99,9.0,2.0,profit_open,-0.011696869590280823
h5m80d50_direction,300735.SZ,20231031,H5_COMPETING_DIRECTION_TOP3,1,0.0,-0.01399533488837057,-0.039155624855374827,30.01,29.59,5.0,expiry_close,0.025160289967004257
h5m80d50_direction,603009.SH,20231031,H5_COMPETING_DIRECTION_TOP3,1,1.0,0.06830313040971925,0.08000000000000007,10.16,10.853959804962749,2.0,profit_intraday,-0.011696869590280823
h5m80d50_direction,000676.SZ,20231030,H5_COMPETING_DIRECTION_TOP3,1,1.0,0.07404407484388442,0.08000000000000007,8.06,8.656795243241708,2.0,profit_intraday,-0.005955925156115649
h5m80d50_direction,603009.SH,20231030,H5_COMPETING_DIRECTION_TOP3,1,1.0,0.06318723743288124,0.08000000000000007,10.5,11.163465993045254,3.0,profit_intraday,-0.016812762567118833
h5m80d50_direction,603108.SH,20231030,H5_COMPETING_DIRECTION_TOP3,1,0.0,0.051219512195122,0.03410040739862907,20.5,21.55,5.0,expiry_close,0.017119104796492923
h5m80d50_direction,300100.SZ,20231027,H5_COMPETING_DIRECTION_TOP3,1,1.0,0.08881878368625529,0.08000000000000007,10.24,11.149504344947255,2.0,profit_intraday,0.008818783686255216
h5m80d50_direction,603009.SH,20231027,H5_COMPETING_DIRECTION_TOP3,1,0.0,-0.034038638454461756,-0.04285742214071697,10.87,10.5,2.0,t1_stop_t2_open,0.008818783686255216
h5m80d50_direction,603516.SH,20231027,H5_COMPETING_DIRECTION_TOP3,1,0.0,-0.04118121631374483,-0.050000000000000044,19.06,18.275086017060023,2.0,stop_close,0.008818783686255216
h5m80d50_direction,003039.SZ,20231026,H5_COMPETING_DIRECTION_TOP3,1,0.0,-0.15695952615992115,-0.18926977394341027,20.26,17.08,2.0,t1_stop_t2_open,0.03231024778348912
h5m80d50_direction,300735.SZ,20231026,H5_COMPETING_DIRECTION_TOP3,1,1.0,0.22857142857142865,0.19626118078793953,22.75,27.95,2.0,profit_open,0.03231024778348912
h5m80d50_direction,300926.SZ,20231026,H5_COMPETING_DIRECTION_TOP3,1,0.0,-0.06190061028770688,-0.094210858071196,34.41,32.28,2.0,t1_stop_t2_open,0.03231024778348912
h5m80d50_direction,003039.SZ,20231025,H5_COMPETING_DIRECTION_TOP3,1,0.0,-0.012121147157627465,-0.050000000000000044,18.84,18.611637587550298,3.0,stop_close,0.03787885284237258
h5m80d50_direction,600186.SH,20231025,H5_COMPETING_DIRECTION_TOP3,1,0.0,-0.026519518913109552,-0.050000000000000044,7.05,6.863037391662577,2.0,stop_close,0.023480481086890492
h5m80d50_direction,603496.SH,20231025,H5_COMPETING_DIRECTION_TOP3,1,0.0,-0.026519518913109552,-0.050000000000000044,34.51,33.594811402308586,2.0,stop_close,0.023480481086890492
h5m80d50_direction,002654.SZ,20231024,H5_COMPETING_DIRECTION_TOP3,1,1.0,0.09496610018658447,0.08000000000000007,14.1,15.43902201263084,2.0,profit_intraday,0.014966100186584397
h5m80d50_direction,600186.SH,20231024,H5_COMPETING_DIRECTION_TOP3,1,1.0,0.09496610018658447,0.08000000000000007,6.53,7.1501286342183965,2.0,profit_intraday,0.014966100186584397
h5m80d50_direction,688523.SH,20231024,H5_COMPETING_DIRECTION_TOP3,1,1.0,0.09496610018658447,0.08000000000000007,30.9,33.83445249576546,2.0,profit_intraday,0.014966100186584397
h5m80d50_direction,300735.SZ,20231023,H5_COMPETING_DIRECTION_TOP3,1,1.0,0.10615415404280659,0.08000000000000007,18.01,19.921836314310948,2.0,profit_intraday,0.02615415404280652
h5m80d50_direction,603496.SH,20231023,H5_COMPETING_DIRECTION_TOP3,1,1.0,0.10615415404280659,0.08000000000000007,33.99,37.598179695915,2.0,profit_intraday,0.02615415404280652
h5m80d50_direction,688523.SH,20231023,H5_COMPETING_DIRECTION_TOP3,1,1.0,0.11168955120239721,0.08000000000000007,30.88,34.32897334113002,3.0,profit_intraday,0.03168955120239714
h5m80d50_direction,603009.SH,20231020,H5_COMPETING_DIRECTION_TOP3,1,1.0,0.07177483313550259,0.08000000000000007,8.46,9.067215088326353,2.0,profit_intraday,-0.00822516686449748
h5m80d50_direction,603496.SH,20231020,H5_COMPETING_DIRECTION_TOP3,1,1.0,0.07177483313550259,0.08000000000000007,33.5,35.904456910039336,2.0,profit_intraday,-0.00822516686449748
h5m80d50_direction,688523.SH,20231020,H5_COMPETING_DIRECTION_TOP3,1,1.0,0.07177483313550259,0.08000000000000007,29.05,31.13505890258635,2.0,profit_intraday,-0.00822516686449748
h5m80d50_direction,603009.SH,20231019,H5_COMPETING_DIRECTION_TOP3,1,0.0,0.027624309392265234,0.03121118155198832,9.05,9.3,5.0,expiry_close,-0.003586872159723087
h5m80d50_direction,603220.SH,20231019,H5_COMPETING_DIRECTION_TOP3,1,1.0,0.045807133239832654,0.07999999999999996,34.45,36.02805574011224,2.0,profit_intraday,-0.034192866760167306
h5m80d50_direction,688523.SH,20231019,H5_COMPETING_DIRECTION_TOP3,1,1.0,0.045807133239832654,0.07999999999999996,29.53,30.882684644572258,2.0,profit_intraday,-0.034192866760167306
h5m80d50_direction,002654.SZ,20231018,H5_COMPETING_DIRECTION_TOP3,1,0.0,-0.1451219512195121,-0.12455296069084398,16.4,14.02,2.0,t1_stop_t2_open,-0.02056899052866812
h5m80d50_direction,603496.SH,20231018,H5_COMPETING_DIRECTION_TOP3,1,0.0,-0.07056899052866816,-0.050000000000000044,37.8,35.13249215801634,2.0,stop_close,-0.02056899052866812
h5m80d50_direction,688523.SH,20231018,H5_COMPETING_DIRECTION_TOP3,1,1.0,0.03562925959148844,0.08000000000000007,29.83,30.892820813614097,3.0,profit_intraday,-0.04437074040851163
h5m80d50_direction,603496.SH,20231017,H5_COMPETING_DIRECTION_TOP3,1,0.0,-0.07725725401803452,-0.050000000000000044,40.5,37.3710812122696,2.0,stop_close,-0.02725725401803447
h5m80d50_direction,688523.SH,20231017,H5_COMPETING_DIRECTION_TOP3,1,0.0,-0.07647058823529407,-0.0492133342172596,32.3,29.83,2.0,t1_stop_t2_open,-0.02725725401803447
h5m80d50_direction,002364.SZ,20231016,H5_COMPETING_DIRECTION_TOP3,1,0.0,-0.07717506114697015,-0.050000000000000044,8.32,7.677903491257209,3.0,stop_close,-0.027175061146970103
h5m80d50_direction,600186.SH,20231016,H5_COMPETING_DIRECTION_TOP3,1,0.0,-0.0668140459203781,-0.050000000000000044,7.71,7.1948637059538845,2.0,stop_close,-0.01681404592037805
h5m80d50_direction,000766.SZ,20231013,H5_COMPETING_DIRECTION_TOP3,1,1.0,0.05381554482212447,0.08000000000000007,15.2,16.01799628129629,3.0,profit_intraday,-0.0261844551778756
h5m80d50_direction,002654.SZ,20231013,H5_COMPETING_DIRECTION_TOP3,1,1.0,0.07055303251568823,0.08000000000000007,14.96,16.015473366434698,2.0,profit_intraday,-0.009446967484311841
h5m80d50_direction,300199.SZ,20231012,H5_COMPETING_DIRECTION_TOP3,1,1.0,0.08937499999999998,0.10355193113541228,16.0,17.43,2.0,profit_open,-0.014176931135412296
h5m80d50_direction,600186.SH,20231012,H5_COMPETING_DIRECTION_TOP3,1,0.0,-0.08075260548466956,-0.050000000000000044,7.65,7.032242568042278,4.0,stop_close,-0.030752605484669515
h5m80d50_direction,002456.SZ,20231011,H5_COMPETING_DIRECTION_TOP3,1,1.0,0.08232539084321067,0.08000000000000007,9.36,10.13056565829245,2.0,profit_intraday,0.002325390843210595
h5m80d50_direction,300199.SZ,20231011,H5_COMPETING_DIRECTION_TOP3,1,1.0,0.09514031485284047,0.09281492400962987,14.61,16.0,2.0,profit_open,0.002325390843210595
h5m80d50_direction,603496.SH,20231011,H5_COMPETING_DIRECTION_TOP3,1,1.0,0.08232539084321067,0.08000000000000007,33.68,36.45271916359933,2.0,profit_intraday,0.002325390843210595
h5m80d50_direction,002456.SZ,20231010,H5_COMPETING_DIRECTION_TOP3,1,1.0,0.099882491186839,0.08990817826111686,8.51,9.36,2.0,profit_open,0.00997431292572215
h5m80d50_direction,300199.SZ,20231010,H5_COMPETING_DIRECTION_TOP3,1,1.0,0.08997431292572222,0.08000000000000007,14.77,16.098920601912916,2.0,profit_intraday,0.00997431292572215
h5m80d50_direction,600186.SH,20231010,H5_COMPETING_DIRECTION_TOP3,1,1.0,0.08997431292572222,0.08000000000000007,7.5,8.174807346942917,2.0,profit_intraday,0.00997431292572215
h5m80d50_direction,002456.SZ,20231009,H5_COMPETING_DIRECTION_TOP3,1,1.0,0.09948320413436695,0.10035123886712094,7.74,8.51,2.0,profit_open,-0.0008680347327539861
h5m80d50_direction,300045.SZ,20231009,H5_COMPETING_DIRECTION_TOP3,1,1.0,0.07913196526724597,0.07999999999999996,28.0,30.215695027482887,2.0,profit_intraday,-0.0008680347327539861
h5m80d50_direction,603496.SH,20231009,H5_COMPETING_DIRECTION_TOP3,1,0.0,-0.05852941176470594,-0.057661377031951955,34.0,32.01,2.0,t1_stop_t2_open,-0.0008680347327539861
h5m80d50_direction,300045.SZ,20230928,H5_COMPETING_DIRECTION_TOP3,1,1.0,0.07320343694364029,0.07999999999999996,26.5,28.43989107900647,2.0,profit_intraday,-0.006796563056359672
h5m80d50_direction,300735.SZ,20230928,H5_COMPETING_DIRECTION_TOP3,1,1.0,0.2220943613348676,0.22889092439122727,17.38,21.24,2.0,profit_open,-0.006796563056359672
h5m80d50_direction,603496.SH,20230928,H5_COMPETING_DIRECTION_TOP3,1,1.0,0.07320343694364029,0.07999999999999996,32.71,35.104484422426474,2.0,profit_intraday,-0.006796563056359672
h5m80d50_direction,300570.SZ,20230927,H5_COMPETING_DIRECTION_TOP3,1,1.0,0.08311295433118038,0.08000000000000007,41.74,45.20913471378347,4.0,profit_intraday,0.0031129543311803065
h5m80d50_direction,603496.SH,20230927,H5_COMPETING_DIRECTION_TOP3,1,1.0,0.10506756756756763,0.10108311986463625,29.6,32.71,2.0,profit_open,0.003984447702931382
h5m80d50_direction,002892.SZ,20230926,H5_COMPETING_DIRECTION_TOP3,1,1.0,0.08602576793221983,0.08000000000000007,14.41,15.649631315903289,4.0,profit_intraday,0.006025767932219761
h5m80d50_direction,300570.SZ,20230926,H5_COMPETING_DIRECTION_TOP3,1,1.0,0.08894766697763679,0.08000000000000007,41.43,45.11510184288349,5.0,profit_intraday,0.008947666977636715
h5m80d50_direction,603496.SH,20230926,H5_COMPETING_DIRECTION_TOP3,1,1.0,0.24369747899159666,0.23078740386334573,23.8,29.6,2.0,profit_open,0.01291007512825093
h5m80d50_direction,000813.SZ,20230925,H5_COMPETING_DIRECTION_TOP3,1,0.0,-0.09111111111111114,-0.0925369529153679,4.5,4.09,2.0,t1_stop_t2_open,0.0014258418042567556
h5m80d50_direction,002892.SZ,20230925,H5_COMPETING_DIRECTION_TOP3,1,0.0,-0.04857415819574329,-0.050000000000000044,16.07,15.289413277794406,2.0,stop_close,0.0014258418042567556
h5m80d50_direction,603496.SH,20230925,H5_COMPETING_DIRECTION_TOP3,1,1.0,0.08142584180425683,0.08000000000000007,25.0,27.03564604510642,2.0,profit_intraday,0.0014258418042567556
h5m80d50_direction,000813.SZ,20230922,H5_COMPETING_DIRECTION_TOP3,1,1.0,0.10837438423645329,0.11679590400787654,4.06,4.5,2.0,profit_open,-0.008421519771423247
h5m80d50_direction,300570.SZ,20230922,H5_COMPETING_DIRECTION_TOP3,1,1.0,0.07157848022857682,0.08000000000000007,41.63,44.60981213191565,2.0,profit_intraday,-0.008421519771423247
h5m80d50_direction,603496.SH,20230922,H5_COMPETING_DIRECTION_TOP3,1,1.0,0.07157848022857682,0.08000000000000007,23.62,25.310683702998986,2.0,profit_intraday,-0.008421519771423247
h5m80d50_direction,300570.SZ,20230921,H5_COMPETING_DIRECTION_TOP3,1,1.0,0.2805290679790835,0.2662131436404074,32.51,41.63,2.0,profit_open,0.014315924338676123
h5m80d50_direction,002896.SZ,20230920,H5_COMPETING_DIRECTION_TOP3,1,0.0,0.033196159122084845,0.024430994184758248,36.45,37.66,5.0,expiry_close,0.008765164937326597
h5m80d50_direction,300045.SZ,20230920,H5_COMPETING_DIRECTION_TOP3,1,1.0,0.14150197628458483,0.13005252705567538,25.3,28.88,2.0,profit_open,0.011449449228909447
h5m80d50_direction,000766.SZ,20230919,H5_COMPETING_DIRECTION_TOP3,1,1.0,0.06547385742113088,0.08000000000000007,12.01,12.796341027627781,2.0,profit_intraday,-0.014526142578869194
h5m80d50_direction,300045.SZ,20230919,H5_COMPETING_DIRECTION_TOP3,1,1.0,0.06547385742113088,0.08000000000000007,24.38,25.976252643927168,2.0,profit_intraday,-0.014526142578869194
h5m80d50_direction,300049.SZ,20230919,H5_COMPETING_DIRECTION_TOP3,1,1.0,0.08367071246973712,0.08000000000000007,35.1,38.036842007687774,3.0,profit_intraday,0.0036707124697370475
h5m80d50_direction,300045.SZ,20230918,H5_COMPETING_DIRECTION_TOP3,1,1.0,0.057841708817437,0.08000000000000007,24.9,26.34025854955418,3.0,profit_intraday,-0.022158291182563072
h5m80d50_direction,301487.SZ,20230918,H5_COMPETING_DIRECTION_TOP3,1,0.0,-0.040000000000000036,-0.0318404167360693,55.0,52.8,5.0,expiry_close,-0.008159583263930736
h5m80d50_direction,603099.SH,20230918,H5_COMPETING_DIRECTION_TOP3,1,0.0,-0.06537576951607693,-0.050000000000000044,15.39,14.383866907147576,2.0,stop_close,-0.015375769516076887
h5m80d50_direction,002194.SZ,20230915,H5_COMPETING_DIRECTION_TOP3,1,0.0,-0.05590565555447147,-0.050000000000000044,11.89,11.225281755457335,2.0,stop_close,-0.005905655554471423
h5m80d50_direction,600186.SH,20230915,H5_COMPETING_DIRECTION_TOP3,1,1.0,0.05965398826126522,0.07999999999999996,5.19,5.499604199075967,4.0,profit_intraday,-0.020346011738734737
h5m80d50_direction,300045.SZ,20230914,H5_COMPETING_DIRECTION_TOP3,1,1.0,0.08381575183180345,0.08000000000000007,26.68,28.916204258872515,2.0,profit_intraday,0.0038157518318033823
h5m80d50_direction,000766.SZ,20230912,H5_COMPETING_DIRECTION_TOP3,1,1.0,0.10423116615067074,0.1209824342279966,9.69,10.7,2.0,profit_open,-0.016751268077325854
h5m80d50_direction,300576.SZ,20230912,H5_COMPETING_DIRECTION_TOP3,1,1.0,0.06324873192267422,0.08000000000000007,50.5,53.69406096209505,2.0,profit_intraday,-0.016751268077325854
h5m80d50_direction,600186.SH,20230912,H5_COMPETING_DIRECTION_TOP3,1,0.0,-0.02990654205607468,-0.009263134710927545,5.35,5.19,5.0,expiry_close,-0.020643407345147136
h5m80d50_direction,300045.SZ,20230911,H5_COMPETING_DIRECTION_TOP3,1,1.0,0.06712034654105725,0.07999999999999996,27.8,29.665945633841392,5.0,profit_intraday,-0.012879653458942708
h5m80d50_direction,300047.SZ,20230911,H5_COMPETING_DIRECTION_TOP3,1,0.0,-0.06159527025358902,-0.050000000000000044,9.4,8.821004459616264,2.0,stop_close,-0.011595270253588974
h5m80d50_direction,300576.SZ,20230911,H5_COMPETING_DIRECTION_TOP3,1,0.0,-0.06287965345894275,-0.050000000000000044,51.0,47.79313767359392,5.0,stop_close,-0.012879653458942708
h5m80d50_direction,002654.SZ,20230908,H5_COMPETING_DIRECTION_TOP3,1,0.0,-0.01663585951940849,-0.013895513525560399,10.82,10.64,5.0,expiry_close,-0.0027403459938480923
h5m80d50_direction,300045.SZ,20230908,H5_COMPETING_DIRECTION_TOP3,1,0.0,-0.05468993457590754,-0.050000000000000044,28.89,27.31000779010203,4.0,stop_close,-0.004689934575907495
h5m80d50_direction,300047.SZ,20230908,H5_COMPETING_DIRECTION_TOP3,1,0.0,-0.049592097634289956,-0.04999999999999993,9.38,8.91482612419036,3.0,stop_close,0.00040790236570997784
h5m80d50_direction,300045.SZ,20230907,H5_COMPETING_DIRECTION_TOP3,1,1.0,0.17439024390243896,0.15913881170467148,24.6,28.89,2.0,profit_open,0.015251432197767478
h5m80d50_direction,300184.SZ,20230907,H5_COMPETING_DIRECTION_TOP3,1,0.0,-0.034748567802232566,-0.050000000000000044,5.85,5.646720878356939,2.0,stop_close,0.015251432197767478
h5m80d50_direction,300576.SZ,20230907,H5_COMPETING_DIRECTION_TOP3,1,1.0,0.09525143219776755,0.08000000000000007,50.79,55.62782024132461,2.0,profit_intraday,0.015251432197767478
h5m80d50_direction,300045.SZ,20230906,H5_COMPETING_DIRECTION_TOP3,1,1.0,0.06523315180351918,0.08000000000000007,24.7,26.311258849546924,2.0,profit_intraday,-0.014766848196480886
h5m80d50_direction,300184.SZ,20230906,H5_COMPETING_DIRECTION_TOP3,1,0.0,-0.05280219117345386,-0.050000000000000044,6.2,5.872626414724587,3.0,stop_close,-0.0028021911734538163
h5m80d50_direction,300576.SZ,20230906,H5_COMPETING_DIRECTION_TOP3,1,1.0,0.06523315180351918,0.08000000000000007,51.88,55.26429591556658,2.0,profit_intraday,-0.014766848196480886
h5m80d50_direction,300045.SZ,20230905,H5_COMPETING_DIRECTION_TOP3,1,1.0,0.1875,0.2009998283791833,20.8,24.7,2.0,profit_open,-0.013499828379183287
h5m80d50_direction,300184.SZ,20230905,H5_COMPETING_DIRECTION_TOP3,1,1.0,0.09347442680776008,0.10697425518694337,5.67,6.2,2.0,profit_open,-0.013499828379183287
h5m80d50_direction,600186.SH,20230905,H5_COMPETING_DIRECTION_TOP3,1,1.0,0.06650017162081667,0.07999999999999996,4.45,4.745925763712634,2.0,profit_intraday,-0.013499828379183287
h5m80d50_direction,300045.SZ,20230904,H5_COMPETING_DIRECTION_TOP3,1,1.0,0.16201117318435765,0.16216968287451028,17.9,20.8,2.0,profit_open,-0.0001585096901526306
h5m80d50_direction,600186.SH,20230904,H5_COMPETING_DIRECTION_TOP3,1,1.0,0.062061892936712715,0.07999999999999996,4.28,4.545624901769131,3.0,profit_intraday,-0.017938107063287245
h5m80d50_direction,300045.SZ,20230901,H5_COMPETING_DIRECTION_TOP3,1,1.0,0.19412941961307517,0.184864397630899,14.99,17.9,2.0,profit_open,0.009265021982176158
h5m80d50_direction,300576.SZ,20230901,H5_COMPETING_DIRECTION_TOP3,1,1.0,0.08926502198217623,0.08000000000000007,40.76,44.3984422959935,2.0,profit_intraday,0.009265021982176158
h5m80d50_direction,300045.SZ,20230831,H5_COMPETING_DIRECTION_TOP3,1,1.0,0.11367013372956913,0.09872688293698983,13.46,14.99,2.0,profit_open,0.014943250792579299
h5m80d50_direction,300576.SZ,20230831,H5_COMPETING_DIRECTION_TOP3,1,1.0,0.09494325079257937,0.08000000000000007,40.71,44.57513973976591,2.0,profit_intraday,0.014943250792579299
h5m80d50_direction,002896.SZ,20230830,H5_COMPETING_DIRECTION_TOP3,1,1.0,0.08525006751955022,0.08000000000000007,37.05,40.20851500159933,4.0,profit_intraday,0.00525006751955015
h5m80d50_direction,300045.SZ,20230830,H5_COMPETING_DIRECTION_TOP3,1,1.0,0.08979314161595409,0.08000000000000007,14.03,15.289797776871835,3.0,profit_intraday,0.009793141615954015
h5m80d50_direction,688525.SH,20230830,H5_COMPETING_DIRECTION_TOP3,1,1.0,0.07602190269633957,0.07999999999999996,65.98,70.99592513990449,2.0,profit_intraday,-0.003978097303660388
h5m80d50_direction,000719.SZ,20230829,H5_COMPETING_DIRECTION_TOP3,1,0.0,-0.03823156771660774,-0.04999999999999993,13.6,13.080050679054134,5.0,stop_close,0.011768432283392194
h5m80d50_direction,002896.SZ,20230829,H5_COMPETING_DIRECTION_TOP3,1,1.0,0.09176843228339226,0.08000000000000007,35.21,38.441166500698245,5.0,profit_intraday,0.011768432283392194
h5m80d50_direction,300607.SZ,20230829,H5_COMPETING_DIRECTION_TOP3,1,0.0,-0.033659034866540205,-0.050000000000000044,16.54,15.983279563307423,4.0,stop_close,0.01634096513345984
h5m80d50_direction,000712.SZ,20230828,H5_COMPETING_DIRECTION_TOP3,1,0.0,-0.06756756756756754,-0.10639465074999754,17.02,15.87,2.0,t1_stop_t2_open,0.03882708318243
h5m80d50_direction,301316.SZ,20230828,H5_COMPETING_DIRECTION_TOP3,1,0.0,-0.015305472036147294,-0.04999999999999993,39.61,39.0037502526482,4.0,stop_close,0.03469452796385264
h5m80d50_direction,688486.SH,20230828,H5_COMPETING_DIRECTION_TOP3,1,1.0,0.11882708318243007,0.08000000000000007,88.1,98.56866602837208,2.0,profit_intraday,0.03882708318243
h5m80d50_direction,000719.SZ,20230825,H5_COMPETING_DIRECTION_TOP3,1,0.0,-0.05307692307692302,-0.09370236416155331,13.0,12.31,2.0,t1_stop_t2_open,0.04062544108463029
h5m80d50_direction,300913.SZ,20230825,H5_COMPETING_DIRECTION_TOP3,1,0.0,-0.15405405405405403,-0.19467949513868432,37.0,31.3,2.0,t1_stop_t2_open,0.04062544108463029
h5m80d50_direction,301316.SZ,20230825,H5_COMPETING_DIRECTION_TOP3,1,0.0,-0.18313054237987214,-0.22375598346450243,48.49,39.61,2.0,t1_stop_t2_open,0.04062544108463029
h5m80d50_direction,002945.SZ,20230824,H5_COMPETING_DIRECTION_TOP3,1,1.0,0.11651090342679127,0.12577690186344714,16.05,17.92,2.0,profit_open,-0.009265998436655876
h5m80d50_direction,600095.SH,20230824,H5_COMPETING_DIRECTION_TOP3,1,1.0,0.16117647058823525,0.17044246902489113,8.5,9.87,2.0,profit_open,-0.009265998436655876
h5m80d50_direction,601099.SH,20230824,H5_COMPETING_DIRECTION_TOP3,1,1.0,0.10213776722090251,0.11140376565755838,4.21,4.64,2.0,profit_open,-0.009265998436655876
h5m80d50_direction,600095.SH,20230823,H5_COMPETING_DIRECTION_TOP3,1,1.0,0.06517041325447082,0.08000000000000007,8.48,9.032645104397913,2.0,profit_intraday,-0.014829586745529255
h5m80d50_direction,601099.SH,20230823,H5_COMPETING_DIRECTION_TOP3,1,1.0,0.09692671394799035,0.10365160949595564,4.23,4.64,3.0,profit_open,-0.006724895547965293
h5m80d50_direction,601162.SH,20230823,H5_COMPETING_DIRECTION_TOP3,1,1.0,0.09604519774011289,0.10277009328807818,3.54,3.88,3.0,profit_open,-0.006724895547965293
h5m80d50_direction,600095.SH,20230822,H5_COMPETING_DIRECTION_TOP3,1,1.0,0.04598563086080465,0.07999999999999996,8.72,9.120994701106218,3.0,profit_intraday,-0.03401436913919531
h5m80d50_direction,601375.SH,20230822,H5_COMPETING_DIRECTION_TOP3,1,1.0,0.08470588235294119,0.11077338754445865,4.25,4.61,4.0,profit_open,-0.02606750519151746
h5m80d50_direction,601555.SH,20230822,H5_COMPETING_DIRECTION_TOP3,1,1.0,0.09006928406466508,0.11613678925618254,8.66,9.44,4.0,profit_open,-0.02606750519151746
h5m80d50_direction,600095.SH,20230821,H5_COMPETING_DIRECTION_TOP3,1,1.0,0.05146220111931532,0.07999999999999996,8.7,9.147721149738043,4.0,profit_intraday,-0.02853779888068464
h5m80d50_direction,600155.SH,20230821,H5_COMPETING_DIRECTION_TOP3,1,1.0,0.09249329758713132,0.11303917847652312,7.46,8.15,5.0,profit_open,-0.0205458808893918
h5m80d50_direction,600266.SH,20230821,H5_COMPETING_DIRECTION_TOP3,1,1.0,0.06608544070068967,0.07999999999999996,6.99,7.451937230497821,2.0,profit_intraday,-0.013914559299310292
h5m80d50_direction,300917.SZ,20230818,H5_COMPETING_DIRECTION_TOP3,1,1.0,0.056544225347480825,0.08000000000000007,28.88,30.512997228035246,3.0,profit_intraday,-0.023455774652519246
h5m80d50_direction,600266.SH,20230818,H5_COMPETING_DIRECTION_TOP3,1,1.0,0.056544225347480825,0.08000000000000007,7.33,7.744469171797035,3.0,profit_intraday,-0.023455774652519246
h5m80d50_direction,688318.SH,20230818,H5_COMPETING_DIRECTION_TOP3,1,0.0,-0.0015373864430467954,0.03640013551010868,143.1,142.88,5.0,expiry_close,-0.03793752195315547
h5m80d50_direction,002896.SZ,20230817,H5_COMPETING_DIRECTION_TOP3,1,1.0,0.04028631287328266,0.08000000000000007,34.58,35.97310069915811,4.0,profit_intraday,-0.03971368712671741
h5m80d50_direction,300570.SZ,20230817,H5_COMPETING_DIRECTION_TOP3,1,0.0,-0.07501320655044896,-0.04885002964655427,37.86,35.02,2.0,t1_stop_t2_open,-0.02616317690389469
h5m80d50_direction,300913.SZ,20230817,H5_COMPETING_DIRECTION_TOP3,1,1.0,0.05383682309610527,0.07999999999999996,36.7,38.675811407627066,2.0,profit_intraday,-0.02616317690389469
h5m80d50_direction,300913.SZ,20230816,H5_COMPETING_DIRECTION_TOP3,1,1.0,0.07941176470588251,0.08578226349001172,34.0,36.7,2.0,profit_open,-0.006370498784129208
h5m80d50_direction,300917.SZ,20230816,H5_COMPETING_DIRECTION_TOP3,1,0.0,-0.039896204995134465,-0.01021935654239059,30.83,29.6,5.0,expiry_close,-0.029676848452743876
h5m80d50_direction,301381.SZ,20230816,H5_COMPETING_DIRECTION_TOP3,1,0.0,-0.060405921516302974,-0.050000000000000044,43.5,40.87234241404082,4.0,stop_close,-0.01040592151630293
h5m80d50_direction,002945.SZ,20230815,H5_COMPETING_DIRECTION_TOP3,1,1.0,0.07943622789919713,0.08000000000000007,17.95,19.375880290790587,2.0,profit_intraday,-0.0005637721008029395
h5m80d50_direction,300917.SZ,20230815,H5_COMPETING_DIRECTION_TOP3,1,1.0,0.07943622789919713,0.08000000000000007,29.28,31.605892752888494,2.0,profit_intraday,-0.0005637721008029395
h5m80d50_direction,301381.SZ,20230815,H5_COMPETING_DIRECTION_TOP3,1,1.0,0.07943622789919713,0.08000000000000007,41.04,44.30006279298305,2.0,profit_intraday,-0.0005637721008029395
h5m80d50_direction,002945.SZ,20230814,H5_COMPETING_DIRECTION_TOP3,1,1.0,0.15881213686249196,0.1776682565353107,15.49,17.95,2.0,profit_open,-0.01885611967281875
h5m80d50_direction,300917.SZ,20230814,H5_COMPETING_DIRECTION_TOP3,1,1.0,0.06114388032718132,0.08000000000000007,29.61,31.42047029648784,2.0,profit_intraday,-0.01885611967281875
h5m80d50_direction,601099.SH,20230814,H5_COMPETING_DIRECTION_TOP3,1,1.0,0.06888888888888878,0.08774500856170753,4.5,4.81,2.0,profit_open,-0.01885611967281875
h5m80d50_direction,300917.SZ,20230811,H5_COMPETING_DIRECTION_TOP3,1,1.0,0.0631619493207265,0.07999999999999996,30.54,32.46896593225499,3.0,profit_intraday,-0.016838050679273464
h5m80d50_direction,301316.SZ,20230811,H5_COMPETING_DIRECTION_TOP3,1,1.0,0.0631619493207265,0.07999999999999996,29.58,31.448330460907087,3.0,profit_intraday,-0.016838050679273464
h5m80d50_direction,601099.SH,20230811,H5_COMPETING_DIRECTION_TOP3,1,1.0,0.0631619493207265,0.07999999999999996,4.78,5.081914117753073,3.0,profit_intraday,-0.016838050679273464
h5m80d50_direction,000620.SZ,20230810,H5_COMPETING_DIRECTION_TOP3,1,0.0,-0.07434341402590139,-0.050000000000000044,2.08,1.9253656988261252,3.0,stop_close,-0.024343414025901344
h5m80d50_direction,300917.SZ,20230810,H5_COMPETING_DIRECTION_TOP3,1,0.0,-0.14501679731243,-0.12858326523219388,35.72,30.54,2.0,t1_stop_t2_open,-0.016433532080236124
h5m80d50_direction,002157.SZ,20230809,H5_COMPETING_DIRECTION_TOP3,1,0.0,-0.06687898089171973,-0.050054715104318914,3.14,2.93,2.0,t1_stop_t2_open,-0.016824265787400816
h5m80d50_direction,300917.SZ,20230809,H5_COMPETING_DIRECTION_TOP3,1,1.0,0.15188648822960316,0.16871075401700397,31.01,35.72,2.0,profit_open,-0.016824265787400816
h5m80d50_direction,000719.SZ,20230808,H5_COMPETING_DIRECTION_TOP3,1,1.0,0.0531400966183575,0.08320555612195268,12.42,13.08,5.0,profit_open,-0.030065459503595182
h5m80d50_direction,301262.SZ,20230808,H5_COMPETING_DIRECTION_TOP3,1,1.0,0.07413518490014503,0.07999999999999996,34.01,36.531337638453934,2.0,profit_intraday,-0.005864815099854925
h5m80d50_direction,603383.SH,20230808,H5_COMPETING_DIRECTION_TOP3,1,0.0,-0.06576271186440674,-0.03569725236081156,73.75,68.9,5.0,expiry_close,-0.030065459503595182
h5m80d50_direction,300085.SZ,20230807,H5_COMPETING_DIRECTION_TOP3,1,0.0,-0.07794876107085003,-0.050000000000000044,15.01,13.83998909632654,4.0,stop_close,-0.02794876107084998
h5m80d50_direction,300917.SZ,20230807,H5_COMPETING_DIRECTION_TOP3,1,1.0,0.13073757518201967,0.15868633625286965,31.59,35.72,4.0,profit_open,-0.02794876107084998
h5m80d50_direction,300085.SZ,20230804,H5_COMPETING_DIRECTION_TOP3,1,0.0,-0.08300907426027304,-0.050000000000000044,15.05,13.800713432382892,5.0,stop_close,-0.033009074260273
h5m80d50_direction,301316.SZ,20230804,H5_COMPETING_DIRECTION_TOP3,1,1.0,0.06516970208613082,0.08000000000000007,33.31,35.48080277648902,4.0,profit_intraday,-0.01483029791386925
h5m80d50_direction,603383.SH,20230804,H5_COMPETING_DIRECTION_TOP3,1,1.0,0.04699092573972696,0.07999999999999996,70.0,73.28936480178089,5.0,profit_intraday,-0.033009074260273
h5m80d50_direction,300570.SZ,20230803,H5_COMPETING_DIRECTION_TOP3,1,1.0,0.10199897488467435,0.1027868993352038,39.02,43.0,2.0,profit_open,-0.0007879244505294425
h5m80d50_direction,300913.SZ,20230803,H5_COMPETING_DIRECTION_TOP3,1,1.0,0.07921207554947052,0.07999999999999996,34.35,37.070934795124316,2.0,profit_intraday,-0.0007879244505294425
h5m80d50_direction,301205.SZ,20230803,H5_COMPETING_DIRECTION_TOP3,1,1.0,0.07921207554947052,0.07999999999999996,119.36,128.8147533375848,2.0,profit_intraday,-0.0007879244505294425
h5m80d50_direction,301205.SZ,20230802,H5_COMPETING_DIRECTION_TOP3,1,1.0,0.08026313000484286,0.08000000000000007,120.34,129.9988650647828,3.0,profit_intraday,0.00026313000484279314
h5m80d50_direction,600906.SH,20230802,H5_COMPETING_DIRECTION_TOP3,1,0.0,-0.06616961789375586,-0.07166717624215835,10.73,10.02,2.0,t1_stop_t2_open,0.005497558348402487
h5m80d50_direction,688318.SH,20230802,H5_COMPETING_DIRECTION_TOP3,1,1.0,0.09424764380890482,0.08875008546050234,153.85,168.35,2.0,profit_open,0.005497558348402487
h5m80d50_direction,600266.SH,20230801,H5_COMPETING_DIRECTION_TOP3,1,0.0,-0.025435073627844695,-0.02019927497331464,7.47,7.28,5.0,expiry_close,-0.005235798654530055
h5m80d50_direction,600369.SH,20230801,H5_COMPETING_DIRECTION_TOP3,1,0.0,-0.016460905349794275,-0.01122510669526422,4.86,4.78,5.0,expiry_close,-0.005235798654530055
h5m80d50_direction,601162.SH,20230801,H5_COMPETING_DIRECTION_TOP3,1,1.0,0.09042553191489366,0.08660853354138465,3.76,4.1,3.0,profit_open,0.0038169983735090174
h5m80d50_direction,600155.SH,20230731,H5_COMPETING_DIRECTION_TOP3,1,1.0,0.08360172679643862,0.08000000000000007,7.92,8.582125676227793,4.0,profit_intraday,0.0036017267964385535
h5m80d50_direction,600266.SH,20230731,H5_COMPETING_DIRECTION_TOP3,1,0.0,-0.08679706601466997,-0.08491159992256148,8.18,7.47,2.0,t1_stop_t2_open,-0.0018854660921084898
h5m80d50_direction,601099.SH,20230731,H5_COMPETING_DIRECTION_TOP3,1,1.0,0.07811453390789147,0.07999999999999996,4.2,4.528081042413144,2.0,profit_intraday,-0.0018854660921084898
h5m80d50_direction,300917.SZ,20230728,H5_COMPETING_DIRECTION_TOP3,1,1.0,0.08672889359500657,0.08000000000000007,31.86,34.62318254993691,4.0,profit_intraday,0.006728893595006502
h5m80d50_direction,600155.SH,20230728,H5_COMPETING_DIRECTION_TOP3,1,0.0,-0.04264529097864522,-0.050000000000000044,8.27,7.917323443606604,2.0,stop_close,0.007354709021354822
h5m80d50_direction,601099.SH,20230728,H5_COMPETING_DIRECTION_TOP3,1,1.0,0.08735470902135489,0.08000000000000007,4.0,4.34941883608542,2.0,profit_intraday,0.007354709021354822
h5m80d50_direction,002043.SZ,20230727,H5_COMPETING_DIRECTION_TOP3,1,1.0,0.09743997400445248,0.08000000000000007,11.34,12.44496930521049,2.0,profit_intraday,0.017439974004452408
h5m80d50_direction,300917.SZ,20230727,H5_COMPETING_DIRECTION_TOP3,1,1.0,0.09743997400445248,0.08000000000000007,31.03,34.05356239335816,2.0,profit_intraday,0.017439974004452408
h5m80d50_direction,600266.SH,20230727,H5_COMPETING_DIRECTION_TOP3,1,1.0,0.22258592471358418,0.20514595070913177,6.11,7.47,2.0,profit_open,0.017439974004452408
h5m80d50_direction,300917.SZ,20230726,H5_COMPETING_DIRECTION_TOP3,1,1.0,0.08977666100730874,0.08000000000000007,31.62,34.458738021051104,3.0,profit_intraday,0.009776661007308673
h5m80d50_direction,600266.SH,20230726,H5_COMPETING_DIRECTION_TOP3,1,1.0,0.08218930067188945,0.08000000000000007,6.07,6.568889055078369,2.0,profit_intraday,0.0021893006718893826
h5m80d50_direction,601099.SH,20230726,H5_COMPETING_DIRECTION_TOP3,1,1.0,0.08218930067188945,0.08000000000000007,3.2,3.4630057621500465,2.0,profit_intraday,0.0021893006718893826
h5m80d50_direction,000750.SZ,20230725,H5_COMPETING_DIRECTION_TOP3,1,1.0,0.10485933503836331,0.10078967556248841,3.91,4.32,4.0,profit_open,0.004069659475874898
h5m80d50_direction,300917.SZ,20230725,H5_COMPETING_DIRECTION_TOP3,1,1.0,0.0736842105263158,0.08682534402823094,29.45,31.62,2.0,profit_open,-0.013141133501915148
h5m80d50_direction,601099.SH,20230725,H5_COMPETING_DIRECTION_TOP3,1,1.0,0.07652518097633654,0.07999999999999996,3.22,3.4664110827438037,3.0,profit_intraday,-0.0034748190236634224
h5m80d50_direction,300917.SZ,20230724,H5_COMPETING_DIRECTION_TOP3,1,1.0,0.13838422883649004,0.12796400093486926,25.87,29.45,2.0,profit_open,0.010420227901620782
h5m80d50_direction,301262.SZ,20230724,H5_COMPETING_DIRECTION_TOP3,1,1.0,0.10029876394474235,0.08000000000000007,30.12,33.14099877001564,5.0,profit_intraday,0.020298763944742282
h5m80d50_direction,002654.SZ,20230721,H5_COMPETING_DIRECTION_TOP3,1,0.0,0.04702495201535517,0.03558547492334396,10.42,10.91,5.0,expiry_close,0.011439477092011208
h5m80d50_direction,001337.SZ,20230719,H5_COMPETING_DIRECTION_TOP3,1,1.0,0.07575256467551017,0.07999999999999996,34.22,36.81225276319596,5.0,profit_intraday,-0.00424743532448979
h5m80d50_direction,002654.SZ,20230719,H5_COMPETING_DIRECTION_TOP3,1,0.0,-0.06168080185042413,-0.04832665564243277,12.97,12.17,2.0,t1_stop_t2_open,-0.013354146207991358
h5m80d50_direction,300378.SZ,20230719,H5_COMPETING_DIRECTION_TOP3,1,0.0,-0.10271990740740744,-0.08936576119941608,34.56,31.01,2.0,t1_stop_t2_open,-0.013354146207991358
h5m80d50_direction,002654.SZ,20230718,H5_COMPETING_DIRECTION_TOP3,1,0.0,-0.06372458230433153,-0.050000000000000044,13.31,12.461825809529348,2.0,stop_close,-0.01372458230433149
h5m80d50_direction,300475.SZ,20230718,H5_COMPETING_DIRECTION_TOP3,1,0.0,-0.06544313235867938,-0.050000000000000044,43.98,41.10181103886528,3.0,stop_close,-0.015443132358679335
h5m80d50_direction,002654.SZ,20230717,H5_COMPETING_DIRECTION_TOP3,1,0.0,-0.06403218935161736,-0.050000000000000044,13.5,12.635565443753165,3.0,stop_close,-0.014032189351617319
h5m80d50_direction,300378.SZ,20230717,H5_COMPETING_DIRECTION_TOP3,1,1.0,0.08250728862973777,0.08493577621153603,34.3,37.13,2.0,profit_open,-0.0024284875817982554
h5m80d50_direction,002400.SZ,20230714,H5_COMPETING_DIRECTION_TOP3,1,0.0,-0.05378823939529764,-0.050000000000000155,6.0,5.677270563628214,2.0,stop_close,-0.003788239395297488
h5m80d50_direction,002654.SZ,20230714,H5_COMPETING_DIRECTION_TOP3,1,1.0,0.13160100586756074,0.13538924526285823,11.93,13.5,2.0,profit_open,-0.003788239395297488
h5m80d50_direction,603496.SH,20230714,H5_COMPETING_DIRECTION_TOP3,1,1.0,0.11504424778761058,0.11883248718290806,20.34,22.68,2.0,profit_open,-0.003788239395297488
h5m80d50_direction,002654.SZ,20230713,H5_COMPETING_DIRECTION_TOP3,1,1.0,0.07574391343552755,0.08092783943577364,11.09,11.93,2.0,profit_open,-0.005183926000246086
h5m80d50_direction,300475.SZ,20230713,H5_COMPETING_DIRECTION_TOP3,1,1.0,0.07450580322789335,0.07999999999999996,44.8,48.13785998460962,3.0,profit_intraday,-0.005494196772106608
h5m80d50_direction,002654.SZ,20230712,H5_COMPETING_DIRECTION_TOP3,1,1.0,0.10789210789210779,0.09794942706804433,10.01,11.09,2.0,profit_open,0.009942680824063466
h5m80d50_direction,300475.SZ,20230712,H5_COMPETING_DIRECTION_TOP3,1,1.0,0.25139664804469275,0.24145396722062928,35.8,44.8,2.0,profit_open,0.009942680824063466
h5m80d50_direction,600480.SH,20230712,H5_COMPETING_DIRECTION_TOP3,1,0.0,0.06842105263157894,0.0644344876207279,9.5,10.15,5.0,expiry_close,0.00398656501085104
h5m80d50_direction,002654.SZ,20230711,H5_COMPETING_DIRECTION_TOP3,1,1.0,0.0777236808873858,0.08000000000000007,10.56,11.380762070170794,3.0,profit_intraday,-0.002276319112614278
h5m80d50_direction,300475.SZ,20230711,H5_COMPETING_DIRECTION_TOP3,1,1.0,0.07943515815368474,0.07999999999999996,36.36,39.248262350467975,2.0,profit_intraday,-0.0005648418463152227
h5m80d50_direction,603496.SH,20230711,H5_COMPETING_DIRECTION_TOP3,1,1.0,0.0742541602517719,0.08000000000000007,19.22,20.647164960039056,4.0,profit_intraday,-0.0057458397482281764
h5m80d50_direction,002536.SZ,20230710,H5_COMPETING_DIRECTION_TOP3,1,0.0,-0.0006720430107527431,-0.003245007216556406,14.88,14.87,5.0,expiry_close,0.002572964205803663
h5m80d50_direction,603496.SH,20230710,H5_COMPETING_DIRECTION_TOP3,1,1.0,0.08607151389971679,0.08000000000000007,18.88,20.50503018242665,4.0,profit_intraday,0.006071513899716718
h5m80d50_direction,603667.SH,20230710,H5_COMPETING_DIRECTION_TOP3,1,1.0,0.07616694392875067,0.08000000000000007,15.6,16.78820432528851,2.0,profit_intraday,-0.0038330560712493966
h5m80d50_direction,002654.SZ,20230707,H5_COMPETING_DIRECTION_TOP3,1,1.0,0.09029128572787415,0.08000000000000007,10.1,11.011941985851529,2.0,profit_intraday,0.010291285727874078
h5m80d50_direction,300100.SZ,20230707,H5_COMPETING_DIRECTION_TOP3,1,0.0,-0.026490066225165587,-0.034481606590029634,9.06,8.82,5.0,expiry_close,0.007991540364864047
h5m80d50_direction,002428.SZ,20230706,H5_COMPETING_DIRECTION_TOP3,1,1.0,0.07649232849219856,0.07999999999999996,16.36,17.61141449413237,2.0,profit_intraday,-0.003507671507801402
h5m80d50_direction,002654.SZ,20230706,H5_COMPETING_DIRECTION_TOP3,1,1.0,0.08482985892840444,0.08000000000000007,10.2,11.065264561069725,3.0,profit_intraday,0.004829858928404374
h5m80d50_direction,300570.SZ,20230706,H5_COMPETING_DIRECTION_TOP3,1,0.0,-0.053507671507801446,-0.050000000000000044,52.18,49.38796970072292,2.0,stop_close,-0.003507671507801402
h5m80d50_direction,002428.SZ,20230705,H5_COMPETING_DIRECTION_TOP3,1,1.0,0.0719821503479674,0.07999999999999996,15.84,16.980197261511805,2.0,profit_intraday,-0.00801784965203256
h5m80d50_direction,603728.SH,20230705,H5_COMPETING_DIRECTION_TOP3,1,0.0,-0.045911047345767564,-0.03597675575589343,69.7,66.5,5.0,expiry_close,-0.009934291589874134
h5m80d50_direction,002428.SZ,20230704,H5_COMPETING_DIRECTION_TOP3,1,1.0,0.09999999999999987,0.10905936401675664,14.4,15.84,2.0,profit_open,-0.009059364016756777
h5m80d50_direction,300570.SZ,20230704,H5_COMPETING_DIRECTION_TOP3,1,0.0,-0.06253525825151784,-0.050000000000000044,53.55,50.20123692063122,4.0,stop_close,-0.0125352582515178
h5m80d50_direction,002896.SZ,20230703,H5_COMPETING_DIRECTION_TOP3,1,0.0,-0.04837092731829573,-0.04020631226912763,39.9,37.97,5.0,expiry_close,-0.0081646150491681
h5m80d50_direction,300570.SZ,20230703,H5_COMPETING_DIRECTION_TOP3,1,0.0,-0.058164615049168145,-0.050000000000000044,53.09,50.002040587039666,5.0,stop_close,-0.0081646150491681
h5m80d50_direction,002896.SZ,20230630,H5_COMPETING_DIRECTION_TOP3,1,0.0,-0.13355048859934848,-0.14323554112446135,46.05,39.9,2.0,t1_stop_t2_open,0.00968505252511287
h5m80d50_direction,300570.SZ,20230630,H5_COMPETING_DIRECTION_TOP3,1,0.0,-0.046827467631600506,-0.050000000000000044,54.76,52.195727872493556,3.0,stop_close,0.0031725323683995388
h5m80d50_direction,300913.SZ,20230630,H5_COMPETING_DIRECTION_TOP3,1,1.0,0.08317253236839961,0.08000000000000007,47.7,51.66732979397266,3.0,profit_intraday,0.0031725323683995388
h5m80d50_direction,002654.SZ,20230629,H5_COMPETING_DIRECTION_TOP3,1,1.0,0.09240698662276592,0.08000000000000007,8.59,9.383776015089559,5.0,profit_intraday,0.012406986622765848
h5m80d50_direction,002896.SZ,20230629,H5_COMPETING_DIRECTION_TOP3,1,1.0,0.12071063519104386,0.10355011562407745,41.09,46.05,2.0,profit_open,0.017160519566966403
h5m80d50_direction,300913.SZ,20230629,H5_COMPETING_DIRECTION_TOP3,1,1.0,0.09716051956696647,0.08000000000000007,44.3,48.60421101681661,2.0,profit_intraday,0.017160519566966403
h5m80d50_direction,300570.SZ,20230628,H5_COMPETING_DIRECTION_TOP3,1,1.0,0.09779151936847819,0.08000000000000007,48.88,53.660049466731216,2.0,profit_intraday,0.017791519368478115
h5m80d50_direction,300913.SZ,20230628,H5_COMPETING_DIRECTION_TOP3,1,1.0,0.09779151936847819,0.08000000000000007,40.46,44.41664487364863,2.0,profit_intraday,0.017791519368478115
h5m80d50_direction,600776.SH,20230628,H5_COMPETING_DIRECTION_TOP3,1,1.0,0.09779151936847819,0.08000000000000007,13.4,14.710406359537608,2.0,profit_intraday,0.017791519368478115
h5m80d50_direction,002896.SZ,20230627,H5_COMPETING_DIRECTION_TOP3,1,1.0,0.08298856169384261,0.08059149175601799,41.09,44.5,2.0,profit_open,0.002397069937824625
h5m80d50_direction,300913.SZ,20230627,H5_COMPETING_DIRECTION_TOP3,1,0.0,-0.03205741626794245,-0.034454486205767076,41.8,40.46,2.0,t1_stop_t2_open,0.002397069937824625
h5m80d50_direction,603099.SH,20230627,H5_COMPETING_DIRECTION_TOP3,1,0.0,-0.04760293006217531,-0.04999999999999993,13.68,13.02879191674944,2.0,stop_close,0.002397069937824625
h5m80d50_direction,002896.SZ,20230626,H5_COMPETING_DIRECTION_TOP3,1,1.0,0.08981457389763259,0.08000000000000007,40.95,44.62790680110806,2.0,profit_intraday,0.009814573897632517
h5m80d50_direction,603662.SH,20230626,H5_COMPETING_DIRECTION_TOP3,1,1.0,0.0957314357832697,0.08000000000000007,34.79,38.12049665089995,3.0,profit_intraday,0.01573143578326963
h5m80d50_direction,603728.SH,20230626,H5_COMPETING_DIRECTION_TOP3,1,1.0,0.0957314357832697,0.08000000000000007,71.26,78.0818221139158,3.0,profit_intraday,0.01573143578326963
h5m80d50_direction,002654.SZ,20230621,H5_COMPETING_DIRECTION_TOP3,1,0.0,-0.05721777988184629,-0.050000000000000044,8.53,8.04193233760785,3.0,stop_close,-0.007217779881846242
h5m80d50_direction,002896.SZ,20230621,H5_COMPETING_DIRECTION_TOP3,1,1.0,0.07621129525209547,0.08000000000000007,38.89,41.85385727235399,2.0,profit_intraday,-0.003788704747904603
h5m80d50_direction,603662.SH,20230621,H5_COMPETING_DIRECTION_TOP3,1,0.0,-0.05378870474790465,-0.050000000000000044,37.29,35.284219199950634,2.0,stop_close,-0.003788704747904603
h5m80d50_direction,002654.SZ,20230620,H5_COMPETING_DIRECTION_TOP3,1,0.0,-0.08517731898161252,-0.050000000000000044,9.26,8.471258026230268,2.0,stop_close,-0.03517731898161247
h5m80d50_direction,002896.SZ,20230620,H5_COMPETING_DIRECTION_TOP3,1,1.0,0.05429200451935445,0.08000000000000007,43.24,45.58758627541689,4.0,profit_intraday,-0.025707995480645618
h5m80d50_direction,603662.SH,20230620,H5_COMPETING_DIRECTION_TOP3,1,0.0,-0.06798300424893777,-0.0328056852673253,40.01,37.29,2.0,t1_stop_t2_open,-0.03517731898161247
h5m80d50_direction,002896.SZ,20230619,H5_COMPETING_DIRECTION_TOP3,1,1.0,0.08725169725924053,0.10742086038391707,39.77,43.24,2.0,profit_open,-0.020169163124676537
h5m80d50_direction,300757.SZ,20230619,H5_COMPETING_DIRECTION_TOP3,1,1.0,0.06630703528882886,0.0864761984135054,88.98,94.88,2.0,profit_open,-0.020169163124676537
h5m80d50_direction,603662.SH,20230619,H5_COMPETING_DIRECTION_TOP3,1,1.0,0.10524861878453029,0.12541778190920683,36.2,40.01,2.0,profit_open,-0.020169163124676537
h5m80d50_direction,002896.SZ,20230616,H5_COMPETING_DIRECTION_TOP3,1,1.0,0.08078593705251702,0.08000000000000007,39.41,42.59377377923969,2.0,profit_intraday,0.0007859370525169496
h5m80d50_direction,300570.SZ,20230616,H5_COMPETING_DIRECTION_TOP3,1,1.0,0.08078593705251702,0.08000000000000007,55.45,59.92958020956207,2.0,profit_intraday,0.0007859370525169496
h5m80d50_direction,603662.SH,20230616,H5_COMPETING_DIRECTION_TOP3,1,1.0,0.12317716413279567,0.12239122708027872,32.23,36.2,2.0,profit_open,0.0007859370525169496
h5m80d50_direction,300570.SZ,20230615,H5_COMPETING_DIRECTION_TOP3,1,1.0,0.17803271722965808,0.16705049060357213,47.07,55.45,2.0,profit_open,0.010982226626085945
h5m80d50_direction,300913.SZ,20230615,H5_COMPETING_DIRECTION_TOP3,1,1.0,0.09098222662608602,0.08000000000000007,56.37,61.49866811491247,2.0,profit_intraday,0.010982226626085945
h5m80d50_direction,688313.SH,20230615,H5_COMPETING_DIRECTION_TOP3,1,1.0,0.09098222662608602,0.08000000000000007,19.25,21.001407862552156,2.0,profit_intraday,0.010982226626085945
h5m80d50_direction,300548.SZ,20230614,H5_COMPETING_DIRECTION_TOP3,1,1.0,0.09649507678615943,0.08000000000000007,35.7,39.144874241265896,2.0,profit_intraday,0.016495076786159357
h5m80d50_direction,300570.SZ,20230614,H5_COMPETING_DIRECTION_TOP3,1,1.0,0.09649507678615943,0.08000000000000007,48.33,52.99360706107508,2.0,profit_intraday,0.016495076786159357
h5m80d50_direction,688313.SH,20230614,H5_COMPETING_DIRECTION_TOP3,1,1.0,0.09649507678615943,0.08000000000000007,17.91,19.638226825240114,2.0,profit_intraday,0.016495076786159357
h5m80d50_direction,002536.SZ,20230613,H5_COMPETING_DIRECTION_TOP3,1,0.0,-0.040003194903962314,-0.050000000000000044,14.58,13.99675341830023,2.0,stop_close,0.00999680509603773
h5m80d50_direction,300570.SZ,20230613,H5_COMPETING_DIRECTION_TOP3,1,1.0,0.14417613636363624,0.1341793312675985,42.24,48.33,2.0,profit_open,0.00999680509603773
h5m80d50_direction,300678.SZ,20230613,H5_COMPETING_DIRECTION_TOP3,1,1.0,0.0899968050960378,0.08000000000000007,48.93,53.333543673349126,2.0,profit_intraday,0.00999680509603773
h5m80d50_direction,002261.SZ,20230612,H5_COMPETING_DIRECTION_TOP3,1,0.0,-0.10492292391844849,-0.11168096355680801,20.11,18.0,2.0,t1_stop_t2_open,0.006758039638359525
h5m80d50_direction,300570.SZ,20230612,H5_COMPETING_DIRECTION_TOP3,1,1.0,0.0867580396383596,0.08000000000000007,39.0,42.383563545896024,2.0,profit_intraday,0.006758039638359525
h5m80d50_direction,300913.SZ,20230612,H5_COMPETING_DIRECTION_TOP3,1,1.0,0.0867580396383596,0.08000000000000007,48.05,52.218723804623174,2.0,profit_intraday,0.006758039638359525
h5m80d50_direction,002897.SZ,20230609,H5_COMPETING_DIRECTION_TOP3,1,1.0,0.0918703315706364,0.08000000000000007,48.3,52.73733701486174,3.0,profit_intraday,0.011870331570636328
h5m80d50_direction,300570.SZ,20230609,H5_COMPETING_DIRECTION_TOP3,1,1.0,0.08969884611711887,0.08000000000000007,37.0,40.3188573063334,2.0,profit_intraday,0.009698846117118798
h5m80d50_direction,300913.SZ,20230609,H5_COMPETING_DIRECTION_TOP3,1,1.0,0.08969884611711887,0.08000000000000007,44.28,48.251864906066025,2.0,profit_intraday,0.009698846117118798
h5m80d50_direction,300570.SZ,20230608,H5_COMPETING_DIRECTION_TOP3,1,1.0,0.19354838709677424,0.1789701342079637,31.0,37.0,2.0,profit_open,0.014578252888810539
h5m80d50_direction,300620.SZ,20230608,H5_COMPETING_DIRECTION_TOP3,1,1.0,0.1014348129380509,0.08000000000000007,53.03,58.40908813010484,4.0,profit_intraday,0.02143481293805083
h5m80d50_direction,300913.SZ,20230608,H5_COMPETING_DIRECTION_TOP3,1,1.0,0.09457825288881061,0.08000000000000007,46.45,50.84315984668525,2.0,profit_intraday,0.014578252888810539
h5m80d50_direction,002654.SZ,20230607,H5_COMPETING_DIRECTION_TOP3,1,1.0,0.08891675936110666,0.08000000000000007,8.01,8.722223242482464,3.0,profit_intraday,0.008916759361106585
h5m80d50_direction,300570.SZ,20230607,H5_COMPETING_DIRECTION_TOP3,1,1.0,0.0838193898184949,0.08000000000000007,31.48,34.11863439148622,2.0,profit_intraday,0.003819389818494834
h5m80d50_direction,300913.SZ,20230607,H5_COMPETING_DIRECTION_TOP3,1,1.0,0.08891675936110666,0.08000000000000007,47.03,51.21175519275285,3.0,profit_intraday,0.008916759361106585
h5m80d50_direction,300570.SZ,20230606,H5_COMPETING_DIRECTION_TOP3,1,1.0,0.07640666774420057,0.07999999999999996,30.26,32.57206576593951,2.0,profit_intraday,-0.0035933322557993863
h5m80d50_direction,300620.SZ,20230606,H5_COMPETING_DIRECTION_TOP3,1,1.0,0.07640666774420057,0.07999999999999996,49.5,53.28213005333793,2.0,profit_intraday,-0.0035933322557993863
h5m80d50_direction,300913.SZ,20230606,H5_COMPETING_DIRECTION_TOP3,1,1.0,0.09093253612667263,0.08000000000000007,45.85,50.01925678140794,4.0,profit_intraday,0.010932536126672554
h5m80d50_direction,000620.SZ,20230605,H5_COMPETING_DIRECTION_TOP3,1,1.0,0.06955169002186756,0.07999999999999996,1.75,1.8717154575382682,5.0,profit_intraday,-0.010448309978132397
h5m80d50_direction,300570.SZ,20230605,H5_COMPETING_DIRECTION_TOP3,1,1.0,0.055333038338162055,0.08000000000000007,30.79,32.49370425043201,3.0,profit_intraday,-0.024666961661838016
h5m80d50_direction,300913.SZ,20230605,H5_COMPETING_DIRECTION_TOP3,1,1.0,0.08803986710963452,0.1072337888673639,42.14,45.85,2.0,profit_open,-0.019193921757729382
h5m80d50_direction,002292.SZ,20230602,H5_COMPETING_DIRECTION_TOP3,1,1.0,0.05928351570140111,0.08000000000000007,10.67,11.30255511253395,2.0,profit_intraday,-0.02071648429859896
h5m80d50_direction,300570.SZ,20230602,H5_COMPETING_DIRECTION_TOP3,1,1.0,0.05576462465685861,0.08000000000000007,31.03,32.760376303102326,4.0,profit_intraday,-0.024235375343141463
h5m80d50_direction,300678.SZ,20230602,H5_COMPETING_DIRECTION_TOP3,1,1.0,0.05928351570140111,0.08000000000000007,47.51,50.326559830973565,2.0,profit_intraday,-0.02071648429859896
h5m80d50_direction,000620.SZ,20230601,H5_COMPETING_DIRECTION_TOP3,1,1.0,0.10062893081761004,0.11404762702049454,1.59,1.75,3.0,profit_open,-0.013418696202884495
h5m80d50_direction,300570.SZ,20230601,H5_COMPETING_DIRECTION_TOP3,1,0.0,-0.04210203004075841,-0.050000000000000044,32.24,30.88263055148595,2.0,stop_close,0.007897969959241635
h5m80d50_direction,300678.SZ,20230601,H5_COMPETING_DIRECTION_TOP3,1,0.0,-0.12018518518518517,-0.1280831551444268,54.0,47.51,2.0,t1_stop_t2_open,0.007897969959241635
h5m80d50_direction,300678.SZ,20230531,H5_COMPETING_DIRECTION_TOP3,1,0.0,-0.0392144600151787,-0.050000000000000044,51.17,49.16339608102331,3.0,stop_close,0.010785539984821346
h5m80d50_direction,601900.SH,20230531,H5_COMPETING_DIRECTION_TOP3,1,1.0,0.12906976744186038,0.11873130372847807,25.8,29.13,2.0,profit_open,0.010338463713382318
h5m80d50_direction,601949.SH,20230531,H5_COMPETING_DIRECTION_TOP3,1,1.0,0.17268041237113407,0.16234194865775176,11.64,13.65,2.0,profit_open,0.010338463713382318
h5m80d50_direction,300678.SZ,20230530,H5_COMPETING_DIRECTION_TOP3,1,0.0,-0.08526993207007505,-0.08659296367618408,55.94,51.17,2.0,t1_stop_t2_open,0.0013230316061090264
h5m80d50_direction,300913.SZ,20230530,H5_COMPETING_DIRECTION_TOP3,1,1.0,0.08878506194038449,0.08000000000000007,38.22,41.61336506736149,3.0,profit_intraday,0.00878506194038442
h5m80d50_direction,601900.SH,20230530,H5_COMPETING_DIRECTION_TOP3,1,1.0,0.10729613733905574,0.10597310573294672,23.3,25.8,2.0,profit_open,0.0013230316061090264
h5m80d50_direction,300459.SZ,20230529,H5_COMPETING_DIRECTION_TOP3,1,1.0,0.08320797953909942,0.08000000000000007,6.5,7.040851867004147,2.0,profit_intraday,0.003207979539099348
h5m80d50_direction,300678.SZ,20230529,H5_COMPETING_DIRECTION_TOP3,1,1.0,0.17768421052631567,0.17447623098721632,47.5,55.94,2.0,profit_open,0.003207979539099348
h5m80d50_direction,300913.SZ,20230529,H5_COMPETING_DIRECTION_TOP3,1,1.0,0.09357960883254002,0.08000000000000007,37.99,41.5450893395482,4.0,profit_intraday,0.013579608832539947
h5m80d50_direction,300002.SZ,20230526,H5_COMPETING_DIRECTION_TOP3,1,1.0,0.08552487864762859,0.08000000000000007,11.42,12.396694114155919,2.0,profit_intraday,0.005524878647628517
h5m80d50_direction,300459.SZ,20230526,H5_COMPETING_DIRECTION_TOP3,1,1.0,0.08552487864762859,0.08000000000000007,6.31,6.849661984266536,2.0,profit_intraday,0.005524878647628517
h5m80d50_direction,601900.SH,20230526,H5_COMPETING_DIRECTION_TOP3,1,1.0,0.08552487864762859,0.08000000000000007,20.27,22.00358929018743,2.0,profit_intraday,0.005524878647628517
h5m80d50_direction,300133.SZ,20230525,H5_COMPETING_DIRECTION_TOP3,1,1.0,0.09315861674800563,0.08000000000000007,6.85,7.4881365247238385,3.0,profit_intraday,0.013158616748005558
h5m80d50_direction,601900.SH,20230525,H5_COMPETING_DIRECTION_TOP3,1,1.0,0.1311383928571428,0.12277233157775491,17.92,20.27,2.0,profit_open,0.008366061279387882
h5m80d50_direction,688327.SH,20230525,H5_COMPETING_DIRECTION_TOP3,1,0.0,-0.04163393872061216,-0.050000000000000044,32.53,31.17564797341849,2.0,stop_close,0.008366061279387882
h5m80d50_direction,300570.SZ,20230524,H5_COMPETING_DIRECTION_TOP3,1,1.0,0.08571915994912804,0.08000000000000007,26.12,28.358984457871227,2.0,profit_intraday,0.005719159949127972
h5m80d50_direction,300678.SZ,20230524,H5_COMPETING_DIRECTION_TOP3,1,0.0,-0.04428084005087207,-0.050000000000000044,54.11,51.71396374484731,2.0,stop_close,0.005719159949127972
h5m80d50_direction,688525.SH,20230524,H5_COMPETING_DIRECTION_TOP3,1,1.0,0.08571915994912804,0.08000000000000007,73.16,79.43121374187821,2.0,profit_intraday,0.005719159949127972
h5m80d50_direction,300570.SZ,20230523,H5_COMPETING_DIRECTION_TOP3,1,1.0,0.1361461505002175,0.14023426555399965,22.99,26.12,2.0,profit_open,-0.004088115053782149
h5m80d50_direction,300678.SZ,20230523,H5_COMPETING_DIRECTION_TOP3,1,1.0,0.13963774220724523,0.14372585726102738,47.48,54.11,2.0,profit_open,-0.004088115053782149
h5m80d50_direction,688525.SH,20230523,H5_COMPETING_DIRECTION_TOP3,1,1.0,0.08347264317525083,0.08000000000000007,71.62,77.59831070421147,3.0,profit_intraday,0.003472643175250756
h5m80d50_direction,300678.SZ,20230522,H5_COMPETING_DIRECTION_TOP3,1,1.0,0.06710871858176692,0.07999999999999996,50.05,53.40879136501743,2.0,profit_intraday,-0.012891281418233036
h5m80d50_direction,603662.SH,20230522,H5_COMPETING_DIRECTION_TOP3,1,1.0,0.0652741524788083,0.07999999999999996,25.0,26.631853811970206,3.0,profit_intraday,-0.01472584752119166
h5m80d50_direction,688525.SH,20230522,H5_COMPETING_DIRECTION_TOP3,1,1.0,0.07275415123051499,0.08000000000000007,73.77,79.13707373627508,4.0,profit_intraday,-0.007245848769485086
h5m80d50_direction,300678.SZ,20230519,H5_COMPETING_DIRECTION_TOP3,1,1.0,0.06925185426394198,0.08000000000000007,49.71,53.15250967546056,3.0,profit_intraday,-0.01074814573605809
h5m80d50_direction,603662.SH,20230519,H5_COMPETING_DIRECTION_TOP3,1,1.0,0.08695652173913038,0.09548998738469683,23.0,25.0,2.0,profit_open,-0.008533465645566451
h5m80d50_direction,688048.SH,20230519,H5_COMPETING_DIRECTION_TOP3,1,0.0,-0.058533465645566496,-0.050000000000000044,100.0,94.14665343544335,2.0,stop_close,-0.008533465645566451
h5m80d50_direction,300678.SZ,20230518,H5_COMPETING_DIRECTION_TOP3,1,0.0,-0.05598706753895755,-0.050000000000000044,51.15,48.28626149538232,3.0,stop_close,-0.005987067538957502
h5m80d50_direction,688498.SH,20230518,H5_COMPETING_DIRECTION_TOP3,1,0.0,-0.09173228346456697,-0.09647729858307386,254.0,230.7,2.0,t1_stop_t2_open,0.00474501511850689
h5m80d50_direction,688525.SH,20230518,H5_COMPETING_DIRECTION_TOP3,1,1.0,0.08474501511850696,0.08000000000000007,76.96,83.48197636352029,2.0,profit_intraday,0.00474501511850689
h5m80d50_direction,301205.SZ,20230517,H5_COMPETING_DIRECTION_TOP3,1,1.0,0.07599367194713902,0.07999999999999996,214.0,230.26264579668776,5.0,profit_intraday,-0.004006328052860941
h5m80d50_direction,688498.SH,20230517,H5_COMPETING_DIRECTION_TOP3,1,1.0,0.12888888888888883,0.12207382187219529,225.0,254.0,2.0,profit_open,0.006815067016693543
h5m80d50_direction,688525.SH,20230517,H5_COMPETING_DIRECTION_TOP3,1,1.0,0.08681506701669361,0.08000000000000007,72.0,78.25068482520194,2.0,profit_intraday,0.006815067016693543
h5m80d50_direction,301308.SZ,20230516,H5_COMPETING_DIRECTION_TOP3,1,1.0,0.09241648264204105,0.08000000000000007,104.0,113.61131419477226,3.0,profit_intraday,0.012416482642040982
h5m80d50_direction,688498.SH,20230516,H5_COMPETING_DIRECTION_TOP3,1,1.0,0.09223300970873782,0.08241007019909508,206.0,225.0,2.0,profit_open,0.009822939509642747
h5m80d50_direction,688525.SH,20230516,H5_COMPETING_DIRECTION_TOP3,1,1.0,0.08982293950964282,0.08000000000000007,71.46,77.87874725735907,2.0,profit_intraday,0.009822939509642747
h5m80d50_direction,688205.SH,20230515,H5_COMPETING_DIRECTION_TOP3,1,1.0,0.08188743057131243,0.08000000000000007,61.52,66.55771472874714,3.0,profit_intraday,0.001887430571312354
h5m80d50_direction,688498.SH,20230515,H5_COMPETING_DIRECTION_TOP3,1,1.0,0.08188743057131243,0.08000000000000007,214.5,232.06485385754652,3.0,profit_intraday,0.001887430571312354
h5m80d50_direction,688525.SH,20230515,H5_COMPETING_DIRECTION_TOP3,1,1.0,0.07766146308827815,0.08000000000000007,69.42,74.81125876758827,2.0,profit_intraday,-0.0023385369117219224
h5m80d50_direction,301308.SZ,20230512,H5_COMPETING_DIRECTION_TOP3,1,1.0,0.08228547785672768,0.08000000000000007,89.18,96.51821891526298,2.0,profit_intraday,0.0022854778567276135
h5m80d50_direction,688498.SH,20230512,H5_COMPETING_DIRECTION_TOP3,1,0.0,-0.04771452214327243,-0.050000000000000044,219.37,208.90286527743032,2.0,stop_close,0.0022854778567276135
h5m80d50_direction,688525.SH,20230512,H5_COMPETING_DIRECTION_TOP3,1,1.0,0.08228547785672768,0.08000000000000007,66.43,71.89622429402243,2.0,profit_intraday,0.0022854778567276135
h5m80d50_direction,301308.SZ,20230511,H5_COMPETING_DIRECTION_TOP3,1,1.0,0.07111450020506838,0.07999999999999996,92.2,98.75675691890731,3.0,profit_intraday,-0.008885499794931584
h5m80d50_direction,688498.SH,20230511,H5_COMPETING_DIRECTION_TOP3,1,1.0,0.08085015798771278,0.08000000000000007,217.0,234.54448428333367,5.0,profit_intraday,0.0008501579877127075
h5m80d50_direction,688525.SH,20230511,H5_COMPETING_DIRECTION_TOP3,1,0.0,-0.058798526494757586,-0.05776320800293033,70.58,66.43,2.0,t1_stop_t2_open,-0.0010353184918272529
h5m80d50_direction,688498.SH,20230510,H5_COMPETING_DIRECTION_TOP3,1,1.0,0.0697411090247928,0.07999999999999996,209.69,224.3140131514088,2.0,profit_intraday,-0.010258890975207158
h5m80d50_direction,688525.SH,20230510,H5_COMPETING_DIRECTION_TOP3,1,0.0,-0.06404986076117225,-0.05379096978596509,75.41,70.58,2.0,t1_stop_t2_open,-0.010258890975207158
h5m80d50_direction,688766.SH,20230510,H5_COMPETING_DIRECTION_TOP3,1,1.0,0.0697411090247928,0.07999999999999996,151.0,161.53090746274373,2.0,profit_intraday,-0.010258890975207158
h5m80d50_direction,301308.SZ,20230509,H5_COMPETING_DIRECTION_TOP3,1,1.0,0.07304599809289014,0.07999999999999996,87.46,93.84860299320417,3.0,profit_intraday,-0.006954001907109819
h5m80d50_direction,688213.SH,20230509,H5_COMPETING_DIRECTION_TOP3,1,1.0,0.08423874590302716,0.08000000000000007,54.45,59.03679971441983,2.0,profit_intraday,0.004238745903027086
h5m80d50_direction,688327.SH,20230509,H5_COMPETING_DIRECTION_TOP3,1,1.0,0.10770419994846692,0.10346545404543983,38.81,42.99,2.0,profit_open,0.004238745903027086
h5m80d50_direction,300229.SZ,20230508,H5_COMPETING_DIRECTION_TOP3,1,1.0,0.06964247527311818,0.08000000000000007,23.63,25.275651690703782,2.0,profit_intraday,-0.010357524726881895
h5m80d50_direction,600757.SH,20230508,H5_COMPETING_DIRECTION_TOP3,1,0.0,-0.06035752472688194,-0.050000000000000044,12.16,11.426052499321116,2.0,stop_close,-0.010357524726881895
h5m80d50_direction,601326.SH,20230508,H5_COMPETING_DIRECTION_TOP3,1,0.0,-0.06035752472688183,-0.04999999999999993,4.93,4.632437403096472,2.0,stop_close,-0.010357524726881895
h5m80d50_direction,600757.SH,20230505,H5_COMPETING_DIRECTION_TOP3,1,0.0,-0.05237663329634212,-0.04999999999999993,11.96,11.333575465775748,3.0,stop_close,-0.00237663329634219
h5m80d50_direction,601326.SH,20230505,H5_COMPETING_DIRECTION_TOP3,1,1.0,0.10044642857142838,0.10614318456604366,4.48,4.93,2.0,profit_open,-0.005696755994615277
h5m80d50_direction,601801.SH,20230505,H5_COMPETING_DIRECTION_TOP3,1,1.0,0.0743032440053848,0.08000000000000007,9.5,10.205880818051156,2.0,profit_intraday,-0.005696755994615277
h5m80d50_direction,600757.SH,20230504,H5_COMPETING_DIRECTION_TOP3,1,1.0,0.07883143233696344,0.08000000000000007,11.54,12.449714729168557,2.0,profit_intraday,-0.0011685676630366348
h5m80d50_direction,601801.SH,20230504,H5_COMPETING_DIRECTION_TOP3,1,1.0,0.07883143233696344,0.08000000000000007,9.58,10.33520512178811,2.0,profit_intraday,-0.0011685676630366348
h5m80d50_direction,601928.SH,20230504,H5_COMPETING_DIRECTION_TOP3,1,0.0,-0.06480370220588816,-0.050000000000000044,15.45,14.448782800919027,3.0,stop_close,-0.014803702205888114
h5m80d50_direction,300058.SZ,20230428,H5_COMPETING_DIRECTION_TOP3,1,1.0,0.07353021012416794,0.07999999999999996,13.04,13.998833940019148,2.0,profit_intraday,-0.006469789875832022
h5m80d50_direction,600612.SH,20230428,H5_COMPETING_DIRECTION_TOP3,1,0.0,-0.06212968905618821,-0.04999999999999993,71.33,66.89828927962209,4.0,stop_close,-0.012129689056188275
h5m80d50_direction,600757.SH,20230428,H5_COMPETING_DIRECTION_TOP3,1,1.0,0.100095328884652,0.10656511876048402,10.49,11.54,2.0,profit_open,-0.006469789875832022
h5m80d50_direction,600757.SH,20230427,H5_COMPETING_DIRECTION_TOP3,1,1.0,0.1219251336898397,0.10487195396446247,9.35,10.49,2.0,profit_open,0.017053179725377232
h5m80d50_direction,601900.SH,20230427,H5_COMPETING_DIRECTION_TOP3,1,1.0,0.21768292682926838,0.20062974710389114,16.4,19.97,2.0,profit_open,0.017053179725377232
h5m80d50_direction,601949.SH,20230427,H5_COMPETING_DIRECTION_TOP3,1,1.0,0.16666666666666674,0.1496134869412895,8.7,10.15,2.0,profit_open,0.017053179725377232
h5m80d50_direction,301205.SZ,20230426,H5_COMPETING_DIRECTION_TOP3,1,0.0,-0.013998943475964087,-0.030959476187783497,113.58,111.99,2.0,t1_stop_t2_open,0.01696053271181941
h5m80d50_direction,601858.SH,20230426,H5_COMPETING_DIRECTION_TOP3,1,1.0,0.09972076013379216,0.08000000000000007,40.35,44.373732671398514,3.0,profit_intraday,0.019720760133792092
h5m80d50_direction,601949.SH,20230426,H5_COMPETING_DIRECTION_TOP3,1,0.0,-0.1470588235294118,-0.1640193562412312,10.2,8.7,2.0,t1_stop_t2_open,0.01696053271181941
h5m80d50_direction,300573.SZ,20230425,H5_COMPETING_DIRECTION_TOP3,1,1.0,0.08817690312982585,0.08000000000000007,170.0,184.9900735320704,2.0,profit_intraday,0.008176903129825774
h5m80d50_direction,601858.SH,20230425,H5_COMPETING_DIRECTION_TOP3,1,1.0,0.08817690312982585,0.08000000000000007,38.73,42.145091458218154,2.0,profit_intraday,0.008176903129825774
h5m80d50_direction,601949.SH,20230425,H5_COMPETING_DIRECTION_TOP3,1,1.0,0.1657142857142857,0.15753738258445993,8.75,10.2,2.0,profit_open,0.008176903129825774
h5m80d50_direction,600105.SH,20230424,H5_COMPETING_DIRECTION_TOP3,1,0.0,-0.05911328544752914,-0.050000000000000044,7.43,6.9907882891248585,3.0,stop_close,-0.009113285447529096
h5m80d50_direction,601858.SH,20230424,H5_COMPETING_DIRECTION_TOP3,1,1.0,0.06829456374997878,0.08000000000000007,36.97,39.49485002183671,2.0,profit_intraday,-0.011705436250021295
h5m80d50_direction,601949.SH,20230424,H5_COMPETING_DIRECTION_TOP3,1,1.0,0.09795479009687846,0.10706807554440756,9.29,10.2,3.0,profit_open,-0.009113285447529096
h5m80d50_direction,000719.SZ,20230421,H5_COMPETING_DIRECTION_TOP3,1,1.0,0.09362054681027332,0.1177426722277487,12.07,13.2,2.0,profit_open,-0.024122125417475382
h5m80d50_direction,002668.SZ,20230421,H5_COMPETING_DIRECTION_TOP3,1,0.0,-0.03363518758085393,-0.0315620539789393,7.73,7.47,5.0,expiry_close,-0.002073133601914634
h5m80d50_direction,601858.SH,20230421,H5_COMPETING_DIRECTION_TOP3,1,1.0,0.15531249999999996,0.17943462541747535,32.0,36.97,2.0,profit_open,-0.024122125417475382
h5m80d50_direction,000719.SZ,20230420,H5_COMPETING_DIRECTION_TOP3,1,1.0,0.04687782720679334,0.08000000000000007,12.29,12.86612849637149,2.0,profit_intraday,-0.03312217279320673
h5m80d50_direction,300678.SZ,20230420,H5_COMPETING_DIRECTION_TOP3,1,1.0,0.05435356200527708,0.0874757347984838,37.9,39.96,2.0,profit_open,-0.03312217279320673
h5m80d50_direction,601949.SH,20230420,H5_COMPETING_DIRECTION_TOP3,1,1.0,0.12132822477650063,0.15445039756970735,7.83,8.78,2.0,profit_open,-0.03312217279320673
h5m80d50_direction,300913.SZ,20230419,H5_COMPETING_DIRECTION_TOP3,1,1.0,0.03014709005353522,0.08000000000000007,36.2,37.29132465993798,4.0,profit_intraday,-0.04985290994646485
h5m80d50_direction,600633.SH,20230419,H5_COMPETING_DIRECTION_TOP3,1,1.0,0.053633192022109366,0.08000000000000007,14.1,14.856228007511742,2.0,profit_intraday,-0.026366807977890705
h5m80d50_direction,601858.SH,20230419,H5_COMPETING_DIRECTION_TOP3,1,1.0,0.15241635687732358,0.17878316485521428,26.9,31.0,2.0,profit_open,-0.026366807977890705
h5m80d50_direction,300548.SZ,20230418,H5_COMPETING_DIRECTION_TOP3,1,1.0,0.07645583755615326,0.08000000000000007,36.54,39.33369630430184,2.0,profit_intraday,-0.00354416244384681
h5m80d50_direction,300913.SZ,20230418,H5_COMPETING_DIRECTION_TOP3,1,0.0,-0.07966555806513498,-0.050000000000000044,38.06,35.027928860040966,3.0,stop_close,-0.029665558065134934
h5m80d50_direction,600633.SH,20230418,H5_COMPETING_DIRECTION_TOP3,1,1.0,0.0503903477643719,0.08005590582950683,14.09,14.8,3.0,profit_open,-0.029665558065134934
h5m80d50_direction,002517.SZ,20230417,H5_COMPETING_DIRECTION_TOP3,1,1.0,0.0747998892755255,0.08000000000000007,13.11,14.090626548402138,2.0,profit_intraday,-0.0052001107244745715
h5m80d50_direction,300002.SZ,20230417,H5_COMPETING_DIRECTION_TOP3,1,1.0,0.0747998892755255,0.08000000000000007,10.9,11.71531879310323,2.0,profit_intraday,-0.0052001107244745715
h5m80d50_direction,300913.SZ,20230417,H5_COMPETING_DIRECTION_TOP3,1,1.0,0.0747998892755255,0.08000000000000007,36.31,39.025983979594336,2.0,profit_intraday,-0.0052001107244745715
h5m80d50_direction,300548.SZ,20230414,H5_COMPETING_DIRECTION_TOP3,1,0.0,-0.0545945945945947,-0.0541704853839996,37.0,34.98,2.0,t1_stop_t2_open,-0.00042410921059510276
h5m80d50_direction,300913.SZ,20230414,H5_COMPETING_DIRECTION_TOP3,1,1.0,0.07957589078940486,0.07999999999999996,36.92,39.85794188794483,2.0,profit_intraday,-0.00042410921059510276
h5m80d50_direction,301205.SZ,20230414,H5_COMPETING_DIRECTION_TOP3,1,1.0,0.07957589078940486,0.07999999999999996,81.1,87.55360474302073,2.0,profit_intraday,-0.00042410921059510276
h5m80d50_direction,300548.SZ,20230413,H5_COMPETING_DIRECTION_TOP3,1,0.0,-0.04065703042475299,-0.050000000000000155,38.49,36.92511089895126,2.0,stop_close,0.009342969575247162
h5m80d50_direction,300570.SZ,20230413,H5_COMPETING_DIRECTION_TOP3,1,1.0,0.08750779442700463,0.08000000000000007,27.56,29.971714814408244,3.0,profit_intraday,0.007507794427004555
h5m80d50_direction,300624.SZ,20230413,H5_COMPETING_DIRECTION_TOP3,1,0.0,-0.05734485467399841,-0.06668782424924558,89.11,84.0,2.0,t1_stop_t2_open,0.009342969575247162
h5m80d50_direction,002292.SZ,20230412,H5_COMPETING_DIRECTION_TOP3,1,0.0,-0.04893535560240814,-0.050000000000000044,9.93,9.444071918868087,2.0,stop_close,0.0010646443975919073
h5m80d50_direction,300913.SZ,20230412,H5_COMPETING_DIRECTION_TOP3,1,0.0,-0.048935355602408026,-0.04999999999999993,39.99,38.033075129459704,2.0,stop_close,0.0010646443975919073
h5m80d50_direction,688362.SH,20230412,H5_COMPETING_DIRECTION_TOP3,1,1.0,0.08106464439759198,0.08000000000000007,41.99,45.39390441825489,2.0,profit_intraday,0.0010646443975919073
h5m80d50_direction,300459.SZ,20230411,H5_COMPETING_DIRECTION_TOP3,1,1.0,0.0795109402497165,0.07999999999999996,7.69,8.30143913052032,2.0,profit_intraday,-0.0004890597502834604
h5m80d50_direction,300624.SZ,20230411,H5_COMPETING_DIRECTION_TOP3,1,1.0,0.10975903614457838,0.11024809589486184,83.0,92.11,2.0,profit_open,-0.0004890597502834604
h5m80d50_direction,300913.SZ,20230411,H5_COMPETING_DIRECTION_TOP3,1,1.0,0.07993518768566021,0.08042424743594367,37.03,39.99,2.0,profit_open,-0.0004890597502834604
h5m80d50_direction,300459.SZ,20230410,H5_COMPETING_DIRECTION_TOP3,1,1.0,0.08994913237713087,0.08000000000000007,7.5,8.17461849282848,2.0,profit_intraday,0.009949132377130798
h5m80d50_direction,300624.SZ,20230410,H5_COMPETING_DIRECTION_TOP3,1,1.0,0.17347660115933827,0.16352746878220747,70.73,83.0,2.0,profit_open,0.009949132377130798
h5m80d50_direction,600633.SH,20230410,H5_COMPETING_DIRECTION_TOP3,1,1.0,0.11071428571428577,0.10076515333715497,14.0,15.55,2.0,profit_open,0.009949132377130798
h5m80d50_direction,002681.SZ,20230407,H5_COMPETING_DIRECTION_TOP3,1,1.0,0.0763992007238663,0.07999999999999996,5.84,6.286171332227379,2.0,profit_intraday,-0.0036007992761336594
h5m80d50_direction,301153.SZ,20230407,H5_COMPETING_DIRECTION_TOP3,1,0.0,-0.1558631623879505,-0.15226236311181685,163.99,138.43,2.0,t1_stop_t2_open,-0.0036007992761336594
h5m80d50_direction,002681.SZ,20230406,H5_COMPETING_DIRECTION_TOP3,1,1.0,0.08300968677970588,0.08000000000000007,5.92,6.411417345735859,2.0,profit_intraday,0.0030096867797058113
h5m80d50_direction,300459.SZ,20230406,H5_COMPETING_DIRECTION_TOP3,1,1.0,0.09298876292902158,0.08000000000000007,7.62,8.328574373519144,4.0,profit_intraday,0.012988762929021513
h5m80d50_direction,300624.SZ,20230406,H5_COMPETING_DIRECTION_TOP3,1,1.0,0.08300968677970588,0.08000000000000007,70.02,75.832338268315,2.0,profit_intraday,0.0030096867797058113
h5m80d50_direction,300002.SZ,20230404,H5_COMPETING_DIRECTION_TOP3,1,1.0,0.09541961274951771,0.08000000000000007,10.33,11.315684599702518,2.0,profit_intraday,0.015419612749517642
h5m80d50_direction,300459.SZ,20230404,H5_COMPETING_DIRECTION_TOP3,1,0.0,-0.05459057071960305,-0.07001018346912069,8.06,7.62,2.0,t1_stop_t2_open,0.015419612749517642
h5m80d50_direction,301205.SZ,20230404,H5_COMPETING_DIRECTION_TOP3,1,0.0,-0.04182136801759362,-0.050000000000000044,82.88,79.41384501870183,3.0,stop_close,0.008178631982406426
h5m80d50_direction,000021.SZ,20230403,H5_COMPETING_DIRECTION_TOP3,1,1.0,0.09123898392949714,0.08509765340631326,19.29,21.05,4.0,profit_open,0.0061413305231838855
h5m80d50_direction,300913.SZ,20230403,H5_COMPETING_DIRECTION_TOP3,1,1.0,0.08312224675868563,0.08000000000000007,28.87,31.269739263923256,2.0,profit_intraday,0.003122246758685554
h5m80d50_direction,688525.SH,20230403,H5_COMPETING_DIRECTION_TOP3,1,1.0,0.1845261895241903,0.18140394276550476,50.02,59.25,2.0,profit_open,0.003122246758685554
h5m80d50_direction,300002.SZ,20230331,H5_COMPETING_DIRECTION_TOP3,1,1.0,0.13442622950819683,0.12449075023238221,9.15,10.38,2.0,profit_open,0.009935479275814618
h5m80d50_direction,300459.SZ,20230331,H5_COMPETING_DIRECTION_TOP3,1,1.0,0.08993547927581469,0.08000000000000007,8.03,8.75218189858479,2.0,profit_intraday,0.009935479275814618
h5m80d50_direction,603083.SH,20230331,H5_COMPETING_DIRECTION_TOP3,1,1.0,0.1624365482233503,0.15250106894753568,37.43,43.51,2.0,profit_open,0.009935479275814618
h5m80d50_direction,300002.SZ,20230330,H5_COMPETING_DIRECTION_TOP3,1,1.0,0.10108303249097461,0.0802523257365273,8.31,9.15,2.0,profit_open,0.020830706754447315
h5m80d50_direction,300459.SZ,20230330,H5_COMPETING_DIRECTION_TOP3,1,1.0,0.10083070675444739,0.08000000000000007,7.58,8.34429675719871,2.0,profit_intraday,0.020830706754447315
h5m80d50_direction,688327.SH,20230330,H5_COMPETING_DIRECTION_TOP3,1,1.0,0.10083070675444739,0.08000000000000007,44.27,48.73377538801939,2.0,profit_intraday,0.020830706754447315
h5m80d50_direction,002261.SZ,20230329,H5_COMPETING_DIRECTION_TOP3,1,0.0,-0.02452833200537885,-0.050000000000000044,15.63,15.246622170755929,5.0,stop_close,0.025471667994621194
h5m80d50_direction,300002.SZ,20230329,H5_COMPETING_DIRECTION_TOP3,1,1.0,0.090177463909616,0.08000000000000007,8.51,9.277410217870832,2.0,profit_intraday,0.010177463909615936
h5m80d50_direction,688327.SH,20230329,H5_COMPETING_DIRECTION_TOP3,1,1.0,0.090177463909616,0.08000000000000007,42.29,46.10360494873766,2.0,profit_intraday,0.010177463909615936
h5m80d50_direction,300002.SZ,20230328,H5_COMPETING_DIRECTION_TOP3,1,1.0,0.08899104636713195,0.08000000000000007,8.7,9.474222103394046,3.0,profit_intraday,0.008991046367131883
h5m80d50_direction,300459.SZ,20230328,H5_COMPETING_DIRECTION_TOP3,1,1.0,0.08024344868443878,0.08000000000000007,7.18,7.75614796155427,2.0,profit_intraday,0.00024344868443870737
h5m80d50_direction,300576.SZ,20230328,H5_COMPETING_DIRECTION_TOP3,1,1.0,0.08899104636713195,0.08000000000000007,35.25,38.3869343844414,3.0,profit_intraday,0.008991046367131883
h5m80d50_direction,002153.SZ,20230327,H5_COMPETING_DIRECTION_TOP3,1,1.0,0.07076190408777872,0.07999999999999996,22.13,23.69596093746254,2.0,profit_intraday,-0.009238095912221245
h5m80d50_direction,002261.SZ,20230327,H5_COMPETING_DIRECTION_TOP3,1,1.0,0.07076190408777872,0.07999999999999996,15.44,16.5325637991153,2.0,profit_intraday,-0.009238095912221245
h5m80d50_direction,688525.SH,20230327,H5_COMPETING_DIRECTION_TOP3,1,0.0,-0.06365914786967419,-0.05442105195745295,39.9,37.36,2.0,t1_stop_t2_open,-0.009238095912221245
h5m80d50_direction,300459.SZ,20230324,H5_COMPETING_DIRECTION_TOP3,1,1.0,0.08212360840940103,0.08000000000000007,7.54,8.159212007406884,5.0,profit_intraday,0.0021236084094009566
h5m80d50_direction,300570.SZ,20230324,H5_COMPETING_DIRECTION_TOP3,1,0.0,-0.05680624271390433,-0.050000000000000044,27.5,25.93782832536763,2.0,stop_close,-0.006806242713904287
h5m80d50_direction,300624.SZ,20230324,H5_COMPETING_DIRECTION_TOP3,1,0.0,0.039001772807854884,0.03687816439845393,73.33,76.19,5.0,expiry_close,0.0021236084094009566
h5m80d50_direction,300570.SZ,20230323,H5_COMPETING_DIRECTION_TOP3,1,0.0,-0.057033791878555395,-0.04999999999999993,27.91,26.318186868669518,3.0,stop_close,-0.007033791878555462
h5m80d50_direction,300624.SZ,20230323,H5_COMPETING_DIRECTION_TOP3,1,1.0,0.08104777999169377,0.08000000000000007,75.5,81.61910738937289,2.0,profit_intraday,0.001047779991693698
h5m80d50_direction,301171.SZ,20230323,H5_COMPETING_DIRECTION_TOP3,1,1.0,0.08104777999169377,0.08000000000000007,29.23,31.59902660915721,2.0,profit_intraday,0.001047779991693698
h5m80d50_direction,300570.SZ,20230322,H5_COMPETING_DIRECTION_TOP3,1,1.0,0.08363850890236368,0.08000000000000007,26.3,28.499692784132165,2.0,profit_intraday,0.003638508902363613
h5m80d50_direction,300624.SZ,20230322,H5_COMPETING_DIRECTION_TOP3,1,1.0,0.08363850890236368,0.08000000000000007,71.6,77.58851723740923,2.0,profit_intraday,0.003638508902363613
h5m80d50_direction,301171.SZ,20230322,H5_COMPETING_DIRECTION_TOP3,1,0.0,-0.033130493576740916,-0.028767280193727873,29.58,28.6,5.0,expiry_close,-0.004363213383013043
h5m80d50_direction,300459.SZ,20230321,H5_COMPETING_DIRECTION_TOP3,1,1.0,0.08839615282061164,0.08000000000000007,6.58,7.161646685559624,2.0,profit_intraday,0.008396152820611569
h5m80d50_direction,300624.SZ,20230321,H5_COMPETING_DIRECTION_TOP3,1,1.0,0.08839615282061164,0.08000000000000007,67.15,73.08580166190407,2.0,profit_intraday,0.008396152820611569
h5m80d50_direction,688327.SH,20230321,H5_COMPETING_DIRECTION_TOP3,1,1.0,0.08839615282061164,0.08000000000000007,29.15,31.726747854720827,2.0,profit_intraday,0.008396152820611569
h5m80d50_direction,300170.SZ,20230320,H5_COMPETING_DIRECTION_TOP3,1,1.0,0.10173081400429362,0.08000000000000007,14.19,15.633560250720926,5.0,profit_intraday,0.021730814004293553
h5m80d50_direction,300634.SZ,20230320,H5_COMPETING_DIRECTION_TOP3,1,1.0,0.10042754319371205,0.08000000000000007,28.37,31.219129400405613,4.0,profit_intraday,0.020427543193711983
h5m80d50_direction,688088.SH,20230320,H5_COMPETING_DIRECTION_TOP3,1,1.0,0.09866666666666668,0.08193849796605557,33.75,37.08,2.0,profit_open,0.016728168700611112
h5m80d50_direction,300624.SZ,20230317,H5_COMPETING_DIRECTION_TOP3,1,0.0,-0.0403341510976557,-0.050000000000000155,72.08,69.17271438888098,2.0,stop_close,0.009665848902344454
h5m80d50_direction,300634.SZ,20230317,H5_COMPETING_DIRECTION_TOP3,1,1.0,0.09790989238231096,0.08000000000000007,29.8,32.717714792992865,5.0,profit_intraday,0.017909892382310888
h5m80d50_direction,603083.SH,20230317,H5_COMPETING_DIRECTION_TOP3,1,1.0,0.08966584890234452,0.08000000000000007,23.78,25.912253886897755,2.0,profit_intraday,0.009665848902344454
h5m80d50_direction,000065.SZ,20230316,H5_COMPETING_DIRECTION_TOP3,1,1.0,0.12530120481927698,0.11965858100790205,16.6,18.68,2.0,profit_open,0.005642623811374925
h5m80d50_direction,300624.SZ,20230316,H5_COMPETING_DIRECTION_TOP3,1,0.0,0.006731173748422359,-0.01968941991468487,71.31,71.79,5.0,expiry_close,0.026420593663107228
h5m80d50_direction,688327.SH,20230316,H5_COMPETING_DIRECTION_TOP3,1,1.0,0.09218807848944821,0.08654545467807329,27.01,29.5,2.0,profit_open,0.005642623811374925
h5m80d50_direction,300576.SZ,20230315,H5_COMPETING_DIRECTION_TOP3,1,1.0,0.07296755198446525,0.08000000000000007,35.09,37.65043139913489,2.0,profit_intraday,-0.00703244801553482
h5m80d50_direction,300624.SZ,20230315,H5_COMPETING_DIRECTION_TOP3,1,1.0,0.1472007722007722,0.15423322021630703,62.16,71.31,2.0,profit_open,-0.00703244801553482
h5m80d50_direction,300634.SZ,20230315,H5_COMPETING_DIRECTION_TOP3,1,1.0,0.07296755198446525,0.08000000000000007,25.2,27.038782310008525,2.0,profit_intraday,-0.00703244801553482
h5m80d50_direction,300624.SZ,20230314,H5_COMPETING_DIRECTION_TOP3,1,1.0,0.07104398507807397,0.07999999999999996,65.06,69.6821216691795,2.0,profit_intraday,-0.008956014921925992
h5m80d50_direction,300634.SZ,20230314,H5_COMPETING_DIRECTION_TOP3,1,1.0,0.07910110660715985,0.08000000000000007,25.81,27.851599561530794,3.0,profit_intraday,-0.0008988933928402165
h5m80d50_direction,688525.SH,20230314,H5_COMPETING_DIRECTION_TOP3,1,0.0,-0.04697609001406455,-0.03802007509213856,35.55,33.88,2.0,t1_stop_t2_open,-0.008956014921925992
h5m80d50_direction,000065.SZ,20230313,H5_COMPETING_DIRECTION_TOP3,1,1.0,0.11151870873074099,0.1274918402609878,13.63,15.15,3.0,profit_open,-0.01597313153024682
h5m80d50_direction,300576.SZ,20230313,H5_COMPETING_DIRECTION_TOP3,1,1.0,0.07905272768081462,0.07999999999999996,35.03,37.79921705065894,2.0,profit_intraday,-0.0009472723191853438
h5m80d50_direction,300624.SZ,20230313,H5_COMPETING_DIRECTION_TOP3,1,1.0,0.06402686846975314,0.07999999999999996,66.59,70.85354917140087,3.0,profit_intraday,-0.01597313153024682
h5m80d50_direction,300576.SZ,20230310,H5_COMPETING_DIRECTION_TOP3,1,1.0,0.08498787933674867,0.08000000000000007,33.99,36.87873801865609,3.0,profit_intraday,0.004987879336748602
h5m80d50_direction,300624.SZ,20230310,H5_COMPETING_DIRECTION_TOP3,1,1.0,0.22385590884028694,0.22503772345372386,54.41,66.59,2.0,profit_open,-0.0011818146134369156
h5m80d50_direction,300634.SZ,20230310,H5_COMPETING_DIRECTION_TOP3,1,1.0,0.09594251901944206,0.09712433363287898,23.66,25.93,2.0,profit_open,-0.0011818146134369156
h5m80d50_direction,300576.SZ,20230309,H5_COMPETING_DIRECTION_TOP3,1,1.0,0.07292769585759151,0.07999999999999996,36.0,38.625397050873296,2.0,profit_intraday,-0.007072304142408448
h5m80d50_direction,300624.SZ,20230309,H5_COMPETING_DIRECTION_TOP3,1,1.0,0.07292769585759151,0.07999999999999996,53.0,56.86516788045235,2.0,profit_intraday,-0.007072304142408448
h5m80d50_direction,688525.SH,20230309,H5_COMPETING_DIRECTION_TOP3,1,1.0,0.06589724157869781,0.07999999999999996,33.16,35.345152530749615,3.0,profit_intraday,-0.014102758421302153
h5m80d50_direction,002649.SZ,20230308,H5_COMPETING_DIRECTION_TOP3,1,0.0,-0.049079754601227044,-0.04114316989254163,16.3,15.5,5.0,expiry_close,-0.007936584708685412
h5m80d50_direction,300624.SZ,20230308,H5_COMPETING_DIRECTION_TOP3,1,1.0,0.07300406055071296,0.08000000000000007,53.75,57.67396825460082,3.0,profit_intraday,-0.006995939449287114
h5m80d50_direction,688525.SH,20230308,H5_COMPETING_DIRECTION_TOP3,1,1.0,0.12444896575110209,0.13730928408047716,29.49,33.16,2.0,profit_open,-0.012860318329375064
h5m80d50_direction,002649.SZ,20230307,H5_COMPETING_DIRECTION_TOP3,1,0.0,-0.04735883424408016,-0.03849969581546464,16.47,15.69,5.0,expiry_close,-0.00885913842861552
h5m80d50_direction,300624.SZ,20230307,H5_COMPETING_DIRECTION_TOP3,1,1.0,0.07820870821639891,0.08000000000000007,56.71,61.145215842951984,4.0,profit_intraday,-0.0017912917836011566
h5m80d50_direction,603083.SH,20230307,H5_COMPETING_DIRECTION_TOP3,1,1.0,0.07820870821639891,0.08000000000000007,21.2,22.858024614187656,4.0,profit_intraday,-0.0017912917836011566
h5m80d50_direction,300624.SZ,20230306,H5_COMPETING_DIRECTION_TOP3,1,1.0,0.05904500315247918,0.07999999999999996,56.44,59.772499977925925,5.0,profit_intraday,-0.02095499684752078
h5m80d50_direction,300972.SZ,20230306,H5_COMPETING_DIRECTION_TOP3,1,1.0,0.13855970829535091,0.15261711042771675,21.94,24.98,2.0,profit_open,-0.014057402132365837
h5m80d50_direction,603083.SH,20230306,H5_COMPETING_DIRECTION_TOP3,1,1.0,0.05904500315247918,0.07999999999999996,21.68,22.960095668345748,5.0,profit_intraday,-0.02095499684752078
h5m80d50_direction,300624.SZ,20230303,H5_COMPETING_DIRECTION_TOP3,1,0.0,-0.06118232404276791,-0.050000000000000044,58.03,54.47958973579818,3.0,stop_close,-0.011182324042767866
h5m80d50_direction,301205.SZ,20230303,H5_COMPETING_DIRECTION_TOP3,1,0.0,-0.013015873015873036,0.010882961109417666,63.0,62.18,5.0,expiry_close,-0.023898834125290702
h5m80d50_direction,603083.SH,20230303,H5_COMPETING_DIRECTION_TOP3,1,0.0,-0.0491228070175439,-0.03278480003332418,22.8,21.68,2.0,t1_stop_t2_open,-0.016338006984219722
h5m80d50_direction,300548.SZ,20230302,H5_COMPETING_DIRECTION_TOP3,1,0.0,-0.038155802861685295,-0.02822687878385033,25.16,24.2,5.0,expiry_close,-0.009928924077834966
h5m80d50_direction,300624.SZ,20230302,H5_COMPETING_DIRECTION_TOP3,1,1.0,0.09222661396574439,0.088116497489785,53.13,58.03,2.0,profit_open,0.00411011647595938
h5m80d50_direction,300972.SZ,20230302,H5_COMPETING_DIRECTION_TOP3,1,1.0,0.08411011647595945,0.08000000000000007,20.06,21.747248936507745,2.0,profit_intraday,0.00411011647595938
h5m80d50_direction,002649.SZ,20230301,H5_COMPETING_DIRECTION_TOP3,1,1.0,0.07823600228801286,0.08000000000000007,15.97,17.219428956539566,2.0,profit_intraday,-0.0017639977119872086
h5m80d50_direction,300570.SZ,20230301,H5_COMPETING_DIRECTION_TOP3,1,0.0,-0.030551755585955243,-0.017625159425226467,21.93,21.26,5.0,expiry_close,-0.012926596160728776
h5m80d50_direction,300624.SZ,20230301,H5_COMPETING_DIRECTION_TOP3,1,1.0,0.07823600228801286,0.08000000000000007,50.3,54.23527091508704,2.0,profit_intraday,-0.0017639977119872086
h5m80d50_direction,300624.SZ,20230228,H5_COMPETING_DIRECTION_TOP3,1,1.0,0.11037527593818974,0.10516955331162103,45.3,50.3,2.0,profit_open,0.0052057226265687095
h5m80d50_direction,300678.SZ,20230228,H5_COMPETING_DIRECTION_TOP3,1,0.0,-0.025321888412017213,-0.015281772064256849,23.3,22.71,5.0,expiry_close,-0.010040116347760364
h5m80d50_direction,301205.SZ,20230228,H5_COMPETING_DIRECTION_TOP3,1,1.0,0.08520572262656878,0.08000000000000007,63.5,68.91056338678712,2.0,profit_intraday,0.0052057226265687095
h5m80d50_direction,002354.SZ,20230227,H5_COMPETING_DIRECTION_TOP3,1,1.0,0.09380425388723435,0.08000000000000007,5.81,6.355002715084831,3.0,profit_intraday,0.013804253887234275
h5m80d50_direction,300459.SZ,20230227,H5_COMPETING_DIRECTION_TOP3,1,1.0,0.09380425388723435,0.08000000000000007,4.7,5.140879993270001,3.0,profit_intraday,0.013804253887234275
h5m80d50_direction,002354.SZ,20230224,H5_COMPETING_DIRECTION_TOP3,1,0.0,0.00990099009900991,0.0022637685961066634,6.06,6.12,5.0,expiry_close,0.007637221502903246
h5m80d50_direction,300459.SZ,20230224,H5_COMPETING_DIRECTION_TOP3,1,0.0,-0.05811623246492992,-0.0593431042889766,4.99,4.7,2.0,t1_stop_t2_open,0.0012268718240466825
h5m80d50_direction,300229.SZ,20230223,H5_COMPETING_DIRECTION_TOP3,1,1.0,0.07015518663135212,0.07999999999999996,22.5,24.078491699205422,2.0,profit_intraday,-0.009844813368647842
h5m80d50_direction,300624.SZ,20230223,H5_COMPETING_DIRECTION_TOP3,1,1.0,0.0838235402153733,0.08000000000000007,48.0,52.023529930337915,5.0,profit_intraday,0.0038235402153732334
h5m80d50_direction,688327.SH,20230223,H5_COMPETING_DIRECTION_TOP3,1,1.0,0.0838235402153733,0.08000000000000007,28.64,31.040706191768294,5.0,profit_intraday,0.0038235402153732334
h5m80d50_direction,300229.SZ,20230222,H5_COMPETING_DIRECTION_TOP3,1,0.0,-0.04458598726114649,-0.039047062348610995,23.55,22.5,2.0,t1_stop_t2_open,-0.005538924912535492
h5m80d50_direction,300624.SZ,20230222,H5_COMPETING_DIRECTION_TOP3,1,0.0,-0.06276366969119784,-0.050000000000000044,50.33,47.17110450444201,3.0,stop_close,-0.012763669691197799
h5m80d50_direction,600602.SH,20230222,H5_COMPETING_DIRECTION_TOP3,1,1.0,0.08382674267122647,0.08000000000000007,10.9,11.813711495116369,5.0,profit_intraday,0.003826742671226402
h5m80d50_direction,002104.SZ,20230221,H5_COMPETING_DIRECTION_TOP3,1,0.0,-0.05196364271508369,-0.050000000000000044,10.4,9.85957811576313,2.0,stop_close,-0.0019636427150836466
h5m80d50_direction,300459.SZ,20230221,H5_COMPETING_DIRECTION_TOP3,1,1.0,0.07544275226090869,0.07999999999999996,4.76,5.119107500761925,3.0,profit_intraday,-0.004557247739091275
h5m80d50_direction,300624.SZ,20230221,H5_COMPETING_DIRECTION_TOP3,1,0.0,-0.0519636427150838,-0.050000000000000155,52.74,49.999437483206485,2.0,stop_close,-0.0019636427150836466
h5m80d50_direction,002261.SZ,20230220,H5_COMPETING_DIRECTION_TOP3,1,0.0,-0.029962546816479474,-0.0355697989800825,10.68,10.36,2.0,t1_stop_t2_open,0.005607252163603027
h5m80d50_direction,300624.SZ,20230220,H5_COMPETING_DIRECTION_TOP3,1,0.0,-0.04439274783639702,-0.050000000000000044,54.19,51.78435699474564,2.0,stop_close,0.005607252163603027
h5m80d50_direction,688322.SH,20230220,H5_COMPETING_DIRECTION_TOP3,1,0.0,-0.07943661971830984,-0.08504387188191287,35.5,32.68,2.0,t1_stop_t2_open,0.005607252163603027
h5m80d50_direction,002354.SZ,20230217,H5_COMPETING_DIRECTION_TOP3,1,0.0,-0.029431622366319243,-0.04999999999999993,6.8,6.599864967909029,2.0,stop_close,0.02056837763368069
h5m80d50_direction,300624.SZ,20230217,H5_COMPETING_DIRECTION_TOP3,1,1.0,0.10056837763368076,0.08000000000000007,51.0,56.12898725931772,2.0,profit_intraday,0.02056837763368069
h5m80d50_direction,301205.SZ,20230217,H5_COMPETING_DIRECTION_TOP3,1,0.0,-0.02842417350244708,-0.050000000000000044,66.52,64.62922397861722,3.0,stop_close,0.021575826497552963
h5m80d50_direction,002354.SZ,20230216,H5_COMPETING_DIRECTION_TOP3,1,0.0,-0.03825035141887456,-0.050000000000000044,6.9,6.636072575209766,3.0,stop_close,0.011749648581125482
h5m80d50_direction,300624.SZ,20230216,H5_COMPETING_DIRECTION_TOP3,1,0.0,-0.02857142857142858,-0.035672749591803554,52.5,51.0,2.0,t1_stop_t2_open,0.007101321020374973
h5m80d50_direction,688327.SH,20230216,H5_COMPETING_DIRECTION_TOP3,1,1.0,0.09174964858112555,0.08000000000000007,31.18,34.040754042759495,3.0,profit_intraday,0.011749648581125482
h5m80d50_direction,002354.SZ,20230215,H5_COMPETING_DIRECTION_TOP3,1,1.0,0.06153846153846154,0.08931475782651355,6.5,6.9,2.0,profit_open,-0.027776296288052005
h5m80d50_direction,002649.SZ,20230215,H5_COMPETING_DIRECTION_TOP3,1,1.0,0.07320023366004502,0.07999999999999996,14.9,15.99068348153467,5.0,profit_intraday,-0.006799766339954938
h5m80d50_direction,300624.SZ,20230215,H5_COMPETING_DIRECTION_TOP3,1,1.0,0.09603340292275586,0.12380969921080787,47.9,52.5,2.0,profit_open,-0.027776296288052005
h5m80d50_direction,300624.SZ,20230214,H5_COMPETING_DIRECTION_TOP3,1,1.0,0.07399103139013441,0.09268329004877873,44.6,47.9,2.0,profit_open,-0.018692258658644323
h5m80d50_direction,301316.SZ,20230214,H5_COMPETING_DIRECTION_TOP3,1,0.0,-0.04420836189170663,-0.0370461243437612,29.18,27.89,5.0,expiry_close,-0.007162237547945427
h5m80d50_direction,688327.SH,20230214,H5_COMPETING_DIRECTION_TOP3,1,1.0,0.06130774134135564,0.07999999999999996,32.6,34.59863236772819,2.0,profit_intraday,-0.018692258658644323
h5m80d50_direction,002354.SZ,20230213,H5_COMPETING_DIRECTION_TOP3,1,1.0,0.09034267912772598,0.08851755672371375,6.42,7.0,2.0,profit_open,0.001825122404012225
h5m80d50_direction,002649.SZ,20230213,H5_COMPETING_DIRECTION_TOP3,1,1.0,0.06248780589321745,0.08000000000000007,14.98,15.916067332280399,3.0,profit_intraday,-0.01751219410678262
h5m80d50_direction,002354.SZ,20230210,H5_COMPETING_DIRECTION_TOP3,1,1.0,0.09121412775173399,0.08000000000000007,6.48,7.071067547831237,2.0,profit_intraday,0.011214127751733916
h5m80d50_direction,301205.SZ,20230210,H5_COMPETING_DIRECTION_TOP3,1,1.0,0.06373768378437794,0.07999999999999996,69.65,74.08932967558194,5.0,profit_intraday,-0.01626231621562202
h5m80d50_direction,301316.SZ,20230210,H5_COMPETING_DIRECTION_TOP3,1,0.0,-0.057687748283477114,-0.050000000000000044,30.0,28.269367551495687,4.0,stop_close,-0.007687748283477069
h5m80d50_direction,002354.SZ,20230209,H5_COMPETING_DIRECTION_TOP3,1,1.0,0.09644670050761417,0.08929449374933385,5.91,6.48,2.0,profit_open,0.007152206758280322
h5m80d50_direction,301205.SZ,20230209,H5_COMPETING_DIRECTION_TOP3,1,0.0,-0.1183544303797468,-0.12550663713802712,79.0,69.65,2.0,t1_stop_t2_open,0.007152206758280322
h5m80d50_direction,301316.SZ,20230209,H5_COMPETING_DIRECTION_TOP3,1,0.0,-0.04284779324171972,-0.050000000000000044,32.0,30.62887061626497,2.0,stop_close,0.007152206758280322
h5m80d50_direction,002354.SZ,20230208,H5_COMPETING_DIRECTION_TOP3,1,1.0,0.09404430446357681,0.08000000000000007,5.91,6.465801839379739,2.0,profit_intraday,0.01404430446357674
h5m80d50_direction,301205.SZ,20230208,H5_COMPETING_DIRECTION_TOP3,1,1.0,0.3346849129920595,0.32064060852848275,59.19,79.0,2.0,profit_open,0.01404430446357674
h5m80d50_direction,301316.SZ,20230208,H5_COMPETING_DIRECTION_TOP3,1,1.0,0.10344827586206895,0.08940397139849221,29.0,32.0,2.0,profit_open,0.01404430446357674
h5m80d50_direction,002354.SZ,20230207,H5_COMPETING_DIRECTION_TOP3,1,0.0,-0.12184249628528976,-0.13102112752463912,6.73,5.91,2.0,t1_stop_t2_open,0.009178631239349366
h5m80d50_direction,300229.SZ,20230207,H5_COMPETING_DIRECTION_TOP3,1,1.0,0.08633359226965531,0.08000000000000007,19.2,20.85760497157738,3.0,profit_intraday,0.006333592269655242
h5m80d50_direction,301316.SZ,20230207,H5_COMPETING_DIRECTION_TOP3,1,1.0,0.08917863123934944,0.08000000000000007,30.21,32.904086449740745,2.0,profit_intraday,0.009178631239349366
h5m80d50_direction,002354.SZ,20230206,H5_COMPETING_DIRECTION_TOP3,1,1.0,0.09967320261437917,0.10180547647103788,6.12,6.73,2.0,profit_open,-0.0021322738566587063
h5m80d50_direction,300229.SZ,20230206,H5_COMPETING_DIRECTION_TOP3,1,1.0,0.0918820843036754,0.08000000000000007,19.22,20.98597366031664,4.0,profit_intraday,0.011882084303675322
h5m80d50_direction,688327.SH,20230206,H5_COMPETING_DIRECTION_TOP3,1,1.0,0.07786772614334136,0.08000000000000007,32.1,34.599554009201256,2.0,profit_intraday,-0.0021322738566587063
h5m80d50_direction,300045.SZ,20230203,H5_COMPETING_DIRECTION_TOP3,1,0.0,-0.04275843352343456,-0.050000000000000044,8.25,7.897242923431665,5.0,stop_close,0.007241566476565486
h5m80d50_direction,301316.SZ,20230203,H5_COMPETING_DIRECTION_TOP3,1,1.0,0.08090225966208942,0.08000000000000007,27.5,29.72481214070746,2.0,profit_intraday,0.0009022596620893442
h5m80d50_direction,688327.SH,20230203,H5_COMPETING_DIRECTION_TOP3,1,1.0,0.0955631399317407,0.09466088026965136,29.3,32.1,2.0,profit_open,0.0009022596620893442
h5m80d50_direction,300229.SZ,20230202,H5_COMPETING_DIRECTION_TOP3,1,1.0,0.08034188034188028,0.08608599593342814,17.55,18.96,2.0,profit_open,-0.00574411559154786
h5m80d50_direction,301316.SZ,20230202,H5_COMPETING_DIRECTION_TOP3,1,1.0,0.07425588440845221,0.08000000000000007,26.13,28.070306259592854,2.0,profit_intraday,-0.00574411559154786
h5m80d50_direction,688327.SH,20230202,H5_COMPETING_DIRECTION_TOP3,1,1.0,0.1959183673469389,0.20166248293848676,24.5,29.3,2.0,profit_open,-0.00574411559154786
h5m80d50_direction,301316.SZ,20230201,H5_COMPETING_DIRECTION_TOP3,1,1.0,0.08149880159381073,0.08000000000000007,27.04,29.24372759509664,2.0,profit_intraday,0.0014988015938106614
h5m80d50_direction,601020.SH,20230201,H5_COMPETING_DIRECTION_TOP3,1,1.0,0.08240241356411948,0.08000000000000007,15.9,17.2101983756695,4.0,profit_intraday,0.00240241356411941
h5m80d50_direction,603663.SH,20230201,H5_COMPETING_DIRECTION_TOP3,1,0.0,0.009638554216867545,0.014858328834727041,16.6,16.76,5.0,expiry_close,-0.005219774617859496
h5m80d50_direction,300229.SZ,20230131,H5_COMPETING_DIRECTION_TOP3,1,1.0,0.0982314739744421,0.08000000000000007,16.33,17.934119970002637,2.0,profit_intraday,0.018231473974442025
h5m80d50_direction,688318.SH,20230131,H5_COMPETING_DIRECTION_TOP3,1,0.0,-0.03176852602555791,-0.04999999999999993,160.63,155.52702166451462,2.0,stop_close,0.018231473974442025
h5m80d50_direction,688327.SH,20230131,H5_COMPETING_DIRECTION_TOP3,1,1.0,0.11829501915708818,0.10006354518264615,20.88,23.35,2.0,profit_open,0.018231473974442025
h5m80d50_direction,300229.SZ,20230130,H5_COMPETING_DIRECTION_TOP3,1,1.0,0.0977054441247327,0.08000000000000007,16.88,18.529267896825488,2.0,profit_intraday,0.017705444124732628
h5m80d50_direction,300926.SZ,20230130,H5_COMPETING_DIRECTION_TOP3,1,1.0,0.0977054441247327,0.08000000000000007,26.71,29.31971241257161,2.0,profit_intraday,0.017705444124732628
h5m80d50_direction,688327.SH,20230130,H5_COMPETING_DIRECTION_TOP3,1,1.0,0.10041796224233046,0.08000000000000007,21.59,23.758023804811913,3.0,profit_intraday,0.02041796224233039
h5m80d50_direction,301339.SZ,20230120,H5_COMPETING_DIRECTION_TOP3,1,0.0,-0.04026546540450093,-0.050000000000000044,21.1,20.25039867996503,2.0,stop_close,0.009734534595499111
h5m80d50_direction,600536.SH,20230120,H5_COMPETING_DIRECTION_TOP3,1,0.0,-0.04026546540450082,-0.04999999999999993,81.0,77.73849730223543,2.0,stop_close,0.009734534595499111
h5m80d50_direction,603728.SH,20230120,H5_COMPETING_DIRECTION_TOP3,1,0.0,0.026834481120874054,-0.00011283472418566198,42.11,43.24,5.0,expiry_close,0.026947315845059716
h5m80d50_direction,301153.SZ,20230119,H5_COMPETING_DIRECTION_TOP3,1,0.0,-0.013520758904935093,-0.050000000000000044,118.84,117.23319301173751,5.0,stop_close,0.03647924109506495
h5m80d50_direction,301339.SZ,20230119,H5_COMPETING_DIRECTION_TOP3,1,0.0,-0.095197255574614,-0.11093715770005341,23.32,21.1,2.0,t1_stop_t2_open,0.01573990212543941
h5m80d50_direction,601699.SH,20230119,H5_COMPETING_DIRECTION_TOP3,1,0.0,-0.034260097874560635,-0.050000000000000044,20.51,19.807325392592762,2.0,stop_close,0.01573990212543941
h5m80d50_direction,002043.SZ,20230118,H5_COMPETING_DIRECTION_TOP3,1,0.0,-0.06740792216817237,-0.08551915154546752,14.39,13.42,2.0,t1_stop_t2_open,0.018111229377295146
h5m80d50_direction,002670.SZ,20230118,H5_COMPETING_DIRECTION_TOP3,1,0.0,-0.02418071351272788,-0.050000000000000044,9.95,9.709401900548357,3.0,stop_close,0.025819286487272164
h5m80d50_direction,688318.SH,20230118,H5_COMPETING_DIRECTION_TOP3,1,0.0,0.05731599545511945,0.013334122908873702,158.42,167.5,5.0,expiry_close,0.04398187254624575
h5m80d50_direction,300492.SZ,20230117,H5_COMPETING_DIRECTION_TOP3,1,0.0,-0.07301151004981965,-0.08588523693378858,58.21,53.96,2.0,t1_stop_t2_open,0.012873726883968928
h5m80d50_direction,600095.SH,20230117,H5_COMPETING_DIRECTION_TOP3,1,0.0,-0.03712627311603123,-0.050000000000000155,10.8,10.399036250346864,2.0,stop_close,0.012873726883968928
h5m80d50_direction,300492.SZ,20230116,H5_COMPETING_DIRECTION_TOP3,1,0.0,-0.03488400495482402,-0.050000000000000044,54.44,52.54091477025938,3.0,stop_close,0.015115995045176023
h5m80d50_direction,601519.SH,20230116,H5_COMPETING_DIRECTION_TOP3,1,0.0,-0.0483460559796437,-0.05348783390813694,7.86,7.48,2.0,t1_stop_t2_open,0.005141777928493241
h5m80d50_direction,688318.SH,20230116,H5_COMPETING_DIRECTION_TOP3,1,0.0,0.0552631578947369,0.024169336441582034,152.0,160.4,5.0,expiry_close,0.03109382145315487
h5m80d50_direction,002965.SZ,20230113,H5_COMPETING_DIRECTION_TOP3,1,0.0,-0.022713086433278074,-0.050000000000000044,65.98,64.48139055713231,4.0,stop_close,0.02728691356672197
h5m80d50_direction,300492.SZ,20230113,H5_COMPETING_DIRECTION_TOP3,1,1.0,0.20977777777777762,0.19554778414659313,45.0,54.44,2.0,profit_open,0.01422999363118449
h5m80d50_direction,603530.SH,20230113,H5_COMPETING_DIRECTION_TOP3,1,0.0,-0.03280689124677183,-0.050000000000000044,17.7,17.119318024932138,3.0,stop_close,0.017193108753228215
h5m80d50_direction,301153.SZ,20230112,H5_COMPETING_DIRECTION_TOP3,1,0.0,-0.03001695627973744,-0.050000000000000044,114.93,111.48015121476978,3.0,stop_close,0.019983043720262605
h5m80d50_direction,002043.SZ,20230111,H5_COMPETING_DIRECTION_TOP3,1,1.0,0.12756410256410255,0.12122884134366152,15.6,17.59,2.0,profit_open,0.006335261220441035
h5m80d50_direction,002317.SZ,20230111,H5_COMPETING_DIRECTION_TOP3,1,0.0,-0.0315990984690373,-0.050000000000000044,27.44,26.572920738009618,3.0,stop_close,0.018400901530962743
h5m80d50_direction,300757.SZ,20230111,H5_COMPETING_DIRECTION_TOP3,1,0.0,-0.024674666215987795,-0.04831195902480023,59.17,57.71,5.0,expiry_close,0.023637292808812438
h5m80d50_direction,002965.SZ,20230110,H5_COMPETING_DIRECTION_TOP3,1,0.0,-0.03869112593659796,-0.050000000000000155,68.29,65.64778300978973,4.0,stop_close,0.011308874063402197
h5m80d50_direction,300757.SZ,20230110,H5_COMPETING_DIRECTION_TOP3,1,0.0,0.010298835049805888,-0.0032488429525976414,59.23,59.84,5.0,expiry_close,0.01354767800240353
h5m80d50_direction,688318.SH,20230110,H5_COMPETING_DIRECTION_TOP3,1,1.0,0.07932725749281166,0.07999999999999996,126.0,135.99523444409428,3.0,profit_intraday,-0.0006727425071882953
h5m80d50_direction,301153.SZ,20230109,H5_COMPETING_DIRECTION_TOP3,1,0.0,-0.04992053049769374,-0.050000000000000044,117.89,112.00486865962688,4.0,stop_close,7.946950230630634e-05
h5m80d50_direction,600996.SH,20230109,H5_COMPETING_DIRECTION_TOP3,1,0.0,-0.055561317681880884,-0.050000000000000044,16.2,15.29990665355353,3.0,stop_close,-0.00556131768188084
h5m80d50_direction,688318.SH,20230109,H5_COMPETING_DIRECTION_TOP3,1,1.0,0.07378359085763542,0.08000000000000007,118.5,127.24335551662979,2.0,profit_intraday,-0.006216409142364654
h5m80d50_direction,300226.SZ,20230106,H5_COMPETING_DIRECTION_TOP3,1,0.0,-0.05061648675485375,-0.050000000000000044,30.17,28.642900594606065,3.0,stop_close,-0.0006164867548537067
h5m80d50_direction,300779.SZ,20230106,H5_COMPETING_DIRECTION_TOP3,1,0.0,-0.02565687789799076,-0.03137174675894727,32.35,31.52,5.0,expiry_close,0.005714868860956512
h5m80d50_direction,600996.SH,20230106,H5_COMPETING_DIRECTION_TOP3,1,1.0,0.09311740890688247,0.08672549742818392,14.82,16.2,2.0,profit_open,0.006391911478698553
h5m80d50_direction,301153.SZ,20230105,H5_COMPETING_DIRECTION_TOP3,1,0.0,-0.03310924369747892,-0.03360147089586962,119.0,115.06,5.0,expiry_close,0.0004922271983907045
h5m80d50_direction,301268.SZ,20230105,H5_COMPETING_DIRECTION_TOP3,1,0.0,-0.010009845749917923,-0.010502072948308627,60.94,60.33,5.0,expiry_close,0.0004922271983907045
h5m80d50_direction,600996.SH,20230105,H5_COMPETING_DIRECTION_TOP3,1,0.0,-0.07374999999999998,-0.0798373988390717,16.0,14.82,2.0,t1_stop_t2_open,0.006087398839071723
h5m80d50_direction,300757.SZ,20230104,H5_COMPETING_DIRECTION_TOP3,1,1.0,0.09008087284910982,0.08000000000000007,55.35,60.33597631219823,2.0,profit_intraday,0.010080872849109745
h5m80d50_direction,301153.SZ,20230104,H5_COMPETING_DIRECTION_TOP3,1,0.0,-0.040541828630332954,-0.050000000000000044,120.02,115.15416972778743,5.0,stop_close,0.00945817136966709
h5m80d50_direction,603000.SH,20230104,H5_COMPETING_DIRECTION_TOP3,1,0.0,-0.0399191271508903,-0.050000000000000044,18.0,17.281455711283975,2.0,stop_close,0.010080872849109745
h5m80d50_direction,002965.SZ,20230103,H5_COMPETING_DIRECTION_TOP3,1,1.0,0.09636709453420966,0.08000000000000007,62.82,68.87378087863905,4.0,profit_intraday,0.016367094534209592
h5m80d50_direction,300779.SZ,20230103,H5_COMPETING_DIRECTION_TOP3,1,0.0,-0.03932799325859393,-0.050000000000000044,33.33,32.01919798469106,3.0,stop_close,0.010672006741406115
h5m80d50_direction,301153.SZ,20230103,H5_COMPETING_DIRECTION_TOP3,1,0.0,-0.1316741426711041,-0.1418916403825352,138.22,120.02,2.0,t1_stop_t2_open,0.0102174977114311
h5m80d50_direction,300693.SZ,20221230,H5_COMPETING_DIRECTION_TOP3,1,1.0,0.11248866201528185,0.08000000000000007,53.8,59.85189001642216,3.0,profit_intraday,0.03248866201528178
h5m80d50_direction,603000.SH,20221230,H5_COMPETING_DIRECTION_TOP3,1,1.0,0.16279069767441867,0.14014665116661607,16.77,19.5,2.0,profit_open,0.022644046507802607
h5m80d50_direction,688248.SH,20221230,H5_COMPETING_DIRECTION_TOP3,1,1.0,0.10307637906647815,0.08043233255867555,56.56,62.39,2.0,profit_open,0.022644046507802607
h5m80d50_direction,300199.SZ,20221229,H5_COMPETING_DIRECTION_TOP3,1,0.0,-0.012472885032537961,-0.038032358303488945,18.44,18.21,2.0,t1_stop_t2_open,0.025559473270950983
h5m80d50_direction,300779.SZ,20221229,H5_COMPETING_DIRECTION_TOP3,1,0.0,-0.02384033423009957,-0.04999999999999993,34.3,33.48227653590758,3.0,stop_close,0.026159665769900364
h5m80d50_direction,603000.SH,20221229,H5_COMPETING_DIRECTION_TOP3,1,1.0,0.10555947327095105,0.08000000000000007,15.66,17.313061351423094,2.0,profit_intraday,0.025559473270950983
h5m80d50_direction,000756.SZ,20221228,H5_COMPETING_DIRECTION_TOP3,1,0.0,-0.04815162623433311,-0.050000000000000044,32.35,30.792294891319326,2.0,stop_close,0.001848373765666933
h5m80d50_direction,300779.SZ,20221228,H5_COMPETING_DIRECTION_TOP3,1,0.0,-0.02546572506501721,-0.050000000000000044,34.41,33.53372440051275,4.0,stop_close,0.024534274934982836
h5m80d50_direction,300199.SZ,20221227,H5_COMPETING_DIRECTION_TOP3,1,1.0,0.07080794367726795,0.08000000000000007,16.53,17.70045530898524,2.0,profit_intraday,-0.009192056322732123
h5m80d50_direction,300226.SZ,20221227,H5_COMPETING_DIRECTION_TOP3,1,1.0,0.096132472830333,0.08000000000000007,27.3,29.92441650826809,4.0,profit_intraday,0.016132472830332922
h5m80d50_direction,300779.SZ,20221227,H5_COMPETING_DIRECTION_TOP3,1,0.0,-0.03386752716966712,-0.050000000000000044,35.15,33.9595564199862,4.0,stop_close,0.016132472830332922
h5m80d50_direction,300779.SZ,20221226,H5_COMPETING_DIRECTION_TOP3,1,0.0,-0.02342394447657592,-0.047767785365299464,34.58,33.77,5.0,expiry_close,0.024343840888723545
h5m80d50_direction,300199.SZ,20221223,H5_COMPETING_DIRECTION_TOP3,1,0.0,-0.10584588131089445,-0.1318742402934594,22.58,20.19,2.0,t1_stop_t2_open,0.026028358982564948
h5m80d50_direction,688348.SH,20221223,H5_COMPETING_DIRECTION_TOP3,1,1.0,0.10602835898256502,0.08000000000000007,486.94,538.5694491229702,2.0,profit_intraday,0.026028358982564948
h5m80d50_direction,688390.SH,20221223,H5_COMPETING_DIRECTION_TOP3,1,1.0,0.14507513162445718,0.11904677264189223,260.21,297.96,2.0,profit_open,0.026028358982564948
h5m80d50_direction,300049.SZ,20221222,H5_COMPETING_DIRECTION_TOP3,1,0.0,0.032548179871520366,0.019538447801568548,23.35,24.11,5.0,expiry_close,0.013009732069951818
h5m80d50_direction,688348.SH,20221222,H5_COMPETING_DIRECTION_TOP3,1,1.0,0.10240776180122735,0.08000000000000007,505.61,557.3883884443186,3.0,profit_intraday,0.022407761801227277
h5m80d50_direction,688408.SH,20221222,H5_COMPETING_DIRECTION_TOP3,1,1.0,0.09421191378341587,0.08000000000000007,81.96,89.68160845368875,2.0,profit_intraday,0.014211913783415797
h5m80d50_direction,002077.SZ,20221221,H5_COMPETING_DIRECTION_TOP3,1,0.0,-0.005467196819085474,-0.0066570820662882335,20.12,20.01,5.0,expiry_close,0.00118988524720276
h5m80d50_direction,300049.SZ,20221221,H5_COMPETING_DIRECTION_TOP3,1,0.0,-0.10945842868039657,-0.09274285477686806,26.22,23.35,2.0,t1_stop_t2_open,-0.016715573903528513
h5m80d50_direction,300199.SZ,20221220,H5_COMPETING_DIRECTION_TOP3,1,1.0,0.059187963439607305,0.08000000000000007,22.13,23.43982963091851,2.0,profit_intraday,-0.020812036560392766
h5m80d50_direction,300779.SZ,20221220,H5_COMPETING_DIRECTION_TOP3,1,1.0,0.07310409835376941,0.07999999999999996,30.71,32.955026860444256,4.0,profit_intraday,-0.006895901646230551
h5m80d50_direction,002077.SZ,20221219,H5_COMPETING_DIRECTION_TOP3,1,1.0,0.0662453792176656,0.07999999999999996,20.25,21.591468929157728,2.0,profit_intraday,-0.01375462078233436
h5m80d50_direction,300199.SZ,20221219,H5_COMPETING_DIRECTION_TOP3,1,1.0,0.0662453792176656,0.07999999999999996,20.99,22.3804905097788,2.0,profit_intraday,-0.01375462078233436
h5m80d50_direction,300779.SZ,20221219,H5_COMPETING_DIRECTION_TOP3,1,1.0,0.06702482673143662,0.07999999999999996,31.33,33.42988782149591,5.0,profit_intraday,-0.012975173268563345
h5m80d50_direction,300199.SZ,20221216,H5_COMPETING_DIRECTION_TOP3,1,1.0,0.04547183290114365,0.07999999999999996,22.0,23.000380323825162,3.0,profit_intraday,-0.03452816709885631
h5m80d50_direction,300779.SZ,20221216,H5_COMPETING_DIRECTION_TOP3,1,1.0,0.05294419014907259,0.07999999999999996,29.79,31.367207424540872,2.0,profit_intraday,-0.02705580985092737
h5m80d50_direction,600056.SH,20221216,H5_COMPETING_DIRECTION_TOP3,1,0.0,-0.07705580985092741,-0.050000000000000044,22.33,20.60934376602879,2.0,stop_close,-0.02705580985092737
h5m80d50_direction,002077.SZ,20221215,H5_COMPETING_DIRECTION_TOP3,1,0.0,-0.08100173122429422,-0.050000000000000044,23.5,21.596459316229087,2.0,stop_close,-0.03100173122429417
h5m80d50_direction,300779.SZ,20221215,H5_COMPETING_DIRECTION_TOP3,1,1.0,0.02302318415246596,0.07999999999999996,31.32,32.041086127655234,5.0,profit_intraday,-0.056976815847534
h5m80d50_direction,002251.SZ,20221214,H5_COMPETING_DIRECTION_TOP3,1,0.0,-0.08266666666666667,-0.07609096643954993,7.5,6.88,2.0,t1_stop_t2_open,-0.006575700227116732
h5m80d50_direction,300199.SZ,20221214,H5_COMPETING_DIRECTION_TOP3,1,1.0,0.07342429977288334,0.08000000000000007,21.03,22.574113024223738,2.0,profit_intraday,-0.006575700227116732
h5m80d50_direction,300779.SZ,20221214,H5_COMPETING_DIRECTION_TOP3,1,0.0,-0.13024159955567893,-0.1236658993285622,36.01,31.32,2.0,t1_stop_t2_open,-0.006575700227116732
h5m80d50_direction,000756.SZ,20221213,H5_COMPETING_DIRECTION_TOP3,1,1.0,0.07065808864130685,0.07999999999999996,41.62,44.56078964925119,3.0,profit_intraday,-0.009341911358693111
h5m80d50_direction,300199.SZ,20221213,H5_COMPETING_DIRECTION_TOP3,1,1.0,0.08081870888031628,0.08000000000000007,21.23,22.945781189529114,2.0,profit_intraday,0.0008187088803162101
h5m80d50_direction,300917.SZ,20221213,H5_COMPETING_DIRECTION_TOP3,1,1.0,0.07065808864130685,0.07999999999999996,28.3,30.299623908548984,3.0,profit_intraday,-0.009341911358693111
h5m80d50_direction,000756.SZ,20221212,H5_COMPETING_DIRECTION_TOP3,1,1.0,0.06949205239771672,0.07999999999999996,39.48,42.22354622866185,2.0,profit_intraday,-0.01050794760228324
h5m80d50_direction,688068.SH,20221212,H5_COMPETING_DIRECTION_TOP3,1,0.0,-0.060507947602283285,-0.050000000000000044,90.0,84.55428471579451,2.0,stop_close,-0.01050794760228324
h5m80d50_direction,002423.SZ,20221209,H5_COMPETING_DIRECTION_TOP3,1,0.0,-0.012919896640826933,0.00710489365587097,7.74,7.64,5.0,expiry_close,-0.020024790296697903
h5m80d50_direction,300199.SZ,20221209,H5_COMPETING_DIRECTION_TOP3,1,1.0,0.08258258258258255,0.0933662011291756,19.98,21.63,2.0,profit_open,-0.010783618546593043
h5m80d50_direction,000756.SZ,20221208,H5_COMPETING_DIRECTION_TOP3,1,1.0,0.17510758027143325,0.17690193327993353,30.21,35.5,2.0,profit_open,-0.0017943530085002823
h5m80d50_direction,002265.SZ,20221208,H5_COMPETING_DIRECTION_TOP3,1,0.0,-0.021183800623052917,-0.012469262786626523,16.05,15.71,5.0,expiry_close,-0.008714537836426395
h5m80d50_direction,002423.SZ,20221208,H5_COMPETING_DIRECTION_TOP3,1,0.0,-0.07194244604316546,-0.07014809303466518,8.34,7.74,2.0,t1_stop_t2_open,-0.0017943530085002823
h5m80d50_direction,300779.SZ,20221207,H5_COMPETING_DIRECTION_TOP3,1,1.0,0.08163934426229513,0.0888909012065493,30.5,32.99,3.0,profit_open,-0.007251556944254167
h5m80d50_direction,688068.SH,20221207,H5_COMPETING_DIRECTION_TOP3,1,1.0,0.0757979188255482,0.07999999999999996,88.0,94.67021685664824,2.0,profit_intraday,-0.004202081174451755
h5m80d50_direction,000958.SZ,20221206,H5_COMPETING_DIRECTION_TOP3,1,0.0,-0.07706422018348624,-0.07053724307034737,5.45,5.03,2.0,t1_stop_t2_open,-0.0065269771131388765
h5m80d50_direction,300779.SZ,20221206,H5_COMPETING_DIRECTION_TOP3,1,1.0,0.0747366072480542,0.08000000000000007,29.18,31.360814199498222,3.0,profit_intraday,-0.005263392751945872
h5m80d50_direction,688068.SH,20221206,H5_COMPETING_DIRECTION_TOP3,1,1.0,0.0734730228868612,0.08000000000000007,83.8,89.95703931791897,2.0,profit_intraday,-0.0065269771131388765
h5m80d50_direction,300779.SZ,20221205,H5_COMPETING_DIRECTION_TOP3,1,1.0,0.07285525948395355,0.08000000000000007,29.46,31.606315944397274,4.0,profit_intraday,-0.007144740516046522
h5m80d50_direction,300917.SZ,20221205,H5_COMPETING_DIRECTION_TOP3,1,1.0,0.07159406494293541,0.08000000000000007,27.1,29.040199159953552,3.0,profit_intraday,-0.008405935057064662
h5m80d50_direction,603000.SH,20221205,H5_COMPETING_DIRECTION_TOP3,1,0.0,-0.057144740516046566,-0.050000000000000044,15.8,14.897113099846464,4.0,stop_close,-0.007144740516046522
h5m80d50_direction,000029.SZ,20221202,H5_COMPETING_DIRECTION_TOP3,1,0.0,-0.043904367430545044,-0.050000000000000044,13.43,12.84036434540778,3.0,stop_close,0.006095632569455001
h5m80d50_direction,300779.SZ,20221202,H5_COMPETING_DIRECTION_TOP3,1,1.0,0.08186793705213691,0.08000000000000007,29.0,31.37417017451197,5.0,profit_intraday,0.0018679370521368366
h5m80d50_direction,300917.SZ,20221202,H5_COMPETING_DIRECTION_TOP3,1,1.0,0.08186793705213691,0.08000000000000007,28.13,30.43294506927661,5.0,profit_intraday,0.0018679370521368366
h5m80d50_direction,300779.SZ,20221201,H5_COMPETING_DIRECTION_TOP3,1,0.0,0.06989057536180732,0.0667304421543089,28.33,30.31,5.0,expiry_close,0.0031601332074984168
h5m80d50_direction,300917.SZ,20221201,H5_COMPETING_DIRECTION_TOP3,1,0.0,0.020357142857142962,0.017197009649644546,28.0,28.57,5.0,expiry_close,0.0031601332074984168
h5m80d50_direction,600266.SH,20221130,H5_COMPETING_DIRECTION_TOP3,1,1.0,0.09259132495189548,0.08000000000000007,4.84,5.288142012767174,2.0,profit_intraday,0.01259132495189541
h5m80d50_direction,600675.SH,20221130,H5_COMPETING_DIRECTION_TOP3,1,0.0,-0.11864406779661008,-0.13123539274850549,4.13,3.64,2.0,t1_stop_t2_open,0.01259132495189541
h5m80d50_direction,601858.SH,20221130,H5_COMPETING_DIRECTION_TOP3,1,0.0,-0.11258278145695355,-0.12517410640884896,15.1,13.4,2.0,t1_stop_t2_open,0.01259132495189541
h5m80d50_direction,600266.SH,20221129,H5_COMPETING_DIRECTION_TOP3,1,1.0,0.08872645250942135,0.08000000000000007,4.94,5.378308675396542,2.0,profit_intraday,0.008726452509421279
h5m80d50_direction,600675.SH,20221129,H5_COMPETING_DIRECTION_TOP3,1,1.0,0.10133333333333328,0.092606880823912,3.75,4.13,2.0,profit_open,0.008726452509421279
h5m80d50_direction,601858.SH,20221129,H5_COMPETING_DIRECTION_TOP3,1,0.0,-0.041273547490578766,-0.050000000000000044,15.47,14.831498220320746,2.0,stop_close,0.008726452509421279
h5m80d50_direction,300779.SZ,20221128,H5_COMPETING_DIRECTION_TOP3,1,0.0,-0.05362318840579716,-0.06864088918565714,27.6,26.12,2.0,t1_stop_t2_open,0.015017700779859977
h5m80d50_direction,601068.SH,20221128,H5_COMPETING_DIRECTION_TOP3,1,0.0,-0.024829714154353866,-0.050000000000000044,5.43,5.295174652141858,3.0,stop_close,0.02517028584564618
h5m80d50_direction,601858.SH,20221128,H5_COMPETING_DIRECTION_TOP3,1,1.0,0.10028449502133707,0.0852667942414771,14.06,15.47,2.0,profit_open,0.015017700779859977
h5m80d50_direction,300678.SZ,20221125,H5_COMPETING_DIRECTION_TOP3,1,0.0,-0.004975124378109541,-0.02948360602909661,20.1,20.0,5.0,expiry_close,0.02450848165098707
h5m80d50_direction,300779.SZ,20221125,H5_COMPETING_DIRECTION_TOP3,1,1.0,0.10400000000000009,0.09095126187829394,25.0,27.6,2.0,profit_open,0.01304873812170615
h5m80d50_direction,300917.SZ,20221125,H5_COMPETING_DIRECTION_TOP3,1,1.0,0.14965711980637364,0.1366083816846675,24.79,28.5,2.0,profit_open,0.01304873812170615
h5m80d50_direction,002317.SZ,20221124,H5_COMPETING_DIRECTION_TOP3,1,1.0,0.08469310827485077,0.08000000000000007,35.8,38.83201327623966,3.0,profit_intraday,0.004693108274850699
h5m80d50_direction,601858.SH,20221124,H5_COMPETING_DIRECTION_TOP3,1,1.0,0.16181818181818186,0.1732404509149037,11.0,12.78,2.0,profit_open,-0.011422269096721838
h5m80d50_direction,300779.SZ,20221123,H5_COMPETING_DIRECTION_TOP3,1,1.0,0.07337854488698703,0.07999999999999996,23.1,24.7950443868894,2.0,profit_intraday,-0.006621455113012931
h5m80d50_direction,603516.SH,20221123,H5_COMPETING_DIRECTION_TOP3,1,0.0,-0.12199216564073878,-0.11537071052772585,17.87,15.69,2.0,t1_stop_t2_open,-0.006621455113012931
h5m80d50_direction,688068.SH,20221123,H5_COMPETING_DIRECTION_TOP3,1,1.0,0.07019907355897304,0.07999999999999996,83.0,88.82652310539476,3.0,profit_intraday,-0.009800926441026925
h5m80d50_direction,688068.SH,20221122,H5_COMPETING_DIRECTION_TOP3,1,1.0,0.0845209663125317,0.08000000000000007,85.99,93.2579578932146,5.0,profit_intraday,0.004520966312531627
h5m80d50_direction,002077.SZ,20221121,H5_COMPETING_DIRECTION_TOP3,1,0.0,-0.06302286670384827,-0.03922780679683813,17.93,16.8,5.0,expiry_close,-0.02379505990701014
h5m80d50_direction,600223.SH,20221118,H5_COMPETING_DIRECTION_TOP3,1,1.0,0.0698758936147823,0.07999999999999996,10.7,11.447672061678169,2.0,profit_intraday,-0.010124106385217657
h5m80d50_direction,600557.SH,20221118,H5_COMPETING_DIRECTION_TOP3,1,1.0,0.07015306122448983,0.08027716760970749,23.52,25.17,2.0,profit_open,-0.010124106385217657
h5m80d50_direction,603516.SH,20221118,H5_COMPETING_DIRECTION_TOP3,1,0.0,-0.04812268640930728,-0.03799858002408962,18.91,18.0,2.0,t1_stop_t2_open,-0.010124106385217657
h5m80d50_direction,002317.SZ,20221117,H5_COMPETING_DIRECTION_TOP3,1,0.0,-0.05371158449944824,-0.04999999999999993,40.49,38.31521794361734,2.0,stop_close,-0.003711584499448306
h5m80d50_direction,600223.SH,20221117,H5_COMPETING_DIRECTION_TOP3,1,1.0,0.07628841550055165,0.07999999999999996,10.53,11.333317015220809,2.0,profit_intraday,-0.003711584499448306
h5m80d50_direction,603099.SH,20221117,H5_COMPETING_DIRECTION_TOP3,1,0.0,-0.056862745098039236,-0.05315116059859093,10.2,9.62,2.0,t1_stop_t2_open,-0.003711584499448306
h5m80d50_direction,002077.SZ,20221116,H5_COMPETING_DIRECTION_TOP3,1,0.0,-0.06395136774334842,-0.050000000000000044,18.51,17.326260183070623,5.0,stop_close,-0.013951367743348375
h5m80d50_direction,600223.SH,20221116,H5_COMPETING_DIRECTION_TOP3,1,1.0,0.10031347962382431,0.10237516542272418,9.57,10.53,2.0,profit_open,-0.0020616857988998705
h5m80d50_direction,603099.SH,20221116,H5_COMPETING_DIRECTION_TOP3,1,0.0,-0.052061685798900026,-0.050000000000000155,10.65,10.095543046241716,2.0,stop_close,-0.0020616857988998705
h5m80d50_direction,000681.SZ,20221115,H5_COMPETING_DIRECTION_TOP3,1,1.0,0.07886590256885118,0.07999999999999996,14.16,15.276741180374932,2.0,profit_intraday,-0.001134097431148784
h5m80d50_direction,002077.SZ,20221115,H5_COMPETING_DIRECTION_TOP3,1,0.0,-0.057075753190402034,-0.050000000000000044,19.3,18.198437963425242,3.0,stop_close,-0.00707575319040199
h5m80d50_direction,603099.SH,20221115,H5_COMPETING_DIRECTION_TOP3,1,0.0,-0.057075753190402034,-0.050000000000000044,10.81,10.193011108011754,3.0,stop_close,-0.00707575319040199
h5m80d50_direction,002077.SZ,20221114,H5_COMPETING_DIRECTION_TOP3,1,0.0,-0.035395137402497334,-0.04999999999999993,19.0,18.32749238935255,4.0,stop_close,0.0146048625975026
h5m80d50_direction,002317.SZ,20221114,H5_COMPETING_DIRECTION_TOP3,1,0.0,-0.03329901942912694,-0.050000000000000044,36.09,34.88823838880281,2.0,stop_close,0.016700980570873103
h5m80d50_direction,601155.SH,20221114,H5_COMPETING_DIRECTION_TOP3,1,0.0,-0.03329901942912694,-0.050000000000000044,21.8,21.074081376445033,2.0,stop_close,0.016700980570873103
h5m80d50_direction,002317.SZ,20221111,H5_COMPETING_DIRECTION_TOP3,1,1.0,0.15673076923076934,0.1383454513351181,31.2,36.09,2.0,profit_open,0.018385317895651232
h5m80d50_direction,603383.SH,20221111,H5_COMPETING_DIRECTION_TOP3,1,1.0,0.09326851604349184,0.08000000000000007,48.25,52.75020589909848,3.0,profit_intraday,0.013268516043491774
h5m80d50_direction,688185.SH,20221111,H5_COMPETING_DIRECTION_TOP3,1,1.0,0.09117947473349264,0.08000000000000007,220.0,240.05948444136837,5.0,profit_intraday,0.011179474733492567
h5m80d50_direction,002077.SZ,20221110,H5_COMPETING_DIRECTION_TOP3,1,0.0,-0.011929460580912932,-0.035281263329056345,19.28,19.05,5.0,expiry_close,0.023351802748143413
h5m80d50_direction,300199.SZ,20221110,H5_COMPETING_DIRECTION_TOP3,1,0.0,-0.10719041278295605,-0.10981176077376797,15.02,13.41,2.0,t1_stop_t2_open,0.0026213479908119286
h5m80d50_direction,300723.SZ,20221110,H5_COMPETING_DIRECTION_TOP3,1,1.0,0.082621347990812,0.08000000000000007,34.86,37.740180190959705,2.0,profit_intraday,0.0026213479908119286
h5m80d50_direction,002317.SZ,20221109,H5_COMPETING_DIRECTION_TOP3,1,1.0,0.15275310834813483,0.15443117148376573,33.78,38.94,2.0,profit_open,-0.0016780631356309028
h5m80d50_direction,300634.SZ,20221109,H5_COMPETING_DIRECTION_TOP3,1,1.0,0.09156818750022389,0.08000000000000007,18.89,20.61972306187923,5.0,profit_intraday,0.011568187500223814
h5m80d50_direction,603171.SH,20221109,H5_COMPETING_DIRECTION_TOP3,1,0.0,-0.05167806313563095,-0.050000000000000044,37.09,35.17326063829945,2.0,stop_close,-0.0016780631356309028
h5m80d50_direction,002077.SZ,20221108,H5_COMPETING_DIRECTION_TOP3,1,1.0,0.11309523809523792,0.122139222299946,16.8,18.7,2.0,profit_open,-0.009043984204708089
h5m80d50_direction,002317.SZ,20221108,H5_COMPETING_DIRECTION_TOP3,1,1.0,0.1548717948717948,0.1639157790765029,29.25,33.78,2.0,profit_open,-0.009043984204708089
h5m80d50_direction,300199.SZ,20221108,H5_COMPETING_DIRECTION_TOP3,1,0.0,-0.029472241261137788,-0.04472025663558232,14.59,14.16,5.0,expiry_close,0.015248015374444535
h5m80d50_direction,001203.SZ,20221107,H5_COMPETING_DIRECTION_TOP3,1,1.0,0.07658825043613526,0.08000000000000007,16.22,17.462261422074114,2.0,profit_intraday,-0.0034117495638648077
h5m80d50_direction,002317.SZ,20221107,H5_COMPETING_DIRECTION_TOP3,1,1.0,0.07658825043613526,0.08000000000000007,28.0,30.14447101221179,2.0,profit_intraday,-0.0034117495638648077
h5m80d50_direction,300634.SZ,20221107,H5_COMPETING_DIRECTION_TOP3,1,1.0,0.06896457574810566,0.08000000000000007,18.71,20.000327212247058,3.0,profit_intraday,-0.01103542425189441
h5m80d50_direction,002317.SZ,20221104,H5_COMPETING_DIRECTION_TOP3,1,1.0,0.08005633109827626,0.08000000000000007,27.0,29.16152093965346,2.0,profit_intraday,5.633109827618554e-05
h5m80d50_direction,300634.SZ,20221104,H5_COMPETING_DIRECTION_TOP3,1,1.0,0.08005633109827626,0.08000000000000007,18.2,19.657025225988626,2.0,profit_intraday,5.633109827618554e-05
h5m80d50_direction,688185.SH,20221104,H5_COMPETING_DIRECTION_TOP3,1,1.0,0.15309126594700695,0.1561157719285371,244.56,282.0,5.0,profit_open,-0.0030245059815301456
h5m80d50_direction,002317.SZ,20221103,H5_COMPETING_DIRECTION_TOP3,1,1.0,0.18838028169014098,0.16676874124220564,22.72,27.0,2.0,profit_open,0.02161154044793534
h5m80d50_direction,688063.SH,20221103,H5_COMPETING_DIRECTION_TOP3,1,0.0,-0.030342042894344168,-0.040679666572805084,341.77,331.4,5.0,expiry_close,0.010337623678460917
h5m80d50_direction,688185.SH,20221103,H5_COMPETING_DIRECTION_TOP3,1,1.0,0.13748837209302334,0.115876831645088,215.0,244.56,2.0,profit_open,0.02161154044793534
h5m80d50_direction,002045.SZ,20221102,H5_COMPETING_DIRECTION_TOP3,1,1.0,0.10683183951717146,0.08000000000000007,14.19,15.705943802748662,3.0,profit_intraday,0.026831839517171385
h5m80d50_direction,002077.SZ,20221102,H5_COMPETING_DIRECTION_TOP3,1,1.0,0.1047105798050798,0.08000000000000007,16.65,18.393431153754577,2.0,profit_intraday,0.024710579805079735
h5m80d50_direction,301004.SZ,20221102,H5_COMPETING_DIRECTION_TOP3,1,0.0,-0.005409791723018587,-0.02873833815955462,36.97,36.77,5.0,expiry_close,0.023328546436536035
h5m80d50_direction,000032.SZ,20221101,H5_COMPETING_DIRECTION_TOP3,1,0.0,-0.009044955214024597,-0.050000000000000044,23.52,23.30726265336614,4.0,stop_close,0.04095504478597545
h5m80d50_direction,002965.SZ,20221101,H5_COMPETING_DIRECTION_TOP3,1,1.0,0.09893430484307086,0.08000000000000007,53.01,58.25450749973118,2.0,profit_intraday,0.018934304843070793
h5m80d50_direction,301004.SZ,20221101,H5_COMPETING_DIRECTION_TOP3,1,0.0,-0.03106569515692914,-0.04999999999999993,38.4,37.20707730597392,2.0,stop_close,0.018934304843070793
h5m80d50_direction,300693.SZ,20221031,H5_COMPETING_DIRECTION_TOP3,1,1.0,0.11877716946999062,0.08000000000000007,53.54,59.899329653423294,2.0,profit_intraday,0.03877716946999055
h5m80d50_direction,301327.SZ,20221031,H5_COMPETING_DIRECTION_TOP3,1,0.0,-0.011222830530009498,-0.050000000000000044,244.44,241.69669130524449,2.0,stop_close,0.03877716946999055
h5m80d50_direction,688348.SH,20221031,H5_COMPETING_DIRECTION_TOP3,1,1.0,0.12408518262002843,0.08000000000000007,465.36,523.1042805840565,3.0,profit_intraday,0.04408518262002836
h5m80d50_direction,002077.SZ,20221028,H5_COMPETING_DIRECTION_TOP3,1,1.0,0.11400411780702657,0.08000000000000007,15.85,17.65696526724137,2.0,profit_intraday,0.0340041178070265
h5m80d50_direction,603283.SH,20221028,H5_COMPETING_DIRECTION_TOP3,1,0.0,0.024128243237739877,-0.050000000000000044,35.96,36.82765162682913,5.0,stop_close,0.07412824323773992
h5m80d50_direction,688107.SH,20221028,H5_COMPETING_DIRECTION_TOP3,1,0.0,0.07886007237635706,0.0047318291386171385,66.32,71.55,5.0,expiry_close,0.07412824323773992
h5m80d50_direction,002093.SZ,20221027,H5_COMPETING_DIRECTION_TOP3,1,0.0,-0.09523809523809534,-0.07132291956464987,8.4,7.6,2.0,t1_stop_t2_open,-0.023915175673445477
h5m80d50_direction,300598.SZ,20221027,H5_COMPETING_DIRECTION_TOP3,1,1.0,0.056084824326554594,0.08000000000000007,57.1,60.30244346904627,2.0,profit_intraday,-0.023915175673445477
h5m80d50_direction,301153.SZ,20221027,H5_COMPETING_DIRECTION_TOP3,1,1.0,0.08135942327497414,0.10527459894841962,77.68,84.0,2.0,profit_open,-0.023915175673445477
h5m80d50_direction,002077.SZ,20221026,H5_COMPETING_DIRECTION_TOP3,1,1.0,0.04509630738214043,0.08000000000000007,16.3,17.03506981032889,2.0,profit_intraday,-0.03490369261785964
h5m80d50_direction,300598.SZ,20221026,H5_COMPETING_DIRECTION_TOP3,1,1.0,0.04509630738214043,0.08000000000000007,56.33,58.87027499483597,2.0,profit_intraday,-0.03490369261785964
h5m80d50_direction,300634.SZ,20221026,H5_COMPETING_DIRECTION_TOP3,1,0.0,0.0051948051948051965,-0.006444209404611989,19.25,19.35,5.0,expiry_close,0.011639014599417186
h5m80d50_direction,300634.SZ,20221025,H5_COMPETING_DIRECTION_TOP3,1,1.0,0.10016362758302577,0.08000000000000007,18.2,20.022978022011067,2.0,profit_intraday,0.0201636275830257
h5m80d50_direction,688016.SH,20221025,H5_COMPETING_DIRECTION_TOP3,1,0.0,-0.0296547563485019,-0.050000000000000044,230.5,223.6645786616703,5.0,stop_close,0.020345243651498146
h5m80d50_direction,688029.SH,20221025,H5_COMPETING_DIRECTION_TOP3,1,0.0,-0.0296547563485019,-0.050000000000000044,99.91,96.94719329322118,5.0,stop_close,0.020345243651498146
h5m80d50_direction,603283.SH,20221024,H5_COMPETING_DIRECTION_TOP3,1,0.0,-0.008648648648648671,-0.0010657616480570509,37.0,36.68,5.0,expiry_close,-0.0075828870005916205
h5m80d50_direction,688331.SH,20221024,H5_COMPETING_DIRECTION_TOP3,1,1.0,0.0967324481088232,0.08000000000000007,71.0,77.86800381572645,3.0,profit_intraday,0.016732448108823128
h5m80d50_direction,688337.SH,20221024,H5_COMPETING_DIRECTION_TOP3,1,0.0,-0.033267551891176916,-0.050000000000000044,115.0,111.17423153251465,3.0,stop_close,0.016732448108823128
h5m80d50_direction,300634.SZ,20221021,H5_COMPETING_DIRECTION_TOP3,1,1.0,0.17682198327359622,0.18967640051739476,16.74,19.7,2.0,profit_open,-0.012854417243798544
h5m80d50_direction,603283.SH,20221021,H5_COMPETING_DIRECTION_TOP3,1,1.0,0.06714558275620153,0.08000000000000007,36.0,38.41724097922325,2.0,profit_intraday,-0.012854417243798544
h5m80d50_direction,688019.SH,20221021,H5_COMPETING_DIRECTION_TOP3,1,1.0,0.054105695336170045,0.07999999999999996,213.66,225.2202228655261,5.0,profit_intraday,-0.025894304663829915
h5m80d50_direction,001203.SZ,20221020,H5_COMPETING_DIRECTION_TOP3,1,0.0,-0.061395258613680226,-0.04999999999999993,12.22,11.469749939740828,3.0,stop_close,-0.011395258613680292
h5m80d50_direction,300693.SZ,20221020,H5_COMPETING_DIRECTION_TOP3,1,1.0,0.07194099794334585,0.08000000000000007,48.49,51.97841899027284,2.0,profit_intraday,-0.008059002056654219
h5m80d50_direction,301153.SZ,20221020,H5_COMPETING_DIRECTION_TOP3,1,0.0,0.03854038540385396,0.030001786185406942,73.17,75.99,5.0,expiry_close,0.008538599218447018
h5m80d50_direction,603283.SH,20221019,H5_COMPETING_DIRECTION_TOP3,1,1.0,0.14487632508833914,0.14558599599520805,28.3,32.4,2.0,profit_open,-0.0007096709068689089
h5m80d50_direction,688016.SH,20221019,H5_COMPETING_DIRECTION_TOP3,1,1.0,0.07929032909313105,0.07999999999999996,216.0,233.1267110841163,2.0,profit_intraday,-0.0007096709068689089
h5m80d50_direction,688331.SH,20221019,H5_COMPETING_DIRECTION_TOP3,1,1.0,0.07929032909313105,0.07999999999999996,63.73,68.78317267310524,2.0,profit_intraday,-0.0007096709068689089
h5m80d50_direction,002093.SZ,20221018,H5_COMPETING_DIRECTION_TOP3,1,0.0,-0.059222205595049204,-0.050000000000000155,10.3,9.690011282370994,3.0,stop_close,-0.009222205595049049
h5m80d50_direction,688019.SH,20221018,H5_COMPETING_DIRECTION_TOP3,1,1.0,0.06931542839686555,0.08000000000000007,194.0,207.4471931089919,2.0,profit_intraday,-0.010684571603134518
h5m80d50_direction,688351.SH,20221018,H5_COMPETING_DIRECTION_TOP3,1,0.0,-0.06068457160313456,-0.050000000000000044,25.6,24.046474966959757,2.0,stop_close,-0.010684571603134518
h5m80d50_direction,002093.SZ,20221017,H5_COMPETING_DIRECTION_TOP3,1,1.0,0.10042735042735051,0.10492840676363191,9.36,10.3,2.0,profit_open,-0.004501056336281395
h5m80d50_direction,002901.SZ,20221017,H5_COMPETING_DIRECTION_TOP3,1,0.0,-0.08509803921568637,-0.08059698287940498,51.0,46.66,2.0,t1_stop_t2_open,-0.004501056336281395
h5m80d50_direction,603658.SH,20221017,H5_COMPETING_DIRECTION_TOP3,1,1.0,0.07332417544991987,0.08000000000000007,72.78,78.11653348924517,3.0,profit_intraday,-0.0066758245500802005
h5m80d50_direction,002093.SZ,20221014,H5_COMPETING_DIRECTION_TOP3,1,1.0,0.099882491186839,0.08393720621427314,8.51,9.36,2.0,profit_open,0.015945284972565865
h5m80d50_direction,688019.SH,20221014,H5_COMPETING_DIRECTION_TOP3,1,1.0,0.08509034483040967,0.08000000000000007,187.04,202.9552980970798,4.0,profit_intraday,0.005090344830409599
h5m80d50_direction,688037.SH,20221014,H5_COMPETING_DIRECTION_TOP3,1,1.0,0.12775426028438086,0.111808975311815,184.26,207.8,2.0,profit_open,0.015945284972565865
h5m80d50_direction,002093.SZ,20221013,H5_COMPETING_DIRECTION_TOP3,1,1.0,0.20930232558139528,0.16822440058127497,7.74,9.36,3.0,profit_open,0.04107792500012031
h5m80d50_direction,603083.SH,20221013,H5_COMPETING_DIRECTION_TOP3,1,0.0,-0.017790580670003386,-0.050000000000000044,14.18,13.927729566099352,4.0,stop_close,0.03220941932999666
h5m80d50_direction,688019.SH,20221013,H5_COMPETING_DIRECTION_TOP3,1,0.0,-0.04571428571428571,-0.08259074439858438,196.0,187.04,2.0,t1_stop_t2_open,0.036876458684298674
h5m80d50_direction,002093.SZ,20221012,H5_COMPETING_DIRECTION_TOP3,1,1.0,0.20880681818181812,0.16267239221932073,7.04,8.51,3.0,profit_open,0.046134425962497394
h5m80d50_direction,300049.SZ,20221012,H5_COMPETING_DIRECTION_TOP3,1,1.0,0.11388777080960844,0.08000000000000007,17.01,18.947230981471442,2.0,profit_intraday,0.033887770809608364
h5m80d50_direction,603083.SH,20221012,H5_COMPETING_DIRECTION_TOP3,1,1.0,0.12613442596249747,0.08000000000000007,12.89,14.515872750656593,3.0,profit_intraday,0.046134425962497394
h5m80d50_direction,300633.SZ,20221011,H5_COMPETING_DIRECTION_TOP3,1,1.0,0.14432874506210291,0.08000000000000007,45.97,52.60479241050487,3.0,profit_intraday,0.06432874506210284
h5m80d50_direction,603083.SH,20221011,H5_COMPETING_DIRECTION_TOP3,1,1.0,0.2098976109215016,0.14556886585939877,11.72,14.18,3.0,profit_open,0.06432874506210284
h5m80d50_direction,688408.SH,20221011,H5_COMPETING_DIRECTION_TOP3,1,1.0,0.11863480748233779,0.08000000000000007,88.72,99.24528011983301,2.0,profit_intraday,0.03863480748233772
h5m80d50_direction,002896.SZ,20221010,H5_COMPETING_DIRECTION_TOP3,1,0.0,0.08645054031587707,0.0027939501880627216,24.06,26.14,5.0,expiry_close,0.08365659012781435
h5m80d50_direction,300820.SZ,20221010,H5_COMPETING_DIRECTION_TOP3,1,0.0,0.05004060089321971,-0.033615989234594634,98.52,103.45,5.0,expiry_close,0.08365659012781435
h5m80d50_direction,603728.SH,20221010,H5_COMPETING_DIRECTION_TOP3,1,0.0,-0.004883601559557693,-0.050000000000000044,30.7,30.55007343212158,3.0,stop_close,0.04511639844044235
h5m80d50_direction,300693.SZ,20220930,H5_COMPETING_DIRECTION_TOP3,1,1.0,0.06677613356397871,0.07999999999999996,37.76,40.281466803375835,2.0,profit_intraday,-0.013223866436021248
h5m80d50_direction,300718.SZ,20220930,H5_COMPETING_DIRECTION_TOP3,1,1.0,0.10490003951238891,0.08000000000000007,20.45,22.595205808028354,4.0,profit_intraday,0.02490003951238884
h5m80d50_direction,300820.SZ,20220930,H5_COMPETING_DIRECTION_TOP3,1,0.0,-0.0656297420333839,-0.05240587559736265,105.44,98.52,2.0,t1_stop_t2_open,-0.013223866436021248
h5m80d50_direction,002335.SZ,20220929,H5_COMPETING_DIRECTION_TOP3,1,1.0,0.09139054184743589,0.08000000000000007,44.88,48.981607518112924,5.0,profit_intraday,0.01139054184743582
h5m80d50_direction,300260.SZ,20220929,H5_COMPETING_DIRECTION_TOP3,1,0.0,-0.0822699525558429,-0.050000000000000044,101.11,92.79168509707873,2.0,stop_close,-0.03226995255584286
h5m80d50_direction,300820.SZ,20220929,H5_COMPETING_DIRECTION_TOP3,1,0.0,-0.08226995255584302,-0.050000000000000155,113.14,103.83197756783193,2.0,stop_close,-0.03226995255584286
h5m80d50_direction,002543.SZ,20220928,H5_COMPETING_DIRECTION_TOP3,1,0.0,-0.1446666666666666,-0.13176269090233628,15.0,12.83,2.0,t1_stop_t2_open,-0.012903975764330333
h5m80d50_direction,600546.SH,20220928,H5_COMPETING_DIRECTION_TOP3,1,1.0,0.048001990736452615,0.08000000000000007,18.01,18.874515853163512,3.0,profit_intraday,-0.031998009263547456
h5m80d50_direction,605090.SH,20220928,H5_COMPETING_DIRECTION_TOP3,1,1.0,0.048001990736452615,0.08000000000000007,26.71,27.99213317257065,3.0,profit_intraday,-0.031998009263547456
h5m80d50_direction,002543.SZ,20220927,H5_COMPETING_DIRECTION_TOP3,1,1.0,0.07836089144500358,0.10603542224776852,13.91,15.0,2.0,profit_open,-0.02767453080276494
h5m80d50_direction,003021.SZ,20220927,H5_COMPETING_DIRECTION_TOP3,1,0.0,-0.11506211180124226,-0.08738758099847732,64.4,56.99,2.0,t1_stop_t2_open,-0.02767453080276494
h5m80d50_direction,300049.SZ,20220927,H5_COMPETING_DIRECTION_TOP3,1,0.0,-0.10905142756259745,-0.050000000000000044,19.3,17.19530744804187,4.0,stop_close,-0.0590514275625974
h5m80d50_direction,688029.SH,20220926,H5_COMPETING_DIRECTION_TOP3,1,1.0,0.0734071507023697,0.07999999999999996,64.7,69.44944265044332,2.0,profit_intraday,-0.0065928492976302655
h5m80d50_direction,688131.SH,20220926,H5_COMPETING_DIRECTION_TOP3,1,1.0,0.0734071507023697,0.07999999999999996,120.44,129.2811572305934,2.0,profit_intraday,-0.0065928492976302655
h5m80d50_direction,688331.SH,20220926,H5_COMPETING_DIRECTION_TOP3,1,1.0,0.1125238397965671,0.11911668909419737,47.19,52.5,2.0,profit_open,-0.0065928492976302655
h5m80d50_direction,002791.SZ,20220923,H5_COMPETING_DIRECTION_TOP3,1,1.0,0.10003611412062119,0.09159447065333604,83.07,91.38,2.0,profit_open,0.008441643467285154
h5m80d50_direction,300298.SZ,20220923,H5_COMPETING_DIRECTION_TOP3,1,1.0,0.060258030342537516,0.08000000000000007,25.0,26.50645075856344,3.0,profit_intraday,-0.019741969657462555
h5m80d50_direction,688617.SH,20220923,H5_COMPETING_DIRECTION_TOP3,1,1.0,0.0659898477157359,0.08573181737319846,177.3,189.0,3.0,profit_open,-0.019741969657462555
h5m80d50_direction,002791.SZ,20220922,H5_COMPETING_DIRECTION_TOP3,1,1.0,0.048591990067990753,0.07999999999999996,86.25,90.4410591433642,2.0,profit_intraday,-0.03140800993200921
h5m80d50_direction,300298.SZ,20220922,H5_COMPETING_DIRECTION_TOP3,1,1.0,0.04220620904658068,0.07999999999999996,25.29,26.357395026788023,4.0,profit_intraday,-0.03779379095341928
h5m80d50_direction,603833.SH,20220922,H5_COMPETING_DIRECTION_TOP3,1,1.0,0.048591990067990753,0.07999999999999996,119.85,125.67375000964869,2.0,profit_intraday,-0.03140800993200921
h5m80d50_direction,003021.SZ,20220921,H5_COMPETING_DIRECTION_TOP3,1,0.0,-0.06913362338848672,-0.050000000000000044,70.88,65.97980877422405,2.0,stop_close,-0.019133623388486676
h5m80d50_direction,300820.SZ,20220921,H5_COMPETING_DIRECTION_TOP3,1,1.0,0.09495669893020886,0.11409032231869554,98.15,107.47,2.0,profit_open,-0.019133623388486676
h5m80d50_direction,688063.SH,20220921,H5_COMPETING_DIRECTION_TOP3,1,1.0,0.060866376611513395,0.08000000000000007,374.53,397.32628403231007,2.0,profit_intraday,-0.019133623388486676
h5m80d50_direction,003021.SZ,20220920,H5_COMPETING_DIRECTION_TOP3,1,0.0,-0.06806279658490921,-0.050000000000000155,69.76,65.01193931023674,3.0,stop_close,-0.018062796584909058
h5m80d50_direction,300820.SZ,20220920,H5_COMPETING_DIRECTION_TOP3,1,1.0,0.08035919524308444,0.08000000000000007,101.2,109.33235055860015,2.0,profit_intraday,0.0003591952430843648
h5m80d50_direction,688063.SH,20220920,H5_COMPETING_DIRECTION_TOP3,1,1.0,0.0619372034150909,0.07999999999999996,380.0,403.53613729773457,3.0,profit_intraday,-0.018062796584909058
h5m80d50_direction,300820.SZ,20220919,H5_COMPETING_DIRECTION_TOP3,1,0.0,-0.03739372628189308,-0.050000000000000044,101.8,97.99331866450328,2.0,stop_close,0.012606273718106964
h5m80d50_direction,603728.SH,20220919,H5_COMPETING_DIRECTION_TOP3,1,1.0,0.09260627371810704,0.08000000000000007,38.15,41.68292934234578,2.0,profit_intraday,0.012606273718106964
h5m80d50_direction,000620.SZ,20220916,H5_COMPETING_DIRECTION_TOP3,1,1.0,0.15243902439024382,0.15265756514242224,3.28,3.78,2.0,profit_open,-0.00021854075217841995
h5m80d50_direction,603728.SH,20220916,H5_COMPETING_DIRECTION_TOP3,1,1.0,0.08087293593599298,0.08000000000000007,38.2,41.28934615275494,3.0,profit_intraday,0.0008729359359929134
h5m80d50_direction,688408.SH,20220916,H5_COMPETING_DIRECTION_TOP3,1,1.0,0.06172261012006475,0.08000000000000007,97.83,103.86832294804593,5.0,profit_intraday,-0.018277389879935324
h5m80d50_direction,002987.SZ,20220915,H5_COMPETING_DIRECTION_TOP3,1,1.0,0.047302534119184614,0.08000000000000007,25.99,27.219392861757605,2.0,profit_intraday,-0.03269746588081546
h5m80d50_direction,003021.SZ,20220915,H5_COMPETING_DIRECTION_TOP3,1,1.0,0.11055999999999999,0.14325746588081545,62.5,69.41,2.0,profit_open,-0.03269746588081546
h5m80d50_direction,603728.SH,20220915,H5_COMPETING_DIRECTION_TOP3,1,1.0,0.05949661463250955,0.08000000000000007,39.05,41.373342801399495,4.0,profit_intraday,-0.020503385367490523
h5m80d50_direction,002987.SZ,20220914,H5_COMPETING_DIRECTION_TOP3,1,1.0,0.06385591485878006,0.11047171071353534,24.43,25.99,2.0,profit_open,-0.04661579585475528
h5m80d50_direction,300820.SZ,20220914,H5_COMPETING_DIRECTION_TOP3,1,1.0,0.02233708820916247,0.07999999999999996,100.49,102.73465399413872,3.0,profit_intraday,-0.05766291179083749
h5m80d50_direction,301095.SZ,20220914,H5_COMPETING_DIRECTION_TOP3,1,1.0,0.03338420414524479,0.08000000000000007,102.0,105.40518882281496,2.0,profit_intraday,-0.04661579585475528
h5m80d50_direction,003021.SZ,20220913,H5_COMPETING_DIRECTION_TOP3,1,1.0,0.024795706564549214,0.08000000000000007,65.46,67.08312695171539,3.0,profit_intraday,-0.05520429343545086
h5m80d50_direction,300693.SZ,20220913,H5_COMPETING_DIRECTION_TOP3,1,0.0,-0.045362903225806384,0.010047866574012021,39.68,37.88,5.0,expiry_close,-0.055410769799818405
h5m80d50_direction,300820.SZ,20220913,H5_COMPETING_DIRECTION_TOP3,1,1.0,0.013848107830533252,0.08000000000000007,100.0,101.38481078305333,4.0,profit_intraday,-0.06615189216946682
h5m80d50_direction,002543.SZ,20220909,H5_COMPETING_DIRECTION_TOP3,1,0.0,-0.0708446866485013,-0.004174020712756188,11.01,10.23,5.0,expiry_close,-0.06667066593574511
h5m80d50_direction,003021.SZ,20220909,H5_COMPETING_DIRECTION_TOP3,1,1.0,0.0704410489010614,0.08000000000000007,61.22,65.53240101372297,2.0,profit_intraday,-0.009558951098938673
h5m80d50_direction,300926.SZ,20220909,H5_COMPETING_DIRECTION_TOP3,1,0.0,-0.0851215869457691,-0.050000000000000044,30.68,28.068469712503802,3.0,stop_close,-0.03512158694576906
h5m80d50_direction,000065.SZ,20220908,H5_COMPETING_DIRECTION_TOP3,1,0.0,-0.05087719298245619,-0.05351176124494772,11.4,10.82,2.0,t1_stop_t2_open,0.0026345682624915323
h5m80d50_direction,000557.SZ,20220908,H5_COMPETING_DIRECTION_TOP3,1,0.0,-0.08204182622140688,-0.050000000000000155,5.7,5.232361590537981,4.0,stop_close,-0.03204182622140672
h5m80d50_direction,002543.SZ,20220908,H5_COMPETING_DIRECTION_TOP3,1,0.0,-0.08402662229617308,-0.08666119055866461,12.02,11.01,2.0,t1_stop_t2_open,0.0026345682624915323
h5m80d50_direction,002965.SZ,20220907,H5_COMPETING_DIRECTION_TOP3,1,0.0,-0.05027018175863762,-0.04507017404946667,61.07,58.0,2.0,t1_stop_t2_open,-0.005200007709170951
h5m80d50_direction,300693.SZ,20220907,H5_COMPETING_DIRECTION_TOP3,1,0.0,-0.055200007709170884,-0.04999999999999993,44.38,41.930223657866996,2.0,stop_close,-0.005200007709170951
h5m80d50_direction,605090.SH,20220907,H5_COMPETING_DIRECTION_TOP3,1,0.0,-0.09013896213206374,-0.050000000000000044,28.01,25.485207670680897,5.0,stop_close,-0.040138962132063694
h5m80d50_direction,002543.SZ,20220906,H5_COMPETING_DIRECTION_TOP3,1,1.0,0.10404624277456653,0.10667262298850733,12.11,13.37,2.0,profit_open,-0.0026263802139407932
h5m80d50_direction,300693.SZ,20220906,H5_COMPETING_DIRECTION_TOP3,1,0.0,-0.049998731329406354,-0.050000000000000044,43.8,41.610055567772,4.0,stop_close,1.268670593690402e-06
h5m80d50_direction,605090.SH,20220906,H5_COMPETING_DIRECTION_TOP3,1,0.0,-0.05262638021394084,-0.050000000000000044,29.06,27.530677390982877,2.0,stop_close,-0.0026263802139407932
h5m80d50_direction,002543.SZ,20220905,H5_COMPETING_DIRECTION_TOP3,1,0.0,-0.03330469027336247,-0.050000000000000044,12.75,12.325365199014628,4.0,stop_close,0.016695309726637575
h5m80d50_direction,300693.SZ,20220905,H5_COMPETING_DIRECTION_TOP3,1,1.0,0.10200976840117182,0.08000000000000007,40.0,44.08039073604687,2.0,profit_intraday,0.022009768401171748
h5m80d50_direction,603728.SH,20220905,H5_COMPETING_DIRECTION_TOP3,1,1.0,0.10200976840117182,0.08000000000000007,42.06,46.35053085895329,2.0,profit_intraday,0.022009768401171748
h5m80d50_direction,688234.SH,20220902,H5_COMPETING_DIRECTION_TOP3,1,1.0,0.10406589506444708,0.08000000000000007,90.59,100.01732943388826,3.0,profit_intraday,0.024065895064447007
h5m80d50_direction,688248.SH,20220902,H5_COMPETING_DIRECTION_TOP3,1,1.0,0.10406589506444708,0.08000000000000007,46.55,51.394267415250006,3.0,profit_intraday,0.024065895064447007
h5m80d50_direction,688408.SH,20220902,H5_COMPETING_DIRECTION_TOP3,1,1.0,0.0981735192406783,0.08000000000000007,104.24,114.4736076456483,2.0,profit_intraday,0.018173519240678226
h5m80d50_direction,300820.SZ,20220901,H5_COMPETING_DIRECTION_TOP3,1,1.0,0.09249400159765453,0.08000000000000007,92.15,100.67332224722387,2.0,profit_intraday,0.012494001597654458
h5m80d50_direction,688017.SH,20220901,H5_COMPETING_DIRECTION_TOP3,1,1.0,0.09807851810893009,0.08558451651127563,144.68,158.87,2.0,profit_open,0.012494001597654458
h5m80d50_direction,688063.SH,20220901,H5_COMPETING_DIRECTION_TOP3,1,1.0,0.1088247434704932,0.08000000000000007,410.0,454.6181448229022,3.0,profit_intraday,0.02882474347049313
h5m80d50_direction,000065.SZ,20220831,H5_COMPETING_DIRECTION_TOP3,1,0.0,-0.04398910079405527,-0.050000000000000155,11.04,10.55436032723363,2.0,stop_close,0.006010899205944886
h5m80d50_direction,300820.SZ,20220831,H5_COMPETING_DIRECTION_TOP3,1,1.0,0.08601089920594496,0.08000000000000007,89.38,97.06765417102736,2.0,profit_intraday,0.006010899205944886
h5m80d50_direction,688248.SH,20220831,H5_COMPETING_DIRECTION_TOP3,1,1.0,0.08803483860198291,0.08000000000000007,44.41,48.31962718231406,3.0,profit_intraday,0.008034838601982841
h5m80d50_direction,002045.SZ,20220830,H5_COMPETING_DIRECTION_TOP3,1,0.0,0.016141429669485063,0.018780029050837976,13.01,13.22,5.0,expiry_close,-0.002638599381352913
h5m80d50_direction,002543.SZ,20220830,H5_COMPETING_DIRECTION_TOP3,1,0.0,-0.12267080745341619,-0.0920889779906916,12.88,11.3,2.0,t1_stop_t2_open,-0.030581829462724586
h5m80d50_direction,300820.SZ,20220830,H5_COMPETING_DIRECTION_TOP3,1,1.0,0.061530082708763256,0.07999999999999996,95.48,101.35489229703272,4.0,profit_intraday,-0.018469917291236704
h5m80d50_direction,000065.SZ,20220829,H5_COMPETING_DIRECTION_TOP3,1,0.0,-0.08056349882946734,-0.050000000000000044,12.49,11.483761899619953,2.0,stop_close,-0.030563498829467295
h5m80d50_direction,002045.SZ,20220829,H5_COMPETING_DIRECTION_TOP3,1,0.0,-0.2008599508599509,-0.1702964520304836,16.28,13.01,2.0,t1_stop_t2_open,-0.030563498829467295
h5m80d50_direction,002543.SZ,20220829,H5_COMPETING_DIRECTION_TOP3,1,0.0,-0.08056349882946734,-0.050000000000000044,12.93,11.888313960134987,2.0,stop_close,-0.030563498829467295
h5m80d50_direction,000557.SZ,20220826,H5_COMPETING_DIRECTION_TOP3,1,0.0,-0.15974440894568687,-0.16129200306687486,6.26,5.26,2.0,t1_stop_t2_open,0.0015475941211879896
h5m80d50_direction,002045.SZ,20220826,H5_COMPETING_DIRECTION_TOP3,1,1.0,0.08154759412118806,0.08000000000000007,15.66,16.937035323937806,2.0,profit_intraday,0.0015475941211879896
h5m80d50_direction,002543.SZ,20220826,H5_COMPETING_DIRECTION_TOP3,1,1.0,0.14121800529567508,0.13967041117448709,11.33,12.93,2.0,profit_open,0.0015475941211879896
h5m80d50_direction,000557.SZ,20220825,H5_COMPETING_DIRECTION_TOP3,1,0.0,-0.04762997849471118,-0.050000000000000044,6.26,5.961836334623108,2.0,stop_close,0.0023700215052888662
h5m80d50_direction,002543.SZ,20220825,H5_COMPETING_DIRECTION_TOP3,1,1.0,0.08237002150528894,0.08000000000000007,10.68,11.559711829676486,2.0,profit_intraday,0.0023700215052888662
h5m80d50_direction,002045.SZ,20220824,H5_COMPETING_DIRECTION_TOP3,1,1.0,0.0758805769167894,0.08000000000000007,15.8,16.998913115285273,2.0,profit_intraday,-0.0041194230832106715
h5m80d50_direction,002840.SZ,20220824,H5_COMPETING_DIRECTION_TOP3,1,0.0,-0.046649703138252674,-0.017845797042192024,23.58,22.48,5.0,expiry_close,-0.02880390609606065
h5m80d50_direction,601928.SH,20220824,H5_COMPETING_DIRECTION_TOP3,1,1.0,0.05119609390393931,0.07999999999999996,8.28,8.703903657524616,5.0,profit_intraday,-0.02880390609606065
h5m80d50_direction,000049.SZ,20220823,H5_COMPETING_DIRECTION_TOP3,1,0.0,-0.08691906219701306,-0.050000000000000044,63.0,57.524099081588176,3.0,stop_close,-0.03691906219701302
h5m80d50_direction,300049.SZ,20220823,H5_COMPETING_DIRECTION_TOP3,1,0.0,-0.08542860379944095,-0.050000000000000044,21.13,19.32489360171781,5.0,stop_close,-0.035428603799440905
h5m80d50_direction,301018.SZ,20220823,H5_COMPETING_DIRECTION_TOP3,1,1.0,0.06689033340322936,0.10036105445536925,47.69,50.88,2.0,profit_open,-0.033470721052139885
h5m80d50_direction,000065.SZ,20220822,H5_COMPETING_DIRECTION_TOP3,1,1.0,0.044390366630514544,0.07999999999999996,10.33,10.788552487293215,4.0,profit_intraday,-0.035609633369485416
h5m80d50_direction,002045.SZ,20220822,H5_COMPETING_DIRECTION_TOP3,1,0.0,-0.08162046837359471,-0.04999999999999993,18.66,17.136962060148722,2.0,stop_close,-0.03162046837359478
h5m80d50_direction,003021.SZ,20220822,H5_COMPETING_DIRECTION_TOP3,1,0.0,-0.04885430177258976,-0.01723383339899498,69.39,66.0,2.0,t1_stop_t2_open,-0.03162046837359478
h5m80d50_direction,002045.SZ,20220819,H5_COMPETING_DIRECTION_TOP3,1,1.0,0.10479573712255763,0.09570060911625489,16.89,18.66,2.0,profit_open,0.009095128006302744
h5m80d50_direction,002536.SZ,20220819,H5_COMPETING_DIRECTION_TOP3,1,0.0,-0.07413973649178096,-0.050000000000000044,8.81,8.15682892150741,3.0,stop_close,-0.024139736491780917
h5m80d50_direction,002896.SZ,20220819,H5_COMPETING_DIRECTION_TOP3,1,0.0,-0.04472222222222222,-0.05381735022852496,36.0,34.39,2.0,t1_stop_t2_open,0.009095128006302744
h5m80d50_direction,002543.SZ,20220818,H5_COMPETING_DIRECTION_TOP3,1,0.0,-0.08619619578802218,-0.050000000000000044,9.82,8.973553357361622,4.0,stop_close,-0.036196195788022134
h5m80d50_direction,301018.SZ,20220818,H5_COMPETING_DIRECTION_TOP3,1,0.0,-0.05472513850715377,-0.050000000000000044,47.99,45.36374060304169,2.0,stop_close,-0.0047251385071537255
h5m80d50_direction,688206.SH,20220818,H5_COMPETING_DIRECTION_TOP3,1,0.0,-0.08672979787451573,-0.04999999999999993,45.5,41.55379419670953,5.0,stop_close,-0.0367297978745158
h5m80d50_direction,002896.SZ,20220817,H5_COMPETING_DIRECTION_TOP3,1,0.0,-0.08513804976278116,-0.050000000000000044,36.05,32.98077330605174,5.0,stop_close,-0.03513804976278112
h5m80d50_direction,003021.SZ,20220817,H5_COMPETING_DIRECTION_TOP3,1,0.0,-0.08513804976278116,-0.050000000000000044,67.6,61.84466783603599,5.0,stop_close,-0.03513804976278112
h5m80d50_direction,300415.SZ,20220817,H5_COMPETING_DIRECTION_TOP3,1,1.0,0.07772224527598759,0.07999999999999996,25.14,27.09393724623833,4.0,profit_intraday,-0.0022777547240123708
h5m80d50_direction,002045.SZ,20220816,H5_COMPETING_DIRECTION_TOP3,1,1.0,0.0844611665075432,0.08000000000000007,13.55,14.694448806177212,2.0,profit_intraday,0.004461166507543135
h5m80d50_direction,002543.SZ,20220816,H5_COMPETING_DIRECTION_TOP3,1,0.0,-0.04791029561671767,-0.04898448132808131,9.81,9.34,5.0,expiry_close,0.00107418571136364
h5m80d50_direction,002654.SZ,20220816,H5_COMPETING_DIRECTION_TOP3,1,0.0,-0.015564202334630406,-0.016638388045994046,5.14,5.06,5.0,expiry_close,0.00107418571136364
h5m80d50_direction,002045.SZ,20220815,H5_COMPETING_DIRECTION_TOP3,1,1.0,0.08891711735537577,0.08000000000000007,12.7,13.829247390413272,2.0,profit_intraday,0.008917117355375703
h5m80d50_direction,002543.SZ,20220815,H5_COMPETING_DIRECTION_TOP3,1,0.0,-0.042857142857142816,-0.048109428440124336,9.8,9.38,5.0,expiry_close,0.00525228558298152
h5m80d50_direction,002045.SZ,20220812,H5_COMPETING_DIRECTION_TOP3,1,1.0,0.0904842470467968,0.08000000000000007,12.6,13.74010151278964,2.0,profit_intraday,0.010484247046796735
h5m80d50_direction,300415.SZ,20220812,H5_COMPETING_DIRECTION_TOP3,1,1.0,0.10416666666666674,0.09368241961987,24.0,26.5,2.0,profit_open,0.010484247046796735
h5m80d50_direction,603728.SH,20220812,H5_COMPETING_DIRECTION_TOP3,1,1.0,0.0904842470467968,0.08000000000000007,40.01,43.630274724342335,2.0,profit_intraday,0.010484247046796735
h5m80d50_direction,002536.SZ,20220811,H5_COMPETING_DIRECTION_TOP3,1,1.0,0.10389610389610371,0.09911290395546102,9.24,10.2,3.0,profit_open,0.004783199940642691
h5m80d50_direction,002896.SZ,20220811,H5_COMPETING_DIRECTION_TOP3,1,1.0,0.08478319994064276,0.08000000000000007,37.68,40.874630973763416,3.0,profit_intraday,0.004783199940642691
h5m80d50_direction,002965.SZ,20220811,H5_COMPETING_DIRECTION_TOP3,1,1.0,0.079248446642328,0.07999999999999996,57.53,62.08916313533313,2.0,profit_intraday,-0.0007515533576719635
h5m80d50_direction,002536.SZ,20220810,H5_COMPETING_DIRECTION_TOP3,1,0.0,-0.0409229745903682,-0.050000000000000155,9.47,9.082459430629214,2.0,stop_close,0.009077025409631956
h5m80d50_direction,600586.SH,20220810,H5_COMPETING_DIRECTION_TOP3,1,0.0,-0.04092297459036809,-0.050000000000000044,11.02,10.569028820014143,2.0,stop_close,0.009077025409631956
h5m80d50_direction,002077.SZ,20220809,H5_COMPETING_DIRECTION_TOP3,1,1.0,0.09489909795338503,0.08000000000000007,17.58,19.248326142020506,2.0,profit_intraday,0.014899097953384954
h5m80d50_direction,002896.SZ,20220809,H5_COMPETING_DIRECTION_TOP3,1,0.0,-0.03510090204661509,-0.050000000000000044,43.08,41.56785313983182,2.0,stop_close,0.014899097953384954
h5m80d50_direction,301018.SZ,20220809,H5_COMPETING_DIRECTION_TOP3,1,1.0,0.21221062187925543,0.19731152392587048,44.06,53.41,2.0,profit_open,0.014899097953384954
h5m80d50_direction,002077.SZ,20220808,H5_COMPETING_DIRECTION_TOP3,1,1.0,0.12548015364916765,0.122851203196221,15.62,17.58,2.0,profit_open,0.0026289504529466434
h5m80d50_direction,002536.SZ,20220808,H5_COMPETING_DIRECTION_TOP3,1,1.0,0.08262895045294671,0.08000000000000007,8.57,9.278130105381754,2.0,profit_intraday,0.0026289504529466434
h5m80d50_direction,300660.SZ,20220808,H5_COMPETING_DIRECTION_TOP3,1,1.0,0.09172983891264064,0.08000000000000007,38.51,42.04251609652579,4.0,profit_intraday,0.011729838912640567
h5m80d50_direction,002077.SZ,20220805,H5_COMPETING_DIRECTION_TOP3,1,1.0,0.09305585899365032,0.08000000000000007,15.17,16.581657380933674,2.0,profit_intraday,0.013055858993650249
h5m80d50_direction,301018.SZ,20220805,H5_COMPETING_DIRECTION_TOP3,1,1.0,0.09305585899365032,0.08000000000000007,40.31,44.06108167603405,2.0,profit_intraday,0.013055858993650249
h5m80d50_direction,601702.SH,20220805,H5_COMPETING_DIRECTION_TOP3,1,1.0,0.10188866799204765,0.0888328089983974,20.12,22.17,2.0,profit_open,0.013055858993650249
h5m80d50_direction,002077.SZ,20220804,H5_COMPETING_DIRECTION_TOP3,1,1.0,0.13208955223880592,0.10319633340319556,13.4,15.17,2.0,profit_open,0.028893218835610357
h5m80d50_direction,002536.SZ,20220804,H5_COMPETING_DIRECTION_TOP3,1,0.0,-0.13263157894736843,-0.1615247977829788,9.5,8.24,2.0,t1_stop_t2_open,0.028893218835610357
h5m80d50_direction,603516.SH,20220804,H5_COMPETING_DIRECTION_TOP3,1,0.0,-0.03559870550161803,-0.06449192433722839,15.45,14.9,2.0,t1_stop_t2_open,0.028893218835610357
h5m80d50_direction,002077.SZ,20220803,H5_COMPETING_DIRECTION_TOP3,1,1.0,0.1166666666666667,0.08997920655027714,12.0,13.4,2.0,profit_open,0.02668746011638956
h5m80d50_direction,688037.SH,20220803,H5_COMPETING_DIRECTION_TOP3,1,1.0,0.10668746011638963,0.08000000000000007,198.0,219.12411710304514,2.0,profit_intraday,0.02668746011638956
h5m80d50_direction,688206.SH,20220803,H5_COMPETING_DIRECTION_TOP3,1,1.0,0.13177041228779296,0.1050829521714034,37.11,42.0,2.0,profit_open,0.02668746011638956
h5m80d50_direction,002077.SZ,20220802,H5_COMPETING_DIRECTION_TOP3,1,1.0,0.10701107011070121,0.10368206989393802,10.84,12.0,2.0,profit_open,0.0033290002167631894
h5m80d50_direction,600586.SH,20220802,H5_COMPETING_DIRECTION_TOP3,1,0.0,-0.028404074065260465,-0.050000000000000044,9.75,9.473060277863711,3.0,stop_close,0.02159592593473958
h5m80d50_direction,688037.SH,20220802,H5_COMPETING_DIRECTION_TOP3,1,1.0,0.10159592593473965,0.08000000000000007,194.0,213.7096096313395,3.0,profit_intraday,0.02159592593473958
h5m80d50_direction,000837.SZ,20220801,H5_COMPETING_DIRECTION_TOP3,1,1.0,0.06290322580645147,0.09886113753730008,12.4,13.18,2.0,profit_open,-0.03595791173084861
h5m80d50_direction,600586.SH,20220801,H5_COMPETING_DIRECTION_TOP3,1,1.0,0.04404208826915146,0.08000000000000007,9.85,10.283814569451142,2.0,profit_intraday,-0.03595791173084861
h5m80d50_direction,603728.SH,20220801,H5_COMPETING_DIRECTION_TOP3,1,1.0,0.12233169129720856,0.15828960302805717,36.54,41.01,2.0,profit_open,-0.03595791173084861
h5m80d50_direction,000837.SZ,20220729,H5_COMPETING_DIRECTION_TOP3,1,1.0,0.056181196395611144,0.08000000000000007,12.31,13.001590527629974,2.0,profit_intraday,-0.023818803604388927
h5m80d50_direction,600586.SH,20220729,H5_COMPETING_DIRECTION_TOP3,1,1.0,0.1005586592178771,0.12437746282226603,8.95,9.85,2.0,profit_open,-0.023818803604388927
h5m80d50_direction,603728.SH,20220729,H5_COMPETING_DIRECTION_TOP3,1,1.0,0.056181196395611144,0.08000000000000007,36.89,38.9625243350341,2.0,profit_intraday,-0.023818803604388927
h5m80d50_direction,002896.SZ,20220728,H5_COMPETING_DIRECTION_TOP3,1,1.0,0.08202374682692093,0.08000000000000007,37.11,40.15390124474703,2.0,profit_intraday,0.002023746826920858
h5m80d50_direction,002911.SZ,20220728,H5_COMPETING_DIRECTION_TOP3,1,1.0,0.050807480349001954,0.08000000000000007,17.5,18.389130906107535,3.0,profit_intraday,-0.029192519650998117
h5m80d50_direction,603728.SH,20220728,H5_COMPETING_DIRECTION_TOP3,1,1.0,0.09465875370919874,0.09263500688227788,33.7,36.89,2.0,profit_open,0.002023746826920858
h5m80d50_direction,002896.SZ,20220727,H5_COMPETING_DIRECTION_TOP3,1,1.0,0.08210949836906511,0.08000000000000007,34.97,37.841369157966206,2.0,profit_intraday,0.0021094983690650437
h5m80d50_direction,002911.SZ,20220727,H5_COMPETING_DIRECTION_TOP3,1,1.0,0.08969572225549682,0.08000000000000007,16.65,18.14343377555402,3.0,profit_intraday,0.009695722255496753
h5m80d50_direction,300827.SZ,20220727,H5_COMPETING_DIRECTION_TOP3,1,1.0,0.053389172599618284,0.08000000000000007,67.8,71.41978590225412,5.0,profit_intraday,-0.026610827400381787
h5m80d50_direction,002896.SZ,20220726,H5_COMPETING_DIRECTION_TOP3,1,1.0,0.2108725761772854,0.19459163936147417,28.88,34.97,2.0,profit_open,0.01628093681581122
h5m80d50_direction,002965.SZ,20220726,H5_COMPETING_DIRECTION_TOP3,1,0.0,-0.03166236786304766,-0.050000000000000044,60.5,58.584426744285615,4.0,stop_close,0.018337632136952386
h5m80d50_direction,688248.SH,20220726,H5_COMPETING_DIRECTION_TOP3,1,1.0,0.09628093681581129,0.08000000000000007,39.5,43.30309700422455,2.0,profit_intraday,0.01628093681581122
h5m80d50_direction,002101.SZ,20220725,H5_COMPETING_DIRECTION_TOP3,1,1.0,0.1066445557399216,0.08000000000000007,33.0,36.51927033941741,3.0,profit_intraday,0.026644555739921527
h5m80d50_direction,002896.SZ,20220725,H5_COMPETING_DIRECTION_TOP3,1,1.0,0.18421943785980344,0.1575748821198819,29.53,34.97,3.0,profit_open,0.026644555739921527
h5m80d50_direction,300827.SZ,20220725,H5_COMPETING_DIRECTION_TOP3,1,1.0,0.1066445557399216,0.08000000000000007,62.99,69.70754056605766,3.0,profit_intraday,0.026644555739921527
h5m80d50_direction,002077.SZ,20220722,H5_COMPETING_DIRECTION_TOP3,1,1.0,0.13378684807256236,0.13325914856191723,8.82,10.0,2.0,profit_open,0.0005276995106451299
h5m80d50_direction,002896.SZ,20220722,H5_COMPETING_DIRECTION_TOP3,1,1.0,0.10475121586232694,0.10422351635168181,26.73,29.53,2.0,profit_open,0.0005276995106451299
h5m80d50_direction,002965.SZ,20220722,H5_COMPETING_DIRECTION_TOP3,1,0.0,-0.10928143712574845,-0.10980913663639358,66.8,59.5,2.0,t1_stop_t2_open,0.0005276995106451299
h5m80d50_direction,002121.SZ,20220721,H5_COMPETING_DIRECTION_TOP3,1,0.0,-0.056186884505885826,-0.04999999999999993,9.99,9.4286930237862,3.0,stop_close,-0.006186884505885892
h5m80d50_direction,002896.SZ,20220721,H5_COMPETING_DIRECTION_TOP3,1,1.0,0.06378091851495538,0.07999999999999996,26.61,28.307210241682963,2.0,profit_intraday,-0.016219081485044584
h5m80d50_direction,300660.SZ,20220721,H5_COMPETING_DIRECTION_TOP3,1,1.0,0.06378091851495538,0.07999999999999996,35.34,37.59401766031853,2.0,profit_intraday,-0.016219081485044584
h5m80d50_direction,002121.SZ,20220720,H5_COMPETING_DIRECTION_TOP3,1,0.0,-0.06048097084449744,-0.050000000000000155,9.89,9.291843198347921,4.0,stop_close,-0.010480970844497284
h5m80d50_direction,002896.SZ,20220720,H5_COMPETING_DIRECTION_TOP3,1,1.0,0.06899713585088474,0.07999999999999996,25.8,27.58012610495283,2.0,profit_intraday,-0.011002864149115221
h5m80d50_direction,002965.SZ,20220720,H5_COMPETING_DIRECTION_TOP3,1,1.0,0.10624999999999996,0.11725286414911518,56.0,61.95,2.0,profit_open,-0.011002864149115221
h5m80d50_direction,002101.SZ,20220719,H5_COMPETING_DIRECTION_TOP3,1,1.0,0.0812945621877974,0.08000000000000007,32.89,35.563778150356654,3.0,profit_intraday,0.0012945621877973323
h5m80d50_direction,002896.SZ,20220719,H5_COMPETING_DIRECTION_TOP3,1,1.0,0.08805969373847411,0.08000000000000007,25.0,27.20149234346185,2.0,profit_intraday,0.008059693738474039
h5m80d50_direction,002965.SZ,20220719,H5_COMPETING_DIRECTION_TOP3,1,1.0,0.08805969373847411,0.08000000000000007,52.63,57.264581681455894,2.0,profit_intraday,0.008059693738474039
h5m80d50_direction,002101.SZ,20220718,H5_COMPETING_DIRECTION_TOP3,1,1.0,0.08971254725396105,0.08000000000000007,33.4,36.3963990782823,4.0,profit_intraday,0.00971254725396098
h5m80d50_direction,002896.SZ,20220718,H5_COMPETING_DIRECTION_TOP3,1,1.0,0.10619469026548667,0.08524881423395136,22.6,25.0,2.0,profit_open,0.020945876031535304
h5m80d50_direction,002965.SZ,20220718,H5_COMPETING_DIRECTION_TOP3,1,0.0,-0.10003419972640215,-0.12098007575793746,58.48,52.63,2.0,t1_stop_t2_open,0.020945876031535304
h5m80d50_direction,002965.SZ,20220715,H5_COMPETING_DIRECTION_TOP3,1,0.0,-0.020942464225237822,-0.050000000000000044,53.8,52.6732954246822,2.0,stop_close,0.029057535774762222
h5m80d50_direction,300660.SZ,20220715,H5_COMPETING_DIRECTION_TOP3,1,1.0,0.1090575357747623,0.08000000000000007,31.55,34.99076525369375,2.0,profit_intraday,0.029057535774762222
h5m80d50_direction,300693.SZ,20220715,H5_COMPETING_DIRECTION_TOP3,1,1.0,0.1090575357747623,0.08000000000000007,35.54,39.41590482143505,2.0,profit_intraday,0.029057535774762222
h5m80d50_direction,002965.SZ,20220714,H5_COMPETING_DIRECTION_TOP3,1,1.0,0.10563090834360866,0.09783894105596258,48.66,53.8,2.0,profit_open,0.007791967287646084
h5m80d50_direction,300660.SZ,20220714,H5_COMPETING_DIRECTION_TOP3,1,1.0,0.09626457669829813,0.08000000000000007,32.18,35.27779407815123,3.0,profit_intraday,0.01626457669829806
h5m80d50_direction,300827.SZ,20220714,H5_COMPETING_DIRECTION_TOP3,1,1.0,0.08779196728764616,0.08000000000000007,62.55,68.04138755384227,2.0,profit_intraday,0.007791967287646084
h5m80d50_direction,002892.SZ,20220713,H5_COMPETING_DIRECTION_TOP3,1,1.0,0.10586617656276842,0.08000000000000007,14.33,15.847062310144471,4.0,profit_intraday,0.02586617656276835
h5m80d50_direction,002965.SZ,20220713,H5_COMPETING_DIRECTION_TOP3,1,1.0,0.08133333333333326,0.08443457801698562,45.0,48.66,2.0,profit_open,-0.00310124468365236
h5m80d50_direction,300660.SZ,20220713,H5_COMPETING_DIRECTION_TOP3,1,1.0,0.09084745762711854,0.0939487023107709,29.5,32.18,2.0,profit_open,-0.00310124468365236
h5m80d50_direction,002965.SZ,20220712,H5_COMPETING_DIRECTION_TOP3,1,1.0,0.09656464634261641,0.08000000000000007,42.59,46.70268828773204,2.0,profit_intraday,0.01656464634261634
h5m80d50_direction,300660.SZ,20220712,H5_COMPETING_DIRECTION_TOP3,1,1.0,0.09656464634261641,0.08000000000000007,29.0,31.800374743935876,2.0,profit_intraday,0.01656464634261634
h5m80d50_direction,603530.SH,20220712,H5_COMPETING_DIRECTION_TOP3,1,1.0,0.09656464634261641,0.08000000000000007,14.53,15.933084311358217,2.0,profit_intraday,0.01656464634261634
h5m80d50_direction,002101.SZ,20220711,H5_COMPETING_DIRECTION_TOP3,1,1.0,0.07235522124772231,0.08000000000000007,26.95,28.899973212626115,2.0,profit_intraday,-0.007644778752277759
h5m80d50_direction,002892.SZ,20220711,H5_COMPETING_DIRECTION_TOP3,1,0.0,0.0020000000000000018,-0.007536381733457054,15.0,15.03,5.0,expiry_close,0.009536381733457056
h5m80d50_direction,300660.SZ,20220711,H5_COMPETING_DIRECTION_TOP3,1,0.0,0.0452067970503367,0.035670415316879645,31.19,32.6,5.0,expiry_close,0.009536381733457056
h5m80d50_direction,000550.SZ,20220708,H5_COMPETING_DIRECTION_TOP3,1,0.0,-0.15567282321899734,-0.12986035699831477,22.74,19.2,2.0,t1_stop_t2_open,-0.02581246622068256
h5m80d50_direction,002101.SZ,20220708,H5_COMPETING_DIRECTION_TOP3,1,1.0,0.0541875337793174,0.07999999999999996,27.24,28.716068420148606,2.0,profit_intraday,-0.02581246622068256
h5m80d50_direction,300337.SZ,20220708,H5_COMPETING_DIRECTION_TOP3,1,1.0,0.05801316376000876,0.07999999999999996,11.22,11.870907697387299,5.0,profit_intraday,-0.021986836239991203
h5m80d50_direction,300337.SZ,20220707,H5_COMPETING_DIRECTION_TOP3,1,0.0,-0.05475989890480193,-0.04084317696325668,11.87,11.22,2.0,t1_stop_t2_open,-0.013916721941545251
h5m80d50_direction,300827.SZ,20220707,H5_COMPETING_DIRECTION_TOP3,1,0.0,-0.10909090909090913,-0.09517418714936388,55.0,49.0,2.0,t1_stop_t2_open,-0.013916721941545251
h5m80d50_direction,301091.SZ,20220707,H5_COMPETING_DIRECTION_TOP3,1,1.0,0.19909502262443435,0.2130117445659796,26.52,31.8,2.0,profit_open,-0.013916721941545251
h5m80d50_direction,002101.SZ,20220706,H5_COMPETING_DIRECTION_TOP3,1,1.0,0.17041666666666666,0.16329292204445034,24.0,28.09,2.0,profit_open,0.007123744622216321
h5m80d50_direction,300337.SZ,20220706,H5_COMPETING_DIRECTION_TOP3,1,0.0,-0.03900709219858156,-0.02705153956398665,11.28,10.84,5.0,expiry_close,-0.011955552634594913
h5m80d50_direction,603530.SH,20220706,H5_COMPETING_DIRECTION_TOP3,1,0.0,0.0025974025974024872,0.0145529552319974,15.4,15.44,5.0,expiry_close,-0.011955552634594913
h5m80d50_direction,002101.SZ,20220705,H5_COMPETING_DIRECTION_TOP3,1,1.0,0.08352144469525968,0.08421839431411049,22.15,24.0,2.0,profit_open,-0.0006969496188508062
h5m80d50_direction,003021.SZ,20220705,H5_COMPETING_DIRECTION_TOP3,1,1.0,0.07674558288386679,0.08000000000000007,44.58,48.00131808496278,3.0,profit_intraday,-0.003254417116133279
h5m80d50_direction,300660.SZ,20220705,H5_COMPETING_DIRECTION_TOP3,1,0.0,-0.05069694961885085,-0.050000000000000044,36.52,34.66854739991957,2.0,stop_close,-0.0006969496188508062
h5m80d50_direction,002892.SZ,20220704,H5_COMPETING_DIRECTION_TOP3,1,0.0,-0.11798727588201263,-0.10167349647443724,17.29,15.25,2.0,t1_stop_t2_open,-0.01631377940757539
h5m80d50_direction,300337.SZ,20220704,H5_COMPETING_DIRECTION_TOP3,1,0.0,-0.03242320819112632,-0.011836312889835665,11.72,11.34,5.0,expiry_close,-0.020586895301290653
h5m80d50_direction,300660.SZ,20220704,H5_COMPETING_DIRECTION_TOP3,1,0.0,-0.12021199710913022,-0.10389821770155483,41.51,36.52,2.0,t1_stop_t2_open,-0.01631377940757539
h5m80d50_direction,300337.SZ,20220701,H5_COMPETING_DIRECTION_TOP3,1,0.0,-0.044979321894154656,-0.04999999999999993,12.19,11.641702066110254,2.0,stop_close,0.005020678105845278
h5m80d50_direction,300660.SZ,20220701,H5_COMPETING_DIRECTION_TOP3,1,0.0,-0.04497932189415477,-0.050000000000000044,39.56,37.78061802586724,2.0,stop_close,0.005020678105845278
h5m80d50_direction,300827.SZ,20220701,H5_COMPETING_DIRECTION_TOP3,1,1.0,0.08502067810584535,0.08000000000000007,47.02,51.01767228453685,2.0,profit_intraday,0.005020678105845278
h5m80d50_direction,003021.SZ,20220630,H5_COMPETING_DIRECTION_TOP3,1,0.0,-0.04017414477313441,-0.050000000000000155,47.74,45.82208632853057,2.0,stop_close,0.009825855226865743
h5m80d50_direction,300337.SZ,20220630,H5_COMPETING_DIRECTION_TOP3,1,1.0,0.08982585522686581,0.08000000000000007,11.35,12.369523456824927,2.0,profit_intraday,0.009825855226865743
h5m80d50_direction,300660.SZ,20220630,H5_COMPETING_DIRECTION_TOP3,1,1.0,0.08982585522686581,0.08000000000000007,36.5,39.7786437157806,2.0,profit_intraday,0.009825855226865743
h5m80d50_direction,003021.SZ,20220629,H5_COMPETING_DIRECTION_TOP3,1,0.0,-0.04539092181563675,-0.0555431874682506,50.01,47.74,2.0,t1_stop_t2_open,0.010152265652613846
h5m80d50_direction,300660.SZ,20220629,H5_COMPETING_DIRECTION_TOP3,1,1.0,0.161680458306811,0.15152819265419715,31.42,36.5,2.0,profit_open,0.010152265652613846
h5m80d50_direction,603728.SH,20220629,H5_COMPETING_DIRECTION_TOP3,1,1.0,0.10142559485607028,0.08000000000000007,21.33,23.493407938279976,3.0,profit_intraday,0.021425594856070207
h5m80d50_direction,000058.SZ,20220628,H5_COMPETING_DIRECTION_TOP3,1,0.0,-0.06005377520800048,-0.050000000000000044,6.76,6.354036479593916,2.0,stop_close,-0.010053775208000437
h5m80d50_direction,000628.SZ,20220628,H5_COMPETING_DIRECTION_TOP3,1,0.0,-0.03854748603351943,-0.032151170382299976,17.9,17.21,5.0,expiry_close,-0.006396315651219453
h5m80d50_direction,002896.SZ,20220628,H5_COMPETING_DIRECTION_TOP3,1,0.0,-0.12367328103368724,-0.1136195058256868,21.67,18.99,2.0,t1_stop_t2_open,-0.010053775208000437
h5m80d50_direction,000058.SZ,20220627,H5_COMPETING_DIRECTION_TOP3,1,0.0,-0.07142857142857151,-0.06325819675017297,7.28,6.76,2.0,t1_stop_t2_open,-0.00817037467839854
h5m80d50_direction,300660.SZ,20220627,H5_COMPETING_DIRECTION_TOP3,1,1.0,0.07182962532160131,0.07999999999999985,30.51,32.70152186856206,2.0,profit_intraday,-0.00817037467839854
h5m80d50_direction,603728.SH,20220627,H5_COMPETING_DIRECTION_TOP3,1,0.0,-0.058170374678398584,-0.050000000000000044,23.88,22.49089145267984,2.0,stop_close,-0.00817037467839854
h5m80d50_direction,000628.SZ,20220624,H5_COMPETING_DIRECTION_TOP3,1,1.0,0.0790182155013357,0.08000000000000007,17.8,19.206524235923776,3.0,profit_intraday,-0.0009817844986643731
h5m80d50_direction,603530.SH,20220624,H5_COMPETING_DIRECTION_TOP3,1,1.0,0.13581440309328174,0.11505813991713842,20.69,23.5,2.0,profit_open,0.02075626317614332
h5m80d50_direction,688213.SH,20220624,H5_COMPETING_DIRECTION_TOP3,1,1.0,0.0790182155013357,0.08000000000000007,53.22,57.425349428981086,3.0,profit_intraday,-0.0009817844986643731
h5m80d50_direction,000628.SZ,20220623,H5_COMPETING_DIRECTION_TOP3,1,1.0,0.09040313929940336,0.08000000000000007,17.39,18.962110592416625,4.0,profit_intraday,0.010403139299403286
h5m80d50_direction,688150.SH,20220623,H5_COMPETING_DIRECTION_TOP3,1,0.0,-0.03959686070059687,-0.050000000000000155,23.04,22.12768832945825,4.0,stop_close,0.010403139299403286
h5m80d50_direction,688213.SH,20220623,H5_COMPETING_DIRECTION_TOP3,1,1.0,0.09872651663513232,0.08000000000000007,50.12,55.068173013752826,2.0,profit_intraday,0.01872651663513225
h5m80d50_direction,002896.SZ,20220622,H5_COMPETING_DIRECTION_TOP3,1,0.0,-0.01578673137670117,-0.050000000000000155,18.0,17.71583883521938,2.0,stop_close,0.03421326862329899
h5m80d50_direction,300428.SZ,20220622,H5_COMPETING_DIRECTION_TOP3,1,1.0,0.12170904729008947,0.08000000000000007,33.2,37.24074037003097,3.0,profit_intraday,0.041709047290089396
h5m80d50_direction,603997.SH,20220622,H5_COMPETING_DIRECTION_TOP3,1,0.0,0.005679671407103681,-0.050000000000000044,12.37,12.440257535305872,4.0,stop_close,0.055679671407103726
h5m80d50_direction,002101.SZ,20220621,H5_COMPETING_DIRECTION_TOP3,1,1.0,0.09951456310679618,0.09028334824634587,16.48,18.12,2.0,profit_open,0.00923121486045031
h5m80d50_direction,300428.SZ,20220621,H5_COMPETING_DIRECTION_TOP3,1,1.0,0.08923121486045038,0.08000000000000007,33.22,36.18426095766416,2.0,profit_intraday,0.00923121486045031
h5m80d50_direction,603997.SH,20220621,H5_COMPETING_DIRECTION_TOP3,1,1.0,0.08923121486045038,0.08000000000000007,12.08,13.15791307551424,2.0,profit_intraday,0.00923121486045031
h5m80d50_direction,002204.SZ,20220620,H5_COMPETING_DIRECTION_TOP3,1,1.0,0.06071010039079794,0.08000000000000007,4.58,4.858052259789854,2.0,profit_intraday,-0.019289899609202132
h5m80d50_direction,002239.SZ,20220620,H5_COMPETING_DIRECTION_TOP3,1,0.0,-0.12162162162162171,-0.10233172201241958,3.7,3.25,2.0,t1_stop_t2_open,-0.019289899609202132
h5m80d50_direction,002487.SZ,20220620,H5_COMPETING_DIRECTION_TOP3,1,1.0,0.06071010039079794,0.08000000000000007,38.0,40.30698381485032,2.0,profit_intraday,-0.019289899609202132
h5m80d50_direction,000880.SZ,20220617,H5_COMPETING_DIRECTION_TOP3,1,1.0,0.08342525785856614,0.08000000000000007,11.15,12.080191625123012,2.0,profit_intraday,0.0034252578585660665
h5m80d50_direction,002101.SZ,20220617,H5_COMPETING_DIRECTION_TOP3,1,0.0,-0.04657474214143398,-0.050000000000000044,17.34,16.532393971267535,2.0,stop_close,0.0034252578585660665
h5m80d50_direction,300337.SZ,20220617,H5_COMPETING_DIRECTION_TOP3,1,1.0,0.08342525785856614,0.08000000000000007,10.21,11.061771882735961,2.0,profit_intraday,0.0034252578585660665
h5m80d50_direction,003021.SZ,20220616,H5_COMPETING_DIRECTION_TOP3,1,1.0,0.09987459046399572,0.08000000000000007,45.34,49.86831393163757,2.0,profit_intraday,0.019874590463995645
h5m80d50_direction,003022.SZ,20220616,H5_COMPETING_DIRECTION_TOP3,1,0.0,-0.03658910081303579,-0.050000000000000155,34.53,33.266578348925876,3.0,stop_close,0.013410899186964365
h5m80d50_direction,300827.SZ,20220616,H5_COMPETING_DIRECTION_TOP3,1,1.0,0.09987459046399572,0.08000000000000007,45.0,49.49435657087981,2.0,profit_intraday,0.019874590463995645
h5m80d50_direction,002939.SZ,20220615,H5_COMPETING_DIRECTION_TOP3,1,0.0,-0.15325342465753422,-0.1698133714640372,11.68,9.89,2.0,t1_stop_t2_open,0.016559946806502968
h5m80d50_direction,003022.SZ,20220615,H5_COMPETING_DIRECTION_TOP3,1,0.0,-0.029958073246994732,-0.050000000000000155,35.44,34.378285884126505,4.0,stop_close,0.020041926753005423
h5m80d50_direction,300827.SZ,20220615,H5_COMPETING_DIRECTION_TOP3,1,1.0,0.10654791174828149,0.08000000000000007,45.0,49.79465602867267,3.0,profit_intraday,0.026547911748281416
h5m80d50_direction,000756.SZ,20220614,H5_COMPETING_DIRECTION_TOP3,1,1.0,0.10557687040490804,0.08000000000000007,25.12,27.772090984571292,4.0,profit_intraday,0.02557687040490797
h5m80d50_direction,300827.SZ,20220614,H5_COMPETING_DIRECTION_TOP3,1,1.0,0.10557687040490804,0.08000000000000007,46.5,51.40932447382822,4.0,profit_intraday,0.02557687040490797
h5m80d50_direction,688091.SH,20220614,H5_COMPETING_DIRECTION_TOP3,1,1.0,0.08559115796611638,0.08000000000000007,176.5,191.60683938101954,2.0,profit_intraday,0.005591157966116311
h5m80d50_direction,002101.SZ,20220613,H5_COMPETING_DIRECTION_TOP3,1,1.0,0.08937499999999998,0.08874639551325392,16.0,17.43,2.0,profit_open,0.000628604486746065
h5m80d50_direction,300428.SZ,20220613,H5_COMPETING_DIRECTION_TOP3,1,0.0,-0.04937139551325409,-0.050000000000000155,36.58,34.773994352125165,2.0,stop_close,0.000628604486746065
h5m80d50_direction,300827.SZ,20220613,H5_COMPETING_DIRECTION_TOP3,1,1.0,0.10719320437146607,0.08000000000000007,44.47,49.2368817983991,5.0,profit_intraday,0.027193204371465995
h5m80d50_direction,000880.SZ,20220610,H5_COMPETING_DIRECTION_TOP3,1,0.0,-0.0462655859306953,-0.050000000000000044,10.2,9.728091023506908,3.0,stop_close,0.003734414069304748
h5m80d50_direction,002101.SZ,20220610,H5_COMPETING_DIRECTION_TOP3,1,1.0,0.08468477443911615,0.08000000000000007,14.87,16.129262595909655,2.0,profit_intraday,0.0046847744391160795
h5m80d50_direction,300428.SZ,20220610,H5_COMPETING_DIRECTION_TOP3,1,0.0,-0.0462655859306953,-0.050000000000000044,38.0,36.24190773463358,3.0,stop_close,0.003734414069304748
h5m80d50_direction,000880.SZ,20220609,H5_COMPETING_DIRECTION_TOP3,1,0.0,-0.0248965322887974,-0.04999999999999993,9.9,9.653524330340906,4.0,stop_close,0.02510346771120253
h5m80d50_direction,002265.SZ,20220609,H5_COMPETING_DIRECTION_TOP3,1,0.0,-0.025540512119368808,-0.050000000000000044,19.47,18.97272622903589,2.0,stop_close,0.024459487880631237
h5m80d50_direction,600335.SH,20220609,H5_COMPETING_DIRECTION_TOP3,1,1.0,0.1284501061571126,0.10399061827648137,9.42,10.63,2.0,profit_open,0.024459487880631237
h5m80d50_direction,000756.SZ,20220608,H5_COMPETING_DIRECTION_TOP3,1,0.0,-0.046380249141126484,-0.050000000000000044,29.27,27.912450107639227,2.0,stop_close,0.0036197508588735605
h5m80d50_direction,000899.SZ,20220608,H5_COMPETING_DIRECTION_TOP3,1,0.0,-0.09078771695594134,-0.0944074678148149,7.49,6.81,2.0,t1_stop_t2_open,0.0036197508588735605
h5m80d50_direction,002265.SZ,20220608,H5_COMPETING_DIRECTION_TOP3,1,0.0,-0.07285714285714295,-0.07647689371601651,21.0,19.47,2.0,t1_stop_t2_open,0.0036197508588735605
h5m80d50_direction,000756.SZ,20220607,H5_COMPETING_DIRECTION_TOP3,1,0.0,-0.042344874564571366,-0.050000000000000044,29.0,27.77199863762743,4.0,stop_close,0.007655125435428678
h5m80d50_direction,002897.SZ,20220607,H5_COMPETING_DIRECTION_TOP3,1,0.0,-0.03404255319148941,-0.04328576748970092,47.0,45.4,5.0,expiry_close,0.00924321429821151
h5m80d50_direction,688180.SH,20220607,H5_COMPETING_DIRECTION_TOP3,1,1.0,0.0845371841746485,0.08000000000000007,82.1,89.04050282073864,3.0,profit_intraday,0.004537184174648434
h5m80d50_direction,000756.SZ,20220606,H5_COMPETING_DIRECTION_TOP3,1,1.0,0.07897779225956114,0.07999999999999996,27.0,29.13240039100815,2.0,profit_intraday,-0.0010222077404388186
h5m80d50_direction,002060.SZ,20220606,H5_COMPETING_DIRECTION_TOP3,1,0.0,-0.08247422680412364,-0.08145201906368482,9.7,8.9,2.0,t1_stop_t2_open,-0.0010222077404388186
h5m80d50_direction,688091.SH,20220606,H5_COMPETING_DIRECTION_TOP3,1,1.0,0.07897779225956114,0.07999999999999996,166.98,180.1677117515015,2.0,profit_intraday,-0.0010222077404388186
h5m80d50_direction,000628.SZ,20220602,H5_COMPETING_DIRECTION_TOP3,1,1.0,0.10240692926664408,0.08000000000000007,17.11,18.86218255975228,5.0,profit_intraday,0.022406929266644005
h5m80d50_direction,002265.SZ,20220602,H5_COMPETING_DIRECTION_TOP3,1,1.0,0.0977890329731077,0.08000000000000007,18.0,19.760202593515938,2.0,profit_intraday,0.017789032973107632
h5m80d50_direction,688180.SH,20220602,H5_COMPETING_DIRECTION_TOP3,1,1.0,0.0977890329731077,0.08000000000000007,73.74,80.95096329143696,2.0,profit_intraday,0.017789032973107632
h5m80d50_direction,000628.SZ,20220601,H5_COMPETING_DIRECTION_TOP3,1,1.0,0.11152486608418699,0.08000000000000007,15.55,17.28421166760911,3.0,profit_intraday,0.03152486608418692
h5m80d50_direction,688150.SH,20220601,H5_COMPETING_DIRECTION_TOP3,1,1.0,0.24742268041237137,0.21389839574160852,28.13,35.09,2.0,profit_open,0.03352428467076285
h5m80d50_direction,688209.SH,20220601,H5_COMPETING_DIRECTION_TOP3,1,1.0,0.11352428467076292,0.08000000000000007,24.63,27.42610313144089,2.0,profit_intraday,0.03352428467076285
h5m80d50_direction,688131.SH,20220531,H5_COMPETING_DIRECTION_TOP3,1,1.0,0.11925514445575258,0.08000000000000007,148.35,166.0415006800109,3.0,profit_intraday,0.03925514445575251
h5m80d50_direction,688150.SH,20220531,H5_COMPETING_DIRECTION_TOP3,1,1.0,0.0991155588754995,0.08000000000000007,26.38,28.994668443135676,2.0,profit_intraday,0.019115558875499428
h5m80d50_direction,688209.SH,20220531,H5_COMPETING_DIRECTION_TOP3,1,1.0,0.0991155588754995,0.08000000000000007,24.59,27.02725159274853,2.0,profit_intraday,0.019115558875499428
h5m80d50_direction,000880.SZ,20220530,H5_COMPETING_DIRECTION_TOP3,1,0.0,-0.029139818433183695,-0.050000000000000044,10.26,9.961025462875535,2.0,stop_close,0.02086018156681635
h5m80d50_direction,688091.SH,20220530,H5_COMPETING_DIRECTION_TOP3,1,1.0,0.10086018156681642,0.08000000000000007,163.21,179.67139023352013,2.0,profit_intraday,0.02086018156681635
h5m80d50_direction,688107.SH,20220530,H5_COMPETING_DIRECTION_TOP3,1,1.0,0.11463746215195547,0.08000000000000007,53.51,59.64425059975113,3.0,profit_intraday,0.0346374621519554
h5m80d50_direction,000880.SZ,20220527,H5_COMPETING_DIRECTION_TOP3,1,0.0,-0.021924526512757003,-0.050000000000000044,11.13,10.885980019913015,2.0,stop_close,0.02807547348724304
h5m80d50_direction,688091.SH,20220527,H5_COMPETING_DIRECTION_TOP3,1,1.0,0.13324538258575203,0.10516990909850898,144.02,163.21,2.0,profit_open,0.02807547348724304
h5m80d50_direction,688408.SH,20220527,H5_COMPETING_DIRECTION_TOP3,1,1.0,0.12772771072914568,0.08000000000000007,75.1,84.69235107575884,4.0,profit_intraday,0.04772771072914561
h5m80d50_direction,002761.SZ,20220526,H5_COMPETING_DIRECTION_TOP3,1,1.0,0.09195122951497692,0.08000000000000007,36.91,40.303919881397796,2.0,profit_intraday,0.011951229514976847
h5m80d50_direction,600686.SH,20220526,H5_COMPETING_DIRECTION_TOP3,1,1.0,0.09195122951497692,0.08000000000000007,7.35,8.02584153693508,2.0,profit_intraday,0.011951229514976847
h5m80d50_direction,688091.SH,20220526,H5_COMPETING_DIRECTION_TOP3,1,1.0,0.09195122951497692,0.08000000000000007,146.0,159.42487950918664,2.0,profit_intraday,0.011951229514976847
h5m80d50_direction,002779.SZ,20220525,H5_COMPETING_DIRECTION_TOP3,1,1.0,0.11564240273880699,0.08000000000000007,22.58,25.19120545384226,4.0,profit_intraday,0.03564240273880692
h5m80d50_direction,002881.SZ,20220525,H5_COMPETING_DIRECTION_TOP3,1,0.0,-0.014357597261193233,-0.050000000000000155,38.67,38.11479171390966,4.0,stop_close,0.03564240273880692
h5m80d50_direction,688091.SH,20220525,H5_COMPETING_DIRECTION_TOP3,1,1.0,0.10010542307940717,0.08000000000000007,141.88,156.08295742650628,3.0,profit_intraday,0.020105423079407103
h5m80d50_direction,002881.SZ,20220524,H5_COMPETING_DIRECTION_TOP3,1,0.0,-0.025944584382871616,-0.05330196594927994,39.7,38.67,2.0,t1_stop_t2_open,0.027357381566408323
h5m80d50_direction,600267.SH,20220524,H5_COMPETING_DIRECTION_TOP3,1,1.0,0.11963556542741416,0.08000000000000007,13.77,15.417381735935493,4.0,profit_intraday,0.03963556542741409
h5m80d50_direction,688091.SH,20220524,H5_COMPETING_DIRECTION_TOP3,1,1.0,0.12406908572334019,0.09671170415693187,126.22,141.88,2.0,profit_open,0.027357381566408323
h5m80d50_direction,000913.SZ,20220523,H5_COMPETING_DIRECTION_TOP3,1,1.0,0.06563166601087711,0.07999999999999996,14.43,15.377064940536956,3.0,profit_intraday,-0.01436833398912285
h5m80d50_direction,002881.SZ,20220523,H5_COMPETING_DIRECTION_TOP3,1,0.0,-0.05258882373139784,-0.04999999999999993,40.1,37.99118816837095,5.0,stop_close,-0.0025888237313979046
h5m80d50_direction,600210.SH,20220523,H5_COMPETING_DIRECTION_TOP3,1,0.0,-0.07224696222307847,-0.050000000000000044,6.28,5.826289077239068,2.0,stop_close,-0.022246962223078426
h5m80d50_direction,000756.SZ,20220520,H5_COMPETING_DIRECTION_TOP3,1,1.0,0.11236391912908239,0.14201739754091125,25.72,28.61,2.0,profit_open,-0.02965347841182886
h5m80d50_direction,300827.SZ,20220520,H5_COMPETING_DIRECTION_TOP3,1,0.0,-0.019407008086253286,-0.0156097902839899,37.1,36.38,5.0,expiry_close,-0.0037972178022633862
h5m80d50_direction,600267.SH,20220520,H5_COMPETING_DIRECTION_TOP3,1,0.0,-0.04149620105201646,-0.011842722640187597,17.11,16.4,2.0,t1_stop_t2_open,-0.02965347841182886
h5m80d50_direction,002487.SZ,20220519,H5_COMPETING_DIRECTION_TOP3,1,0.0,-0.04533333333333334,-0.07246898019675918,30.0,28.64,2.0,t1_stop_t2_open,0.027135646863425844
h5m80d50_direction,300100.SZ,20220519,H5_COMPETING_DIRECTION_TOP3,1,1.0,0.06541893697555379,0.07999999999999996,9.06,9.652695568998517,3.0,profit_intraday,-0.014581063024446173
h5m80d50_direction,603197.SH,20220519,H5_COMPETING_DIRECTION_TOP3,1,0.0,-0.03762258116284145,-0.050000000000000044,37.0,35.607964496974866,5.0,stop_close,0.012377418837158594
h5m80d50_direction,002292.SZ,20220518,H5_COMPETING_DIRECTION_TOP3,1,0.0,-0.06434782608695655,-0.08671619756777837,5.75,5.38,2.0,t1_stop_t2_open,0.022368371480821825
h5m80d50_direction,002779.SZ,20220518,H5_COMPETING_DIRECTION_TOP3,1,0.0,-0.03895536134060351,-0.050000000000000044,23.81,22.88247284648023,5.0,stop_close,0.011044638659396533
h5m80d50_direction,300100.SZ,20220518,H5_COMPETING_DIRECTION_TOP3,1,1.0,0.07205159304817865,0.07999999999999996,8.9,9.54125917812879,4.0,profit_intraday,-0.007948406951821307
h5m80d50_direction,002265.SZ,20220517,H5_COMPETING_DIRECTION_TOP3,1,1.0,0.07524613220815746,0.08155358403604251,14.22,15.29,5.0,profit_open,-0.006307451827885058
h5m80d50_direction,300827.SZ,20220517,H5_COMPETING_DIRECTION_TOP3,1,1.0,0.08839603430187237,0.08000000000000007,33.65,36.624526554258004,2.0,profit_intraday,0.008396034301872302
h5m80d50_direction,301039.SZ,20220517,H5_COMPETING_DIRECTION_TOP3,1,1.0,0.11575951298716691,0.08000000000000007,11.03,12.30682742824845,4.0,profit_intraday,0.03575951298716684
h5m80d50_direction,600812.SH,20220516,H5_COMPETING_DIRECTION_TOP3,1,0.0,-0.044631051678034606,-0.050000000000000044,8.5,8.120636060736706,2.0,stop_close,0.005368948321965439
h5m80d50_direction,603858.SH,20220516,H5_COMPETING_DIRECTION_TOP3,1,0.0,-0.044631051678034606,-0.050000000000000044,23.9,22.833317864894973,2.0,stop_close,0.005368948321965439
h5m80d50_direction,688390.SH,20220516,H5_COMPETING_DIRECTION_TOP3,1,1.0,0.0921358838963744,0.08000000000000007,220.5,240.81596239915055,3.0,profit_intraday,0.012135883896374322
h5m80d50_direction,002183.SZ,20220513,H5_COMPETING_DIRECTION_TOP3,1,1.0,0.10137672090112648,0.09578508851488032,7.99,8.8,3.0,profit_open,0.005591632386246159
h5m80d50_direction,300100.SZ,20220513,H5_COMPETING_DIRECTION_TOP3,1,0.0,-0.044408367613753774,-0.04999999999999993,10.1,9.651475487101086,3.0,stop_close,0.005591632386246159
h5m80d50_direction,688390.SH,20220513,H5_COMPETING_DIRECTION_TOP3,1,1.0,0.09236006680216913,0.08000000000000007,222.0,242.50393483008153,4.0,profit_intraday,0.012360066802169056
h5m80d50_direction,000756.SZ,20220512,H5_COMPETING_DIRECTION_TOP3,1,1.0,0.08697717651124903,0.08000000000000007,24.01,26.09832200803509,2.0,profit_intraday,0.006977176511248961
h5m80d50_direction,600657.SH,20220512,H5_COMPETING_DIRECTION_TOP3,1,0.0,0.020989505247376306,0.001791770635687806,6.67,6.81,5.0,expiry_close,0.0191977346116885
h5m80d50_direction,688390.SH,20220512,H5_COMPETING_DIRECTION_TOP3,1,1.0,0.09919773461168857,0.08000000000000007,226.0,248.4186880222416,5.0,profit_intraday,0.0191977346116885
h5m80d50_direction,000756.SZ,20220511,H5_COMPETING_DIRECTION_TOP3,1,1.0,0.09223511776458437,0.08000000000000007,22.0,24.029172590820856,2.0,profit_intraday,0.012235117764584302
h5m80d50_direction,300049.SZ,20220511,H5_COMPETING_DIRECTION_TOP3,1,1.0,0.09223511776458437,0.08000000000000007,15.71,17.159013700081623,2.0,profit_intraday,0.012235117764584302
h5m80d50_direction,600502.SH,20220511,H5_COMPETING_DIRECTION_TOP3,1,0.0,-0.03776488223541574,-0.050000000000000044,8.0,7.697880942116674,2.0,stop_close,0.012235117764584302
h5m80d50_direction,000756.SZ,20220510,H5_COMPETING_DIRECTION_TOP3,1,1.0,0.09435331686503234,0.08000000000000007,22.12,24.207095369054517,2.0,profit_intraday,0.014353316865032273
h5m80d50_direction,300438.SZ,20220510,H5_COMPETING_DIRECTION_TOP3,1,1.0,0.09435331686503234,0.08000000000000007,36.58,40.03144433092288,2.0,profit_intraday,0.014353316865032273
h5m80d50_direction,688037.SH,20220510,H5_COMPETING_DIRECTION_TOP3,1,1.0,0.10521883017958,0.08000000000000007,112.67,124.52500559633329,5.0,profit_intraday,0.025218830179579932
h5m80d50_direction,300438.SZ,20220509,H5_COMPETING_DIRECTION_TOP3,1,1.0,0.10776672147539235,0.08000000000000007,33.17,36.74462215133877,2.0,profit_intraday,0.027766721475392275
h5m80d50_direction,603026.SH,20220509,H5_COMPETING_DIRECTION_TOP3,1,1.0,0.10776672147539235,0.08000000000000007,96.0,106.34560526163767,2.0,profit_intraday,0.027766721475392275
h5m80d50_direction,688005.SH,20220509,H5_COMPETING_DIRECTION_TOP3,1,1.0,0.10776672147539235,0.08000000000000007,83.03,91.97787088410183,2.0,profit_intraday,0.027766721475392275
h5m80d50_direction,000756.SZ,20220506,H5_COMPETING_DIRECTION_TOP3,1,1.0,0.21006564551422313,0.17086252267627167,18.28,22.12,3.0,profit_open,0.039203122837951465
h5m80d50_direction,300438.SZ,20220506,H5_COMPETING_DIRECTION_TOP3,1,1.0,0.11007570917680054,0.08000000000000007,33.08,36.72130445956856,2.0,profit_intraday,0.03007570917680047
h5m80d50_direction,300917.SZ,20220506,H5_COMPETING_DIRECTION_TOP3,1,0.0,-0.005139287774411971,-0.04999999999999993,32.4,32.23348707610905,4.0,stop_close,0.04486071222558796
h5m80d50_direction,300568.SZ,20220505,H5_COMPETING_DIRECTION_TOP3,1,1.0,0.10549818945895151,0.08000000000000007,20.6,22.773262702854403,4.0,profit_intraday,0.025498189458951437
h5m80d50_direction,300917.SZ,20220505,H5_COMPETING_DIRECTION_TOP3,1,0.0,-0.018918833020850845,-0.04999999999999993,33.0,32.37567851031192,5.0,stop_close,0.03108116697914909
h5m80d50_direction,688068.SH,20220505,H5_COMPETING_DIRECTION_TOP3,1,0.0,-0.005659353438251191,-0.03674052041740028,128.99,128.26,5.0,expiry_close,0.03108116697914909
h5m80d50_direction,000756.SZ,20220429,H5_COMPETING_DIRECTION_TOP3,1,1.0,0.09993381866313711,0.09550038026034735,15.11,16.62,2.0,profit_open,0.004433438402789758
h5m80d50_direction,300049.SZ,20220429,H5_COMPETING_DIRECTION_TOP3,1,1.0,0.1238103658710401,0.08000000000000007,17.4,19.554300366156095,5.0,profit_intraday,0.043810365871040036
h5m80d50_direction,688800.SH,20220429,H5_COMPETING_DIRECTION_TOP3,1,1.0,0.08443343840278983,0.08000000000000007,97.97,106.24194396032132,2.0,profit_intraday,0.004433438402789758
h5m80d50_direction,000756.SZ,20220428,H5_COMPETING_DIRECTION_TOP3,1,1.0,0.20960698689956336,0.16104943325494947,13.74,16.62,3.0,profit_open,0.04855755364461389
h5m80d50_direction,300049.SZ,20220428,H5_COMPETING_DIRECTION_TOP3,1,1.0,0.1425706563145741,0.08000000000000007,16.01,18.292556207596334,2.0,profit_intraday,0.06257065631457404
h5m80d50_direction,603299.SH,20220428,H5_COMPETING_DIRECTION_TOP3,1,1.0,0.1425706563145741,0.08000000000000007,10.04,11.471409389398323,2.0,profit_intraday,0.06257065631457404
h5m80d50_direction,000756.SZ,20220427,H5_COMPETING_DIRECTION_TOP3,1,1.0,0.209767814251401,0.15738610410810505,12.49,15.11,3.0,profit_open,0.052381710143295956
h5m80d50_direction,300199.SZ,20220427,H5_COMPETING_DIRECTION_TOP3,1,1.0,0.11391916162001325,0.08000000000000007,11.38,12.676400059235752,2.0,profit_intraday,0.03391916162001318
h5m80d50_direction,688800.SH,20220427,H5_COMPETING_DIRECTION_TOP3,1,1.0,0.11391916162001325,0.08000000000000007,83.61,93.1347811030493,2.0,profit_intraday,0.03391916162001318
h5m80d50_direction,002025.SZ,20220426,H5_COMPETING_DIRECTION_TOP3,1,1.0,0.11294819564136138,0.08000000000000007,51.1,56.87165279727357,2.0,profit_intraday,0.03294819564136131
h5m80d50_direction,002192.SZ,20220426,H5_COMPETING_DIRECTION_TOP3,1,1.0,0.2049286640726331,0.1719804684312718,77.1,92.9,2.0,profit_open,0.03294819564136131
h5m80d50_direction,300395.SZ,20220426,H5_COMPETING_DIRECTION_TOP3,1,1.0,0.1583249458377607,0.08000000000000007,43.9,50.85046512227769,3.0,profit_intraday,0.07832494583776062
h5m80d50_direction,002850.SZ,20220425,H5_COMPETING_DIRECTION_TOP3,1,1.0,0.08298162492706473,0.08000000000000007,105.8,114.57945591728344,3.0,profit_intraday,0.0029816249270646633
h5m80d50_direction,300763.SZ,20220425,H5_COMPETING_DIRECTION_TOP3,1,1.0,0.09269228949740538,0.08000000000000007,171.01,186.8613084269513,2.0,profit_intraday,0.012692289497405307
h5m80d50_direction,603229.SH,20220425,H5_COMPETING_DIRECTION_TOP3,1,1.0,0.08298162492706473,0.08000000000000007,63.6,68.87763134536132,3.0,profit_intraday,0.0029816249270646633
h5m80d50_direction,002850.SZ,20220422,H5_COMPETING_DIRECTION_TOP3,1,1.0,-0.01924193290621634,0.07999999999999985,110.0,107.88338738031621,2.0,profit_intraday,-0.09924193290621619
h5m80d50_direction,600062.SH,20220422,H5_COMPETING_DIRECTION_TOP3,1,1.0,0.10663716814159296,0.20587910104780915,22.6,25.01,2.0,profit_open,-0.09924193290621619
h5m80d50_direction,688180.SH,20220422,H5_COMPETING_DIRECTION_TOP3,1,1.0,-0.006533575317604456,0.09270835758861173,82.65,82.11,2.0,profit_open,-0.09924193290621619
h5m80d50_direction,002120.SZ,20220421,H5_COMPETING_DIRECTION_TOP3,1,1.0,0.009090909090909038,0.09035183814772896,16.5,16.65,2.0,profit_open,-0.08126092905681992
h5m80d50_direction,002432.SZ,20220421,H5_COMPETING_DIRECTION_TOP3,1,1.0,0.06369345123670378,0.1449543802935237,78.03,83.0,2.0,profit_open,-0.08126092905681992
h5m80d50_direction,300751.SZ,20220421,H5_COMPETING_DIRECTION_TOP3,1,1.0,0.001478406258572651,0.08000000000000007,327.29,327.77386758436825,5.0,profit_intraday,-0.07852159374142742
h5m80d50_direction,002120.SZ,20220420,H5_COMPETING_DIRECTION_TOP3,1,1.0,0.034610980894415055,0.08000000000000007,16.52,17.091773404375736,2.0,profit_intraday,-0.045389019105585016
h5m80d50_direction,600508.SH,20220420,H5_COMPETING_DIRECTION_TOP3,1,1.0,-0.06012645802304584,0.07999999999999996,16.63,15.630097003076747,4.0,profit_intraday,-0.1401264580230458
h5m80d50_direction,603833.SH,20220420,H5_COMPETING_DIRECTION_TOP3,1,1.0,-0.02057377049180331,0.09386182674116672,122.0,119.49,3.0,profit_open,-0.11443559723297003
h5m80d50_direction,600508.SH,20220419,H5_COMPETING_DIRECTION_TOP3,1,1.0,0.03291925465838497,0.0829390649489532,16.1,16.63,2.0,profit_open,-0.050019810290568234
h5m80d50_direction,600528.SH,20220419,H5_COMPETING_DIRECTION_TOP3,1,1.0,-0.047216083091930816,0.07999999999999996,8.09,7.70802188778628,4.0,profit_intraday,-0.12721608309193078
h5m80d50_direction,601333.SH,20220419,H5_COMPETING_DIRECTION_TOP3,1,1.0,-0.027649769585253448,0.09956631350667733,2.17,2.11,4.0,profit_open,-0.12721608309193078
h5m80d50_direction,000415.SZ,20220418,H5_COMPETING_DIRECTION_TOP3,1,1.0,-0.04405286343612336,0.08102062387398512,2.27,2.17,5.0,profit_open,-0.12507348731010848
h5m80d50_direction,600508.SH,20220418,H5_COMPETING_DIRECTION_TOP3,1,1.0,0.0997267759562841,0.11173932980770274,14.64,16.1,2.0,profit_open,-0.01201255385141864
h5m80d50_direction,600528.SH,20220418,H5_COMPETING_DIRECTION_TOP3,1,1.0,-0.04507348731010852,0.07999999999999996,7.98,7.620313571265334,5.0,profit_intraday,-0.12507348731010848
h5m80d50_direction,600508.SH,20220415,H5_COMPETING_DIRECTION_TOP3,1,1.0,0.09992486851990989,0.09022951417218872,13.31,14.64,2.0,profit_open,0.009695354347721175
h5m80d50_direction,603299.SH,20220415,H5_COMPETING_DIRECTION_TOP3,1,1.0,0.07512340773629655,0.07999999999999996,9.78,10.51470692766098,3.0,profit_intraday,-0.004876592263703405
h5m80d50_direction,688037.SH,20220415,H5_COMPETING_DIRECTION_TOP3,1,0.0,-0.10004426762986118,-0.050000000000000044,123.46,111.10853471841733,5.0,stop_close,-0.05004426762986114
h5m80d50_direction,603290.SH,20220414,H5_COMPETING_DIRECTION_TOP3,1,1.0,0.02870046648322755,0.07999999999999996,320.0,329.18414927463283,5.0,profit_intraday,-0.05129953351677241
h5m80d50_direction,688390.SH,20220414,H5_COMPETING_DIRECTION_TOP3,1,1.0,0.0762073071719731,0.07999999999999996,235.92,253.89882790801187,2.0,profit_intraday,-0.0037926928280268557
h5m80d50_direction,688766.SH,20220414,H5_COMPETING_DIRECTION_TOP3,1,0.0,-0.05134710517131469,-0.04999999999999993,272.0,258.0335873934024,3.0,stop_close,-0.0013471051713147553
h5m80d50_direction,000620.SZ,20220413,H5_COMPETING_DIRECTION_TOP3,1,0.0,-0.11190476190476195,-0.11197225275886957,4.2,3.73,2.0,t1_stop_t2_open,6.749085410762135e-05
h5m80d50_direction,002251.SZ,20220413,H5_COMPETING_DIRECTION_TOP3,1,1.0,0.08006749085410769,0.08000000000000007,9.0,9.720607417686969,2.0,profit_intraday,6.749085410762135e-05
h5m80d50_direction,300917.SZ,20220413,H5_COMPETING_DIRECTION_TOP3,1,1.0,0.08006749085410769,0.08000000000000007,37.03,39.99489918632761,2.0,profit_intraday,6.749085410762135e-05
h5m80d50_direction,300917.SZ,20220412,H5_COMPETING_DIRECTION_TOP3,1,1.0,0.07245004063607263,0.07999999999999996,35.65,38.232843948675985,2.0,profit_intraday,-0.007549959363927328
h5m80d50_direction,600657.SH,20220412,H5_COMPETING_DIRECTION_TOP3,1,1.0,0.07245004063607263,0.07999999999999996,5.79,6.20948573528286,2.0,profit_intraday,-0.007549959363927328
h5m80d50_direction,600787.SH,20220412,H5_COMPETING_DIRECTION_TOP3,1,0.0,-0.05754995936392737,-0.050000000000000044,6.9,6.502905280388902,2.0,stop_close,-0.007549959363927328
h5m80d50_direction,000582.SZ,20220411,H5_COMPETING_DIRECTION_TOP3,1,1.0,0.19241706161137428,0.19450116764793335,10.55,12.58,2.0,profit_open,-0.0020841060365590636
h5m80d50_direction,600502.SH,20220411,H5_COMPETING_DIRECTION_TOP3,1,0.0,-0.10447761194029848,-0.10239350590373941,6.7,6.0,2.0,t1_stop_t2_open,-0.0020841060365590636
h5m80d50_direction,600787.SH,20220411,H5_COMPETING_DIRECTION_TOP3,1,1.0,0.07791589396344101,0.08000000000000007,6.48,6.984894992883098,2.0,profit_intraday,-0.0020841060365590636
h5m80d50_direction,000893.SZ,20220408,H5_COMPETING_DIRECTION_TOP3,1,1.0,0.06320253404070852,0.07999999999999996,38.79,41.24162629543908,2.0,profit_intraday,-0.016797465959291435
h5m80d50_direction,002941.SZ,20220408,H5_COMPETING_DIRECTION_TOP3,1,1.0,0.06320253404070852,0.07999999999999996,19.5,20.732449413793816,2.0,profit_intraday,-0.016797465959291435
h5m80d50_direction,600502.SH,20220408,H5_COMPETING_DIRECTION_TOP3,1,1.0,0.07717041800643099,0.09396788396572242,6.22,6.7,2.0,profit_open,-0.016797465959291435
h5m80d50_direction,000620.SZ,20220407,H5_COMPETING_DIRECTION_TOP3,1,1.0,0.04321316621296045,0.08000000000000007,4.01,4.183284796513971,2.0,profit_intraday,-0.03678683378703962
h5m80d50_direction,000893.SZ,20220407,H5_COMPETING_DIRECTION_TOP3,1,1.0,0.04321316621296045,0.08000000000000007,40.21,41.94760141342314,2.0,profit_intraday,-0.03678683378703962
h5m80d50_direction,601665.SH,20220407,H5_COMPETING_DIRECTION_TOP3,1,0.0,0.016339869281045694,0.044440158625256854,6.12,6.22,5.0,expiry_close,-0.02810028934421116
h5m80d50_direction,000932.SZ,20220406,H5_COMPETING_DIRECTION_TOP3,1,0.0,-0.004846526655896688,0.05541647999701538,6.19,6.16,5.0,expiry_close,-0.060263006652912066
h5m80d50_direction,002603.SZ,20220406,H5_COMPETING_DIRECTION_TOP3,1,1.0,0.11266375545851526,0.13888614877290206,34.35,38.22,2.0,profit_open,-0.026222393314386805
h5m80d50_direction,601665.SH,20220406,H5_COMPETING_DIRECTION_TOP3,1,0.0,-0.035769828926905056,0.02449317772600701,6.43,6.2,5.0,expiry_close,-0.060263006652912066
h5m80d50_direction,600057.SH,20220401,H5_COMPETING_DIRECTION_TOP3,1,1.0,0.0393258426966292,0.09643922251361559,8.9,9.25,4.0,profit_open,-0.05711337981698639
h5m80d50_direction,601665.SH,20220401,H5_COMPETING_DIRECTION_TOP3,1,1.0,0.08614864864864868,0.1072515018310487,5.92,6.43,2.0,profit_open,-0.021102853182400017
h5m80d50_direction,603227.SH,20220401,H5_COMPETING_DIRECTION_TOP3,1,1.0,0.058897146817600055,0.08000000000000007,7.45,7.88878374379112,2.0,profit_intraday,-0.021102853182400017
h5m80d50_direction,300917.SZ,20220331,H5_COMPETING_DIRECTION_TOP3,1,1.0,0.08362775794337596,0.08000000000000007,42.63,46.19505132112612,2.0,profit_intraday,0.0036277579433758866
h5m80d50_direction,600575.SH,20220331,H5_COMPETING_DIRECTION_TOP3,1,1.0,0.06121151838120831,0.07999999999999996,3.27,3.470161665106551,3.0,profit_intraday,-0.018788481618791653
h5m80d50_direction,600657.SH,20220331,H5_COMPETING_DIRECTION_TOP3,1,1.0,0.13924050632911378,0.1356127483857379,7.9,9.0,2.0,profit_open,0.0036277579433758866
h5m80d50_direction,002051.SZ,20220330,H5_COMPETING_DIRECTION_TOP3,1,0.0,-0.11228813559322026,-0.10701750742484051,9.44,8.38,2.0,t1_stop_t2_open,-0.005270628168379754
h5m80d50_direction,300917.SZ,20220330,H5_COMPETING_DIRECTION_TOP3,1,1.0,0.07598324160449632,0.07999999999999996,44.0,47.343262630597835,3.0,profit_intraday,-0.004016758395503639
h5m80d50_direction,600657.SH,20220330,H5_COMPETING_DIRECTION_TOP3,1,1.0,0.11111111111111116,0.1151278695066148,8.1,9.0,3.0,profit_open,-0.004016758395503639
h5m80d50_direction,000620.SZ,20220329,H5_COMPETING_DIRECTION_TOP3,1,1.0,0.1366459627329193,0.14297144464252454,3.22,3.66,5.0,profit_open,-0.006325481909605246
h5m80d50_direction,600007.SH,20220329,H5_COMPETING_DIRECTION_TOP3,1,1.0,0.09270164432002148,0.08000000000000007,15.81,17.27561299669954,2.0,profit_intraday,0.01270164432002141
h5m80d50_direction,600657.SH,20220329,H5_COMPETING_DIRECTION_TOP3,1,1.0,0.1095890410958904,0.096887396775869,7.3,8.1,2.0,profit_open,0.01270164432002141
h5m80d50_direction,000620.SZ,20220328,H5_COMPETING_DIRECTION_TOP3,1,0.0,-0.04196726445727883,-0.050000000000000044,3.34,3.1998293367126887,4.0,stop_close,0.008032735542721214
h5m80d50_direction,600007.SH,20220328,H5_COMPETING_DIRECTION_TOP3,1,1.0,0.08930337438476066,0.08000000000000007,16.8,18.30029668966398,5.0,profit_intraday,0.009303374384760588
h5m80d50_direction,600657.SH,20220328,H5_COMPETING_DIRECTION_TOP3,1,1.0,0.15384615384615397,0.14819105274271793,7.02,8.1,3.0,profit_open,0.005655101103436033
h5m80d50_direction,300917.SZ,20220325,H5_COMPETING_DIRECTION_TOP3,1,1.0,0.09018739090718086,0.08000000000000007,34.85,37.993030573115256,3.0,profit_intraday,0.010187390907180793
h5m80d50_direction,600335.SH,20220325,H5_COMPETING_DIRECTION_TOP3,1,1.0,0.07005076142131972,0.08013145376854669,9.85,10.54,2.0,profit_open,-0.010080692347226972
h5m80d50_direction,600657.SH,20220325,H5_COMPETING_DIRECTION_TOP3,1,1.0,0.1546052631578947,0.16468595550512166,6.08,7.02,2.0,profit_open,-0.010080692347226972
h5m80d50_direction,002194.SZ,20220324,H5_COMPETING_DIRECTION_TOP3,1,1.0,0.10570626753975687,0.11944814669595716,10.69,11.82,2.0,profit_open,-0.013741879156200287
h5m80d50_direction,300917.SZ,20220324,H5_COMPETING_DIRECTION_TOP3,1,1.0,0.06625812084379978,0.08000000000000007,35.0,37.319034229532996,2.0,profit_intraday,-0.013741879156200287
h5m80d50_direction,600657.SH,20220324,H5_COMPETING_DIRECTION_TOP3,1,1.0,0.10725552050473186,0.12785994452813287,6.34,7.02,3.0,profit_open,-0.020604424023401013
h5m80d50_direction,300917.SZ,20220323,H5_COMPETING_DIRECTION_TOP3,1,1.0,0.05862719792023885,0.07999999999999996,33.96,35.95097964137131,2.0,profit_intraday,-0.02137280207976111
h5m80d50_direction,600657.SH,20220323,H5_COMPETING_DIRECTION_TOP3,1,1.0,0.13214285714285712,0.15351565922261823,5.6,6.34,2.0,profit_open,-0.02137280207976111
h5m80d50_direction,603169.SH,20220323,H5_COMPETING_DIRECTION_TOP3,1,0.0,-0.13434343434343432,-0.11297063226367321,9.9,8.57,2.0,t1_stop_t2_open,-0.02137280207976111
h5m80d50_direction,300917.SZ,20220322,H5_COMPETING_DIRECTION_TOP3,1,1.0,0.0749759307919684,0.08000000000000007,32.56,35.00121630658649,2.0,profit_intraday,-0.005024069208031667
h5m80d50_direction,300972.SZ,20220322,H5_COMPETING_DIRECTION_TOP3,1,0.0,-0.0557029177718833,-0.05067884856385163,18.85,17.8,2.0,t1_stop_t2_open,-0.005024069208031667
h5m80d50_direction,600420.SH,20220322,H5_COMPETING_DIRECTION_TOP3,1,0.0,-0.0686969082123029,-0.050000000000000044,11.63,10.831054957490919,4.0,stop_close,-0.018696908212302854
h5m80d50_direction,300972.SZ,20220321,H5_COMPETING_DIRECTION_TOP3,1,0.0,-0.046764576985217854,-0.050000000000000044,20.64,19.674779131025105,2.0,stop_close,0.0032354230147821905
h5m80d50_direction,600420.SH,20220321,H5_COMPETING_DIRECTION_TOP3,1,0.0,-0.04676457698521774,-0.04999999999999993,12.38,11.801054536923004,2.0,stop_close,0.0032354230147821905
h5m80d50_direction,603229.SH,20220321,H5_COMPETING_DIRECTION_TOP3,1,1.0,0.061793470879282,0.08000000000000007,71.4,75.81205382078075,4.0,profit_intraday,-0.018206529120718074
h5m80d50_direction,000620.SZ,20220318,H5_COMPETING_DIRECTION_TOP3,1,1.0,0.0865211833551145,0.08000000000000007,3.32,3.60725032873898,2.0,profit_intraday,0.006521183355114424
h5m80d50_direction,002761.SZ,20220318,H5_COMPETING_DIRECTION_TOP3,1,0.0,-0.04347881664488573,-0.050000000000000155,39.99,38.25128212237102,2.0,stop_close,0.006521183355114424
h5m80d50_direction,600420.SH,20220318,H5_COMPETING_DIRECTION_TOP3,1,1.0,0.0865211833551145,0.08000000000000007,11.72,12.734028268921943,2.0,profit_intraday,0.006521183355114424
h5m80d50_direction,000620.SZ,20220317,H5_COMPETING_DIRECTION_TOP3,1,1.0,0.10666666666666669,0.08718360101477907,3.0,3.32,2.0,profit_open,0.01948306565188762
h5m80d50_direction,002761.SZ,20220317,H5_COMPETING_DIRECTION_TOP3,1,1.0,0.13607954545454537,0.11659647980265775,35.2,39.99,2.0,profit_open,0.01948306565188762
h5m80d50_direction,300199.SZ,20220317,H5_COMPETING_DIRECTION_TOP3,1,1.0,0.09948306565188769,0.08000000000000007,19.6,21.549868086777,2.0,profit_intraday,0.01948306565188762
h5m80d50_direction,002761.SZ,20220316,H5_COMPETING_DIRECTION_TOP3,1,1.0,0.15544640277376498,0.11423569604673212,34.61,39.99,3.0,profit_open,0.041210706727032864
h5m80d50_direction,300199.SZ,20220316,H5_COMPETING_DIRECTION_TOP3,1,1.0,0.1117273120818345,0.08000000000000007,19.97,22.201194422274234,2.0,profit_intraday,0.031727312081834436
h5m80d50_direction,601101.SH,20220316,H5_COMPETING_DIRECTION_TOP3,1,1.0,0.11845539505639957,0.08000000000000007,8.98,10.043729447606468,4.0,profit_intraday,0.0384553950563995
h5m80d50_direction,000065.SZ,20220315,H5_COMPETING_DIRECTION_TOP3,1,0.0,-0.039665970772442716,-0.09264899939647919,9.58,9.2,2.0,t1_stop_t2_open,0.05298302862403648
h5m80d50_direction,300199.SZ,20220315,H5_COMPETING_DIRECTION_TOP3,1,0.0,-0.05801886792452837,-0.11100189654856485,21.2,19.97,2.0,t1_stop_t2_open,0.05298302862403648
h5m80d50_direction,600657.SH,20220315,H5_COMPETING_DIRECTION_TOP3,1,1.0,0.1506576129687376,0.08000000000000007,3.9,4.487564690578076,5.0,profit_intraday,0.07065761296873752
h5m80d50_direction,300199.SZ,20220314,H5_COMPETING_DIRECTION_TOP3,1,1.0,0.06000000000000005,0.08346282018738538,20.0,21.2,2.0,profit_open,-0.023462820187385325
h5m80d50_direction,600056.SH,20220314,H5_COMPETING_DIRECTION_TOP3,1,1.0,0.15217391304347827,0.1756367332308636,23.0,26.5,2.0,profit_open,-0.023462820187385325
h5m80d50_direction,603229.SH,20220314,H5_COMPETING_DIRECTION_TOP3,1,1.0,0.10020758633704463,0.12367040652442995,52.99,58.3,2.0,profit_open,-0.023462820187385325
h5m80d50_direction,002053.SZ,20220311,H5_COMPETING_DIRECTION_TOP3,1,1.0,0.0017560216613170532,0.07999999999999996,14.21,14.234953067807316,2.0,profit_intraday,-0.0782439783386829
h5m80d50_direction,300482.SZ,20220311,H5_COMPETING_DIRECTION_TOP3,1,0.0,-0.17529411764705882,-0.09705013930837592,68.0,56.08,2.0,t1_stop_t2_open,-0.0782439783386829
h5m80d50_direction,600056.SH,20220311,H5_COMPETING_DIRECTION_TOP3,1,1.0,0.0017560216613170532,0.07999999999999996,23.02,23.06042361864352,2.0,profit_intraday,-0.0782439783386829
h5m80d50_direction,002053.SZ,20220310,H5_COMPETING_DIRECTION_TOP3,1,1.0,0.06044776119402995,0.08053159962746081,13.4,14.21,2.0,profit_open,-0.020083838433430867
h5m80d50_direction,300482.SZ,20220310,H5_COMPETING_DIRECTION_TOP3,1,1.0,0.2592592592592593,0.27934309769269017,54.0,68.0,2.0,profit_open,-0.020083838433430867
h5m80d50_direction,688068.SH,20220310,H5_COMPETING_DIRECTION_TOP3,1,1.0,0.2833111740563037,0.30339501248973455,172.99,222.0,2.0,profit_open,-0.020083838433430867
h5m80d50_direction,002053.SZ,20220309,H5_COMPETING_DIRECTION_TOP3,1,1.0,0.026119225611003882,0.08000000000000007,14.03,14.396452735322384,4.0,profit_intraday,-0.05388077438899619
h5m80d50_direction,002432.SZ,20220309,H5_COMPETING_DIRECTION_TOP3,1,1.0,0.10643129350625347,0.08000000000000007,50.2,55.54285093401393,2.0,profit_intraday,0.026431293506253395
h5m80d50_direction,300199.SZ,20220309,H5_COMPETING_DIRECTION_TOP3,1,1.0,0.22222222222222232,0.22332720386923588,18.0,22.0,3.0,profit_open,-0.0011049816470135587
h5m80d50_direction,000950.SZ,20220308,H5_COMPETING_DIRECTION_TOP3,1,1.0,0.08431910181003421,0.08000000000000007,5.31,5.757734430611281,2.0,profit_intraday,0.004319101810034143
h5m80d50_direction,300199.SZ,20220308,H5_COMPETING_DIRECTION_TOP3,1,1.0,0.09127828154040851,0.08000000000000007,17.48,19.07554436132634,3.0,profit_intraday,0.011278281540408441
h5m80d50_direction,300482.SZ,20220308,H5_COMPETING_DIRECTION_TOP3,1,1.0,0.10326633165829135,0.09894722984825721,39.8,43.91,2.0,profit_open,0.004319101810034143
h5m80d50_direction,000950.SZ,20220307,H5_COMPETING_DIRECTION_TOP3,1,0.0,-0.15580286168521473,-0.10951300065177327,6.29,5.31,2.0,t1_stop_t2_open,-0.04628986103344146
h5m80d50_direction,002779.SZ,20220307,H5_COMPETING_DIRECTION_TOP3,1,1.0,0.07179312691391626,0.11808298794735772,29.39,31.5,2.0,profit_open,-0.04628986103344146
h5m80d50_direction,600056.SH,20220307,H5_COMPETING_DIRECTION_TOP3,1,1.0,0.09493670886075956,0.12275526708982254,17.38,19.03,3.0,profit_open,-0.027818558229062984
h5m80d50_direction,300199.SZ,20220304,H5_COMPETING_DIRECTION_TOP3,1,0.0,-0.10274056191333536,-0.04999999999999993,19.97,17.91827097859069,2.0,stop_close,-0.052740561913335426
h5m80d50_direction,600056.SH,20220304,H5_COMPETING_DIRECTION_TOP3,1,1.0,0.06953846153846155,0.12227902345179698,16.25,17.38,2.0,profit_open,-0.052740561913335426
h5m80d50_direction,688575.SH,20220304,H5_COMPETING_DIRECTION_TOP3,1,1.0,0.0379428967212152,0.08000000000000007,43.2,44.8391331383565,5.0,profit_intraday,-0.04205710327878487
h5m80d50_direction,002779.SZ,20220303,H5_COMPETING_DIRECTION_TOP3,1,1.0,0.08496732026143783,0.11726887199774083,27.54,29.88,2.0,profit_open,-0.032301551736303
h5m80d50_direction,300199.SZ,20220303,H5_COMPETING_DIRECTION_TOP3,1,1.0,0.04769844826369707,0.08000000000000007,19.2,20.11581020666298,2.0,profit_intraday,-0.032301551736303
h5m80d50_direction,300468.SZ,20220303,H5_COMPETING_DIRECTION_TOP3,1,1.0,0.020778472632499545,0.07999999999999996,25.8,26.33608459391849,5.0,profit_intraday,-0.059221527367500415
h5m80d50_direction,002779.SZ,20220302,H5_COMPETING_DIRECTION_TOP3,1,1.0,0.06418538170776267,0.08000000000000007,26.5,28.20091261525571,2.0,profit_intraday,-0.015814618292237403
h5m80d50_direction,300468.SZ,20220302,H5_COMPETING_DIRECTION_TOP3,1,0.0,-0.06581461829223745,-0.050000000000000044,27.18,25.391158674816985,2.0,stop_close,-0.015814618292237403
h5m80d50_direction,601001.SH,20220302,H5_COMPETING_DIRECTION_TOP3,1,1.0,0.06418538170776267,0.08000000000000007,13.85,14.738967536652513,2.0,profit_intraday,-0.015814618292237403
h5m80d50_direction,002779.SZ,20220301,H5_COMPETING_DIRECTION_TOP3,1,1.0,0.06419868466574452,0.07999999999999996,26.54,28.243833091028858,3.0,profit_intraday,-0.01580131533425544
h5m80d50_direction,300468.SZ,20220301,H5_COMPETING_DIRECTION_TOP3,1,1.0,0.07525890750560427,0.08000000000000007,25.65,27.580390977518746,2.0,profit_intraday,-0.004741092494395804
h5m80d50_direction,603477.SH,20220301,H5_COMPETING_DIRECTION_TOP3,1,0.0,-0.05474109249439585,-0.050000000000000044,24.3,22.969791452386183,2.0,stop_close,-0.004741092494395804
h5m80d50_direction,300468.SZ,20220228,H5_COMPETING_DIRECTION_TOP3,1,1.0,0.0837327055253303,0.08000000000000007,24.67,26.7356858453099,2.0,profit_intraday,0.0037327055253302266
h5m80d50_direction,600113.SH,20220228,H5_COMPETING_DIRECTION_TOP3,1,0.0,-0.18606870229007644,-0.18980140781540666,10.48,8.53,2.0,t1_stop_t2_open,0.0037327055253302266
h5m80d50_direction,002176.SZ,20220225,H5_COMPETING_DIRECTION_TOP3,1,0.0,0.018477782666080023,0.025362709381318904,22.73,23.15,5.0,expiry_close,-0.0068849267152388816
h5m80d50_direction,002487.SZ,20220225,H5_COMPETING_DIRECTION_TOP3,1,1.0,0.08905954128768712,0.08000000000000007,41.1,44.76034714692394,2.0,profit_intraday,0.009059541287687045
h5m80d50_direction,002779.SZ,20220225,H5_COMPETING_DIRECTION_TOP3,1,1.0,0.0904958677685952,0.08143632648090815,24.2,26.39,2.0,profit_open,0.009059541287687045
h5m80d50_direction,002432.SZ,20220224,H5_COMPETING_DIRECTION_TOP3,1,0.0,-0.0307182300361708,-0.050000000000000044,65.99,63.96290399991308,3.0,stop_close,0.019281769963829243
h5m80d50_direction,301018.SZ,20220224,H5_COMPETING_DIRECTION_TOP3,1,0.0,-0.008840864440078589,-0.02329012525465779,30.54,30.27,5.0,expiry_close,0.014449260814579201
h5m80d50_direction,600055.SH,20220224,H5_COMPETING_DIRECTION_TOP3,1,0.0,-0.034495033688894505,-0.050000000000000044,31.48,30.394096339473602,2.0,stop_close,0.01550496631110554
h5m80d50_direction,002497.SZ,20220223,H5_COMPETING_DIRECTION_TOP3,1,0.0,-0.01624649859943994,-0.012648994156214344,35.7,35.12,5.0,expiry_close,-0.0035975044432255965
h5m80d50_direction,002779.SZ,20220223,H5_COMPETING_DIRECTION_TOP3,1,1.0,0.07269704979402936,0.08000000000000007,24.18,25.93781466401963,3.0,profit_intraday,-0.007302950205970715
h5m80d50_direction,600996.SH,20220223,H5_COMPETING_DIRECTION_TOP3,1,0.0,-0.06255675519998283,-0.050000000000000044,11.26,10.555610936448193,2.0,stop_close,-0.012556755199982783
h5m80d50_direction,002497.SZ,20220222,H5_COMPETING_DIRECTION_TOP3,1,0.0,-0.01846670397313943,-0.03422050711663838,35.74,35.08,5.0,expiry_close,0.015753803143498946
h5m80d50_direction,600338.SH,20220222,H5_COMPETING_DIRECTION_TOP3,1,0.0,-0.03424619685650099,-0.04999999999999993,35.0,33.80138311002246,5.0,stop_close,0.015753803143498946
h5m80d50_direction,600996.SH,20220222,H5_COMPETING_DIRECTION_TOP3,1,1.0,0.099609375,0.10307060321411354,10.24,11.26,2.0,profit_open,-0.003461228214113543
h5m80d50_direction,600602.SH,20220221,H5_COMPETING_DIRECTION_TOP3,1,1.0,0.08790524751351092,0.08000000000000007,8.61,9.366864181091328,2.0,profit_intraday,0.007905247513510849
h5m80d50_direction,600629.SH,20220221,H5_COMPETING_DIRECTION_TOP3,1,0.0,-0.13774973711882232,-0.14565498463233317,9.51,8.2,2.0,t1_stop_t2_open,0.007905247513510849
h5m80d50_direction,600996.SH,20220221,H5_COMPETING_DIRECTION_TOP3,1,1.0,0.0998925886143931,0.09198734110088225,9.31,10.24,2.0,profit_open,0.007905247513510849
h5m80d50_direction,301091.SZ,20220218,H5_COMPETING_DIRECTION_TOP3,1,0.0,-0.08097560975609752,-0.07964716372678171,41.0,37.68,2.0,t1_stop_t2_open,-0.0013284460293158107
h5m80d50_direction,600996.SH,20220218,H5_COMPETING_DIRECTION_TOP3,1,1.0,0.10047281323877066,0.10180125926808647,8.46,9.31,2.0,profit_open,-0.0013284460293158107
h5m80d50_direction,603171.SH,20220218,H5_COMPETING_DIRECTION_TOP3,1,0.0,-0.05478507618855166,-0.050000000000000044,39.97,37.78024050474359,4.0,stop_close,-0.004785076188551618
h5m80d50_direction,000681.SZ,20220217,H5_COMPETING_DIRECTION_TOP3,1,0.0,-0.04428753146833486,-0.050000000000000044,16.68,15.941283975108174,3.0,stop_close,0.005712468531665182
h5m80d50_direction,002104.SZ,20220217,H5_COMPETING_DIRECTION_TOP3,1,1.0,0.09721709179419391,0.08000000000000007,13.1,14.37354390250394,2.0,profit_intraday,0.01721709179419384
h5m80d50_direction,301078.SZ,20220217,H5_COMPETING_DIRECTION_TOP3,1,1.0,0.08571246853166525,0.08000000000000007,20.55,22.31139122832572,3.0,profit_intraday,0.005712468531665182
h5m80d50_direction,002060.SZ,20220216,H5_COMPETING_DIRECTION_TOP3,1,0.0,-0.11494252873563227,-0.1223685772066847,6.09,5.39,2.0,t1_stop_t2_open,0.007426048471052438
h5m80d50_direction,002061.SZ,20220216,H5_COMPETING_DIRECTION_TOP3,1,1.0,0.08608773733713182,0.08000000000000007,7.2,7.8198317088273495,4.0,profit_intraday,0.006087737337131749
h5m80d50_direction,002104.SZ,20220216,H5_COMPETING_DIRECTION_TOP3,1,1.0,0.1215827338129496,0.11549499647581785,13.9,15.59,4.0,profit_open,0.006087737337131749
h5m80d50_direction,002487.SZ,20220215,H5_COMPETING_DIRECTION_TOP3,1,0.0,-0.06077595873514241,-0.0685903080144068,44.59,41.88,2.0,t1_stop_t2_open,0.007814349279264388
h5m80d50_direction,600866.SH,20220215,H5_COMPETING_DIRECTION_TOP3,1,0.0,-0.032467532467532534,-0.046038989502815264,6.16,5.96,5.0,expiry_close,0.01357145703528273
h5m80d50_direction,603477.SH,20220215,H5_COMPETING_DIRECTION_TOP3,1,0.0,-0.09836769759450181,-0.1061820468737662,23.28,20.99,2.0,t1_stop_t2_open,0.007814349279264388
h5m80d50_direction,002400.SZ,20220214,H5_COMPETING_DIRECTION_TOP3,1,0.0,-0.007812500000000111,-0.0267447274841085,6.4,6.35,2.0,t1_stop_t2_open,0.018932227484108388
h5m80d50_direction,002487.SZ,20220214,H5_COMPETING_DIRECTION_TOP3,1,1.0,0.0993124290743479,0.08000000000000007,41.99,46.16012889683187,3.0,profit_intraday,0.019312429074347826
h5m80d50_direction,300363.SZ,20220214,H5_COMPETING_DIRECTION_TOP3,1,1.0,0.09893222748410846,0.08000000000000007,79.42,87.2771975067879,2.0,profit_intraday,0.018932227484108388
h5m80d50_direction,002400.SZ,20220211,H5_COMPETING_DIRECTION_TOP3,1,0.0,-0.04382808105002112,-0.050000000000000044,6.46,6.1768705964168635,2.0,stop_close,0.006171918949978927
h5m80d50_direction,002821.SZ,20220211,H5_COMPETING_DIRECTION_TOP3,1,1.0,0.086171918949979,0.08000000000000007,273.02,296.54665731172327,2.0,profit_intraday,0.006171918949978927
h5m80d50_direction,688575.SH,20220211,H5_COMPETING_DIRECTION_TOP3,1,0.0,-0.11308877794660299,-0.11926069689658192,46.07,40.86,2.0,t1_stop_t2_open,0.006171918949978927
h5m80d50_direction,002104.SZ,20220210,H5_COMPETING_DIRECTION_TOP3,1,1.0,0.05604405888956365,0.08000000000000007,13.71,14.47836404737592,2.0,profit_intraday,-0.02395594111043642
h5m80d50_direction,600866.SH,20220210,H5_COMPETING_DIRECTION_TOP3,1,1.0,0.07532051282051277,0.0992764539309492,6.24,6.71,2.0,profit_open,-0.02395594111043642
h5m80d50_direction,603477.SH,20220210,H5_COMPETING_DIRECTION_TOP3,1,1.0,0.06717967377801526,0.07999999999999996,22.48,23.990199066529783,3.0,profit_intraday,-0.012820326221984701
h5m80d50_direction,000620.SZ,20220209,H5_COMPETING_DIRECTION_TOP3,1,1.0,0.09116809116809121,0.11295755210732927,3.51,3.83,2.0,profit_open,-0.02178946093923806
h5m80d50_direction,002104.SZ,20220209,H5_COMPETING_DIRECTION_TOP3,1,1.0,0.1003210272873194,0.12211048822655746,12.46,13.71,2.0,profit_open,-0.02178946093923806
h5m80d50_direction,300075.SZ,20220209,H5_COMPETING_DIRECTION_TOP3,1,1.0,0.0582105390607619,0.07999999999999996,23.2,24.550484506209674,2.0,profit_intraday,-0.02178946093923806
h5m80d50_direction,000620.SZ,20220208,H5_COMPETING_DIRECTION_TOP3,1,1.0,0.13961038961038952,0.1259918640428448,3.08,3.51,2.0,profit_open,0.013618525567544726
h5m80d50_direction,002104.SZ,20220208,H5_COMPETING_DIRECTION_TOP3,1,1.0,0.09973521624007065,0.08611669067252592,11.33,12.46,2.0,profit_open,0.013618525567544726
h5m80d50_direction,300199.SZ,20220208,H5_COMPETING_DIRECTION_TOP3,1,1.0,0.0936185255675448,0.08000000000000007,12.42,13.582742087548906,2.0,profit_intraday,0.013618525567544726
h5m80d50_direction,000620.SZ,20220207,H5_COMPETING_DIRECTION_TOP3,1,1.0,0.11191335740072206,0.08713078867296864,2.77,3.08,2.0,profit_open,0.024782568727753418
h5m80d50_direction,002104.SZ,20220207,H5_COMPETING_DIRECTION_TOP3,1,1.0,0.133,0.10821743127224659,10.0,11.33,2.0,profit_open,0.024782568727753418
h5m80d50_direction,603619.SH,20220207,H5_COMPETING_DIRECTION_TOP3,1,1.0,0.08245310897524805,0.08000000000000007,14.83,16.052779606102927,4.0,profit_intraday,0.002453108975247975
h5m80d50_direction,300678.SZ,20220128,H5_COMPETING_DIRECTION_TOP3,1,0.0,-0.039523809523809406,-0.06273888044781673,21.0,20.17,2.0,t1_stop_t2_open,0.02321507092400732
h5m80d50_direction,600808.SH,20220128,H5_COMPETING_DIRECTION_TOP3,1,1.0,0.11714975152848295,0.08000000000000007,3.87,4.323369538415229,4.0,profit_intraday,0.03714975152848288
h5m80d50_direction,300678.SZ,20220127,H5_COMPETING_DIRECTION_TOP3,1,0.0,-0.03261910106446253,-0.050000000000000044,21.42,20.721298855199215,2.0,stop_close,0.017380898935537514
h5m80d50_direction,600996.SH,20220127,H5_COMPETING_DIRECTION_TOP3,1,1.0,0.09738089893553759,0.08000000000000007,7.0,7.681666292548763,2.0,profit_intraday,0.017380898935537514
h5m80d50_direction,300047.SZ,20220126,H5_COMPETING_DIRECTION_TOP3,1,0.0,-0.08984375,-0.06354796633152915,10.24,9.32,2.0,t1_stop_t2_open,-0.02629578366847085
h5m80d50_direction,002101.SZ,20220125,H5_COMPETING_DIRECTION_TOP3,1,1.0,0.08491947291361646,0.10756080648023758,13.66,14.82,2.0,profit_open,-0.022641333566621125
h5m80d50_direction,603099.SH,20220125,H5_COMPETING_DIRECTION_TOP3,1,0.0,-0.07264133356662128,-0.050000000000000155,10.59,9.820728277529481,2.0,stop_close,-0.022641333566621125
h5m80d50_direction,002101.SZ,20220124,H5_COMPETING_DIRECTION_TOP3,1,1.0,0.03203342618384397,0.09185421546401318,14.36,14.82,3.0,profit_open,-0.059820789280169206
h5m80d50_direction,300390.SZ,20220124,H5_COMPETING_DIRECTION_TOP3,1,1.0,0.020179210719830865,0.08000000000000007,70.91,72.3409078321432,3.0,profit_intraday,-0.059820789280169206
h5m80d50_direction,300763.SZ,20220124,H5_COMPETING_DIRECTION_TOP3,1,1.0,0.020179210719830865,0.08000000000000007,249.47,254.50410769827621,3.0,profit_intraday,-0.059820789280169206
h5m80d50_direction,000676.SZ,20220121,H5_COMPETING_DIRECTION_TOP3,1,0.0,-0.1077700556672867,-0.050000000000000044,7.44,6.638190785835388,4.0,stop_close,-0.05777005566728666
h5m80d50_direction,002101.SZ,20220121,H5_COMPETING_DIRECTION_TOP3,1,1.0,0.022229944332713414,0.08000000000000007,14.5,14.822334192824345,4.0,profit_intraday,-0.05777005566728666
h5m80d50_direction,688068.SH,20220121,H5_COMPETING_DIRECTION_TOP3,1,1.0,0.04405749157690608,0.07999999999999996,141.95,148.2039609293418,2.0,profit_intraday,-0.03594250842309388
h5m80d50_direction,000620.SZ,20220120,H5_COMPETING_DIRECTION_TOP3,1,1.0,0.13414634146341475,0.14560012303406855,3.28,3.72,2.0,profit_open,-0.011453781570653798
h5m80d50_direction,002945.SZ,20220120,H5_COMPETING_DIRECTION_TOP3,1,1.0,0.03094117985838607,0.07999999999999996,14.6,15.051741225932437,3.0,profit_intraday,-0.04905882014161389
h5m80d50_direction,300459.SZ,20220119,H5_COMPETING_DIRECTION_TOP3,1,0.0,-0.11568500053602715,-0.050000000000000044,5.89,5.2086153468428,4.0,stop_close,-0.0656850005360271
h5m80d50_direction,603229.SH,20220119,H5_COMPETING_DIRECTION_TOP3,1,0.0,-0.08189464364763177,-0.05104327599290448,45.18,41.48,2.0,t1_stop_t2_open,-0.03085136765472729
h5m80d50_direction,000620.SZ,20220118,H5_COMPETING_DIRECTION_TOP3,1,1.0,0.05594080523777012,0.07999999999999996,3.08,3.2522976801323322,2.0,profit_intraday,-0.02405919476222984
h5m80d50_direction,300075.SZ,20220118,H5_COMPETING_DIRECTION_TOP3,1,1.0,0.05594080523777012,0.07999999999999996,28.58,30.17878821369547,2.0,profit_intraday,-0.02405919476222984
h5m80d50_direction,300579.SZ,20220118,H5_COMPETING_DIRECTION_TOP3,1,1.0,0.05594080523777012,0.07999999999999996,49.0,51.74109945665074,2.0,profit_intraday,-0.02405919476222984
h5m80d50_direction,000537.SZ,20220117,H5_COMPETING_DIRECTION_TOP3,1,1.0,0.06989222311818422,0.08000000000000007,19.3,20.648919906180957,2.0,profit_intraday,-0.010107776881815855
h5m80d50_direction,000620.SZ,20220117,H5_COMPETING_DIRECTION_TOP3,1,0.0,-0.13239436619718303,-0.12228658931536718,3.55,3.08,2.0,t1_stop_t2_open,-0.010107776881815855
h5m80d50_direction,300047.SZ,20220117,H5_COMPETING_DIRECTION_TOP3,1,1.0,0.09232175502742224,0.10242953190923809,10.94,11.95,2.0,profit_open,-0.010107776881815855
h5m80d50_direction,000537.SZ,20220114,H5_COMPETING_DIRECTION_TOP3,1,1.0,0.09275568546896107,0.08000000000000007,19.44,21.243170525516604,2.0,profit_intraday,0.012755685468960998
h5m80d50_direction,002897.SZ,20220114,H5_COMPETING_DIRECTION_TOP3,1,1.0,0.09275568546896107,0.08000000000000007,40.88,44.67185242197113,2.0,profit_intraday,0.012755685468960998
h5m80d50_direction,600399.SH,20220114,H5_COMPETING_DIRECTION_TOP3,1,0.0,-0.044021960314620134,-0.050000000000000044,18.06,17.26496339671796,3.0,stop_close,0.00597803968537991
h5m80d50_direction,002987.SZ,20220113,H5_COMPETING_DIRECTION_TOP3,1,1.0,0.20385604113110545,0.1909394713792738,38.9,46.83,3.0,profit_open,0.012916569751831641
h5m80d50_direction,300026.SZ,20220113,H5_COMPETING_DIRECTION_TOP3,1,0.0,-0.0370834302481684,-0.050000000000000044,8.09,7.789995049292317,3.0,stop_close,0.012916569751831641
h5m80d50_direction,300075.SZ,20220113,H5_COMPETING_DIRECTION_TOP3,1,1.0,0.3829787234042552,0.36656721537559456,18.8,26.0,2.0,profit_open,0.01641150802866065
h5m80d50_direction,002068.SZ,20220112,H5_COMPETING_DIRECTION_TOP3,1,1.0,0.08287380472060124,0.08000000000000007,9.99,10.817909309158807,3.0,profit_intraday,0.0028738047206011696
h5m80d50_direction,002354.SZ,20220112,H5_COMPETING_DIRECTION_TOP3,1,0.0,-0.05057458406608739,-0.050000000000000044,6.1,5.791495037196866,4.0,stop_close,-0.0005745840660873469
h5m80d50_direction,002840.SZ,20220112,H5_COMPETING_DIRECTION_TOP3,1,0.0,-0.04713983050847459,-0.0398768105703422,18.88,17.99,5.0,expiry_close,-0.007263019938132387
h5m80d50_direction,300031.SZ,20220111,H5_COMPETING_DIRECTION_TOP3,1,0.0,-0.05128435795920472,-0.050000000000000044,26.56,25.19788745260352,2.0,stop_close,-0.0012843579592046739
h5m80d50_direction,300755.SZ,20220111,H5_COMPETING_DIRECTION_TOP3,1,0.0,0.001664239650509547,-0.009951382642950923,48.07,48.15,5.0,expiry_close,0.01161562229346047
h5m80d50_direction,600114.SH,20220111,H5_COMPETING_DIRECTION_TOP3,1,1.0,0.09161562229346054,0.08000000000000007,12.65,13.808937622012277,5.0,profit_intraday,0.01161562229346047
h5m80d50_direction,002101.SZ,20220110,H5_COMPETING_DIRECTION_TOP3,1,1.0,0.16180981595092025,0.1550709785403681,13.04,15.15,5.0,profit_open,0.006738837410552145
h5m80d50_direction,300406.SZ,20220110,H5_COMPETING_DIRECTION_TOP3,1,1.0,0.08385395716964394,0.08000000000000007,20.97,22.728417481847433,2.0,profit_intraday,0.0038539571696438735
h5m80d50_direction,688068.SH,20220110,H5_COMPETING_DIRECTION_TOP3,1,1.0,0.08385395716964394,0.08000000000000007,175.36,190.0646299292688,2.0,profit_intraday,0.0038539571696438735
h5m80d50_direction,002840.SZ,20220107,H5_COMPETING_DIRECTION_TOP3,1,1.0,0.0896415514778306,0.08000000000000007,17.0,18.52390637512312,3.0,profit_intraday,0.009641551477830523
h5m80d50_direction,002987.SZ,20220107,H5_COMPETING_DIRECTION_TOP3,1,1.0,0.07619401800990921,0.07999999999999996,36.56,39.345653298442286,4.0,profit_intraday,-0.0038059819900907454
h5m80d50_direction,300181.SZ,20220107,H5_COMPETING_DIRECTION_TOP3,1,0.0,-0.05380598199009079,-0.050000000000000044,11.5,10.881231207113956,4.0,stop_close,-0.0038059819900907454
h5m80d50_direction,600353.SH,20220106,H5_COMPETING_DIRECTION_TOP3,1,1.0,0.06361615079712357,0.07999999999999996,7.36,7.82821486986683,3.0,profit_intraday,-0.016383849202876388
h5m80d50_direction,601068.SH,20220106,H5_COMPETING_DIRECTION_TOP3,1,0.0,-0.0582087926784568,-0.050000000000000044,6.29,5.923866694052506,2.0,stop_close,-0.008208792678456756
h5m80d50_direction,300181.SZ,20220105,H5_COMPETING_DIRECTION_TOP3,1,1.0,0.09713790112749354,0.10495129442084228,11.53,12.65,2.0,profit_open,-0.007813393293348736
h5m80d50_direction,300199.SZ,20220105,H5_COMPETING_DIRECTION_TOP3,1,1.0,0.08601216333622941,0.09382555662957814,11.51,12.5,2.0,profit_open,-0.007813393293348736
h5m80d50_direction,300624.SZ,20220105,H5_COMPETING_DIRECTION_TOP3,1,0.0,-0.05781339329334878,-0.050000000000000044,60.64,57.13419583069133,2.0,stop_close,-0.007813393293348736
h5m80d50_direction,002987.SZ,20220104,H5_COMPETING_DIRECTION_TOP3,1,1.0,0.06604413599543779,0.07999999999999996,36.26,38.65476037119457,2.0,profit_intraday,-0.013955864004562168
h5m80d50_direction,300624.SZ,20220104,H5_COMPETING_DIRECTION_TOP3,1,0.0,-0.07765602334929078,-0.050000000000000044,60.8,56.07851378036312,3.0,stop_close,-0.027656023349290737
h5m80d50_direction,603477.SH,20220104,H5_COMPETING_DIRECTION_TOP3,1,1.0,0.08479532163742687,0.1124513449867176,17.1,18.55,3.0,profit_open,-0.027656023349290737
