model,ts_code,trade_date,priority_name,priority,target,ret,ret_ew,buy,sell,holding_days,exit_reason,csi1500_ew
h5m80d50_direction,300672.SZ,20260811,H5_COMPETING_DIRECTION_TOP3,1,,,,,,,,
h5m80d50_direction,688048.SH,20260811,H5_COMPETING_DIRECTION_TOP3,1,,,,,,,,
h5m80d50_direction,688548.SH,20260811,H5_COMPETING_DIRECTION_TOP3,1,,,,,,,,
h5m80d50_direction,300548.SZ,20260810,H5_COMPETING_DIRECTION_TOP3,1,,0.0324744716219425,0.03777393138401375,168.44,,1.0,,-0.005299459762071246
h5m80d50_direction,688048.SH,20260810,H5_COMPETING_DIRECTION_TOP3,1,,0.02622302158273393,0.031522481344805175,278.0,,1.0,,-0.005299459762071246
h5m80d50_direction,688150.SH,20260810,H5_COMPETING_DIRECTION_TOP3,1,,-0.011813930593157829,-0.006514470831086583,40.63,,1.0,,-0.005299459762071246
h5m80d50_direction,300870.SZ,20260807,H5_COMPETING_DIRECTION_TOP3,1,0.0,-0.10057092665788303,-0.10392191529610939,227.7,204.8,2.0,t1_stop_t2_open,0.00335098863822636
h5m80d50_direction,688766.SH,20260807,H5_COMPETING_DIRECTION_TOP3,1,0.0,-0.07108136309266289,-0.07443235173088925,392.93,365.0,2.0,t1_stop_t2_open,0.00335098863822636
h5m80d50_direction,688800.SH,20260807,H5_COMPETING_DIRECTION_TOP3,1,0.0,-0.05239495071762068,-0.05574593935584704,57.83,54.8,2.0,t1_stop_t2_open,0.00335098863822636
h5m80d50_direction,002222.SZ,20260806,H5_COMPETING_DIRECTION_TOP3,1,,0.04867109634551503,0.03447661061264973,60.2,,3.0,,0.014194485732865303
h5m80d50_direction,301392.SZ,20260806,H5_COMPETING_DIRECTION_TOP3,1,1.0,0.11537974683544294,0.0957819435706797,158.0,176.23,2.0,profit_open,0.019597803264763236
h5m80d50_direction,601208.SH,20260806,H5_COMPETING_DIRECTION_TOP3,1,1.0,0.11370606275064876,0.09410825948588553,42.39,47.21,2.0,profit_open,0.019597803264763236
h5m80d50_direction,002436.SZ,20260805,H5_COMPETING_DIRECTION_TOP3,1,1.0,0.08963195435374738,0.08000000000000007,29.66,32.31848376613215,2.0,profit_intraday,0.009631954353747307
h5m80d50_direction,688313.SH,20260805,H5_COMPETING_DIRECTION_TOP3,1,1.0,0.08963195435374738,0.08000000000000007,112.6,122.69255806023195,2.0,profit_intraday,0.009631954353747307
h5m80d50_direction,688766.SH,20260805,H5_COMPETING_DIRECTION_TOP3,1,1.0,0.08963195435374738,0.08000000000000007,350.01,381.3820803433551,2.0,profit_intraday,0.009631954353747307
h5m80d50_direction,300570.SZ,20260804,H5_COMPETING_DIRECTION_TOP3,1,1.0,0.10692779686178744,0.08000000000000007,128.52,142.26236045267694,3.0,profit_intraday,0.026927796861787368
h5m80d50_direction,301392.SZ,20260804,H5_COMPETING_DIRECTION_TOP3,1,1.0,0.12910601326118432,0.11315785466239547,131.21,148.15,2.0,profit_open,0.015948158598788842
h5m80d50_direction,688048.SH,20260804,H5_COMPETING_DIRECTION_TOP3,1,1.0,0.09594815859878891,0.08000000000000007,244.61,268.07987907484977,2.0,profit_intraday,0.015948158598788842
h5m80d50_direction,688017.SH,20260803,H5_COMPETING_DIRECTION_TOP3,1,0.0,0.06229518628106012,0.010661485524016134,314.31,333.89,5.0,expiry_close,0.05163370075704399
h5m80d50_direction,688141.SH,20260803,H5_COMPETING_DIRECTION_TOP3,1,1.0,0.1126208235333015,0.08000000000000007,109.08,121.36467943101252,2.0,profit_intraday,0.032620823533301424
h5m80d50_direction,688313.SH,20260803,H5_COMPETING_DIRECTION_TOP3,1,1.0,0.1126208235333015,0.08000000000000007,102.38,113.9101199133394,2.0,profit_intraday,0.032620823533301424
h5m80d50_direction,300475.SZ,20260731,H5_COMPETING_DIRECTION_TOP3,1,0.0,-0.06458304522196101,-0.08514076742757115,144.62,135.28,2.0,t1_stop_t2_open,0.02055772220561014
h5m80d50_direction,300620.SZ,20260731,H5_COMPETING_DIRECTION_TOP3,1,1.0,0.10055772220561021,0.08000000000000007,203.65,224.1285801271725,2.0,profit_intraday,0.02055772220561014
h5m80d50_direction,688519.SH,20260731,H5_COMPETING_DIRECTION_TOP3,1,1.0,0.10055772220561021,0.08000000000000007,213.36,234.814995609789,2.0,profit_intraday,0.02055772220561014
h5m80d50_direction,300672.SZ,20260730,H5_COMPETING_DIRECTION_TOP3,1,0.0,-0.04776074988840939,-0.07316753431719869,134.42,128.0,2.0,t1_stop_t2_open,0.025406784428789297
h5m80d50_direction,688017.SH,20260730,H5_COMPETING_DIRECTION_TOP3,1,1.0,0.10540678442878937,0.08000000000000007,287.98,318.3350457798028,2.0,profit_intraday,0.025406784428789297
h5m80d50_direction,688519.SH,20260730,H5_COMPETING_DIRECTION_TOP3,1,0.0,-0.06784918519812999,-0.09325596962691929,228.89,213.36,2.0,t1_stop_t2_open,0.025406784428789297
h5m80d50_direction,688123.SH,20260729,H5_COMPETING_DIRECTION_TOP3,1,1.0,0.08677112356416683,0.08000000000000007,113.99,123.88104037507937,2.0,profit_intraday,0.006771123564166759
h5m80d50_direction,688300.SH,20260729,H5_COMPETING_DIRECTION_TOP3,1,0.0,0.011935651271406389,0.00516452770723963,115.62,117.0,2.0,t1_stop_t2_open,0.006771123564166759
h5m80d50_direction,688519.SH,20260729,H5_COMPETING_DIRECTION_TOP3,1,1.0,0.09516746411483257,0.08839634055066581,209.0,228.89,2.0,profit_open,0.006771123564166759
h5m80d50_direction,301205.SZ,20260728,H5_COMPETING_DIRECTION_TOP3,1,0.0,-0.04593832778557849,-0.050000000000000044,217.12,207.1458702711952,2.0,stop_close,0.004061672214421552
h5m80d50_direction,688200.SH,20260728,H5_COMPETING_DIRECTION_TOP3,1,0.0,-0.04593832778557849,-0.050000000000000044,359.25,342.74665574303094,2.0,stop_close,0.004061672214421552
h5m80d50_direction,688766.SH,20260728,H5_COMPETING_DIRECTION_TOP3,1,1.0,0.08406167221442162,0.08000000000000007,308.0,333.8909950420419,2.0,profit_intraday,0.004061672214421552
h5m80d50_direction,301205.SZ,20260727,H5_COMPETING_DIRECTION_TOP3,1,0.0,-0.060329175999355944,-0.050000000000000044,226.8,213.11734288334608,3.0,stop_close,-0.0103291759993559
h5m80d50_direction,301526.SZ,20260727,H5_COMPETING_DIRECTION_TOP3,1,0.0,-0.06504854368932034,-0.06777549144772699,30.9,28.89,2.0,t1_stop_t2_open,0.0027269477584066504
h5m80d50_direction,605376.SH,20260727,H5_COMPETING_DIRECTION_TOP3,1,0.0,-0.09398645957785745,-0.0967134073362641,150.66,136.5,2.0,t1_stop_t2_open,0.0027269477584066504
h5m80d50_direction,300475.SZ,20260724,H5_COMPETING_DIRECTION_TOP3,1,0.0,-0.03754963210997997,-0.050000000000000044,161.59,155.52235494734833,2.0,stop_close,0.012450367890020075
h5m80d50_direction,300666.SZ,20260724,H5_COMPETING_DIRECTION_TOP3,1,0.0,-0.02002649989596117,-0.050000000000000044,229.47,224.87451906887378,3.0,stop_close,0.029973500104038875
h5m80d50_direction,688146.SH,20260724,H5_COMPETING_DIRECTION_TOP3,1,1.0,0.1145660865000202,0.10211571861000013,247.63,276.0,2.0,profit_open,0.012450367890020075
h5m80d50_direction,300620.SZ,20260723,H5_COMPETING_DIRECTION_TOP3,1,0.0,-0.05015706461914837,-0.050000000000000044,228.4,216.9441264409865,4.0,stop_close,-0.00015706461914832825
h5m80d50_direction,300857.SZ,20260723,H5_COMPETING_DIRECTION_TOP3,1,0.0,-0.0671675798879019,-0.050000000000000044,231.01,215.49361737009576,3.0,stop_close,-0.01716757988790185
h5m80d50_direction,301205.SZ,20260723,H5_COMPETING_DIRECTION_TOP3,1,1.0,0.077123830785637,0.08000000000000007,226.63,244.1085737709489,2.0,profit_intraday,-0.002876169214363067
h5m80d50_direction,301526.SZ,20260722,H5_COMPETING_DIRECTION_TOP3,1,0.0,-0.07059856182363633,-0.04999999999999993,27.78,25.818771952539382,2.0,stop_close,-0.020598561823636397
h5m80d50_direction,603083.SH,20260722,H5_COMPETING_DIRECTION_TOP3,1,0.0,-0.05840465360632585,-0.04999999999999993,172.0,161.95439957971195,4.0,stop_close,-0.008404653606325918
h5m80d50_direction,688333.SH,20260722,H5_COMPETING_DIRECTION_TOP3,1,0.0,-0.07059856182363644,-0.050000000000000044,92.65,86.10904324704009,2.0,stop_close,-0.020598561823636397
h5m80d50_direction,300570.SZ,20260721,H5_COMPETING_DIRECTION_TOP3,1,0.0,-0.04840325063871331,-0.050000000000000044,151.0,143.6911091535543,2.0,stop_close,0.0015967493612867312
h5m80d50_direction,300620.SZ,20260721,H5_COMPETING_DIRECTION_TOP3,1,0.0,-0.0655982428488362,-0.050000000000000155,240.1,224.34986189199444,5.0,stop_close,-0.015598242848836041
h5m80d50_direction,301205.SZ,20260721,H5_COMPETING_DIRECTION_TOP3,1,1.0,0.08781553398058262,0.08621878461929589,206.0,224.09,2.0,profit_open,0.0015967493612867312
h5m80d50_direction,300570.SZ,20260720,H5_COMPETING_DIRECTION_TOP3,1,0.0,-0.007182592775156538,-0.03191441940964168,142.01,140.99,5.0,expiry_close,0.024731826634485143
h5m80d50_direction,301200.SZ,20260720,H5_COMPETING_DIRECTION_TOP3,1,1.0,0.14410441837904564,0.12549866922824426,226.78,259.46,2.0,profit_open,0.018605749150801376
h5m80d50_direction,688549.SH,20260720,H5_COMPETING_DIRECTION_TOP3,1,1.0,0.09860574915080145,0.08000000000000007,21.88,24.037493791419536,2.0,profit_intraday,0.018605749150801376
h5m80d50_direction,300570.SZ,20260717,H5_COMPETING_DIRECTION_TOP3,1,0.0,-0.12877300613496934,-0.14992263489602087,163.0,142.01,2.0,t1_stop_t2_open,0.02114962876105153
h5m80d50_direction,688300.SH,20260717,H5_COMPETING_DIRECTION_TOP3,1,0.0,-0.12682494201118855,-0.14797457077224008,146.58,127.99,2.0,t1_stop_t2_open,0.02114962876105153
h5m80d50_direction,688630.SH,20260717,H5_COMPETING_DIRECTION_TOP3,1,0.0,-0.046666666666666634,-0.06781629542771817,375.0,357.5,2.0,t1_stop_t2_open,0.02114962876105153
h5m80d50_direction,002739.SZ,20260716,H5_COMPETING_DIRECTION_TOP3,1,0.0,-0.09833736739892796,-0.050000000000000044,10.99,9.909272332285783,2.0,stop_close,-0.04833736739892791
h5m80d50_direction,688017.SH,20260716,H5_COMPETING_DIRECTION_TOP3,1,0.0,-0.13517043228418435,-0.08683306488525644,382.85,331.1,2.0,t1_stop_t2_open,-0.04833736739892791
h5m80d50_direction,688048.SH,20260716,H5_COMPETING_DIRECTION_TOP3,1,0.0,-0.16231503579952267,-0.11397766840059476,419.0,350.99,2.0,t1_stop_t2_open,-0.04833736739892791
h5m80d50_direction,301511.SZ,20260715,H5_COMPETING_DIRECTION_TOP3,1,0.0,-0.10273024333545933,-0.050000000000000044,110.06,98.75350941849935,2.0,stop_close,-0.05273024333545928
h5m80d50_direction,603127.SH,20260715,H5_COMPETING_DIRECTION_TOP3,1,0.0,-0.068243505234587,-0.02853029824523856,51.58,48.06,5.0,expiry_close,-0.03971320698934844
h5m80d50_direction,688192.SH,20260715,H5_COMPETING_DIRECTION_TOP3,1,0.0,-0.07787878787878788,-0.03816558088943944,66.0,60.86,5.0,expiry_close,-0.03971320698934844
h5m80d50_direction,301611.SZ,20260714,H5_COMPETING_DIRECTION_TOP3,1,0.0,-0.10407717766354474,-0.09635267124463964,142.01,127.23,2.0,t1_stop_t2_open,-0.007724506418905097
h5m80d50_direction,600206.SH,20260714,H5_COMPETING_DIRECTION_TOP3,1,0.0,-0.14907407407407403,-0.14134956765516893,54.0,45.95,2.0,t1_stop_t2_open,-0.007724506418905097
h5m80d50_direction,688702.SH,20260714,H5_COMPETING_DIRECTION_TOP3,1,0.0,-0.04220476634269743,-0.034480259923792334,375.55,359.7,2.0,t1_stop_t2_open,-0.007724506418905097
h5m80d50_direction,300065.SZ,20260713,H5_COMPETING_DIRECTION_TOP3,1,0.0,-0.13809910641754675,-0.15153071927609818,24.62,21.22,2.0,t1_stop_t2_open,0.013431612858551434
h5m80d50_direction,300604.SZ,20260713,H5_COMPETING_DIRECTION_TOP3,1,0.0,-0.03656838714144861,-0.050000000000000044,332.0,319.85929546903907,2.0,stop_close,0.013431612858551434
h5m80d50_direction,688362.SH,20260713,H5_COMPETING_DIRECTION_TOP3,1,0.0,-0.0365683871414485,-0.04999999999999993,95.88,92.37382304087791,2.0,stop_close,0.013431612858551434
h5m80d50_direction,300475.SZ,20260710,H5_COMPETING_DIRECTION_TOP3,1,0.0,-0.1180073499387505,-0.09547379362919528,244.9,216.0,2.0,t1_stop_t2_open,-0.022533556309555225
h5m80d50_direction,688333.SH,20260710,H5_COMPETING_DIRECTION_TOP3,1,0.0,-0.07253355630955538,-0.050000000000000155,108.95,101.04746904007395,2.0,stop_close,-0.022533556309555225
h5m80d50_direction,688343.SH,20260710,H5_COMPETING_DIRECTION_TOP3,1,0.0,-0.12253831217744027,-0.050000000000000044,87.21,76.52343379500543,5.0,stop_close,-0.07253831217744022
h5m80d50_direction,000021.SZ,20260709,H5_COMPETING_DIRECTION_TOP3,1,0.0,-0.08007201373259065,-0.050000000000000044,59.88,55.085287817692475,2.0,stop_close,-0.030072013732590608
h5m80d50_direction,300475.SZ,20260709,H5_COMPETING_DIRECTION_TOP3,1,0.0,-0.08007201373259065,-0.050000000000000044,266.67,245.31719609793006,2.0,stop_close,-0.030072013732590608
h5m80d50_direction,688048.SH,20260709,H5_COMPETING_DIRECTION_TOP3,1,0.0,-0.11973195876288656,-0.08965994503029595,485.0,426.93,2.0,t1_stop_t2_open,-0.030072013732590608
h5m80d50_direction,600206.SH,20260708,H5_COMPETING_DIRECTION_TOP3,1,1.0,0.12217194570135748,0.10965625751822161,55.25,62.0,2.0,profit_open,0.012515688183135865
h5m80d50_direction,688123.SH,20260708,H5_COMPETING_DIRECTION_TOP3,1,1.0,0.09251568818313594,0.08000000000000007,199.83,218.31740996963606,2.0,profit_intraday,0.012515688183135865
h5m80d50_direction,688432.SH,20260708,H5_COMPETING_DIRECTION_TOP3,1,1.0,0.1389070324406707,0.12639134425753484,45.93,52.31,2.0,profit_open,0.012515688183135865
h5m80d50_direction,002192.SZ,20260707,H5_COMPETING_DIRECTION_TOP3,1,0.0,-0.14369256474519632,-0.13886367289619161,95.76,82.0,2.0,t1_stop_t2_open,-0.004828891849004702
h5m80d50_direction,002536.SZ,20260707,H5_COMPETING_DIRECTION_TOP3,1,0.0,-0.04309864387887796,-0.03826975202987326,53.83,51.51,2.0,t1_stop_t2_open,-0.004828891849004702
h5m80d50_direction,688629.SH,20260707,H5_COMPETING_DIRECTION_TOP3,1,1.0,0.07910099279727056,0.07999999999999996,209.99,226.60041747749887,3.0,profit_intraday,-0.000899007202729396
h5m80d50_direction,688331.SH,20260706,H5_COMPETING_DIRECTION_TOP3,1,0.0,-0.08606795785185783,-0.050000000000000044,140.0,127.9504859007399,2.0,stop_close,-0.03606795785185779
h5m80d50_direction,688336.SH,20260706,H5_COMPETING_DIRECTION_TOP3,1,0.0,-0.08606795785185783,-0.050000000000000044,55.07,50.33023756109819,2.0,stop_close,-0.03606795785185779
h5m80d50_direction,688629.SH,20260706,H5_COMPETING_DIRECTION_TOP3,1,1.0,0.04727943743454199,0.08334739528639978,200.51,209.99,2.0,profit_open,-0.03606795785185779
h5m80d50_direction,600206.SH,20260703,H5_COMPETING_DIRECTION_TOP3,1,0.0,-0.06759443339960225,-0.036354273204943555,55.33,51.59,2.0,t1_stop_t2_open,-0.031240160194658695
h5m80d50_direction,688432.SH,20260703,H5_COMPETING_DIRECTION_TOP3,1,0.0,-0.08711943793911026,-0.05587927774445156,42.7,38.98,2.0,t1_stop_t2_open,-0.031240160194658695
h5m80d50_direction,688629.SH,20260703,H5_COMPETING_DIRECTION_TOP3,1,1.0,0.07529361291360526,0.10653377310826395,186.47,200.51,2.0,profit_open,-0.031240160194658695
h5m80d50_direction,600378.SH,20260702,H5_COMPETING_DIRECTION_TOP3,1,0.0,-0.06243902439024396,-0.06237513596882549,82.0,76.88,2.0,t1_stop_t2_open,-6.388842141846762e-05
h5m80d50_direction,600641.SH,20260702,H5_COMPETING_DIRECTION_TOP3,1,0.0,-0.05006388842141851,-0.050000000000000044,47.76,45.36894868899305,2.0,stop_close,-6.388842141846762e-05
h5m80d50_direction,600667.SH,20260702,H5_COMPETING_DIRECTION_TOP3,1,1.0,0.07993611157858149,0.07999999999999996,28.31,30.57299131878964,2.0,profit_intraday,-6.388842141846762e-05
h5m80d50_direction,002747.SZ,20260701,H5_COMPETING_DIRECTION_TOP3,1,1.0,0.06694293472763402,0.08000000000000007,42.81,45.67582703569001,3.0,profit_intraday,-0.013057065272366053
h5m80d50_direction,600378.SH,20260701,H5_COMPETING_DIRECTION_TOP3,1,1.0,0.07520993554107824,0.07999999999999996,76.81,82.58687514891022,2.0,profit_intraday,-0.004790064458921717
h5m80d50_direction,603379.SH,20260701,H5_COMPETING_DIRECTION_TOP3,1,0.0,-0.05479006445892165,-0.04999999999999993,81.09,76.64707367302604,2.0,stop_close,-0.004790064458921717
h5m80d50_direction,301611.SZ,20260630,H5_COMPETING_DIRECTION_TOP3,1,0.0,-0.045774325748012434,-0.050000000000000155,178.6,170.42470542140498,2.0,stop_close,0.004225674251987721
h5m80d50_direction,603678.SH,20260630,H5_COMPETING_DIRECTION_TOP3,1,0.0,-0.04577432574801232,-0.050000000000000044,85.6,81.68171771597014,2.0,stop_close,0.004225674251987721
h5m80d50_direction,688432.SH,20260630,H5_COMPETING_DIRECTION_TOP3,1,1.0,0.08422567425198779,0.08000000000000007,39.0,42.28480129582752,2.0,profit_intraday,0.004225674251987721
h5m80d50_direction,002138.SZ,20260629,H5_COMPETING_DIRECTION_TOP3,1,0.0,-0.031756021027792514,-0.050000000000000044,75.07,72.68607550144361,3.0,stop_close,0.01824397897220753
h5m80d50_direction,002859.SZ,20260629,H5_COMPETING_DIRECTION_TOP3,1,0.0,-0.018350763610503584,-0.050000000000000044,113.13,111.05397811274372,2.0,stop_close,0.03164923638949646
h5m80d50_direction,301526.SZ,20260629,H5_COMPETING_DIRECTION_TOP3,1,0.0,-0.031756021027792514,-0.050000000000000044,47.36,45.85603484412375,3.0,stop_close,0.01824397897220753
h5m80d50_direction,300223.SZ,20260626,H5_COMPETING_DIRECTION_TOP3,1,1.0,0.10074377377370136,0.08000000000000007,232.0,255.3725555154987,2.0,profit_intraday,0.02074377377370129
h5m80d50_direction,300475.SZ,20260626,H5_COMPETING_DIRECTION_TOP3,1,1.0,0.11855205717543571,0.08000000000000007,290.01,324.3912821014481,3.0,profit_intraday,0.03855205717543564
h5m80d50_direction,605589.SH,20260626,H5_COMPETING_DIRECTION_TOP3,1,0.0,-0.07147138148037158,-0.09221515525407287,66.74,61.97,2.0,t1_stop_t2_open,0.02074377377370129
h5m80d50_direction,000811.SZ,20260625,H5_COMPETING_DIRECTION_TOP3,1,0.0,-0.05317938325944416,-0.050000000000000044,54.48,51.58278720002548,5.0,stop_close,-0.003179383259444113
h5m80d50_direction,002068.SZ,20260625,H5_COMPETING_DIRECTION_TOP3,1,1.0,0.058960482287087945,0.08000000000000007,14.21,15.047828453299521,2.0,profit_intraday,-0.021039517712912126
h5m80d50_direction,600667.SH,20260625,H5_COMPETING_DIRECTION_TOP3,1,1.0,0.058960482287087945,0.08000000000000007,26.29,27.84007107932754,2.0,profit_intraday,-0.021039517712912126
h5m80d50_direction,600667.SH,20260624,H5_COMPETING_DIRECTION_TOP3,1,1.0,0.048560433460558716,0.07999999999999996,25.31,26.53906457088674,2.0,profit_intraday,-0.031439566539441244
h5m80d50_direction,600909.SH,20260624,H5_COMPETING_DIRECTION_TOP3,1,1.0,0.048560433460558716,0.07999999999999996,11.99,12.5722395971921,2.0,profit_intraday,-0.031439566539441244
h5m80d50_direction,603650.SH,20260624,H5_COMPETING_DIRECTION_TOP3,1,1.0,0.048560433460558716,0.07999999999999996,80.0,83.88483467684469,2.0,profit_intraday,-0.031439566539441244
h5m80d50_direction,300223.SZ,20260623,H5_COMPETING_DIRECTION_TOP3,1,1.0,0.0748561049821217,0.07999999999999996,192.76,207.18926279635377,2.0,profit_intraday,-0.005143895017878264
h5m80d50_direction,300285.SZ,20260623,H5_COMPETING_DIRECTION_TOP3,1,1.0,0.0748561049821217,0.07999999999999996,91.5,98.34933360586413,2.0,profit_intraday,-0.005143895017878264
h5m80d50_direction,600206.SH,20260623,H5_COMPETING_DIRECTION_TOP3,1,1.0,0.09063829787234035,0.09578219289021861,47.0,51.26,2.0,profit_open,-0.005143895017878264
h5m80d50_direction,000657.SZ,20260622,H5_COMPETING_DIRECTION_TOP3,1,0.0,-0.12395824195104832,-0.10968545953464459,113.99,99.86,2.0,t1_stop_t2_open,-0.014272782416403729
h5m80d50_direction,002436.SZ,20260622,H5_COMPETING_DIRECTION_TOP3,1,0.0,-0.06730769230769229,-0.05303490989128856,52.0,48.5,2.0,t1_stop_t2_open,-0.014272782416403729
h5m80d50_direction,600206.SH,20260622,H5_COMPETING_DIRECTION_TOP3,1,1.0,0.06178076770440111,0.08000000000000007,49.01,52.037875425192695,3.0,profit_intraday,-0.018219232295598964
h5m80d50_direction,002080.SZ,20260618,H5_COMPETING_DIRECTION_TOP3,1,0.0,-0.05270135124231423,-0.050000000000000044,81.95,77.63112426569235,2.0,stop_close,-0.0027013512423141872
h5m80d50_direction,300475.SZ,20260618,H5_COMPETING_DIRECTION_TOP3,1,1.0,0.09482625482625484,0.09752760606856903,259.0,283.56,2.0,profit_open,-0.0027013512423141872
h5m80d50_direction,600353.SH,20260618,H5_COMPETING_DIRECTION_TOP3,1,1.0,0.07729864875768588,0.08000000000000007,46.21,49.78197055909266,2.0,profit_intraday,-0.0027013512423141872
h5m80d50_direction,002436.SZ,20260617,H5_COMPETING_DIRECTION_TOP3,1,1.0,0.14072494669509594,0.13117016083488187,46.9,53.5,2.0,profit_open,0.009554785860214077
h5m80d50_direction,600549.SH,20260617,H5_COMPETING_DIRECTION_TOP3,1,1.0,0.13824884792626713,0.12869406206605305,78.12,88.92,2.0,profit_open,0.009554785860214077
h5m80d50_direction,601636.SH,20260617,H5_COMPETING_DIRECTION_TOP3,1,0.0,-0.0360884749708964,-0.04564326083111048,8.59,8.28,2.0,t1_stop_t2_open,0.009554785860214077
h5m80d50_direction,000657.SZ,20260616,H5_COMPETING_DIRECTION_TOP3,1,1.0,0.07872204041342346,0.08000000000000007,89.0,96.00626159679469,2.0,profit_intraday,-0.0012779595865766158
h5m80d50_direction,301526.SZ,20260616,H5_COMPETING_DIRECTION_TOP3,1,1.0,0.07872204041342346,0.08000000000000007,37.2,40.12845990337936,2.0,profit_intraday,-0.0012779595865766158
h5m80d50_direction,600549.SH,20260616,H5_COMPETING_DIRECTION_TOP3,1,1.0,0.07872204041342346,0.08000000000000007,80.0,86.29776323307388,2.0,profit_intraday,-0.0012779595865766158
h5m80d50_direction,002428.SZ,20260615,H5_COMPETING_DIRECTION_TOP3,1,1.0,0.15397270879705793,0.15277261157994748,103.33,119.24,5.0,profit_open,0.0012000972171104518
h5m80d50_direction,300570.SZ,20260615,H5_COMPETING_DIRECTION_TOP3,1,1.0,0.08493214925951365,0.08000000000000007,245.06,265.8734724975364,2.0,profit_intraday,0.004932149259513574
h5m80d50_direction,601958.SH,20260615,H5_COMPETING_DIRECTION_TOP3,1,1.0,0.11921708185053381,0.11801698463342336,28.1,31.45,5.0,profit_open,0.0012000972171104518
h5m80d50_direction,002203.SZ,20260612,H5_COMPETING_DIRECTION_TOP3,1,1.0,0.15521739130434775,0.11458467749851131,23.0,26.57,5.0,profit_open,0.04063271380583644
h5m80d50_direction,601208.SH,20260612,H5_COMPETING_DIRECTION_TOP3,1,1.0,0.11105506632259288,0.08000000000000007,61.0,67.77435904567817,2.0,profit_intraday,0.031055066322592806
h5m80d50_direction,601958.SH,20260612,H5_COMPETING_DIRECTION_TOP3,1,0.0,0.11816513761467884,0.0775324238088424,27.25,30.47,5.0,expiry_close,0.04063271380583644
h5m80d50_direction,300260.SZ,20260611,H5_COMPETING_DIRECTION_TOP3,1,0.0,-0.07839919202120937,-0.11892382785833389,79.21,73.0,2.0,t1_stop_t2_open,0.04052463583712451
h5m80d50_direction,300666.SZ,20260611,H5_COMPETING_DIRECTION_TOP3,1,0.0,-0.15779484594169801,-0.19831948177882253,337.21,284.0,2.0,t1_stop_t2_open,0.04052463583712451
h5m80d50_direction,600378.SH,20260611,H5_COMPETING_DIRECTION_TOP3,1,0.0,-0.09623298512187395,-0.13675762095899846,63.18,57.1,2.0,t1_stop_t2_open,0.04052463583712451
h5m80d50_direction,601208.SH,20260610,H5_COMPETING_DIRECTION_TOP3,1,1.0,0.11616774815474651,0.08000000000000007,61.55,68.70012489892464,4.0,profit_intraday,0.03616774815474644
h5m80d50_direction,688300.SH,20260610,H5_COMPETING_DIRECTION_TOP3,1,1.0,0.08495868940384432,0.08000000000000007,177.0,192.03768802448045,2.0,profit_intraday,0.004958689403844252
h5m80d50_direction,688630.SH,20260610,H5_COMPETING_DIRECTION_TOP3,1,1.0,0.09102902374670174,0.08607033434285749,379.0,413.5,2.0,profit_open,0.004958689403844252
h5m80d50_direction,601208.SH,20260609,H5_COMPETING_DIRECTION_TOP3,1,1.0,0.10555559908509626,0.08000000000000007,62.57,69.17461383475447,5.0,profit_intraday,0.025555599085096192
h5m80d50_direction,605376.SH,20260609,H5_COMPETING_DIRECTION_TOP3,1,0.0,-0.05533382494992345,-0.050000000000000044,192.7,182.03717193214973,3.0,stop_close,-0.005333824949923405
h5m80d50_direction,605589.SH,20260609,H5_COMPETING_DIRECTION_TOP3,1,1.0,0.06051857324902876,0.07999999999999996,60.1,63.73716625226663,2.0,profit_intraday,-0.019481426750971198
h5m80d50_direction,300260.SZ,20260608,H5_COMPETING_DIRECTION_TOP3,1,1.0,0.1580594679186229,0.15249393175271342,63.9,74.0,2.0,profit_open,0.00556553616590949
h5m80d50_direction,300811.SZ,20260608,H5_COMPETING_DIRECTION_TOP3,1,0.0,-0.053821727464774205,-0.050000000000000044,91.39,86.47123232699428,3.0,stop_close,-0.0038217274647741606
h5m80d50_direction,605358.SH,20260608,H5_COMPETING_DIRECTION_TOP3,1,1.0,0.11278195488721798,0.10721641872130849,66.5,74.0,2.0,profit_open,0.00556553616590949
h5m80d50_direction,301377.SZ,20260605,H5_COMPETING_DIRECTION_TOP3,1,1.0,0.09536082474226815,0.10925274620130121,388.0,425.0,2.0,profit_open,-0.013891921459033063
h5m80d50_direction,600487.SH,20260605,H5_COMPETING_DIRECTION_TOP3,1,1.0,0.07801188546731486,0.09190380692634792,92.55,99.77,2.0,profit_open,-0.013891921459033063
h5m80d50_direction,688630.SH,20260605,H5_COMPETING_DIRECTION_TOP3,1,1.0,0.136947951779695,0.15083987323872805,350.06,398.0,2.0,profit_open,-0.013891921459033063
h5m80d50_direction,002484.SZ,20260604,H5_COMPETING_DIRECTION_TOP3,1,0.0,-0.0821814722031643,-0.050000000000000044,92.01,84.44848274258686,2.0,stop_close,-0.03218147220316425
h5m80d50_direction,600403.SH,20260604,H5_COMPETING_DIRECTION_TOP3,1,1.0,0.11216216216216224,0.1443436343653265,7.4,8.23,2.0,profit_open,-0.03218147220316425
h5m80d50_direction,688017.SH,20260604,H5_COMPETING_DIRECTION_TOP3,1,1.0,0.1634549848193818,0.19563645702254606,322.78,375.54,2.0,profit_open,-0.03218147220316425
h5m80d50_direction,002156.SZ,20260603,H5_COMPETING_DIRECTION_TOP3,1,0.0,-0.09026315203505897,-0.050000000000000044,70.01,63.69067672602553,3.0,stop_close,-0.040263152035058924
h5m80d50_direction,600487.SH,20260603,H5_COMPETING_DIRECTION_TOP3,1,1.0,0.06880099148037022,0.08000000000000007,93.0,99.39849220767444,2.0,profit_intraday,-0.01119900851962985
h5m80d50_direction,603663.SH,20260603,H5_COMPETING_DIRECTION_TOP3,1,1.0,0.04507829810204589,0.08000000000000007,69.05,72.16265648394626,5.0,profit_intraday,-0.03492170189795418
h5m80d50_direction,002851.SZ,20260602,H5_COMPETING_DIRECTION_TOP3,1,1.0,0.06956251517346757,0.07999999999999996,148.0,158.2952522456732,2.0,profit_intraday,-0.010437484826532395
h5m80d50_direction,600403.SH,20260602,H5_COMPETING_DIRECTION_TOP3,1,1.0,0.09955423476968805,0.10999171959622045,6.73,7.4,2.0,profit_open,-0.010437484826532395
h5m80d50_direction,688630.SH,20260602,H5_COMPETING_DIRECTION_TOP3,1,1.0,0.06956251517346757,0.07999999999999996,363.1,388.3581492594861,2.0,profit_intraday,-0.010437484826532395
h5m80d50_direction,000636.SZ,20260601,H5_COMPETING_DIRECTION_TOP3,1,1.0,0.1048990276738968,0.11168775567658928,53.48,59.09,2.0,profit_open,-0.006788728002692479
h5m80d50_direction,000767.SZ,20260601,H5_COMPETING_DIRECTION_TOP3,1,0.0,-0.06508244761558679,-0.04999999999999993,6.15,5.749742947164141,3.0,stop_close,-0.015082447615586858
h5m80d50_direction,301171.SZ,20260601,H5_COMPETING_DIRECTION_TOP3,1,0.0,-0.0679117094995828,-0.050000000000000044,46.0,42.87606136301919,4.0,stop_close,-0.017911709499582762
h5m80d50_direction,000021.SZ,20260529,H5_COMPETING_DIRECTION_TOP3,1,0.0,-0.06306075365290953,-0.061387915444814145,39.01,36.55,2.0,t1_stop_t2_open,-0.001672838208095384
h5m80d50_direction,000539.SZ,20260529,H5_COMPETING_DIRECTION_TOP3,1,0.0,-0.05167283820809532,-0.04999999999999993,9.77,9.265156370706908,2.0,stop_close,-0.001672838208095384
h5m80d50_direction,002484.SZ,20260529,H5_COMPETING_DIRECTION_TOP3,1,1.0,0.07832716179190458,0.07999999999999996,77.85,83.94776954549977,2.0,profit_intraday,-0.001672838208095384
h5m80d50_direction,000539.SZ,20260528,H5_COMPETING_DIRECTION_TOP3,1,1.0,0.11402508551881407,0.12904303392246042,8.77,9.77,2.0,profit_open,-0.015017948403646342
h5m80d50_direction,000791.SZ,20260528,H5_COMPETING_DIRECTION_TOP3,1,1.0,0.058295276360532,0.07999999999999996,9.67,10.233715322406344,4.0,profit_intraday,-0.02170472363946796
h5m80d50_direction,603678.SH,20260528,H5_COMPETING_DIRECTION_TOP3,1,1.0,0.06498205159635373,0.08000000000000007,49.0,52.184120528221335,2.0,profit_intraday,-0.015017948403646342
h5m80d50_direction,300672.SZ,20260527,H5_COMPETING_DIRECTION_TOP3,1,0.0,-0.062296016721340663,-0.050000000000000044,351.0,329.13409813080943,3.0,stop_close,-0.012296016721340619
h5m80d50_direction,300776.SZ,20260527,H5_COMPETING_DIRECTION_TOP3,1,0.0,-0.06528498674541738,-0.04999999999999993,167.02,156.1161015137804,2.0,stop_close,-0.01528498674541745
h5m80d50_direction,688347.SH,20260527,H5_COMPETING_DIRECTION_TOP3,1,1.0,0.1500229673863116,0.16530795413172905,217.7,250.36,2.0,profit_open,-0.01528498674541745
h5m80d50_direction,002185.SZ,20260526,H5_COMPETING_DIRECTION_TOP3,1,1.0,0.06631533591637728,0.07999999999999996,19.75,21.05972788434845,2.0,profit_intraday,-0.013684664083622677
h5m80d50_direction,300567.SZ,20260526,H5_COMPETING_DIRECTION_TOP3,1,0.0,-0.08143703954764026,-0.050000000000000044,215.0,197.49103649725734,3.0,stop_close,-0.03143703954764021
h5m80d50_direction,300672.SZ,20260526,H5_COMPETING_DIRECTION_TOP3,1,0.0,-0.07849709690814,-0.050000000000000044,348.28,320.941031088833,4.0,stop_close,-0.02849709690813995
h5m80d50_direction,000636.SZ,20260525,H5_COMPETING_DIRECTION_TOP3,1,1.0,0.056681243493166944,0.08000000000000007,42.12,44.50741397593219,2.0,profit_intraday,-0.023318756506833127
h5m80d50_direction,002897.SZ,20260525,H5_COMPETING_DIRECTION_TOP3,1,0.0,-0.04638439581351084,-0.01105635040526598,84.08,80.18,5.0,expiry_close,-0.03532804540824486
h5m80d50_direction,600186.SH,20260525,H5_COMPETING_DIRECTION_TOP3,1,0.0,-0.07331875650683317,-0.050000000000000044,12.99,12.037589352976237,2.0,stop_close,-0.023318756506833127
h5m80d50_direction,000636.SZ,20260522,H5_COMPETING_DIRECTION_TOP3,1,1.0,0.0641888726043287,0.07999999999999996,41.38,44.03613554836713,3.0,profit_intraday,-0.015811127395671254
h5m80d50_direction,301200.SZ,20260522,H5_COMPETING_DIRECTION_TOP3,1,1.0,0.0641888726043287,0.07999999999999996,279.0,296.9086954566077,3.0,profit_intraday,-0.015811127395671254
h5m80d50_direction,603228.SH,20260522,H5_COMPETING_DIRECTION_TOP3,1,0.0,-0.06309138761018707,-0.050000000000000044,87.99,82.43858880417963,4.0,stop_close,-0.013091387610187022
h5m80d50_direction,300323.SZ,20260521,H5_COMPETING_DIRECTION_TOP3,1,0.0,-0.03580415755753652,-0.050000000000000044,18.2,17.548364332452834,3.0,stop_close,0.014195842442463524
h5m80d50_direction,300567.SZ,20260521,H5_COMPETING_DIRECTION_TOP3,1,1.0,0.10137747505422223,0.08000000000000007,195.0,214.76860763557335,2.0,profit_intraday,0.02137747505422216
h5m80d50_direction,300776.SZ,20260521,H5_COMPETING_DIRECTION_TOP3,1,1.0,0.10137747505422223,0.08000000000000007,147.32,162.25492962498802,2.0,profit_intraday,0.02137747505422216
h5m80d50_direction,300567.SZ,20260520,H5_COMPETING_DIRECTION_TOP3,1,1.0,0.07570487541685544,0.07999999999999996,205.0,220.51949946045536,3.0,profit_intraday,-0.004295124583144516
h5m80d50_direction,300776.SZ,20260520,H5_COMPETING_DIRECTION_TOP3,1,1.0,0.05769230769230771,0.08520603181796449,156.0,165.0,5.0,profit_open,-0.02751372412565678
h5m80d50_direction,688147.SH,20260520,H5_COMPETING_DIRECTION_TOP3,1,0.0,-0.11174168297455966,-0.09985108244478691,102.2,90.78,2.0,t1_stop_t2_open,-0.011890600529772755
h5m80d50_direction,002421.SZ,20260519,H5_COMPETING_DIRECTION_TOP3,1,1.0,0.05092593005120971,0.08000000000000007,4.27,4.487453721318665,2.0,profit_intraday,-0.02907406994879036
h5m80d50_direction,300657.SZ,20260519,H5_COMPETING_DIRECTION_TOP3,1,0.0,-0.07042253521126762,-0.04134846526247726,56.09,52.14,2.0,t1_stop_t2_open,-0.02907406994879036
h5m80d50_direction,600903.SH,20260519,H5_COMPETING_DIRECTION_TOP3,1,0.0,-0.02526724975704564,-0.009976291334564569,10.29,10.03,5.0,expiry_close,-0.015290958422481071
h5m80d50_direction,002929.SZ,20260518,H5_COMPETING_DIRECTION_TOP3,1,0.0,-0.043351389715040156,-0.050000000000000044,92.2,88.2030018682733,2.0,stop_close,0.006648610284959888
h5m80d50_direction,600578.SH,20260518,H5_COMPETING_DIRECTION_TOP3,1,1.0,0.07467895378621048,0.07999999999999996,7.71,8.285774733691683,4.0,profit_intraday,-0.005321046213789482
h5m80d50_direction,002929.SZ,20260515,H5_COMPETING_DIRECTION_TOP3,1,0.0,-0.043202788500966594,-0.04999999999999993,98.0,93.76612672690527,3.0,stop_close,0.00679721149903334
h5m80d50_direction,300776.SZ,20260515,H5_COMPETING_DIRECTION_TOP3,1,1.0,0.061491090737500365,0.07999999999999996,147.0,156.03919033841257,4.0,profit_intraday,-0.018508909262499595
h5m80d50_direction,300820.SZ,20260515,H5_COMPETING_DIRECTION_TOP3,1,1.0,0.09088153108212227,0.08000000000000007,62.08,67.72192544957815,2.0,profit_intraday,0.010881531082122198
h5m80d50_direction,002008.SZ,20260514,H5_COMPETING_DIRECTION_TOP3,1,0.0,-0.058490872210806844,-0.050000000000000044,149.24,140.5108222312592,2.0,stop_close,-0.008490872210806799
h5m80d50_direction,603688.SH,20260514,H5_COMPETING_DIRECTION_TOP3,1,1.0,0.05301373926710995,0.08000000000000007,71.89,75.70115771591253,5.0,profit_intraday,-0.02698626073289012
h5m80d50_direction,688146.SH,20260514,H5_COMPETING_DIRECTION_TOP3,1,0.0,-0.047849671997337584,-0.050000000000000044,139.53,132.85353526621148,3.0,stop_close,0.0021503280026624605
h5m80d50_direction,002008.SZ,20260513,H5_COMPETING_DIRECTION_TOP3,1,0.0,-0.07912617960610613,-0.050000000000000044,153.0,140.89369452026577,3.0,stop_close,-0.029126179606106084
h5m80d50_direction,002498.SZ,20260513,H5_COMPETING_DIRECTION_TOP3,1,0.0,-0.11452991452991457,-0.0852604359289616,11.7,10.36,2.0,t1_stop_t2_open,-0.02926947860095297
h5m80d50_direction,600869.SH,20260513,H5_COMPETING_DIRECTION_TOP3,1,0.0,-0.06870644425998462,-0.050000000000000044,23.1,21.512881137594356,4.0,stop_close,-0.018706444259984578
h5m80d50_direction,002281.SZ,20260512,H5_COMPETING_DIRECTION_TOP3,1,1.0,0.0689493525771423,0.07999999999999996,196.01,209.52476259864565,2.0,profit_intraday,-0.011050647422857662
h5m80d50_direction,688146.SH,20260512,H5_COMPETING_DIRECTION_TOP3,1,1.0,0.3517665130568355,0.36281716047969315,97.65,132.0,2.0,profit_open,-0.011050647422857662
h5m80d50_direction,688313.SH,20260512,H5_COMPETING_DIRECTION_TOP3,1,1.0,0.0689493525771423,0.07999999999999996,175.55,187.65405884491733,2.0,profit_intraday,-0.011050647422857662
h5m80d50_direction,002008.SZ,20260511,H5_COMPETING_DIRECTION_TOP3,1,1.0,0.0828614626248454,0.08000000000000007,134.2,145.32000828425424,2.0,profit_intraday,0.0028614626248453234
h5m80d50_direction,002281.SZ,20260511,H5_COMPETING_DIRECTION_TOP3,1,1.0,0.061989890214507515,0.08000000000000007,200.0,212.3979780429015,3.0,profit_intraday,-0.018010109785492556
h5m80d50_direction,601991.SH,20260511,H5_COMPETING_DIRECTION_TOP3,1,1.0,0.0828614626248454,0.08000000000000007,6.68,7.233514570333967,2.0,profit_intraday,0.0028614626248453234
h5m80d50_direction,002317.SZ,20260508,H5_COMPETING_DIRECTION_TOP3,1,0.0,-0.045786464997175313,-0.050000000000000044,23.0,21.94691130506497,2.0,stop_close,0.004213535002824731
h5m80d50_direction,002929.SZ,20260508,H5_COMPETING_DIRECTION_TOP3,1,1.0,0.09422438302254843,0.08000000000000007,78.99,86.4327840149511,3.0,profit_intraday,0.01422438302254836
h5m80d50_direction,601991.SH,20260508,H5_COMPETING_DIRECTION_TOP3,1,1.0,0.11333333333333329,0.10911979833050856,6.0,6.68,2.0,profit_open,0.004213535002824731
h5m80d50_direction,002081.SZ,20260507,H5_COMPETING_DIRECTION_TOP3,1,1.0,0.09518077261767632,0.08000000000000007,6.43,7.042012367931658,2.0,profit_intraday,0.015180772617676253
h5m80d50_direction,301511.SZ,20260507,H5_COMPETING_DIRECTION_TOP3,1,1.0,0.09808567445598326,0.08000000000000007,90.6,99.48656210571208,4.0,profit_intraday,0.01808567445598319
h5m80d50_direction,301526.SZ,20260507,H5_COMPETING_DIRECTION_TOP3,1,0.0,-0.0419632862361895,-0.050000000000000155,18.84,18.04941168731019,3.0,stop_close,0.008036713763810654
h5m80d50_direction,002149.SZ,20260506,H5_COMPETING_DIRECTION_TOP3,1,1.0,0.09910794781339982,0.08000000000000007,71.0,78.03666429475139,4.0,profit_intraday,0.01910794781339975
h5m80d50_direction,301217.SZ,20260506,H5_COMPETING_DIRECTION_TOP3,1,1.0,0.09910794781339982,0.08000000000000007,85.0,93.42417556413899,4.0,profit_intraday,0.01910794781339975
h5m80d50_direction,600673.SH,20260506,H5_COMPETING_DIRECTION_TOP3,1,0.0,-0.03516808199509769,-0.050000000000000044,42.83,41.323751048149965,2.0,stop_close,0.014831918004902356
h5m80d50_direction,002192.SZ,20260430,H5_COMPETING_DIRECTION_TOP3,1,0.0,-0.033217391304347754,-0.06273649746220189,115.0,111.18,2.0,t1_stop_t2_open,0.029519106157854136
h5m80d50_direction,300390.SZ,20260430,H5_COMPETING_DIRECTION_TOP3,1,0.0,-0.01656137329845886,-0.050000000000000044,113.0,111.12856481727415,3.0,stop_close,0.033438626701541185
h5m80d50_direction,301217.SZ,20260430,H5_COMPETING_DIRECTION_TOP3,1,1.0,0.1095191061578542,0.08000000000000007,78.55,87.15272578869944,2.0,profit_intraday,0.029519106157854136
h5m80d50_direction,300390.SZ,20260429,H5_COMPETING_DIRECTION_TOP3,1,0.0,-0.015192253238420772,-0.050000000000000044,109.32,107.65918287597583,4.0,stop_close,0.03480774676157927
h5m80d50_direction,300438.SZ,20260429,H5_COMPETING_DIRECTION_TOP3,1,0.0,0.06445783132530103,0.017925196838350255,83.0,88.35,5.0,expiry_close,0.046532634486950775
h5m80d50_direction,301217.SZ,20260429,H5_COMPETING_DIRECTION_TOP3,1,1.0,0.09968387907620047,0.08000000000000007,72.32,79.52913813479081,2.0,profit_intraday,0.019683879076200395
h5m80d50_direction,300613.SZ,20260428,H5_COMPETING_DIRECTION_TOP3,1,0.0,0.04135649296939614,-0.007441703694474278,60.45,62.95,5.0,expiry_close,0.04879819666387042
h5m80d50_direction,688048.SH,20260428,H5_COMPETING_DIRECTION_TOP3,1,1.0,0.12482042191093101,0.08000000000000007,352.06,396.00427773796235,4.0,profit_intraday,0.04482042191093094
h5m80d50_direction,688702.SH,20260428,H5_COMPETING_DIRECTION_TOP3,1,1.0,0.10175438596491237,0.08689180045138944,285.0,314.0,2.0,profit_open,0.01486258551352293
h5m80d50_direction,000062.SZ,20260427,H5_COMPETING_DIRECTION_TOP3,1,0.0,-0.047594709887350706,-0.04999999999999993,38.28,36.458074505512215,2.0,stop_close,0.0024052901126492277
h5m80d50_direction,301500.SZ,20260427,H5_COMPETING_DIRECTION_TOP3,1,0.0,-0.04759470988735082,-0.050000000000000044,31.51,30.010290691449576,2.0,stop_close,0.0024052901126492277
h5m80d50_direction,688106.SH,20260427,H5_COMPETING_DIRECTION_TOP3,1,0.0,-0.04626670340924777,-0.050000000000000155,41.0,39.103065160220844,3.0,stop_close,0.0037332965907523885
h5m80d50_direction,300857.SZ,20260424,H5_COMPETING_DIRECTION_TOP3,1,1.0,0.10536070494683059,0.08000000000000007,266.0,294.02594751585696,5.0,profit_intraday,0.025360704946830515
h5m80d50_direction,301511.SZ,20260424,H5_COMPETING_DIRECTION_TOP3,1,1.0,0.07215347066576139,0.08000000000000007,63.27,67.83515008902273,2.0,profit_intraday,-0.007846529334238683
h5m80d50_direction,688048.SH,20260424,H5_COMPETING_DIRECTION_TOP3,1,0.0,-0.05784652933423873,-0.050000000000000044,392.94,370.20978476340423,2.0,stop_close,-0.007846529334238683
h5m80d50_direction,300857.SZ,20260423,H5_COMPETING_DIRECTION_TOP3,1,1.0,0.06480297600556106,0.07999999999999996,255.0,271.52475888141805,3.0,profit_intraday,-0.015197023994438896
h5m80d50_direction,600105.SH,20260423,H5_COMPETING_DIRECTION_TOP3,1,0.0,-0.06519702399443883,-0.04999999999999993,48.5,45.337944336269715,3.0,stop_close,-0.015197023994438896
h5m80d50_direction,688048.SH,20260423,H5_COMPETING_DIRECTION_TOP3,1,0.0,-0.0518826313040569,-0.050000000000000044,380.45,360.7112529203715,4.0,stop_close,-0.0018826313040568587
h5m80d50_direction,002081.SZ,20260422,H5_COMPETING_DIRECTION_TOP3,1,0.0,-0.06627092615354424,-0.04999999999999993,5.43,5.070148870986254,2.0,stop_close,-0.016270926153544307
h5m80d50_direction,688048.SH,20260422,H5_COMPETING_DIRECTION_TOP3,1,1.0,0.06372907384645576,0.08000000000000007,383.9,408.36559144965435,2.0,profit_intraday,-0.016270926153544307
h5m80d50_direction,688313.SH,20260422,H5_COMPETING_DIRECTION_TOP3,1,0.0,-0.060794269347748786,-0.04999999999999993,144.8,135.99698979844598,5.0,stop_close,-0.010794269347748853
h5m80d50_direction,002428.SZ,20260421,H5_COMPETING_DIRECTION_TOP3,1,1.0,0.11323507952721434,0.11277257136213503,68.53,76.29,2.0,profit_open,0.0004625081650793117
h5m80d50_direction,300390.SZ,20260421,H5_COMPETING_DIRECTION_TOP3,1,1.0,0.07305045494808726,0.07999999999999996,84.05,90.18989073838674,3.0,profit_intraday,-0.006949545051912698
h5m80d50_direction,688502.SH,20260421,H5_COMPETING_DIRECTION_TOP3,1,0.0,-0.029123966246501487,-0.014382421669459577,475.21,461.37,5.0,expiry_close,-0.01474154457704191
h5m80d50_direction,002281.SZ,20260420,H5_COMPETING_DIRECTION_TOP3,1,1.0,0.07901187544050337,0.07999999999999996,119.0,128.4024131774199,3.0,profit_intraday,-0.0009881245594965948
h5m80d50_direction,002428.SZ,20260420,H5_COMPETING_DIRECTION_TOP3,1,1.0,0.08801185588886318,0.08000000000000007,68.32,74.33296999432713,2.0,profit_intraday,0.008011855888863106
h5m80d50_direction,688313.SH,20260420,H5_COMPETING_DIRECTION_TOP3,1,1.0,0.11888844140153032,0.11087658551266721,124.15,138.91,2.0,profit_open,0.008011855888863106
h5m80d50_direction,002428.SZ,20260417,H5_COMPETING_DIRECTION_TOP3,1,1.0,0.08451589576787666,0.08000000000000007,63.86,69.2571851037366,2.0,profit_intraday,0.004515895767876588
h5m80d50_direction,300390.SZ,20260417,H5_COMPETING_DIRECTION_TOP3,1,0.0,-0.04501950742837901,-0.050000000000000044,86.47,82.57716319266807,4.0,stop_close,0.004980492571621031
h5m80d50_direction,603083.SH,20260417,H5_COMPETING_DIRECTION_TOP3,1,0.0,-0.05536418863906789,-0.05988008440694448,159.67,150.83,2.0,t1_stop_t2_open,0.004515895767876588
h5m80d50_direction,300390.SZ,20260416,H5_COMPETING_DIRECTION_TOP3,1,0.0,-0.041677146127182096,-0.050000000000000044,85.0,81.45744257918952,5.0,stop_close,0.008322853872817948
h5m80d50_direction,603826.SH,20260416,H5_COMPETING_DIRECTION_TOP3,1,0.0,-0.040679812061084064,-0.050000000000000044,35.5,34.05586667183152,2.0,stop_close,0.00932018793891598
h5m80d50_direction,688048.SH,20260416,H5_COMPETING_DIRECTION_TOP3,1,1.0,0.09740671583040306,0.08000000000000007,307.0,336.90386175993376,4.0,profit_intraday,0.017406715830402986
h5m80d50_direction,001309.SZ,20260415,H5_COMPETING_DIRECTION_TOP3,1,0.0,0.0714285714285714,0.04121104649442464,490.0,525.0,5.0,expiry_close,0.030217524934146756
h5m80d50_direction,688048.SH,20260415,H5_COMPETING_DIRECTION_TOP3,1,1.0,0.09595930457671353,0.08000000000000007,298.16,326.77122625259295,2.0,profit_intraday,0.015959304576713462
h5m80d50_direction,688313.SH,20260415,H5_COMPETING_DIRECTION_TOP3,1,1.0,0.09595930457671353,0.08000000000000007,113.81,124.73112845387577,2.0,profit_intraday,0.015959304576713462
h5m80d50_direction,000967.SZ,20260414,H5_COMPETING_DIRECTION_TOP3,1,1.0,0.1502463054187193,0.1369202846568165,12.18,14.01,3.0,profit_open,0.013326020761902813
h5m80d50_direction,002364.SZ,20260414,H5_COMPETING_DIRECTION_TOP3,1,0.0,-0.03667397923809712,-0.04999999999999993,42.49,40.931722622173254,3.0,stop_close,0.013326020761902813
h5m80d50_direction,300548.SZ,20260414,H5_COMPETING_DIRECTION_TOP3,1,1.0,0.09332602076190288,0.08000000000000007,228.86,250.2185931115691,3.0,profit_intraday,0.013326020761902813
h5m80d50_direction,001309.SZ,20260413,H5_COMPETING_DIRECTION_TOP3,1,0.0,0.06143984830684879,0.030043720532817675,485.19,515.0,5.0,expiry_close,0.03139612777403111
h5m80d50_direction,600105.SH,20260413,H5_COMPETING_DIRECTION_TOP3,1,1.0,0.10527062718700186,0.08000000000000007,38.1,42.11081089582477,4.0,profit_intraday,0.025270627187001793
h5m80d50_direction,688313.SH,20260413,H5_COMPETING_DIRECTION_TOP3,1,1.0,0.10527062718700186,0.08000000000000007,116.2,128.43244687912963,4.0,profit_intraday,0.025270627187001793
h5m80d50_direction,002281.SZ,20260410,H5_COMPETING_DIRECTION_TOP3,1,0.0,0.08891788610308504,0.06318428555320632,107.29,116.83,5.0,expiry_close,0.02573360054987872
h5m80d50_direction,002364.SZ,20260410,H5_COMPETING_DIRECTION_TOP3,1,1.0,0.09224441051918042,0.08000000000000007,38.63,42.193401578355946,2.0,profit_intraday,0.012244410519180349
h5m80d50_direction,300548.SZ,20260410,H5_COMPETING_DIRECTION_TOP3,1,1.0,0.08962075540736136,0.08000000000000007,223.32,243.33410709757194,3.0,profit_intraday,0.009620755407361292
h5m80d50_direction,300548.SZ,20260409,H5_COMPETING_DIRECTION_TOP3,1,0.0,0.049138980692294165,0.01767489868916927,229.96,241.26,5.0,expiry_close,0.031464082003124894
h5m80d50_direction,688205.SH,20260409,H5_COMPETING_DIRECTION_TOP3,1,0.0,-0.06988727858293076,-0.07927396626276395,248.4,231.04,2.0,t1_stop_t2_open,0.009386687679833194
h5m80d50_direction,688313.SH,20260409,H5_COMPETING_DIRECTION_TOP3,1,1.0,0.08938668767983327,0.08000000000000007,109.01,118.75404282397864,2.0,profit_intraday,0.009386687679833194
h5m80d50_direction,300548.SZ,20260408,H5_COMPETING_DIRECTION_TOP3,1,1.0,0.14916795762330715,0.14957721061288176,200.11,229.96,2.0,profit_open,-0.00040925298957461553
h5m80d50_direction,601869.SH,20260408,H5_COMPETING_DIRECTION_TOP3,1,1.0,0.10466099306768872,0.10507024605726334,354.86,392.0,2.0,profit_open,-0.00040925298957461553
h5m80d50_direction,688205.SH,20260408,H5_COMPETING_DIRECTION_TOP3,1,0.0,-0.01216326530612244,-0.021370830400996632,245.0,242.02,5.0,expiry_close,0.009207565094874193
h5m80d50_direction,002428.SZ,20260407,H5_COMPETING_DIRECTION_TOP3,1,0.0,0.09037037037037043,0.03627674637877476,54.0,58.88,5.0,expiry_close,0.054093623991595674
h5m80d50_direction,002432.SZ,20260407,H5_COMPETING_DIRECTION_TOP3,1,1.0,0.1213429928953138,0.08000000000000007,84.43,94.67498889015135,3.0,profit_intraday,0.041342992895313735
h5m80d50_direction,688205.SH,20260407,H5_COMPETING_DIRECTION_TOP3,1,0.0,-0.017875010988911644,-0.050000000000000044,248.0,243.56699727474992,2.0,stop_close,0.0321249890110884
h5m80d50_direction,002428.SZ,20260403,H5_COMPETING_DIRECTION_TOP3,1,1.0,0.12991369014021492,0.08000000000000007,51.91,58.65381965517855,4.0,profit_intraday,0.04991369014021485
h5m80d50_direction,002432.SZ,20260403,H5_COMPETING_DIRECTION_TOP3,1,1.0,0.12991369014021492,0.08000000000000007,82.1,92.76591396051164,4.0,profit_intraday,0.04991369014021485
h5m80d50_direction,688048.SH,20260403,H5_COMPETING_DIRECTION_TOP3,1,0.0,-0.00938018184994005,-0.04999999999999993,233.45,231.26019654713147,3.0,stop_close,0.04061981815005988
h5m80d50_direction,000950.SZ,20260402,H5_COMPETING_DIRECTION_TOP3,1,1.0,0.10992366412213728,0.11641772863135913,6.55,7.27,2.0,profit_open,-0.006494064509221853
h5m80d50_direction,002432.SZ,20260402,H5_COMPETING_DIRECTION_TOP3,1,1.0,0.07350593549077811,0.07999999999999996,80.0,85.88047483926225,2.0,profit_intraday,-0.006494064509221853
h5m80d50_direction,688331.SH,20260402,H5_COMPETING_DIRECTION_TOP3,1,0.0,-0.014995977186216258,-0.050000000000000044,145.0,142.82558330799864,3.0,stop_close,0.035004022813783786
h5m80d50_direction,001309.SZ,20260401,H5_COMPETING_DIRECTION_TOP3,1,1.0,0.08828046696740888,0.08000000000000007,378.88,412.3277033246119,5.0,profit_intraday,0.008280466967408806
h5m80d50_direction,002428.SZ,20260401,H5_COMPETING_DIRECTION_TOP3,1,1.0,0.0489229912609761,0.08000000000000007,48.01,50.35879281043946,2.0,profit_intraday,-0.03107700873902397
h5m80d50_direction,688048.SH,20260401,H5_COMPETING_DIRECTION_TOP3,1,1.0,0.0489229912609761,0.08000000000000007,225.0,236.0076730337196,2.0,profit_intraday,-0.03107700873902397
h5m80d50_direction,000657.SZ,20260331,H5_COMPETING_DIRECTION_TOP3,1,0.0,-0.04923662739359369,-0.04999999999999993,48.73,46.330699147110174,2.0,stop_close,0.0007633726064062429
h5m80d50_direction,600259.SH,20260331,H5_COMPETING_DIRECTION_TOP3,1,1.0,0.07426435070623372,0.07999999999999996,80.22,86.17748621365406,4.0,profit_intraday,-0.005735649293766243
h5m80d50_direction,688331.SH,20260331,H5_COMPETING_DIRECTION_TOP3,1,1.0,0.08934337997847153,0.08858000737206528,130.06,141.68,2.0,profit_open,0.0007633726064062429
h5m80d50_direction,002038.SZ,20260330,H5_COMPETING_DIRECTION_TOP3,1,1.0,0.08197388930636951,0.08000000000000007,6.81,7.368242186176376,2.0,profit_intraday,0.0019738893063694363
h5m80d50_direction,002756.SZ,20260330,H5_COMPETING_DIRECTION_TOP3,1,0.0,-0.04802611069363061,-0.050000000000000044,78.73,74.94890430509047,2.0,stop_close,0.0019738893063694363
h5m80d50_direction,603026.SH,20260330,H5_COMPETING_DIRECTION_TOP3,1,0.0,-0.0480261106936305,-0.04999999999999993,92.62,88.17182162755594,2.0,stop_close,0.0019738893063694363
h5m80d50_direction,000767.SZ,20260327,H5_COMPETING_DIRECTION_TOP3,1,0.0,-0.1710261569416498,-0.1569449022976992,4.97,4.12,2.0,t1_stop_t2_open,-0.014081254643950603
h5m80d50_direction,603026.SH,20260327,H5_COMPETING_DIRECTION_TOP3,1,0.0,-0.06408125464395065,-0.050000000000000044,94.79,88.71573787229993,2.0,stop_close,-0.014081254643950603
h5m80d50_direction,688205.SH,20260327,H5_COMPETING_DIRECTION_TOP3,1,0.0,-0.06408125464395065,-0.050000000000000044,198.0,185.31191158049776,2.0,stop_close,-0.014081254643950603
h5m80d50_direction,000767.SZ,20260326,H5_COMPETING_DIRECTION_TOP3,1,0.0,-0.03523585254033834,-0.050000000000000155,4.9,4.727344322552343,2.0,stop_close,0.014764147459661814
h5m80d50_direction,600163.SH,20260326,H5_COMPETING_DIRECTION_TOP3,1,0.0,-0.1383219954648527,-0.1530861429245145,8.82,7.6,2.0,t1_stop_t2_open,0.014764147459661814
h5m80d50_direction,688048.SH,20260326,H5_COMPETING_DIRECTION_TOP3,1,1.0,0.07977003021337059,0.07999999999999996,213.0,229.99101643544793,5.0,profit_intraday,-0.0002299697866293693
h5m80d50_direction,002192.SZ,20260325,H5_COMPETING_DIRECTION_TOP3,1,1.0,0.09349835967790043,0.09421018843293139,67.06,73.33,2.0,profit_open,-0.0007118287550309521
h5m80d50_direction,600821.SH,20260325,H5_COMPETING_DIRECTION_TOP3,1,0.0,-0.050711828755030997,-0.050000000000000044,10.89,10.337748184857713,2.0,stop_close,-0.0007118287550309521
h5m80d50_direction,601869.SH,20260325,H5_COMPETING_DIRECTION_TOP3,1,1.0,0.07928817124496912,0.08000000000000007,258.44,278.93123497654983,2.0,profit_intraday,-0.0007118287550309521
h5m80d50_direction,000035.SZ,20260324,H5_COMPETING_DIRECTION_TOP3,1,0.0,-0.03223733173839749,-0.050000000000000044,7.51,7.267897638644635,3.0,stop_close,0.017762668261602554
h5m80d50_direction,002192.SZ,20260324,H5_COMPETING_DIRECTION_TOP3,1,1.0,0.08442827307980783,0.08000000000000007,63.0,68.31898120402789,2.0,profit_intraday,0.004428273079807754
h5m80d50_direction,002498.SZ,20260324,H5_COMPETING_DIRECTION_TOP3,1,0.0,-0.04557172692019229,-0.050000000000000044,9.21,8.79028439506503,2.0,stop_close,0.004428273079807754
h5m80d50_direction,300672.SZ,20260323,H5_COMPETING_DIRECTION_TOP3,1,0.0,-0.006136766621438694,-0.050000000000000044,177.0,175.91379230800536,2.0,stop_close,0.04386323337856135
h5m80d50_direction,688519.SH,20260323,H5_COMPETING_DIRECTION_TOP3,1,1.0,0.1386297376093295,0.09476650423076816,137.2,156.22,2.0,profit_open,0.04386323337856135
h5m80d50_direction,688717.SH,20260323,H5_COMPETING_DIRECTION_TOP3,1,0.0,-0.006136766621438694,-0.050000000000000044,135.87,135.03619751914513,2.0,stop_close,0.04386323337856135
h5m80d50_direction,301205.SZ,20260320,H5_COMPETING_DIRECTION_TOP3,1,1.0,0.10655466943513758,0.11002971820096485,211.91,234.49,3.0,profit_open,-0.003475048765827271
h5m80d50_direction,600821.SH,20260320,H5_COMPETING_DIRECTION_TOP3,1,1.0,0.058435962698149435,0.08000000000000007,10.38,10.986565292806793,2.0,profit_intraday,-0.021564037301850636
h5m80d50_direction,688048.SH,20260320,H5_COMPETING_DIRECTION_TOP3,1,1.0,0.097006738755681,0.10048178752150827,191.43,210.0,3.0,profit_open,-0.003475048765827271
h5m80d50_direction,002432.SZ,20260319,H5_COMPETING_DIRECTION_TOP3,1,0.0,-0.0592492085029398,-0.02610968787774004,66.33,62.4,5.0,expiry_close,-0.03313952062519976
h5m80d50_direction,300166.SZ,20260319,H5_COMPETING_DIRECTION_TOP3,1,0.0,-0.1157436216552582,-0.05494138299514029,16.07,14.21,2.0,t1_stop_t2_open,-0.06080223866011791
h5m80d50_direction,600821.SH,20260319,H5_COMPETING_DIRECTION_TOP3,1,1.0,0.019197761339882158,0.08000000000000007,10.88,11.088871643377919,2.0,profit_intraday,-0.06080223866011791
h5m80d50_direction,300166.SZ,20260318,H5_COMPETING_DIRECTION_TOP3,1,1.0,0.055847568988173446,0.09426268326375276,15.22,16.07,2.0,profit_open,-0.03841511427557931
h5m80d50_direction,300672.SZ,20260318,H5_COMPETING_DIRECTION_TOP3,1,1.0,0.04158488572442076,0.08000000000000007,191.75,199.72390183765768,2.0,profit_intraday,-0.03841511427557931
h5m80d50_direction,603248.SH,20260318,H5_COMPETING_DIRECTION_TOP3,1,0.0,-0.08841511427557935,-0.050000000000000044,31.75,28.942820121750355,2.0,stop_close,-0.03841511427557931
h5m80d50_direction,002015.SZ,20260317,H5_COMPETING_DIRECTION_TOP3,1,1.0,0.04738160708070893,0.08000000000000007,20.43,21.398006232658883,3.0,profit_intraday,-0.03261839291929114
h5m80d50_direction,301511.SZ,20260317,H5_COMPETING_DIRECTION_TOP3,1,0.0,-0.08261839291929107,-0.04999999999999993,39.46,36.19987821540477,3.0,stop_close,-0.03261839291929114
h5m80d50_direction,688295.SH,20260317,H5_COMPETING_DIRECTION_TOP3,1,1.0,0.06329844642674498,0.07999999999999996,55.55,59.066228699005684,2.0,profit_intraday,-0.01670155357325498
h5m80d50_direction,300548.SZ,20260316,H5_COMPETING_DIRECTION_TOP3,1,0.0,-0.08012345679012345,-0.0685994848371555,162.0,149.02,2.0,t1_stop_t2_open,-0.011523971952967949
h5m80d50_direction,600330.SH,20260316,H5_COMPETING_DIRECTION_TOP3,1,0.0,-0.12052631578947359,-0.10900234383650564,19.0,16.71,2.0,t1_stop_t2_open,-0.011523971952967949
h5m80d50_direction,688717.SH,20260316,H5_COMPETING_DIRECTION_TOP3,1,0.0,-0.06152397195296799,-0.050000000000000044,141.48,132.77558844809408,2.0,stop_close,-0.011523971952967949
h5m80d50_direction,300438.SZ,20260313,H5_COMPETING_DIRECTION_TOP3,1,0.0,-0.06396366129123665,-0.050000000000000044,58.48,54.739405087688475,3.0,stop_close,-0.013963661291236606
h5m80d50_direction,300763.SZ,20260313,H5_COMPETING_DIRECTION_TOP3,1,0.0,-0.0698721650924593,-0.050000000000000044,105.7,98.31451214972705,2.0,stop_close,-0.01987216509245926
h5m80d50_direction,688717.SH,20260313,H5_COMPETING_DIRECTION_TOP3,1,0.0,-0.0698721650924593,-0.050000000000000044,145.0,134.8685360615934,2.0,stop_close,-0.01987216509245926
h5m80d50_direction,002015.SZ,20260312,H5_COMPETING_DIRECTION_TOP3,1,0.0,-0.05617977528089879,-0.008966060534023157,21.36,20.16,5.0,expiry_close,-0.047213714746875635
h5m80d50_direction,601016.SH,20260312,H5_COMPETING_DIRECTION_TOP3,1,0.0,-0.063824520263697,-0.050000000000000155,4.61,4.315768961584357,2.0,stop_close,-0.013824520263696849
h5m80d50_direction,688295.SH,20260312,H5_COMPETING_DIRECTION_TOP3,1,1.0,0.06617547973630322,0.08000000000000007,44.73,47.69002920860484,2.0,profit_intraday,-0.013824520263696849
h5m80d50_direction,301217.SZ,20260311,H5_COMPETING_DIRECTION_TOP3,1,0.0,-0.06324659704972757,-0.050000000000000044,44.03,41.245252331900495,2.0,stop_close,-0.013246597049727526
h5m80d50_direction,601869.SH,20260311,H5_COMPETING_DIRECTION_TOP3,1,0.0,-0.0828555235787013,-0.050000000000000044,245.01,224.70956816798238,4.0,stop_close,-0.03285552357870125
h5m80d50_direction,688300.SH,20260311,H5_COMPETING_DIRECTION_TOP3,1,0.0,-0.06324659704972757,-0.050000000000000044,98.51,92.27957772463134,2.0,stop_close,-0.013246597049727526
h5m80d50_direction,300870.SZ,20260310,H5_COMPETING_DIRECTION_TOP3,1,0.0,-0.05043356922156883,-0.05150950994956782,300.99,285.81,2.0,t1_stop_t2_open,0.0010759407279989919
h5m80d50_direction,688158.SH,20260310,H5_COMPETING_DIRECTION_TOP3,1,0.0,-0.04892405927200105,-0.050000000000000044,51.48,48.961389428677386,2.0,stop_close,0.0010759407279989919
h5m80d50_direction,688300.SH,20260310,H5_COMPETING_DIRECTION_TOP3,1,0.0,-0.06032079496216636,-0.050000000000000155,99.1,93.12220921924931,3.0,stop_close,-0.010320794962166202
h5m80d50_direction,001203.SZ,20260309,H5_COMPETING_DIRECTION_TOP3,1,0.0,0.011688311688311748,0.010206087022878396,38.5,38.95,5.0,expiry_close,0.0014822246654333515
h5m80d50_direction,002015.SZ,20260309,H5_COMPETING_DIRECTION_TOP3,1,1.0,0.09552131972823275,0.08000000000000007,18.39,20.1466370698022,3.0,profit_intraday,0.015521319728232674
h5m80d50_direction,600821.SH,20260309,H5_COMPETING_DIRECTION_TOP3,1,0.0,-0.0720461095100865,-0.0894838278010609,10.41,9.66,2.0,t1_stop_t2_open,0.017437718290974402
h5m80d50_direction,002498.SZ,20260306,H5_COMPETING_DIRECTION_TOP3,1,0.0,-0.03956235181087098,-0.050000000000000044,9.84,9.45070645818103,3.0,stop_close,0.010437648189129067
h5m80d50_direction,300323.SZ,20260306,H5_COMPETING_DIRECTION_TOP3,1,1.0,0.09043764818912914,0.08000000000000007,11.26,12.278327918609595,3.0,profit_intraday,0.010437648189129067
h5m80d50_direction,600821.SH,20260306,H5_COMPETING_DIRECTION_TOP3,1,1.0,0.10042283298097243,0.09297235534708337,9.46,10.41,2.0,profit_open,0.007450477633889063
h5m80d50_direction,002498.SZ,20260305,H5_COMPETING_DIRECTION_TOP3,1,1.0,0.08467810590898739,0.08000000000000007,9.54,10.34782913037174,2.0,profit_intraday,0.004678105908987318
h5m80d50_direction,300323.SZ,20260305,H5_COMPETING_DIRECTION_TOP3,1,0.0,-0.030824536375534728,-0.04999999999999993,11.51,11.155209586317595,3.0,stop_close,0.019175463624465205
h5m80d50_direction,600487.SH,20260305,H5_COMPETING_DIRECTION_TOP3,1,0.0,-0.04532189409101273,-0.050000000000000044,49.37,47.1324580887267,2.0,stop_close,0.004678105908987318
h5m80d50_direction,300870.SZ,20260304,H5_COMPETING_DIRECTION_TOP3,1,1.0,0.09953534830826505,0.08000000000000007,282.0,310.0689682229307,2.0,profit_intraday,0.019535348308264977
h5m80d50_direction,301500.SZ,20260304,H5_COMPETING_DIRECTION_TOP3,1,0.0,-0.030464651691735067,-0.050000000000000044,26.24,25.44060753960887,2.0,stop_close,0.019535348308264977
h5m80d50_direction,688702.SH,20260304,H5_COMPETING_DIRECTION_TOP3,1,0.0,-0.037479153691380995,-0.050000000000000044,200.0,192.5041692617238,3.0,stop_close,0.012520846308619049
h5m80d50_direction,002378.SZ,20260303,H5_COMPETING_DIRECTION_TOP3,1,1.0,0.19076044640539846,0.19092419586360032,38.53,45.88,2.0,profit_open,-0.00016374945820185616
h5m80d50_direction,601869.SH,20260303,H5_COMPETING_DIRECTION_TOP3,1,0.0,-0.03852737993857469,-0.04999999999999993,226.87,218.12929331333555,3.0,stop_close,0.011472620061425243
h5m80d50_direction,601975.SH,20260303,H5_COMPETING_DIRECTION_TOP3,1,0.0,-0.0501637494582019,-0.050000000000000044,5.4,5.12911575292571,2.0,stop_close,-0.00016374945820185616
h5m80d50_direction,000657.SZ,20260302,H5_COMPETING_DIRECTION_TOP3,1,0.0,-0.05294545454545452,-0.022924340308134172,68.75,65.11,5.0,expiry_close,-0.030021114237320345
h5m80d50_direction,002378.SZ,20260302,H5_COMPETING_DIRECTION_TOP3,1,1.0,0.037984113906359696,0.08000000000000007,43.85,45.51560339479387,2.0,profit_intraday,-0.042015886093640376
h5m80d50_direction,600498.SH,20260302,H5_COMPETING_DIRECTION_TOP3,1,0.0,-0.07330133275469519,-0.050000000000000044,58.41,54.12846915379825,4.0,stop_close,-0.023301332754695148
h5m80d50_direction,001203.SZ,20260227,H5_COMPETING_DIRECTION_TOP3,1,0.0,-0.0679851668726823,-0.02479751273033426,40.45,37.7,2.0,t1_stop_t2_open,-0.04318765414234804
h5m80d50_direction,002378.SZ,20260227,H5_COMPETING_DIRECTION_TOP3,1,0.0,0.000895656068069961,0.033106165696312084,44.66,44.7,5.0,expiry_close,-0.03221050962824212
h5m80d50_direction,688726.SH,20260227,H5_COMPETING_DIRECTION_TOP3,1,0.0,-0.09318765414234798,-0.04999999999999993,77.0,69.8245506310392,2.0,stop_close,-0.04318765414234804
h5m80d50_direction,000657.SZ,20260226,H5_COMPETING_DIRECTION_TOP3,1,1.0,0.1716171617161717,0.17192318926615402,60.6,71.0,2.0,profit_open,-0.00030602754998232395
h5m80d50_direction,001203.SZ,20260226,H5_COMPETING_DIRECTION_TOP3,1,0.0,-0.05030602754998237,-0.050000000000000044,39.5,37.512911911775696,2.0,stop_close,-0.00030602754998232395
h5m80d50_direction,002378.SZ,20260226,H5_COMPETING_DIRECTION_TOP3,1,1.0,0.1587960560456667,0.15910208359564904,38.54,44.66,2.0,profit_open,-0.00030602754998232395
h5m80d50_direction,001203.SZ,20260225,H5_COMPETING_DIRECTION_TOP3,1,0.0,-0.03707386835858906,-0.04999999999999993,42.62,41.03991173055693,2.0,stop_close,0.012926131641410876
h5m80d50_direction,002378.SZ,20260225,H5_COMPETING_DIRECTION_TOP3,1,1.0,0.09292613164141095,0.08000000000000007,35.55,38.853523979852156,2.0,profit_intraday,0.012926131641410876
h5m80d50_direction,301526.SZ,20260225,H5_COMPETING_DIRECTION_TOP3,1,0.0,-0.03707386835858917,-0.050000000000000044,15.16,14.597960155683788,2.0,stop_close,0.012926131641410876
h5m80d50_direction,002378.SZ,20260224,H5_COMPETING_DIRECTION_TOP3,1,1.0,0.12678288431061802,0.10841860147249172,31.55,35.55,2.0,profit_open,0.0183642828381263
h5m80d50_direction,002498.SZ,20260224,H5_COMPETING_DIRECTION_TOP3,1,1.0,0.09836428283812637,0.08000000000000007,7.83,8.60019233462253,2.0,profit_intraday,0.0183642828381263
h5m80d50_direction,300065.SZ,20260224,H5_COMPETING_DIRECTION_TOP3,1,0.0,-0.031635717161873744,-0.050000000000000044,28.3,27.404709204318973,2.0,stop_close,0.0183642828381263
h5m80d50_direction,002378.SZ,20260213,H5_COMPETING_DIRECTION_TOP3,1,0.0,-0.01159147869674193,-0.037050318633138346,31.92,31.55,2.0,t1_stop_t2_open,0.025458839936396416
h5m80d50_direction,300017.SZ,20260213,H5_COMPETING_DIRECTION_TOP3,1,0.0,-0.028419182948490218,-0.053878022884886634,22.52,21.88,2.0,t1_stop_t2_open,0.025458839936396416
h5m80d50_direction,301526.SZ,20260213,H5_COMPETING_DIRECTION_TOP3,1,1.0,0.18175018698578915,0.15629134704939274,13.37,15.8,2.0,profit_open,0.025458839936396416
h5m80d50_direction,002378.SZ,20260212,H5_COMPETING_DIRECTION_TOP3,1,1.0,0.12964728312678742,0.11285872705417166,31.47,35.55,4.0,profit_open,0.016788556072615757
h5m80d50_direction,301526.SZ,20260212,H5_COMPETING_DIRECTION_TOP3,1,1.0,0.0784526885005048,0.08000000000000007,12.71,13.707133670841417,2.0,profit_intraday,-0.0015473114994952741
h5m80d50_direction,603619.SH,20260212,H5_COMPETING_DIRECTION_TOP3,1,1.0,0.0784526885005048,0.08000000000000007,33.72,36.36542465623702,2.0,profit_intraday,-0.0015473114994952741
h5m80d50_direction,002378.SZ,20260211,H5_COMPETING_DIRECTION_TOP3,1,1.0,0.10887949260042284,0.11524101671659193,28.38,31.47,2.0,profit_open,-0.006361524116169082
h5m80d50_direction,300017.SZ,20260211,H5_COMPETING_DIRECTION_TOP3,1,1.0,0.08849129593810456,0.09485282005427365,20.68,22.51,2.0,profit_open,-0.006361524116169082
h5m80d50_direction,301526.SZ,20260211,H5_COMPETING_DIRECTION_TOP3,1,1.0,0.10521739130434793,0.11157891542051701,11.5,12.71,2.0,profit_open,-0.006361524116169082
h5m80d50_direction,002429.SZ,20260210,H5_COMPETING_DIRECTION_TOP3,1,0.0,-0.0557453060344314,-0.050000000000000044,11.9,11.236630858190267,3.0,stop_close,-0.005745306034431352
h5m80d50_direction,301526.SZ,20260210,H5_COMPETING_DIRECTION_TOP3,1,1.0,0.10258868648130393,0.0958511959606545,10.43,11.5,2.0,profit_open,0.006737490520649425
h5m80d50_direction,601869.SH,20260210,H5_COMPETING_DIRECTION_TOP3,1,1.0,0.0867374905206495,0.08000000000000007,208.08,226.12833702753676,2.0,profit_intraday,0.006737490520649425
h5m80d50_direction,002506.SZ,20260209,H5_COMPETING_DIRECTION_TOP3,1,0.0,-0.04230964271740434,-0.050000000000000044,5.41,5.181104832898843,3.0,stop_close,0.007690357282595706
h5m80d50_direction,600884.SH,20260209,H5_COMPETING_DIRECTION_TOP3,1,0.0,-0.05500000000000005,-0.056567240039426925,16.0,15.12,2.0,t1_stop_t2_open,0.001567240039426876
h5m80d50_direction,603103.SH,20260209,H5_COMPETING_DIRECTION_TOP3,1,0.0,-0.04843275996057306,-0.04999999999999993,39.17,37.272888792344354,2.0,stop_close,0.001567240039426876
h5m80d50_direction,002378.SZ,20260206,H5_COMPETING_DIRECTION_TOP3,1,1.0,0.09996494479662199,0.08000000000000007,24.93,27.422126073779786,3.0,profit_intraday,0.01996494479662192
h5m80d50_direction,300751.SZ,20260206,H5_COMPETING_DIRECTION_TOP3,1,0.0,-0.030035055203378236,-0.050000000000000155,317.2,307.6728804894884,3.0,stop_close,0.01996494479662192
h5m80d50_direction,688726.SH,20260206,H5_COMPETING_DIRECTION_TOP3,1,0.0,-0.04615791561962701,-0.0654907076635014,75.61,72.12,2.0,t1_stop_t2_open,0.01933279204387439
h5m80d50_direction,000657.SZ,20260205,H5_COMPETING_DIRECTION_TOP3,1,1.0,0.09859810994370921,0.08000000000000007,44.64,49.04141962788718,4.0,profit_intraday,0.01859810994370914
h5m80d50_direction,300751.SZ,20260205,H5_COMPETING_DIRECTION_TOP3,1,1.0,0.09913718424061813,0.08213296403108727,288.59,317.2,2.0,profit_open,0.01700422020953085
h5m80d50_direction,688726.SH,20260205,H5_COMPETING_DIRECTION_TOP3,1,1.0,0.17864380358534682,0.16163958337581597,64.15,75.61,2.0,profit_open,0.01700422020953085
h5m80d50_direction,300065.SZ,20260204,H5_COMPETING_DIRECTION_TOP3,1,1.0,0.06583543058055841,0.07999999999999996,27.1,28.884140168733133,2.0,profit_intraday,-0.014164569419441553
h5m80d50_direction,688516.SH,20260204,H5_COMPETING_DIRECTION_TOP3,1,1.0,0.06583543058055841,0.07999999999999996,105.23,112.15786235999217,2.0,profit_intraday,-0.014164569419441553
h5m80d50_direction,688726.SH,20260204,H5_COMPETING_DIRECTION_TOP3,1,1.0,0.06583543058055841,0.07999999999999996,68.0,72.47680927947798,2.0,profit_intraday,-0.014164569419441553
h5m80d50_direction,300757.SZ,20260203,H5_COMPETING_DIRECTION_TOP3,1,0.0,-0.05824265747890878,-0.050000000000000044,426.01,401.19804548741007,2.0,stop_close,-0.008242657478908733
h5m80d50_direction,600986.SH,20260203,H5_COMPETING_DIRECTION_TOP3,1,0.0,-0.08036809815950918,-0.07212544068060045,16.3,14.99,2.0,t1_stop_t2_open,-0.008242657478908733
h5m80d50_direction,688516.SH,20260203,H5_COMPETING_DIRECTION_TOP3,1,0.0,-0.05824265747890878,-0.050000000000000044,123.0,115.83615313009422,2.0,stop_close,-0.008242657478908733
h5m80d50_direction,300058.SZ,20260202,H5_COMPETING_DIRECTION_TOP3,1,0.0,-0.01892913883397962,-0.050000000000000044,22.25,21.828826660943953,2.0,stop_close,0.031070861166020425
h5m80d50_direction,603103.SH,20260202,H5_COMPETING_DIRECTION_TOP3,1,0.0,-0.01892913883397962,-0.050000000000000044,30.86,30.27584677558339,2.0,stop_close,0.031070861166020425
h5m80d50_direction,688380.SH,20260202,H5_COMPETING_DIRECTION_TOP3,1,0.0,-0.01057692307692304,-0.04571449170836295,52.0,51.45,5.0,expiry_close,0.03513756863143991
h5m80d50_direction,300757.SZ,20260130,H5_COMPETING_DIRECTION_TOP3,1,1.0,0.0729786295824153,0.07999999999999996,365.0,391.63719979758156,2.0,profit_intraday,-0.00702137041758466
h5m80d50_direction,688380.SH,20260130,H5_COMPETING_DIRECTION_TOP3,1,0.0,-0.054545454545454564,-0.0475240841278699,55.0,52.0,2.0,t1_stop_t2_open,-0.00702137041758466
h5m80d50_direction,688516.SH,20260130,H5_COMPETING_DIRECTION_TOP3,1,1.0,0.0729786295824153,0.07999999999999996,99.5,106.76137364345033,2.0,profit_intraday,-0.00702137041758466
h5m80d50_direction,300136.SZ,20260129,H5_COMPETING_DIRECTION_TOP3,1,1.0,0.03712106913237467,0.08000000000000007,83.0,86.0810487379871,2.0,profit_intraday,-0.0428789308676254
h5m80d50_direction,601069.SH,20260129,H5_COMPETING_DIRECTION_TOP3,1,0.0,-0.09287893086762544,-0.050000000000000044,44.82,40.65716631851303,2.0,stop_close,-0.0428789308676254
h5m80d50_direction,688380.SH,20260129,H5_COMPETING_DIRECTION_TOP3,1,1.0,0.045031350940528236,0.08791028180815363,52.63,55.0,2.0,profit_open,-0.0428789308676254
h5m80d50_direction,000620.SZ,20260128,H5_COMPETING_DIRECTION_TOP3,1,0.0,-0.1080402010050252,-0.09157111808854956,3.98,3.55,2.0,t1_stop_t2_open,-0.01646908291647564
h5m80d50_direction,300567.SZ,20260128,H5_COMPETING_DIRECTION_TOP3,1,0.0,-0.0866957470010905,-0.07022666408461486,146.72,134.0,2.0,t1_stop_t2_open,-0.01646908291647564
h5m80d50_direction,688380.SH,20260128,H5_COMPETING_DIRECTION_TOP3,1,1.0,0.06353091708352432,0.07999999999999996,52.97,56.335232677914284,2.0,profit_intraday,-0.01646908291647564
h5m80d50_direction,300857.SZ,20260127,H5_COMPETING_DIRECTION_TOP3,1,0.0,-0.0200425531914894,-0.016270631086845455,235.0,230.29,2.0,t1_stop_t2_open,-0.0037719221046439433
h5m80d50_direction,301207.SZ,20260127,H5_COMPETING_DIRECTION_TOP3,1,0.0,-0.05377192210464399,-0.050000000000000044,24.2,22.898719485067616,2.0,stop_close,-0.0037719221046439433
h5m80d50_direction,600877.SH,20260127,H5_COMPETING_DIRECTION_TOP3,1,0.0,-0.05377192210464388,-0.04999999999999993,25.55,24.17612739022635,2.0,stop_close,-0.0037719221046439433
h5m80d50_direction,000426.SZ,20260126,H5_COMPETING_DIRECTION_TOP3,1,1.0,0.08217416229124175,0.08000000000000007,63.5,68.71805930549385,2.0,profit_intraday,0.002174162291241677
h5m80d50_direction,002716.SZ,20260126,H5_COMPETING_DIRECTION_TOP3,1,1.0,0.16150442477876115,0.16510297153806064,18.08,21.0,3.0,profit_open,-0.0035985467592994924
h5m80d50_direction,300751.SZ,20260126,H5_COMPETING_DIRECTION_TOP3,1,0.0,-0.07540804230874443,-0.029084866519535457,329.01,304.2,5.0,expiry_close,-0.04632317578920897
h5m80d50_direction,301205.SZ,20260123,H5_COMPETING_DIRECTION_TOP3,1,1.0,0.06910647747756138,0.08000000000000007,191.72,204.96909386199806,2.0,profit_intraday,-0.010893522522438692
h5m80d50_direction,600118.SH,20260123,H5_COMPETING_DIRECTION_TOP3,1,0.0,-0.1307013469577335,-0.11980782443529481,107.65,93.58,2.0,t1_stop_t2_open,-0.010893522522438692
h5m80d50_direction,601212.SH,20260123,H5_COMPETING_DIRECTION_TOP3,1,1.0,0.06910647747756138,0.08000000000000007,10.97,11.728098057928849,2.0,profit_intraday,-0.010893522522438692
h5m80d50_direction,600879.SH,20260122,H5_COMPETING_DIRECTION_TOP3,1,0.0,-0.04076891764642854,-0.050000000000000044,28.9,27.721778280018214,4.0,stop_close,0.009231082353571507
h5m80d50_direction,688387.SH,20260122,H5_COMPETING_DIRECTION_TOP3,1,1.0,0.08704161045840153,0.08000000000000007,19.05,20.70814267923255,2.0,profit_intraday,0.007041610458401459
h5m80d50_direction,688523.SH,20260122,H5_COMPETING_DIRECTION_TOP3,1,1.0,0.09213967081987384,0.08509806036147238,65.01,71.0,2.0,profit_open,0.007041610458401459
h5m80d50_direction,000880.SZ,20260121,H5_COMPETING_DIRECTION_TOP3,1,1.0,0.09409778602736552,0.08000000000000007,36.77,40.22997559222623,3.0,profit_intraday,0.014097786027365444
h5m80d50_direction,002716.SZ,20260121,H5_COMPETING_DIRECTION_TOP3,1,1.0,0.23743232791956692,0.21198734867280256,12.93,16.0,2.0,profit_open,0.025444979246764365
h5m80d50_direction,600118.SH,20260121,H5_COMPETING_DIRECTION_TOP3,1,1.0,0.10544497924676444,0.08000000000000007,96.28,106.43224260187849,2.0,profit_intraday,0.025444979246764365
h5m80d50_direction,002498.SZ,20260120,H5_COMPETING_DIRECTION_TOP3,1,1.0,0.10106923314953198,0.08000000000000007,5.74,6.320137398278314,4.0,profit_intraday,0.021069233149531907
h5m80d50_direction,600118.SH,20260120,H5_COMPETING_DIRECTION_TOP3,1,0.0,-0.017848036715961246,-0.039094968361295335,98.05,96.3,5.0,expiry_close,0.02124693164533409
h5m80d50_direction,688523.SH,20260120,H5_COMPETING_DIRECTION_TOP3,1,1.0,0.11249443300557282,0.08000000000000007,61.5,68.41840762984273,3.0,profit_intraday,0.032494433005572754
h5m80d50_direction,002498.SZ,20260119,H5_COMPETING_DIRECTION_TOP3,1,1.0,0.08712121212121215,0.08431133631366117,5.28,5.74,2.0,profit_open,0.0028098758075509878
h5m80d50_direction,600879.SH,20260119,H5_COMPETING_DIRECTION_TOP3,1,1.0,0.0898364003051515,0.08000000000000007,27.01,29.436481172242143,3.0,profit_intraday,0.009836400305151427
h5m80d50_direction,603667.SH,20260119,H5_COMPETING_DIRECTION_TOP3,1,0.0,-0.03305272513718527,-0.050000000000000044,89.0,86.05830746279051,5.0,stop_close,0.016947274862814776
h5m80d50_direction,300762.SZ,20260116,H5_COMPETING_DIRECTION_TOP3,1,0.0,-0.04678871899421955,-0.050000000000000044,49.1,46.80267389738382,2.0,stop_close,0.0032112810057804975
h5m80d50_direction,600879.SH,20260116,H5_COMPETING_DIRECTION_TOP3,1,1.0,0.08321128100578057,0.08000000000000007,25.25,27.35108484539596,2.0,profit_intraday,0.0032112810057804975
h5m80d50_direction,688523.SH,20260116,H5_COMPETING_DIRECTION_TOP3,1,0.0,-0.04678871899421955,-0.050000000000000044,65.52,62.45440313149873,2.0,stop_close,0.0032112810057804975
h5m80d50_direction,300136.SZ,20260115,H5_COMPETING_DIRECTION_TOP3,1,0.0,-0.04077702672429451,-0.050000000000000155,79.0,75.77861488878074,4.0,stop_close,0.009222973275705648
h5m80d50_direction,300409.SZ,20260115,H5_COMPETING_DIRECTION_TOP3,1,0.0,-0.04360487204716623,-0.050000000000000044,33.26,31.809701955711247,2.0,stop_close,0.006395127952833812
h5m80d50_direction,603000.SH,20260115,H5_COMPETING_DIRECTION_TOP3,1,0.0,-0.04360487204716623,-0.050000000000000044,27.75,26.539964800691138,2.0,stop_close,0.006395127952833812
h5m80d50_direction,002465.SZ,20260114,H5_COMPETING_DIRECTION_TOP3,1,0.0,-0.05172215921894041,-0.050000000000000044,23.96,22.72073706511419,2.0,stop_close,-0.0017221592189403667
h5m80d50_direction,300136.SZ,20260114,H5_COMPETING_DIRECTION_TOP3,1,1.0,0.0782778407810596,0.07999999999999996,75.4,81.3021491948919,2.0,profit_intraday,-0.0017221592189403667
h5m80d50_direction,300409.SZ,20260114,H5_COMPETING_DIRECTION_TOP3,1,0.0,-0.04445712869304841,-0.050000000000000044,32.66,31.208030176885035,3.0,stop_close,0.0055428713069516355
h5m80d50_direction,002465.SZ,20260113,H5_COMPETING_DIRECTION_TOP3,1,0.0,-0.0453666199793874,-0.050000000000000044,26.62,25.412340576148708,2.0,stop_close,0.004633380020612643
h5m80d50_direction,300136.SZ,20260113,H5_COMPETING_DIRECTION_TOP3,1,1.0,0.08697659456889228,0.08000000000000007,76.24,82.87109556993234,5.0,profit_intraday,0.006976594568892214
h5m80d50_direction,300409.SZ,20260113,H5_COMPETING_DIRECTION_TOP3,1,0.0,-0.06552217453505027,-0.07015555455566291,34.95,32.66,2.0,t1_stop_t2_open,0.004633380020612643
h5m80d50_direction,002044.SZ,20260112,H5_COMPETING_DIRECTION_TOP3,1,1.0,0.09986504723346834,0.1082739592186499,7.41,8.15,2.0,profit_open,-0.008408911985181566
h5m80d50_direction,600879.SH,20260112,H5_COMPETING_DIRECTION_TOP3,1,0.0,-0.13403661185231142,-0.12562769986712985,32.23,27.91,2.0,t1_stop_t2_open,-0.008408911985181566
h5m80d50_direction,603496.SH,20260112,H5_COMPETING_DIRECTION_TOP3,1,0.0,-0.03944672131147542,-0.031037809326293853,39.04,37.5,2.0,t1_stop_t2_open,-0.008408911985181566
h5m80d50_direction,002202.SZ,20260109,H5_COMPETING_DIRECTION_TOP3,1,1.0,0.08817938360994404,0.08000000000000007,33.99,36.987217248902,2.0,profit_intraday,0.008179383609943969
h5m80d50_direction,600118.SH,20260109,H5_COMPETING_DIRECTION_TOP3,1,1.0,0.08817938360994404,0.08000000000000007,112.0,121.87609096431373,2.0,profit_intraday,0.008179383609943969
h5m80d50_direction,600879.SH,20260109,H5_COMPETING_DIRECTION_TOP3,1,0.0,-0.041820616390056076,-0.050000000000000044,30.5,29.224471200103288,2.0,stop_close,0.008179383609943969
h5m80d50_direction,600783.SH,20260108,H5_COMPETING_DIRECTION_TOP3,1,1.0,0.1660018410555384,0.1405165941077391,32.59,38.0,3.0,profit_open,0.0254852469477993
h5m80d50_direction,601611.SH,20260108,H5_COMPETING_DIRECTION_TOP3,1,1.0,0.11985393615344542,0.08000000000000007,17.5,19.597443882685294,2.0,profit_intraday,0.039853936153445346
h5m80d50_direction,603650.SH,20260108,H5_COMPETING_DIRECTION_TOP3,1,0.0,-0.024514753052200744,-0.050000000000000044,56.6,55.21246497724544,3.0,stop_close,0.0254852469477993
h5m80d50_direction,000620.SZ,20260107,H5_COMPETING_DIRECTION_TOP3,1,0.0,-0.0029842718103321175,-0.050000000000000044,3.33,3.3200623748715943,3.0,stop_close,0.04701572818966793
h5m80d50_direction,600118.SH,20260107,H5_COMPETING_DIRECTION_TOP3,1,1.0,0.13131313131313127,0.08429740312346334,99.0,112.0,3.0,profit_open,0.04701572818966793
h5m80d50_direction,600879.SH,20260107,H5_COMPETING_DIRECTION_TOP3,1,1.0,0.17120954003407163,0.14703855001595856,23.48,27.5,2.0,profit_open,0.02417099001811307
h5m80d50_direction,002195.SZ,20260106,H5_COMPETING_DIRECTION_TOP3,1,1.0,0.09086300707789685,0.08000000000000007,9.44,10.297746786815345,2.0,profit_intraday,0.01086300707789678
h5m80d50_direction,301293.SZ,20260106,H5_COMPETING_DIRECTION_TOP3,1,1.0,0.09086300707789685,0.08000000000000007,90.49,98.71219351047888,2.0,profit_intraday,0.01086300707789678
h5m80d50_direction,688523.SH,20260106,H5_COMPETING_DIRECTION_TOP3,1,1.0,0.09086300707789685,0.08000000000000007,70.0,76.36041049545278,2.0,profit_intraday,0.01086300707789678
h5m80d50_direction,002195.SZ,20260105,H5_COMPETING_DIRECTION_TOP3,1,1.0,0.10023310023310006,0.08017387566095202,8.58,9.44,2.0,profit_open,0.020059224572148038
h5m80d50_direction,600118.SH,20260105,H5_COMPETING_DIRECTION_TOP3,1,1.0,0.12471506590716563,0.08000000000000007,96.89,108.97364273574527,4.0,profit_intraday,0.04471506590716556
h5m80d50_direction,688102.SH,20260105,H5_COMPETING_DIRECTION_TOP3,1,1.0,0.1070846843766664,0.08000000000000007,40.53,44.87014225778629,3.0,profit_intraday,0.027084684376666335
h5m80d50_direction,300762.SZ,20251231,H5_COMPETING_DIRECTION_TOP3,1,1.0,0.14582893827621013,0.08000000000000007,41.93,48.04460738192149,5.0,profit_intraday,0.06582893827621006
h5m80d50_direction,603667.SH,20251231,H5_COMPETING_DIRECTION_TOP3,1,1.0,0.11658184773361957,0.08000000000000007,69.0,77.04414749361975,2.0,profit_intraday,0.0365818477336195
h5m80d50_direction,688102.SH,20251231,H5_COMPETING_DIRECTION_TOP3,1,1.0,0.12784224368236918,0.08000000000000007,41.05,46.29792410316125,4.0,profit_intraday,0.04784224368236911
h5m80d50_direction,300136.SZ,20251230,H5_COMPETING_DIRECTION_TOP3,1,1.0,0.11913357400722036,0.09858348616902624,55.4,62.0,2.0,profit_open,0.02055008783819412
h5m80d50_direction,300762.SZ,20251230,H5_COMPETING_DIRECTION_TOP3,1,1.0,0.10055008783819419,0.08000000000000007,38.75,42.64631590373003,2.0,profit_intraday,0.02055008783819412
h5m80d50_direction,688629.SH,20251230,H5_COMPETING_DIRECTION_TOP3,1,0.0,0.023718514162501148,-0.024472850695369752,102.03,104.45,5.0,expiry_close,0.0481913648578709
h5m80d50_direction,002465.SZ,20251229,H5_COMPETING_DIRECTION_TOP3,1,1.0,0.10110925336183363,0.08000000000000007,15.0,16.516638800427504,3.0,profit_intraday,0.021109253361833558
h5m80d50_direction,300136.SZ,20251229,H5_COMPETING_DIRECTION_TOP3,1,1.0,0.08088126960564002,0.08000000000000007,52.92,57.20023678753047,2.0,profit_intraday,0.0008812696056399449
h5m80d50_direction,300762.SZ,20251229,H5_COMPETING_DIRECTION_TOP3,1,1.0,0.08088126960564002,0.08000000000000007,38.6,41.722017006777705,2.0,profit_intraday,0.0008812696056399449
h5m80d50_direction,300762.SZ,20251226,H5_COMPETING_DIRECTION_TOP3,1,1.0,0.07829966059433047,0.08000000000000007,38.0,40.975387102584556,3.0,profit_intraday,-0.0017003394056696042
h5m80d50_direction,600118.SH,20251226,H5_COMPETING_DIRECTION_TOP3,1,1.0,0.07796715685246203,0.08000000000000007,81.0,87.31533970504942,2.0,profit_intraday,-0.0020328431475380437
h5m80d50_direction,600879.SH,20251226,H5_COMPETING_DIRECTION_TOP3,1,1.0,0.07796715685246203,0.08000000000000007,19.0,20.481375980196777,2.0,profit_intraday,-0.0020328431475380437
h5m80d50_direction,300762.SZ,20251225,H5_COMPETING_DIRECTION_TOP3,1,1.0,0.08157974238987498,0.08000000000000007,38.08,41.186556590206436,4.0,profit_intraday,0.0015797423898749052
h5m80d50_direction,600118.SH,20251225,H5_COMPETING_DIRECTION_TOP3,1,1.0,0.09459459459459452,0.09389673681121291,74.0,81.0,2.0,profit_open,0.0006978577833816058
h5m80d50_direction,600879.SH,20251225,H5_COMPETING_DIRECTION_TOP3,1,1.0,0.08124614615092018,0.08000000000000007,18.4,19.89492908917693,3.0,profit_intraday,0.0012461461509201133
h5m80d50_direction,300726.SZ,20251224,H5_COMPETING_DIRECTION_TOP3,1,0.0,-0.06621392190152797,-0.07820806197324381,58.9,55.0,2.0,t1_stop_t2_open,0.011994140071715842
h5m80d50_direction,600118.SH,20251224,H5_COMPETING_DIRECTION_TOP3,1,1.0,0.09548482605477426,0.08349068598305842,67.55,74.0,2.0,profit_open,0.011994140071715842
h5m80d50_direction,688102.SH,20251224,H5_COMPETING_DIRECTION_TOP3,1,1.0,0.09199414007171591,0.08000000000000007,35.5,38.76579197254591,2.0,profit_intraday,0.011994140071715842
h5m80d50_direction,002163.SZ,20251223,H5_COMPETING_DIRECTION_TOP3,1,1.0,0.1018429384770092,0.08000000000000007,18.98,20.912978972293637,2.0,profit_intraday,0.021842938477009133
h5m80d50_direction,300456.SZ,20251223,H5_COMPETING_DIRECTION_TOP3,1,0.0,-0.02815706152299091,-0.050000000000000044,61.5,59.768340716336056,2.0,stop_close,0.021842938477009133
h5m80d50_direction,301205.SZ,20251223,H5_COMPETING_DIRECTION_TOP3,1,0.0,-0.061555590901861024,-0.08339852937887016,188.61,177.0,2.0,t1_stop_t2_open,0.021842938477009133
h5m80d50_direction,002163.SZ,20251222,H5_COMPETING_DIRECTION_TOP3,1,1.0,0.0904133324963321,0.08000000000000007,17.59,19.18037051861048,2.0,profit_intraday,0.010413332496332028
h5m80d50_direction,300762.SZ,20251222,H5_COMPETING_DIRECTION_TOP3,1,0.0,-0.11330448891292588,-0.12371782140925791,36.98,32.79,2.0,t1_stop_t2_open,0.010413332496332028
h5m80d50_direction,688048.SH,20251222,H5_COMPETING_DIRECTION_TOP3,1,1.0,0.09918367180231114,0.08000000000000007,143.26,157.46905282239908,3.0,profit_intraday,0.019183671802311064
h5m80d50_direction,002046.SZ,20251219,H5_COMPETING_DIRECTION_TOP3,1,1.0,0.08601438182399446,0.08000000000000007,41.58,45.15647799624169,2.0,profit_intraday,0.006014381823994386
h5m80d50_direction,002149.SZ,20251219,H5_COMPETING_DIRECTION_TOP3,1,0.0,-0.05348662834291429,-0.059501010166908674,40.01,37.87,2.0,t1_stop_t2_open,0.006014381823994386
h5m80d50_direction,603698.SH,20251219,H5_COMPETING_DIRECTION_TOP3,1,1.0,0.08601438182399446,0.08000000000000007,27.57,29.941416506887528,2.0,profit_intraday,0.006014381823994386
h5m80d50_direction,001203.SZ,20251218,H5_COMPETING_DIRECTION_TOP3,1,1.0,0.09605379167163575,0.08000000000000007,26.88,29.461925920133567,3.0,profit_intraday,0.016053791671635675
h5m80d50_direction,002149.SZ,20251218,H5_COMPETING_DIRECTION_TOP3,1,1.0,0.14314285714285702,0.12443796531857187,35.0,40.01,2.0,profit_open,0.01870489182428514
h5m80d50_direction,301205.SZ,20251218,H5_COMPETING_DIRECTION_TOP3,1,0.0,-0.03129510817571479,-0.04999999999999993,180.01,174.37656757728956,2.0,stop_close,0.01870489182428514
h5m80d50_direction,002149.SZ,20251217,H5_COMPETING_DIRECTION_TOP3,1,1.0,0.10514682664982633,0.09716888698438386,31.67,35.0,2.0,profit_open,0.007977939665442468
h5m80d50_direction,002837.SZ,20251217,H5_COMPETING_DIRECTION_TOP3,1,1.0,0.11567203452268182,0.08839879319410082,95.01,106.0,5.0,profit_open,0.027273241328581
h5m80d50_direction,688102.SH,20251217,H5_COMPETING_DIRECTION_TOP3,1,0.0,-0.03595969613524641,-0.050000000000000044,34.8,33.54860257449342,4.0,stop_close,0.014040303864753634
h5m80d50_direction,300456.SZ,20251216,H5_COMPETING_DIRECTION_TOP3,1,0.0,-0.020138320736299287,-0.050000000000000044,62.32,61.06497985171383,4.0,stop_close,0.029861679263700758
h5m80d50_direction,000620.SZ,20251215,H5_COMPETING_DIRECTION_TOP3,1,0.0,-0.013745704467354014,-0.027881691275381315,2.91,2.87,5.0,expiry_close,0.014135986808027301
h5m80d50_direction,688102.SH,20251215,H5_COMPETING_DIRECTION_TOP3,1,1.0,0.07551498667285683,0.07999999999999996,35.3,37.96567902955184,3.0,profit_intraday,-0.004485013327143128
h5m80d50_direction,688048.SH,20251212,H5_COMPETING_DIRECTION_TOP3,1,0.0,-0.03539258103411591,-0.03561292945806571,140.99,136.0,5.0,expiry_close,0.00022034842394980103
h5m80d50_direction,688102.SH,20251212,H5_COMPETING_DIRECTION_TOP3,1,1.0,0.0596087760275652,0.07999999999999996,34.4,36.450541895348245,2.0,profit_intraday,-0.020391223972434758
h5m80d50_direction,300456.SZ,20251211,H5_COMPETING_DIRECTION_TOP3,1,1.0,0.10509150208371087,0.10054789938588637,55.19,60.99,2.0,profit_open,0.0045436026978245
h5m80d50_direction,300620.SZ,20251211,H5_COMPETING_DIRECTION_TOP3,1,0.0,-0.060795489990461915,-0.050000000000000044,168.49,158.24656789150708,3.0,stop_close,-0.01079548999046187
h5m80d50_direction,688313.SH,20251211,H5_COMPETING_DIRECTION_TOP3,1,0.0,0.006809739991745722,0.006771528739717203,96.92,97.58,5.0,expiry_close,3.821125202851938e-05
h5m80d50_direction,001203.SZ,20251210,H5_COMPETING_DIRECTION_TOP3,1,0.0,-0.051965028052185724,-0.050000000000000044,28.11,26.64926306145306,2.0,stop_close,-0.00196502805218568
h5m80d50_direction,688048.SH,20251210,H5_COMPETING_DIRECTION_TOP3,1,0.0,-0.020571278825995742,-0.010925182515852394,152.64,149.5,5.0,expiry_close,-0.009646096310143348
h5m80d50_direction,300620.SZ,20251209,H5_COMPETING_DIRECTION_TOP3,1,1.0,0.07297433523661057,0.07999999999999996,167.12,179.31547090474237,2.0,profit_intraday,-0.007025664763389394
h5m80d50_direction,688048.SH,20251209,H5_COMPETING_DIRECTION_TOP3,1,1.0,0.07297433523661057,0.07999999999999996,142.32,152.7057073908744,2.0,profit_intraday,-0.007025664763389394
h5m80d50_direction,688205.SH,20251209,H5_COMPETING_DIRECTION_TOP3,1,1.0,0.07297433523661057,0.07999999999999996,160.99,172.73813822974193,2.0,profit_intraday,-0.007025664763389394
h5m80d50_direction,300620.SZ,20251208,H5_COMPETING_DIRECTION_TOP3,1,1.0,0.06523752084894507,0.07999999999999996,167.09,177.99053735865024,3.0,profit_intraday,-0.014762479151054886
h5m80d50_direction,688048.SH,20251208,H5_COMPETING_DIRECTION_TOP3,1,1.0,0.07684722382271247,0.08000000000000007,140.94,151.7708477255731,2.0,profit_intraday,-0.0031527761772875973
h5m80d50_direction,688313.SH,20251208,H5_COMPETING_DIRECTION_TOP3,1,1.0,0.06523752084894507,0.07999999999999996,93.0,99.0670894389519,3.0,profit_intraday,-0.014762479151054886
h5m80d50_direction,300620.SZ,20251205,H5_COMPETING_DIRECTION_TOP3,1,1.0,0.1600249930574842,0.16042801190753342,144.04,167.09,2.0,profit_open,-0.00040301885004923044
h5m80d50_direction,688048.SH,20251205,H5_COMPETING_DIRECTION_TOP3,1,1.0,0.07959698114995084,0.08000000000000007,132.18,142.7011289684005,2.0,profit_intraday,-0.00040301885004923044
h5m80d50_direction,688313.SH,20251205,H5_COMPETING_DIRECTION_TOP3,1,1.0,0.07959698114995084,0.08000000000000007,86.27,93.13683156380625,2.0,profit_intraday,-0.00040301885004923044
h5m80d50_direction,688147.SH,20251204,H5_COMPETING_DIRECTION_TOP3,1,0.0,-0.05399505166642404,-0.07446819218852374,68.71,65.0,2.0,t1_stop_t2_open,0.020473140522099698
h5m80d50_direction,688498.SH,20251204,H5_COMPETING_DIRECTION_TOP3,1,1.0,0.10047314052209977,0.08000000000000007,588.0,647.0782066269946,2.0,profit_intraday,0.020473140522099698
h5m80d50_direction,688523.SH,20251204,H5_COMPETING_DIRECTION_TOP3,1,0.0,-0.03747793232605823,-0.04999999999999993,42.51,40.91681309681926,3.0,stop_close,0.012522067673941706
h5m80d50_direction,300620.SZ,20251203,H5_COMPETING_DIRECTION_TOP3,1,1.0,0.0987608511792113,0.08000000000000007,139.0,152.72775831391036,3.0,profit_intraday,0.018760851179211224
h5m80d50_direction,688205.SH,20251203,H5_COMPETING_DIRECTION_TOP3,1,1.0,0.0987608511792113,0.08000000000000007,117.02,128.5769948049913,3.0,profit_intraday,0.018760851179211224
h5m80d50_direction,688523.SH,20251203,H5_COMPETING_DIRECTION_TOP3,1,1.0,0.12758620689655165,0.11635554214885047,37.7,42.51,2.0,profit_open,0.01123066474770118
h5m80d50_direction,300456.SZ,20251202,H5_COMPETING_DIRECTION_TOP3,1,0.0,-0.17700826155739147,-0.16884567021696584,56.89,46.82,2.0,t1_stop_t2_open,-0.008162591340425629
h5m80d50_direction,688205.SH,20251202,H5_COMPETING_DIRECTION_TOP3,1,1.0,0.09214343530213709,0.08000000000000007,123.2,134.5520712292233,4.0,profit_intraday,0.012143435302137018
h5m80d50_direction,688313.SH,20251202,H5_COMPETING_DIRECTION_TOP3,1,1.0,0.08466216160141316,0.08000000000000007,77.44,83.99623779441343,3.0,profit_intraday,0.004662161601413084
h5m80d50_direction,300620.SZ,20251201,H5_COMPETING_DIRECTION_TOP3,1,1.0,0.08405320923066095,0.08000000000000007,143.06,155.08465211253835,5.0,profit_intraday,0.004053209230660881
h5m80d50_direction,688313.SH,20251201,H5_COMPETING_DIRECTION_TOP3,1,1.0,0.0655632046210588,0.08000000000000007,77.4,82.47459203766996,2.0,profit_intraday,-0.01443679537894127
h5m80d50_direction,688523.SH,20251201,H5_COMPETING_DIRECTION_TOP3,1,1.0,0.06390949194112272,0.08000000000000007,39.7,42.237206830062576,3.0,profit_intraday,-0.01609050805887735
h5m80d50_direction,001203.SZ,20251128,H5_COMPETING_DIRECTION_TOP3,1,0.0,-0.09270516717325217,-0.09304291731331826,32.9,29.85,2.0,t1_stop_t2_open,0.0003377501400660954
h5m80d50_direction,300620.SZ,20251128,H5_COMPETING_DIRECTION_TOP3,1,0.0,-0.04966224985993406,-0.050000000000000155,153.0,145.4016757714301,2.0,stop_close,0.0003377501400660954
h5m80d50_direction,001203.SZ,20251127,H5_COMPETING_DIRECTION_TOP3,1,1.0,0.12594113620807668,0.10746256501278917,29.22,32.9,2.0,profit_open,0.018478571195287508
h5m80d50_direction,300456.SZ,20251127,H5_COMPETING_DIRECTION_TOP3,1,1.0,0.09033770735866731,0.08000000000000007,48.11,52.456147101025486,3.0,profit_intraday,0.010337707358667236
h5m80d50_direction,688110.SH,20251127,H5_COMPETING_DIRECTION_TOP3,1,0.0,-0.03152142880471254,-0.050000000000000044,134.55,130.30879175432594,2.0,stop_close,0.018478571195287508
h5m80d50_direction,300390.SZ,20251126,H5_COMPETING_DIRECTION_TOP3,1,1.0,0.09835645045774788,0.08000000000000007,50.36,55.31323084505218,3.0,profit_intraday,0.018356450457747808
h5m80d50_direction,300456.SZ,20251126,H5_COMPETING_DIRECTION_TOP3,1,1.0,0.1728425158459288,0.16296703867787077,41.02,48.11,2.0,profit_open,0.009875477168058033
h5m80d50_direction,688498.SH,20251126,H5_COMPETING_DIRECTION_TOP3,1,0.0,-0.04012452283194201,-0.050000000000000044,567.0,544.2493955542889,2.0,stop_close,0.009875477168058033
h5m80d50_direction,688048.SH,20251125,H5_COMPETING_DIRECTION_TOP3,1,1.0,0.17666666666666675,0.17843033944850573,90.0,105.9,2.0,profit_open,-0.0017636727818389764
h5m80d50_direction,688498.SH,20251125,H5_COMPETING_DIRECTION_TOP3,1,1.0,0.07823632721816098,0.07999999999999996,535.0,576.8564350617161,2.0,profit_intraday,-0.0017636727818389764
h5m80d50_direction,300620.SZ,20251124,H5_COMPETING_DIRECTION_TOP3,1,1.0,0.1284469666693311,0.11908556568932083,125.11,141.18,2.0,profit_open,0.00936140098001026
h5m80d50_direction,301205.SZ,20251124,H5_COMPETING_DIRECTION_TOP3,1,1.0,0.08936140098001033,0.08000000000000007,115.2,125.4944333928972,2.0,profit_intraday,0.00936140098001026
h5m80d50_direction,688498.SH,20251124,H5_COMPETING_DIRECTION_TOP3,1,1.0,0.08936140098001033,0.08000000000000007,547.05,595.9351544061146,2.0,profit_intraday,0.00936140098001026
h5m80d50_direction,300456.SZ,20251121,H5_COMPETING_DIRECTION_TOP3,1,1.0,0.10143655893701609,0.08000000000000007,35.16,38.72650941222548,3.0,profit_intraday,0.021436558937016015
h5m80d50_direction,301205.SZ,20251121,H5_COMPETING_DIRECTION_TOP3,1,1.0,0.10131408352176896,0.08000000000000007,116.5,128.30309073028607,4.0,profit_intraday,0.02131408352176889
h5m80d50_direction,688498.SH,20251121,H5_COMPETING_DIRECTION_TOP3,1,0.0,0.009317343173431691,-0.013801186651985375,542.0,547.05,2.0,t1_stop_t2_open,0.023118529825417067
h5m80d50_direction,000833.SZ,20251120,H5_COMPETING_DIRECTION_TOP3,1,0.0,-0.0607854208161549,-0.050000000000000044,21.57,20.258858472995538,3.0,stop_close,-0.010785420816154856
h5m80d50_direction,300548.SZ,20251120,H5_COMPETING_DIRECTION_TOP3,1,1.0,0.07128554265118137,0.09285666253023905,99.88,107.0,2.0,profit_open,-0.021571119879057687
h5m80d50_direction,688205.SH,20251120,H5_COMPETING_DIRECTION_TOP3,1,1.0,0.1820952380952381,0.20366635797429578,105.0,124.12,2.0,profit_open,-0.021571119879057687
h5m80d50_direction,300456.SZ,20251119,H5_COMPETING_DIRECTION_TOP3,1,1.0,0.04013750451495479,0.07999999999999996,29.0,30.16398763093369,2.0,profit_intraday,-0.03986249548504517
h5m80d50_direction,301205.SZ,20251119,H5_COMPETING_DIRECTION_TOP3,1,1.0,0.06233447204958531,0.07999999999999996,117.97,125.32359766768958,4.0,profit_intraday,-0.01766552795041465
h5m80d50_direction,688205.SH,20251119,H5_COMPETING_DIRECTION_TOP3,1,1.0,0.04013750451495479,0.07999999999999996,105.5,109.73450672632774,2.0,profit_intraday,-0.03986249548504517
h5m80d50_direction,000833.SZ,20251118,H5_COMPETING_DIRECTION_TOP3,1,0.0,-0.0855103167890201,-0.050000000000000044,22.03,20.146207721137888,4.0,stop_close,-0.03551031678902006
h5m80d50_direction,001203.SZ,20251118,H5_COMPETING_DIRECTION_TOP3,1,1.0,0.06575348991309493,0.08000000000000007,31.8,33.89096097923642,2.0,profit_intraday,-0.01424651008690514
h5m80d50_direction,300058.SZ,20251118,H5_COMPETING_DIRECTION_TOP3,1,1.0,0.04448968321098001,0.08000000000000007,9.51,9.93309688733642,4.0,profit_intraday,-0.03551031678902006
h5m80d50_direction,000620.SZ,20251117,H5_COMPETING_DIRECTION_TOP3,1,0.0,-0.15931372549019607,-0.14147554150327557,4.08,3.43,2.0,t1_stop_t2_open,-0.017838183986920497
h5m80d50_direction,000833.SZ,20251117,H5_COMPETING_DIRECTION_TOP3,1,0.0,-0.10698960494332566,-0.050000000000000044,23.56,21.039324907535246,4.0,stop_close,-0.05698960494332561
h5m80d50_direction,001203.SZ,20251117,H5_COMPETING_DIRECTION_TOP3,1,0.0,-0.033728350045578726,-0.01589016605865823,32.91,31.8,2.0,t1_stop_t2_open,-0.017838183986920497
h5m80d50_direction,000620.SZ,20251114,H5_COMPETING_DIRECTION_TOP3,1,1.0,0.1301939058171746,0.14096194088087433,3.61,4.08,2.0,profit_open,-0.010768035063699721
h5m80d50_direction,001203.SZ,20251114,H5_COMPETING_DIRECTION_TOP3,1,1.0,0.08865365530929536,0.09942169037299509,30.23,32.91,2.0,profit_open,-0.010768035063699721
h5m80d50_direction,603026.SH,20251114,H5_COMPETING_DIRECTION_TOP3,1,0.0,-0.060768035063699766,-0.050000000000000044,102.58,96.34641496316567,2.0,stop_close,-0.010768035063699721
h5m80d50_direction,000833.SZ,20251113,H5_COMPETING_DIRECTION_TOP3,1,1.0,0.11428571428571432,0.12459247136110607,21.7,24.18,2.0,profit_open,-0.010306757075391748
h5m80d50_direction,300390.SZ,20251113,H5_COMPETING_DIRECTION_TOP3,1,1.0,0.12340425531914878,0.13371101239454053,47.0,52.8,2.0,profit_open,-0.010306757075391748
h5m80d50_direction,603026.SH,20251113,H5_COMPETING_DIRECTION_TOP3,1,1.0,0.06969324292460821,0.07999999999999996,98.69,105.56802614422958,2.0,profit_intraday,-0.010306757075391748
h5m80d50_direction,000620.SZ,20251112,H5_COMPETING_DIRECTION_TOP3,1,1.0,0.08225884605233857,0.08000000000000007,3.04,3.290066891999109,2.0,profit_intraday,0.0022588460523385034
h5m80d50_direction,000833.SZ,20251112,H5_COMPETING_DIRECTION_TOP3,1,1.0,0.08225884605233857,0.08000000000000007,21.3,23.05211342091481,2.0,profit_intraday,0.0022588460523385034
h5m80d50_direction,002326.SZ,20251112,H5_COMPETING_DIRECTION_TOP3,1,1.0,0.0820616479214511,0.08000000000000007,28.22,30.535779704343348,3.0,profit_intraday,0.0020616479214510264
h5m80d50_direction,000620.SZ,20251111,H5_COMPETING_DIRECTION_TOP3,1,0.0,-0.04445148700600576,-0.050000000000000044,3.35,3.2010875185298806,2.0,stop_close,0.005548512993994281
h5m80d50_direction,000833.SZ,20251111,H5_COMPETING_DIRECTION_TOP3,1,1.0,0.1482479784366577,0.14269946544266343,18.55,21.3,2.0,profit_open,0.005548512993994281
h5m80d50_direction,300390.SZ,20251111,H5_COMPETING_DIRECTION_TOP3,1,1.0,0.08554851299399435,0.08000000000000007,41.41,44.9525639230813,2.0,profit_intraday,0.005548512993994281
h5m80d50_direction,000620.SZ,20251110,H5_COMPETING_DIRECTION_TOP3,1,0.0,-0.06944444444444442,-0.06137473377542746,3.6,3.35,2.0,t1_stop_t2_open,-0.00806971066901696
h5m80d50_direction,001203.SZ,20251110,H5_COMPETING_DIRECTION_TOP3,1,1.0,0.08333333333333326,0.08916242618410009,24.0,26.0,4.0,profit_open,-0.005829092850766826
h5m80d50_direction,002326.SZ,20251110,H5_COMPETING_DIRECTION_TOP3,1,1.0,0.1023965141612202,0.11046622483023716,22.95,25.3,2.0,profit_open,-0.00806971066901696
h5m80d50_direction,001203.SZ,20251107,H5_COMPETING_DIRECTION_TOP3,1,1.0,0.0919781604367913,0.0929305007711817,23.81,26.0,5.0,profit_open,-0.0009523403343904002
h5m80d50_direction,300390.SZ,20251107,H5_COMPETING_DIRECTION_TOP3,1,1.0,0.08925322112520195,0.08000000000000007,40.7,44.332606099795726,4.0,profit_intraday,0.009253221125201883
h5m80d50_direction,688676.SH,20251107,H5_COMPETING_DIRECTION_TOP3,1,0.0,-0.04631573406619949,-0.050000000000000044,92.51,88.22533144153589,2.0,stop_close,0.0036842659338005568
h5m80d50_direction,001203.SZ,20251106,H5_COMPETING_DIRECTION_TOP3,1,1.0,0.09070087036188723,0.08675400723060767,21.83,23.81,2.0,profit_open,0.0039468631312795655
h5m80d50_direction,001309.SZ,20251106,H5_COMPETING_DIRECTION_TOP3,1,1.0,0.0961158916870608,0.09216902855578124,253.34,277.69,2.0,profit_open,0.0039468631312795655
h5m80d50_direction,600550.SH,20251106,H5_COMPETING_DIRECTION_TOP3,1,1.0,0.08394686313127964,0.08000000000000007,10.98,11.90173655718145,2.0,profit_intraday,0.0039468631312795655
h5m80d50_direction,300438.SZ,20251105,H5_COMPETING_DIRECTION_TOP3,1,0.0,-0.03577211127446245,-0.050000000000000044,53.25,51.345135074634875,3.0,stop_close,0.014227888725537596
h5m80d50_direction,603530.SH,20251105,H5_COMPETING_DIRECTION_TOP3,1,0.0,-0.08445440956651729,-0.09373144498624064,53.52,49.0,2.0,t1_stop_t2_open,0.009277035419723356
h5m80d50_direction,688676.SH,20251105,H5_COMPETING_DIRECTION_TOP3,1,1.0,0.08927703541972343,0.08000000000000007,85.0,92.58854801067649,2.0,profit_intraday,0.009277035419723356
h5m80d50_direction,601126.SH,20251104,H5_COMPETING_DIRECTION_TOP3,1,1.0,0.14512635379061378,0.13083280537385722,27.7,31.72,2.0,profit_open,0.014293548416756563
h5m80d50_direction,601179.SH,20251104,H5_COMPETING_DIRECTION_TOP3,1,1.0,0.11442786069651767,0.1001343122797611,8.04,8.96,2.0,profit_open,0.014293548416756563
h5m80d50_direction,688676.SH,20251104,H5_COMPETING_DIRECTION_TOP3,1,1.0,0.23708339397467637,0.2227898455579198,68.71,85.0,2.0,profit_open,0.014293548416756563
h5m80d50_direction,000555.SZ,20251103,H5_COMPETING_DIRECTION_TOP3,1,1.0,0.09554777388694347,0.10393882885028638,19.99,21.9,2.0,profit_open,-0.008391054963342914
h5m80d50_direction,000620.SZ,20251103,H5_COMPETING_DIRECTION_TOP3,1,1.0,0.07160894503665705,0.07999999999999996,2.95,3.1612463878581383,2.0,profit_intraday,-0.008391054963342914
h5m80d50_direction,688676.SH,20251103,H5_COMPETING_DIRECTION_TOP3,1,1.0,0.07160894503665705,0.07999999999999996,75.7,81.12079713927494,2.0,profit_intraday,-0.008391054963342914
h5m80d50_direction,300438.SZ,20251031,H5_COMPETING_DIRECTION_TOP3,1,1.0,0.07559975054802881,0.08000000000000007,49.61,53.36050362468771,3.0,profit_intraday,-0.004400249451971261
h5m80d50_direction,601126.SH,20251031,H5_COMPETING_DIRECTION_TOP3,1,1.0,0.07162150662404798,0.08000000000000007,28.28,30.305456207328078,2.0,profit_intraday,-0.00837849337595209
h5m80d50_direction,688676.SH,20251031,H5_COMPETING_DIRECTION_TOP3,1,1.0,0.08670686190066035,0.09508535527661244,69.66,75.7,2.0,profit_open,-0.00837849337595209
h5m80d50_direction,001203.SZ,20251030,H5_COMPETING_DIRECTION_TOP3,1,1.0,0.08825745877038882,0.08000000000000007,19.5,21.22102044602258,5.0,profit_intraday,0.008257458770388748
h5m80d50_direction,300438.SZ,20251030,H5_COMPETING_DIRECTION_TOP3,1,1.0,0.07803695423245349,0.07999999999999996,49.03,52.85615186601719,4.0,profit_intraday,-0.0019630457675464674
h5m80d50_direction,601126.SH,20251030,H5_COMPETING_DIRECTION_TOP3,1,1.0,0.07803695423245349,0.07999999999999996,28.9,31.155267977317905,4.0,profit_intraday,-0.0019630457675464674
h5m80d50_direction,000657.SZ,20251029,H5_COMPETING_DIRECTION_TOP3,1,0.0,-0.05820142521459659,-0.050000000000000044,26.24,24.712794602368984,2.0,stop_close,-0.008201425214596547
h5m80d50_direction,001203.SZ,20251029,H5_COMPETING_DIRECTION_TOP3,1,1.0,0.14571092831962407,0.15391235353422061,17.02,19.5,2.0,profit_open,-0.008201425214596547
h5m80d50_direction,688676.SH,20251029,H5_COMPETING_DIRECTION_TOP3,1,0.0,-0.05820142521459659,-0.050000000000000044,75.6,71.1999722537765,2.0,stop_close,-0.008201425214596547
h5m80d50_direction,000969.SZ,20251028,H5_COMPETING_DIRECTION_TOP3,1,0.0,-0.04594824309180778,-0.050000000000000155,23.72,22.63010767386232,3.0,stop_close,0.004051756908192372
h5m80d50_direction,002192.SZ,20251028,H5_COMPETING_DIRECTION_TOP3,1,1.0,0.08159986509104833,0.08000000000000007,45.12,48.801785912908095,2.0,profit_intraday,0.0015998650910482581
h5m80d50_direction,300475.SZ,20251028,H5_COMPETING_DIRECTION_TOP3,1,1.0,0.08159986509104833,0.08000000000000007,128.5,138.9855826641997,2.0,profit_intraday,0.0015998650910482581
h5m80d50_direction,300475.SZ,20251027,H5_COMPETING_DIRECTION_TOP3,1,1.0,0.09003760979131892,0.08000000000000007,125.1,136.36370498489399,2.0,profit_intraday,0.010037609791318847
h5m80d50_direction,301308.SZ,20251027,H5_COMPETING_DIRECTION_TOP3,1,1.0,0.09003760979131892,0.08000000000000007,249.98,272.4876016956339,2.0,profit_intraday,0.010037609791318847
h5m80d50_direction,688766.SH,20251027,H5_COMPETING_DIRECTION_TOP3,1,1.0,0.09003760979131892,0.08000000000000007,139.0,151.51522776099333,2.0,profit_intraday,0.010037609791318847
h5m80d50_direction,300475.SZ,20251024,H5_COMPETING_DIRECTION_TOP3,1,0.0,0.011603053435114585,-0.0003659174485861616,131.0,132.52,5.0,expiry_close,0.011968970883700747
h5m80d50_direction,301308.SZ,20251024,H5_COMPETING_DIRECTION_TOP3,1,1.0,0.09390862944162426,0.0860233646422397,228.52,249.98,2.0,profit_open,0.007885264799384561
h5m80d50_direction,688183.SH,20251024,H5_COMPETING_DIRECTION_TOP3,1,1.0,0.08788526479938463,0.08000000000000007,98.99,107.68976236249108,2.0,profit_intraday,0.007885264799384561
h5m80d50_direction,000058.SZ,20251023,H5_COMPETING_DIRECTION_TOP3,1,0.0,-0.17886178861788626,-0.19924109640786214,12.3,10.1,2.0,t1_stop_t2_open,0.020379307789975876
h5m80d50_direction,688123.SH,20251023,H5_COMPETING_DIRECTION_TOP3,1,1.0,0.10037930778997595,0.08000000000000007,158.0,173.8599306308162,2.0,profit_intraday,0.020379307789975876
h5m80d50_direction,688525.SH,20251023,H5_COMPETING_DIRECTION_TOP3,1,1.0,0.10961709706144251,0.08923778927146664,112.3,124.61,2.0,profit_open,0.020379307789975876
h5m80d50_direction,001309.SZ,20251022,H5_COMPETING_DIRECTION_TOP3,1,1.0,0.10869449896557226,0.09734339237086109,188.51,209.0,2.0,profit_open,0.011351106594711169
h5m80d50_direction,301308.SZ,20251022,H5_COMPETING_DIRECTION_TOP3,1,1.0,0.09135110659471124,0.08000000000000007,180.74,197.25079900592812,2.0,profit_intraday,0.011351106594711169
h5m80d50_direction,688525.SH,20251022,H5_COMPETING_DIRECTION_TOP3,1,1.0,0.09135110659471124,0.08000000000000007,106.1,115.79235240969885,2.0,profit_intraday,0.011351106594711169
h5m80d50_direction,001309.SZ,20251021,H5_COMPETING_DIRECTION_TOP3,1,1.0,0.11282679303551468,0.10597910134325539,187.81,209.0,3.0,profit_open,0.0068476916922592945
h5m80d50_direction,600403.SH,20251021,H5_COMPETING_DIRECTION_TOP3,1,1.0,0.13095238095238093,0.13415174430047594,8.4,9.5,2.0,profit_open,-0.003199363348095008
h5m80d50_direction,600629.SH,20251021,H5_COMPETING_DIRECTION_TOP3,1,0.0,-0.05319936334809494,-0.04999999999999993,36.84,34.880135454256184,2.0,stop_close,-0.003199363348095008
h5m80d50_direction,001309.SZ,20251020,H5_COMPETING_DIRECTION_TOP3,1,1.0,0.12954656001729448,0.1088925901602571,185.03,209.0,4.0,profit_open,0.02065396985703738
h5m80d50_direction,301308.SZ,20251020,H5_COMPETING_DIRECTION_TOP3,1,1.0,0.10065396985703745,0.08000000000000007,183.0,201.41967648383786,4.0,profit_intraday,0.02065396985703738
h5m80d50_direction,688525.SH,20251020,H5_COMPETING_DIRECTION_TOP3,1,1.0,0.10065396985703745,0.08000000000000007,105.53,116.15201343901316,4.0,profit_intraday,0.02065396985703738
h5m80d50_direction,300548.SZ,20251017,H5_COMPETING_DIRECTION_TOP3,1,1.0,0.10881280403326898,0.08000000000000007,97.59,108.20904154560672,5.0,profit_intraday,0.028812804033268913
h5m80d50_direction,600629.SH,20251017,H5_COMPETING_DIRECTION_TOP3,1,0.0,-0.03273428750441343,-0.050000000000000044,38.8,37.529909644828756,3.0,stop_close,0.017265712495586616
h5m80d50_direction,002320.SZ,20251016,H5_COMPETING_DIRECTION_TOP3,1,1.0,0.07775211701308704,0.09698111933961662,12.99,14.0,2.0,profit_open,-0.019229002326529576
h5m80d50_direction,600629.SH,20251016,H5_COMPETING_DIRECTION_TOP3,1,1.0,0.07421970230035213,0.07999999999999996,37.77,40.5732781558843,3.0,profit_intraday,-0.0057802976996478295
h5m80d50_direction,301071.SZ,20251015,H5_COMPETING_DIRECTION_TOP3,1,1.0,0.04835924006908465,0.08522680534978211,40.53,42.49,2.0,profit_open,-0.036867565280697456
h5m80d50_direction,600629.SH,20251015,H5_COMPETING_DIRECTION_TOP3,1,1.0,0.07362137578169414,0.1104889410623916,35.18,37.77,2.0,profit_open,-0.036867565280697456
h5m80d50_direction,600629.SH,20251014,H5_COMPETING_DIRECTION_TOP3,1,1.0,0.15457827371184774,0.15163368201519045,30.47,35.18,2.0,profit_open,0.002944591696657284
h5m80d50_direction,601126.SH,20251014,H5_COMPETING_DIRECTION_TOP3,1,1.0,0.1491379310344827,0.1461933393378254,23.2,26.66,2.0,profit_open,0.002944591696657284
h5m80d50_direction,688062.SH,20251014,H5_COMPETING_DIRECTION_TOP3,1,1.0,0.08294459169665735,0.08000000000000007,44.46,48.14771654683339,2.0,profit_intraday,0.002944591696657284
h5m80d50_direction,000969.SZ,20251013,H5_COMPETING_DIRECTION_TOP3,1,1.0,0.06742793216562948,0.08000000000000007,19.86,21.1991187328094,3.0,profit_intraday,-0.012572067834370593
h5m80d50_direction,600629.SH,20251013,H5_COMPETING_DIRECTION_TOP3,1,1.0,0.07753739025657547,0.07999999999999996,29.51,31.798128386471543,2.0,profit_intraday,-0.002462609743424493
h5m80d50_direction,688658.SH,20251013,H5_COMPETING_DIRECTION_TOP3,1,1.0,0.04076061540135467,0.08000000000000007,21.63,22.5116521111313,4.0,profit_intraday,-0.0392393845986454
h5m80d50_direction,000737.SZ,20251010,H5_COMPETING_DIRECTION_TOP3,1,1.0,0.07734138972809657,0.09666748015873261,16.55,17.83,2.0,profit_open,-0.019326090430636045
h5m80d50_direction,600629.SH,20251010,H5_COMPETING_DIRECTION_TOP3,1,1.0,0.060673909569364026,0.08000000000000007,28.7,30.441341204640747,2.0,profit_intraday,-0.019326090430636045
h5m80d50_direction,688347.SH,20251010,H5_COMPETING_DIRECTION_TOP3,1,1.0,0.21178571428571424,0.2311118047163503,112.0,135.72,2.0,profit_open,-0.019326090430636045
h5m80d50_direction,000923.SZ,20251009,H5_COMPETING_DIRECTION_TOP3,1,0.0,-0.06460084033613445,-0.039120220654150994,19.04,17.81,5.0,expiry_close,-0.025480619681983452
h5m80d50_direction,600635.SH,20251009,H5_COMPETING_DIRECTION_TOP3,1,1.0,0.06692709470016522,0.07999999999999996,6.65,7.095065179756099,2.0,profit_intraday,-0.013072905299834736
h5m80d50_direction,601212.SH,20251009,H5_COMPETING_DIRECTION_TOP3,1,1.0,0.06692709470016522,0.07999999999999996,4.9,5.22794276403081,2.0,profit_intraday,-0.013072905299834736
h5m80d50_direction,000672.SZ,20250930,H5_COMPETING_DIRECTION_TOP3,1,1.0,0.08422373760196611,0.08000000000000007,10.97,11.893934401493569,2.0,profit_intraday,0.004223737601966038
h5m80d50_direction,600629.SH,20250930,H5_COMPETING_DIRECTION_TOP3,1,1.0,0.06481601883647925,0.08000000000000007,29.0,30.8796645462579,4.0,profit_intraday,-0.015183981163520821
h5m80d50_direction,600641.SH,20250930,H5_COMPETING_DIRECTION_TOP3,1,0.0,-0.08344198174706652,-0.08766571934903256,23.01,21.09,2.0,t1_stop_t2_open,0.004223737601966038
h5m80d50_direction,600531.SH,20250929,H5_COMPETING_DIRECTION_TOP3,1,1.0,0.11560693641618491,0.09295326639688795,12.11,13.51,2.0,profit_open,0.022653670019296968
h5m80d50_direction,600629.SH,20250929,H5_COMPETING_DIRECTION_TOP3,1,1.0,0.07366986874243309,0.07999999999999996,28.58,30.685484848658735,5.0,profit_intraday,-0.006330131257566873
h5m80d50_direction,601212.SH,20250929,H5_COMPETING_DIRECTION_TOP3,1,1.0,0.14640198511166247,0.1237483150923655,4.03,4.62,2.0,profit_open,0.022653670019296968
h5m80d50_direction,001309.SZ,20250926,H5_COMPETING_DIRECTION_TOP3,1,1.0,0.11111111111111116,0.0901507627949627,180.0,200.0,2.0,profit_open,0.02096034831614846
h5m80d50_direction,600629.SH,20250926,H5_COMPETING_DIRECTION_TOP3,1,1.0,0.10096034831614853,0.08000000000000007,26.0,28.62496905621986,2.0,profit_intraday,0.02096034831614846
h5m80d50_direction,688123.SH,20250926,H5_COMPETING_DIRECTION_TOP3,1,1.0,0.10096034831614853,0.08000000000000007,143.13,157.58045465449032,2.0,profit_intraday,0.02096034831614846
h5m80d50_direction,000737.SZ,20250925,H5_COMPETING_DIRECTION_TOP3,1,1.0,0.08957992444974638,0.08000000000000007,14.64,15.951450093944288,3.0,profit_intraday,0.009579924449746313
h5m80d50_direction,605358.SH,20250925,H5_COMPETING_DIRECTION_TOP3,1,0.0,-0.11452991452991457,-0.11511422645247893,35.1,31.08,2.0,t1_stop_t2_open,0.0005843119225643623
h5m80d50_direction,688503.SH,20250925,H5_COMPETING_DIRECTION_TOP3,1,1.0,0.09589041095890405,0.09530609903633969,73.0,80.0,2.0,profit_open,0.0005843119225643623
h5m80d50_direction,300604.SZ,20250924,H5_COMPETING_DIRECTION_TOP3,1,1.0,0.07819200982493912,0.07999999999999996,97.73,105.37170512019131,3.0,profit_intraday,-0.0018079901750608363
h5m80d50_direction,600167.SH,20250924,H5_COMPETING_DIRECTION_TOP3,1,0.0,-0.042833885303417696,-0.050000000000000155,9.7,9.284511312556848,4.0,stop_close,0.00716611469658246
h5m80d50_direction,605358.SH,20250924,H5_COMPETING_DIRECTION_TOP3,1,0.0,-0.0635110375660688,-0.050000000000000044,36.34,34.03200889484906,2.0,stop_close,-0.013511037566068751
h5m80d50_direction,001309.SZ,20250923,H5_COMPETING_DIRECTION_TOP3,1,1.0,0.0834897781392625,0.08000000000000007,168.61,182.68721149206107,3.0,profit_intraday,0.003489778139262434
h5m80d50_direction,300604.SZ,20250923,H5_COMPETING_DIRECTION_TOP3,1,1.0,0.12307515513675038,0.1082736039082488,87.02,97.73,2.0,profit_open,0.014801551228501575
h5m80d50_direction,600635.SH,20250923,H5_COMPETING_DIRECTION_TOP3,1,0.0,-0.10494752623688164,-0.11974907746538321,6.67,5.97,2.0,t1_stop_t2_open,0.014801551228501575
h5m80d50_direction,001309.SZ,20250922,H5_COMPETING_DIRECTION_TOP3,1,1.0,0.08792226681075199,0.08000000000000007,162.96,177.28781259948016,2.0,profit_intraday,0.007922266810751921
h5m80d50_direction,301308.SZ,20250922,H5_COMPETING_DIRECTION_TOP3,1,1.0,0.08792226681075199,0.08000000000000007,138.88,151.09064441467723,2.0,profit_intraday,0.007922266810751921
h5m80d50_direction,600167.SH,20250922,H5_COMPETING_DIRECTION_TOP3,1,1.0,0.09965635738831602,0.0917340905775641,8.73,9.6,2.0,profit_open,0.007922266810751921
h5m80d50_direction,300857.SZ,20250919,H5_COMPETING_DIRECTION_TOP3,1,1.0,0.074671075048512,0.08000000000000007,163.08,175.25735891891136,2.0,profit_intraday,-0.005328924951488068
h5m80d50_direction,301308.SZ,20250919,H5_COMPETING_DIRECTION_TOP3,1,1.0,0.074671075048512,0.08000000000000007,130.54,140.28756213683275,2.0,profit_intraday,-0.005328924951488068
h5m80d50_direction,688110.SH,20250919,H5_COMPETING_DIRECTION_TOP3,1,1.0,0.074671075048512,0.08000000000000007,112.4,120.79302883545276,2.0,profit_intraday,-0.005328924951488068
h5m80d50_direction,600651.SH,20250918,H5_COMPETING_DIRECTION_TOP3,1,0.0,-0.06583072100313492,-0.06717315698382464,9.57,8.94,2.0,t1_stop_t2_open,0.0013424359806897268
h5m80d50_direction,600699.SH,20250918,H5_COMPETING_DIRECTION_TOP3,1,0.0,-0.049524762381190524,-0.05086719836188025,39.98,38.0,2.0,t1_stop_t2_open,0.0013424359806897268
h5m80d50_direction,603786.SH,20250918,H5_COMPETING_DIRECTION_TOP3,1,1.0,0.0831089351285188,0.09093243008390073,81.7,88.49,3.0,profit_open,-0.007823494955381927
h5m80d50_direction,300475.SZ,20250917,H5_COMPETING_DIRECTION_TOP3,1,1.0,0.07072070242863493,0.07999999999999996,78.03,83.54833641050638,3.0,profit_intraday,-0.00927929757136503
h5m80d50_direction,603786.SH,20250917,H5_COMPETING_DIRECTION_TOP3,1,1.0,0.06165199904695551,0.08000000000000007,84.17,89.35924875978225,4.0,profit_intraday,-0.018348000953044563
h5m80d50_direction,688498.SH,20250917,H5_COMPETING_DIRECTION_TOP3,1,1.0,0.06691117463034546,0.07999999999999996,378.09,403.3884460159873,2.0,profit_intraday,-0.0130888253696545
h5m80d50_direction,600170.SH,20250916,H5_COMPETING_DIRECTION_TOP3,1,1.0,0.07738201641224807,0.08000000000000007,3.38,3.6415512154733984,2.0,profit_intraday,-0.002617983587752004
h5m80d50_direction,600580.SH,20250916,H5_COMPETING_DIRECTION_TOP3,1,1.0,0.09245639840302577,0.09507438199077778,47.59,51.99,2.0,profit_open,-0.002617983587752004
h5m80d50_direction,688498.SH,20250916,H5_COMPETING_DIRECTION_TOP3,1,1.0,0.07738201641224807,0.08000000000000007,369.2,397.76944045940195,2.0,profit_intraday,-0.002617983587752004
h5m80d50_direction,300620.SZ,20250915,H5_COMPETING_DIRECTION_TOP3,1,1.0,0.08471570676045248,0.08000000000000007,102.03,110.67354356076896,3.0,profit_intraday,0.0047157067604524094
h5m80d50_direction,600580.SH,20250915,H5_COMPETING_DIRECTION_TOP3,1,1.0,0.09548748381791494,0.08000000000000007,46.21,50.62247662722585,2.0,profit_intraday,0.015487483817914871
h5m80d50_direction,601869.SH,20250915,H5_COMPETING_DIRECTION_TOP3,1,1.0,0.10204545454545455,0.08655797072753968,88.0,96.98,2.0,profit_open,0.015487483817914871
h5m80d50_direction,600580.SH,20250912,H5_COMPETING_DIRECTION_TOP3,1,1.0,0.09391917123221716,0.08000000000000007,46.15,50.48436975236682,3.0,profit_intraday,0.013919171232217087
h5m80d50_direction,603083.SH,20250912,H5_COMPETING_DIRECTION_TOP3,1,1.0,0.09708737864077666,0.09129018806265465,103.0,113.0,2.0,profit_open,0.005797190578122002
h5m80d50_direction,688205.SH,20250912,H5_COMPETING_DIRECTION_TOP3,1,1.0,0.08579719057812207,0.08000000000000007,97.0,105.32232748607784,2.0,profit_intraday,0.005797190578122002
h5m80d50_direction,688498.SH,20250911,H5_COMPETING_DIRECTION_TOP3,1,1.0,0.08510395668411697,0.08000000000000007,365.02,396.08464626883637,5.0,profit_intraday,0.005103956684116895
h5m80d50_direction,688519.SH,20250911,H5_COMPETING_DIRECTION_TOP3,1,1.0,0.08510395668411697,0.08000000000000007,70.66,76.6734455792997,5.0,profit_intraday,0.005103956684116895
h5m80d50_direction,688702.SH,20250911,H5_COMPETING_DIRECTION_TOP3,1,1.0,0.08114181091877493,0.08075538327456444,120.16,129.91,2.0,profit_open,0.00038642764421048525
h5m80d50_direction,688205.SH,20250910,H5_COMPETING_DIRECTION_TOP3,1,1.0,0.16822429906542058,0.1318915514084955,96.3,112.5,5.0,profit_open,0.03633274765692507
h5m80d50_direction,688498.SH,20250910,H5_COMPETING_DIRECTION_TOP3,1,1.0,0.10210588088345207,0.08000000000000007,345.0,380.22652890479094,2.0,profit_intraday,0.022105880883452
h5m80d50_direction,688519.SH,20250910,H5_COMPETING_DIRECTION_TOP3,1,1.0,0.10210588088345207,0.08000000000000007,64.99,71.62586119861554,2.0,profit_intraday,0.022105880883452
h5m80d50_direction,300548.SZ,20250909,H5_COMPETING_DIRECTION_TOP3,1,0.0,-0.010081328363266806,-0.037437856309893824,118.04,116.85,5.0,expiry_close,0.02735652794662702
h5m80d50_direction,688205.SH,20250909,H5_COMPETING_DIRECTION_TOP3,1,0.0,-0.02856492584144843,-0.050000000000000044,101.4,98.50351651967713,3.0,stop_close,0.021435074158551615
h5m80d50_direction,688519.SH,20250909,H5_COMPETING_DIRECTION_TOP3,1,1.0,0.09946362722331203,0.08000000000000007,61.91,68.06779316139524,2.0,profit_intraday,0.019463627223311963
h5m80d50_direction,688205.SH,20250908,H5_COMPETING_DIRECTION_TOP3,1,0.0,-0.026530612244897944,-0.036725230653071095,98.0,95.4,5.0,expiry_close,0.01019461840817315
h5m80d50_direction,688313.SH,20250908,H5_COMPETING_DIRECTION_TOP3,1,0.0,-0.033424283765347895,-0.043618902173521046,73.3,70.85,5.0,expiry_close,0.01019461840817315
h5m80d50_direction,688702.SH,20250908,H5_COMPETING_DIRECTION_TOP3,1,1.0,0.08980440207196705,0.08000000000000007,106.88,116.47829449345183,3.0,profit_intraday,0.009804402071966978
h5m80d50_direction,002364.SZ,20250905,H5_COMPETING_DIRECTION_TOP3,1,1.0,0.08182000882908946,0.08000000000000007,25.45,27.532319224700327,3.0,profit_intraday,0.0018200088290893923
h5m80d50_direction,600580.SH,20250905,H5_COMPETING_DIRECTION_TOP3,1,1.0,0.0824779337584991,0.08000000000000007,38.87,42.07591728519286,2.0,profit_intraday,0.002477933758499029
h5m80d50_direction,601069.SH,20250905,H5_COMPETING_DIRECTION_TOP3,1,0.0,-0.08128544423440454,-0.08376337799290356,31.74,29.16,2.0,t1_stop_t2_open,0.002477933758499029
h5m80d50_direction,300827.SZ,20250904,H5_COMPETING_DIRECTION_TOP3,1,1.0,0.10988023763926491,0.08000000000000007,32.8,36.404071794567884,3.0,profit_intraday,0.02988023763926484
h5m80d50_direction,300953.SZ,20250904,H5_COMPETING_DIRECTION_TOP3,1,1.0,0.10988023763926491,0.08000000000000007,146.22,162.2866883476133,3.0,profit_intraday,0.02988023763926484
h5m80d50_direction,688006.SH,20250904,H5_COMPETING_DIRECTION_TOP3,1,1.0,0.22735849056603774,0.18762699354043333,31.8,39.03,2.0,profit_open,0.03973149702560441
h5m80d50_direction,300450.SZ,20250903,H5_COMPETING_DIRECTION_TOP3,1,1.0,0.08946685228105733,0.08000000000000007,44.83,48.8407989877598,2.0,profit_intraday,0.009466852281057259
h5m80d50_direction,300457.SZ,20250903,H5_COMPETING_DIRECTION_TOP3,1,1.0,0.08946685228105733,0.08000000000000007,27.81,30.298073161936202,2.0,profit_intraday,0.009466852281057259
h5m80d50_direction,300953.SZ,20250903,H5_COMPETING_DIRECTION_TOP3,1,0.0,-0.03867510330578516,-0.04997919417066676,154.88,148.89,5.0,expiry_close,0.0113040908648816
h5m80d50_direction,300450.SZ,20250902,H5_COMPETING_DIRECTION_TOP3,1,1.0,0.04822309380195522,0.07999999999999996,43.55,45.65011573507515,2.0,profit_intraday,-0.03177690619804474
h5m80d50_direction,601212.SH,20250902,H5_COMPETING_DIRECTION_TOP3,1,0.0,-0.10021321961620477,-0.06843631341816003,4.69,4.22,2.0,t1_stop_t2_open,-0.03177690619804474
h5m80d50_direction,688006.SH,20250902,H5_COMPETING_DIRECTION_TOP3,1,1.0,0.04822309380195522,0.07999999999999996,30.15,31.60392627812895,2.0,profit_intraday,-0.03177690619804474
h5m80d50_direction,300450.SZ,20250901,H5_COMPETING_DIRECTION_TOP3,1,1.0,0.06115984405458086,0.09558619976077709,41.04,43.55,2.0,profit_open,-0.03442635570619623
h5m80d50_direction,688006.SH,20250901,H5_COMPETING_DIRECTION_TOP3,1,1.0,0.028780090946818992,0.07999999999999996,29.85,30.709085714762548,3.0,profit_intraday,-0.05121990905318097
h5m80d50_direction,688062.SH,20250901,H5_COMPETING_DIRECTION_TOP3,1,1.0,0.03966942148760322,0.09088933054078419,60.5,62.9,3.0,profit_open,-0.05121990905318097
h5m80d50_direction,300450.SZ,20250829,H5_COMPETING_DIRECTION_TOP3,1,,,,,,,,
h5m80d50_direction,300457.SZ,20250829,H5_COMPETING_DIRECTION_TOP3,1,,,,,,,,
h5m80d50_direction,301487.SZ,20250829,H5_COMPETING_DIRECTION_TOP3,1,,,,,,,,
h5m80d50_direction,000831.SZ,20250828,H5_COMPETING_DIRECTION_TOP3,1,,,,,,,,
h5m80d50_direction,600651.SH,20250828,H5_COMPETING_DIRECTION_TOP3,1,,,,,,,,
h5m80d50_direction,688062.SH,20250828,H5_COMPETING_DIRECTION_TOP3,1,,,,,,,,
h5m80d50_direction,002837.SZ,20250827,H5_COMPETING_DIRECTION_TOP3,1,,,,,,,,
h5m80d50_direction,301018.SZ,20250827,H5_COMPETING_DIRECTION_TOP3,1,,,,,,,,
h5m80d50_direction,688183.SH,20250827,H5_COMPETING_DIRECTION_TOP3,1,,,,,,,,
h5m80d50_direction,002364.SZ,20250826,H5_COMPETING_DIRECTION_TOP3,1,,,,,,,,
h5m80d50_direction,601869.SH,20250826,H5_COMPETING_DIRECTION_TOP3,1,,,,,,,,
h5m80d50_direction,688205.SH,20250826,H5_COMPETING_DIRECTION_TOP3,1,,,,,,,,
h5m80d50_direction,002378.SZ,20250825,H5_COMPETING_DIRECTION_TOP3,1,,,,,,,,
h5m80d50_direction,002402.SZ,20250825,H5_COMPETING_DIRECTION_TOP3,1,,,,,,,,
h5m80d50_direction,600246.SH,20250825,H5_COMPETING_DIRECTION_TOP3,1,,,,,,,,
h5m80d50_direction,002402.SZ,20250822,H5_COMPETING_DIRECTION_TOP3,1,,,,,,,,
h5m80d50_direction,600246.SH,20250822,H5_COMPETING_DIRECTION_TOP3,1,,,,,,,,
h5m80d50_direction,688205.SH,20250822,H5_COMPETING_DIRECTION_TOP3,1,,,,,,,,
h5m80d50_direction,002104.SZ,20250821,H5_COMPETING_DIRECTION_TOP3,1,,,,,,,,
h5m80d50_direction,688205.SH,20250821,H5_COMPETING_DIRECTION_TOP3,1,,,,,,,,
h5m80d50_direction,688313.SH,20250821,H5_COMPETING_DIRECTION_TOP3,1,,,,,,,,
h5m80d50_direction,002017.SZ,20250820,H5_COMPETING_DIRECTION_TOP3,1,,,,,,,,
h5m80d50_direction,688205.SH,20250820,H5_COMPETING_DIRECTION_TOP3,1,,,,,,,,
h5m80d50_direction,688498.SH,20250820,H5_COMPETING_DIRECTION_TOP3,1,,,,,,,,
h5m80d50_direction,002017.SZ,20250819,H5_COMPETING_DIRECTION_TOP3,1,,,,,,,,
h5m80d50_direction,603083.SH,20250819,H5_COMPETING_DIRECTION_TOP3,1,,,,,,,,
h5m80d50_direction,688205.SH,20250819,H5_COMPETING_DIRECTION_TOP3,1,,,,,,,,
h5m80d50_direction,002017.SZ,20250818,H5_COMPETING_DIRECTION_TOP3,1,,,,,,,,
h5m80d50_direction,601609.SH,20250818,H5_COMPETING_DIRECTION_TOP3,1,,,,,,,,
h5m80d50_direction,688313.SH,20250818,H5_COMPETING_DIRECTION_TOP3,1,,,,,,,,
h5m80d50_direction,002104.SZ,20250815,H5_COMPETING_DIRECTION_TOP3,1,,,,,,,,
h5m80d50_direction,600580.SH,20250815,H5_COMPETING_DIRECTION_TOP3,1,,,,,,,,
h5m80d50_direction,601609.SH,20250815,H5_COMPETING_DIRECTION_TOP3,1,,,,,,,,
h5m80d50_direction,300870.SZ,20250814,H5_COMPETING_DIRECTION_TOP3,1,,,,,,,,
h5m80d50_direction,601609.SH,20250814,H5_COMPETING_DIRECTION_TOP3,1,,,,,,,,
h5m80d50_direction,603516.SH,20250814,H5_COMPETING_DIRECTION_TOP3,1,,,,,,,,
h5m80d50_direction,002104.SZ,20250813,H5_COMPETING_DIRECTION_TOP3,1,,,,,,,,
h5m80d50_direction,600619.SH,20250813,H5_COMPETING_DIRECTION_TOP3,1,,,,,,,,
h5m80d50_direction,688146.SH,20250813,H5_COMPETING_DIRECTION_TOP3,1,,,,,,,,
h5m80d50_direction,301018.SZ,20250812,H5_COMPETING_DIRECTION_TOP3,1,,,,,,,,
h5m80d50_direction,600619.SH,20250812,H5_COMPETING_DIRECTION_TOP3,1,,,,,,,,
h5m80d50_direction,688660.SH,20250812,H5_COMPETING_DIRECTION_TOP3,1,,,,,,,,
h5m80d50_direction,002851.SZ,20250811,H5_COMPETING_DIRECTION_TOP3,1,,,,,,,,
h5m80d50_direction,002941.SZ,20250811,H5_COMPETING_DIRECTION_TOP3,1,,,,,,,,
h5m80d50_direction,688660.SH,20250811,H5_COMPETING_DIRECTION_TOP3,1,,,,,,,,
h5m80d50_direction,002017.SZ,20250808,H5_COMPETING_DIRECTION_TOP3,1,,,,,,,,
h5m80d50_direction,600619.SH,20250808,H5_COMPETING_DIRECTION_TOP3,1,,,,,,,,
h5m80d50_direction,688660.SH,20250808,H5_COMPETING_DIRECTION_TOP3,1,,,,,,,,
h5m80d50_direction,002046.SZ,20250807,H5_COMPETING_DIRECTION_TOP3,1,,,,,,,,
h5m80d50_direction,600619.SH,20250807,H5_COMPETING_DIRECTION_TOP3,1,,,,,,,,
h5m80d50_direction,601606.SH,20250807,H5_COMPETING_DIRECTION_TOP3,1,,,,,,,,
h5m80d50_direction,600619.SH,20250806,H5_COMPETING_DIRECTION_TOP3,1,,,,,,,,
h5m80d50_direction,601606.SH,20250806,H5_COMPETING_DIRECTION_TOP3,1,,,,,,,,
h5m80d50_direction,603516.SH,20250806,H5_COMPETING_DIRECTION_TOP3,1,,,,,,,,
h5m80d50_direction,002046.SZ,20250805,H5_COMPETING_DIRECTION_TOP3,1,,,,,,,,
h5m80d50_direction,301392.SZ,20250805,H5_COMPETING_DIRECTION_TOP3,1,,,,,,,,
h5m80d50_direction,601606.SH,20250805,H5_COMPETING_DIRECTION_TOP3,1,,,,,,,,
h5m80d50_direction,002097.SZ,20250804,H5_COMPETING_DIRECTION_TOP3,1,,,,,,,,
h5m80d50_direction,600629.SH,20250804,H5_COMPETING_DIRECTION_TOP3,1,,,,,,,,
h5m80d50_direction,600651.SH,20250804,H5_COMPETING_DIRECTION_TOP3,1,,,,,,,,
h5m80d50_direction,301200.SZ,20250801,H5_COMPETING_DIRECTION_TOP3,1,,,,,,,,
h5m80d50_direction,600629.SH,20250801,H5_COMPETING_DIRECTION_TOP3,1,,,,,,,,
h5m80d50_direction,002837.SZ,20250731,H5_COMPETING_DIRECTION_TOP3,1,,,,,,,,
h5m80d50_direction,301200.SZ,20250731,H5_COMPETING_DIRECTION_TOP3,1,,,,,,,,
h5m80d50_direction,600629.SH,20250731,H5_COMPETING_DIRECTION_TOP3,1,,,,,,,,
h5m80d50_direction,301217.SZ,20250730,H5_COMPETING_DIRECTION_TOP3,1,,,,,,,,
h5m80d50_direction,301392.SZ,20250730,H5_COMPETING_DIRECTION_TOP3,1,,,,,,,,
h5m80d50_direction,600651.SH,20250730,H5_COMPETING_DIRECTION_TOP3,1,,,,,,,,
h5m80d50_direction,301200.SZ,20250729,H5_COMPETING_DIRECTION_TOP3,1,,,,,,,,
h5m80d50_direction,301377.SZ,20250729,H5_COMPETING_DIRECTION_TOP3,1,,,,,,,,
h5m80d50_direction,301392.SZ,20250729,H5_COMPETING_DIRECTION_TOP3,1,,,,,,,,
h5m80d50_direction,301200.SZ,20250728,H5_COMPETING_DIRECTION_TOP3,1,,,,,,,,
h5m80d50_direction,301377.SZ,20250728,H5_COMPETING_DIRECTION_TOP3,1,,,,,,,,
h5m80d50_direction,688313.SH,20250728,H5_COMPETING_DIRECTION_TOP3,1,,,,,,,,
h5m80d50_direction,002017.SZ,20250725,H5_COMPETING_DIRECTION_TOP3,1,,,,,,,,
h5m80d50_direction,301377.SZ,20250725,H5_COMPETING_DIRECTION_TOP3,1,,,,,,,,
h5m80d50_direction,301392.SZ,20250725,H5_COMPETING_DIRECTION_TOP3,1,,,,,,,,
h5m80d50_direction,002017.SZ,20250724,H5_COMPETING_DIRECTION_TOP3,1,,,,,,,,
h5m80d50_direction,002104.SZ,20250724,H5_COMPETING_DIRECTION_TOP3,1,,,,,,,,
h5m80d50_direction,600528.SH,20250724,H5_COMPETING_DIRECTION_TOP3,1,,,,,,,,
h5m80d50_direction,002097.SZ,20250723,H5_COMPETING_DIRECTION_TOP3,1,,,,,,,,
h5m80d50_direction,688425.SH,20250723,H5_COMPETING_DIRECTION_TOP3,1,,,,,,,,
h5m80d50_direction,002017.SZ,20250722,H5_COMPETING_DIRECTION_TOP3,1,,,,,,,,
h5m80d50_direction,600629.SH,20250722,H5_COMPETING_DIRECTION_TOP3,1,,,,,,,,
h5m80d50_direction,688425.SH,20250722,H5_COMPETING_DIRECTION_TOP3,1,,,,,,,,
h5m80d50_direction,002017.SZ,20250721,H5_COMPETING_DIRECTION_TOP3,1,,,,,,,,
h5m80d50_direction,002265.SZ,20250721,H5_COMPETING_DIRECTION_TOP3,1,,,,,,,,
h5m80d50_direction,600629.SH,20250721,H5_COMPETING_DIRECTION_TOP3,1,,,,,,,,
h5m80d50_direction,000880.SZ,20250718,H5_COMPETING_DIRECTION_TOP3,1,,,,,,,,
h5m80d50_direction,002265.SZ,20250718,H5_COMPETING_DIRECTION_TOP3,1,,,,,,,,
h5m80d50_direction,301217.SZ,20250718,H5_COMPETING_DIRECTION_TOP3,1,,,,,,,,
h5m80d50_direction,000880.SZ,20250717,H5_COMPETING_DIRECTION_TOP3,1,,,,,,,,
h5m80d50_direction,301217.SZ,20250717,H5_COMPETING_DIRECTION_TOP3,1,,,,,,,,
h5m80d50_direction,601208.SH,20250717,H5_COMPETING_DIRECTION_TOP3,1,,,,,,,,
h5m80d50_direction,000880.SZ,20250716,H5_COMPETING_DIRECTION_TOP3,1,,,,,,,,
h5m80d50_direction,001287.SZ,20250716,H5_COMPETING_DIRECTION_TOP3,1,,,,,,,,
h5m80d50_direction,601606.SH,20250716,H5_COMPETING_DIRECTION_TOP3,1,,,,,,,,
h5m80d50_direction,000880.SZ,20250715,H5_COMPETING_DIRECTION_TOP3,1,,,,,,,,
h5m80d50_direction,002755.SZ,20250715,H5_COMPETING_DIRECTION_TOP3,1,,,,,,,,
h5m80d50_direction,601003.SH,20250715,H5_COMPETING_DIRECTION_TOP3,1,,,,,,,,
h5m80d50_direction,600606.SH,20250714,H5_COMPETING_DIRECTION_TOP3,1,,,,,,,,
h5m80d50_direction,601606.SH,20250714,H5_COMPETING_DIRECTION_TOP3,1,,,,,,,,
h5m80d50_direction,601908.SH,20250714,H5_COMPETING_DIRECTION_TOP3,1,,,,,,,,
h5m80d50_direction,301392.SZ,20250711,H5_COMPETING_DIRECTION_TOP3,1,,,,,,,,
h5m80d50_direction,600606.SH,20250711,H5_COMPETING_DIRECTION_TOP3,1,,,,,,,,
h5m80d50_direction,601908.SH,20250711,H5_COMPETING_DIRECTION_TOP3,1,,,,,,,,
h5m80d50_direction,002121.SZ,20250710,H5_COMPETING_DIRECTION_TOP3,1,,,,,,,,
h5m80d50_direction,002017.SZ,20250708,H5_COMPETING_DIRECTION_TOP3,1,,,,,,,,
h5m80d50_direction,300872.SZ,20250708,H5_COMPETING_DIRECTION_TOP3,1,,,,,,,,
h5m80d50_direction,600744.SH,20250708,H5_COMPETING_DIRECTION_TOP3,1,,,,,,,,
h5m80d50_direction,600744.SH,20250707,H5_COMPETING_DIRECTION_TOP3,1,,,,,,,,
h5m80d50_direction,688068.SH,20250707,H5_COMPETING_DIRECTION_TOP3,1,,,,,,,,
h5m80d50_direction,002104.SZ,20250704,H5_COMPETING_DIRECTION_TOP3,1,,,,,,,,
h5m80d50_direction,300348.SZ,20250704,H5_COMPETING_DIRECTION_TOP3,1,,,,,,,,
h5m80d50_direction,002987.SZ,20250703,H5_COMPETING_DIRECTION_TOP3,1,,,,,,,,
h5m80d50_direction,688520.SH,20250703,H5_COMPETING_DIRECTION_TOP3,1,,,,,,,,
h5m80d50_direction,002104.SZ,20250702,H5_COMPETING_DIRECTION_TOP3,1,,,,,,,,
h5m80d50_direction,300468.SZ,20250702,H5_COMPETING_DIRECTION_TOP3,1,,,,,,,,
h5m80d50_direction,301345.SZ,20250702,H5_COMPETING_DIRECTION_TOP3,1,,,,,,,,
h5m80d50_direction,301345.SZ,20250701,H5_COMPETING_DIRECTION_TOP3,1,,,,,,,,
h5m80d50_direction,600353.SH,20250701,H5_COMPETING_DIRECTION_TOP3,1,,,,,,,,
h5m80d50_direction,688658.SH,20250701,H5_COMPETING_DIRECTION_TOP3,1,,,,,,,,
h5m80d50_direction,600967.SH,20250630,H5_COMPETING_DIRECTION_TOP3,1,,,,,,,,
h5m80d50_direction,688068.SH,20250630,H5_COMPETING_DIRECTION_TOP3,1,,,,,,,,
h5m80d50_direction,002104.SZ,20250627,H5_COMPETING_DIRECTION_TOP3,1,,,,,,,,
h5m80d50_direction,600643.SH,20250627,H5_COMPETING_DIRECTION_TOP3,1,,,,,,,,
h5m80d50_direction,002670.SZ,20250626,H5_COMPETING_DIRECTION_TOP3,1,,,,,,,,
h5m80d50_direction,600643.SH,20250626,H5_COMPETING_DIRECTION_TOP3,1,,,,,,,,
h5m80d50_direction,601606.SH,20250626,H5_COMPETING_DIRECTION_TOP3,1,,,,,,,,
h5m80d50_direction,002125.SZ,20250625,H5_COMPETING_DIRECTION_TOP3,1,,,,,,,,
h5m80d50_direction,300130.SZ,20250625,H5_COMPETING_DIRECTION_TOP3,1,,,,,,,,
h5m80d50_direction,601606.SH,20250625,H5_COMPETING_DIRECTION_TOP3,1,,,,,,,,
h5m80d50_direction,002017.SZ,20250624,H5_COMPETING_DIRECTION_TOP3,1,,,,,,,,
h5m80d50_direction,002125.SZ,20250624,H5_COMPETING_DIRECTION_TOP3,1,,,,,,,,
h5m80d50_direction,300773.SZ,20250624,H5_COMPETING_DIRECTION_TOP3,1,,,,,,,,
h5m80d50_direction,002104.SZ,20250623,H5_COMPETING_DIRECTION_TOP3,1,,,,,,,,
h5m80d50_direction,002125.SZ,20250623,H5_COMPETING_DIRECTION_TOP3,1,,,,,,,,
h5m80d50_direction,300773.SZ,20250623,H5_COMPETING_DIRECTION_TOP3,1,,,,,,,,
h5m80d50_direction,002125.SZ,20250620,H5_COMPETING_DIRECTION_TOP3,1,,,,,,,,
h5m80d50_direction,300130.SZ,20250620,H5_COMPETING_DIRECTION_TOP3,1,,,,,,,,
h5m80d50_direction,300468.SZ,20250620,H5_COMPETING_DIRECTION_TOP3,1,,,,,,,,
h5m80d50_direction,002104.SZ,20250619,H5_COMPETING_DIRECTION_TOP3,1,,,,,,,,
h5m80d50_direction,300682.SZ,20250619,H5_COMPETING_DIRECTION_TOP3,1,,,,,,,,
h5m80d50_direction,300872.SZ,20250619,H5_COMPETING_DIRECTION_TOP3,1,,,,,,,,
h5m80d50_direction,002017.SZ,20250618,H5_COMPETING_DIRECTION_TOP3,1,,,,,,,,
h5m80d50_direction,002104.SZ,20250618,H5_COMPETING_DIRECTION_TOP3,1,,,,,,,,
h5m80d50_direction,300773.SZ,20250618,H5_COMPETING_DIRECTION_TOP3,1,,,,,,,,
h5m80d50_direction,002015.SZ,20250617,H5_COMPETING_DIRECTION_TOP3,1,,,,,,,,
h5m80d50_direction,002104.SZ,20250617,H5_COMPETING_DIRECTION_TOP3,1,,,,,,,,
h5m80d50_direction,300682.SZ,20250617,H5_COMPETING_DIRECTION_TOP3,1,,,,,,,,
h5m80d50_direction,002017.SZ,20250616,H5_COMPETING_DIRECTION_TOP3,1,,,,,,,,
h5m80d50_direction,002104.SZ,20250616,H5_COMPETING_DIRECTION_TOP3,1,,,,,,,,
h5m80d50_direction,300872.SZ,20250616,H5_COMPETING_DIRECTION_TOP3,1,,,,,,,,
h5m80d50_direction,002104.SZ,20250613,H5_COMPETING_DIRECTION_TOP3,1,,,,,,,,
h5m80d50_direction,301622.SZ,20250613,H5_COMPETING_DIRECTION_TOP3,1,,,,,,,,
h5m80d50_direction,600353.SH,20250613,H5_COMPETING_DIRECTION_TOP3,1,,,,,,,,
h5m80d50_direction,002104.SZ,20250612,H5_COMPETING_DIRECTION_TOP3,1,,,,,,,,
h5m80d50_direction,300468.SZ,20250612,H5_COMPETING_DIRECTION_TOP3,1,,,,,,,,
h5m80d50_direction,301622.SZ,20250612,H5_COMPETING_DIRECTION_TOP3,1,,,,,,,,
h5m80d50_direction,002104.SZ,20250611,H5_COMPETING_DIRECTION_TOP3,1,,,,,,,,
h5m80d50_direction,605376.SH,20250611,H5_COMPETING_DIRECTION_TOP3,1,,,,,,,,
h5m80d50_direction,688205.SH,20250611,H5_COMPETING_DIRECTION_TOP3,1,,,,,,,,
h5m80d50_direction,002104.SZ,20250610,H5_COMPETING_DIRECTION_TOP3,1,,,,,,,,
h5m80d50_direction,002317.SZ,20250610,H5_COMPETING_DIRECTION_TOP3,1,,,,,,,,
h5m80d50_direction,300468.SZ,20250610,H5_COMPETING_DIRECTION_TOP3,1,,,,,,,,
h5m80d50_direction,002104.SZ,20250609,H5_COMPETING_DIRECTION_TOP3,1,,,,,,,,
h5m80d50_direction,300872.SZ,20250609,H5_COMPETING_DIRECTION_TOP3,1,,,,,,,,
h5m80d50_direction,600353.SH,20250609,H5_COMPETING_DIRECTION_TOP3,1,,,,,,,,
h5m80d50_direction,300468.SZ,20250606,H5_COMPETING_DIRECTION_TOP3,1,,,,,,,,
h5m80d50_direction,300872.SZ,20250606,H5_COMPETING_DIRECTION_TOP3,1,,,,,,,,
h5m80d50_direction,688062.SH,20250606,H5_COMPETING_DIRECTION_TOP3,1,,,,,,,,
h5m80d50_direction,002104.SZ,20250605,H5_COMPETING_DIRECTION_TOP3,1,,,,,,,,
h5m80d50_direction,300723.SZ,20250605,H5_COMPETING_DIRECTION_TOP3,1,,,,,,,,
h5m80d50_direction,688205.SH,20250605,H5_COMPETING_DIRECTION_TOP3,1,,,,,,,,
h5m80d50_direction,002104.SZ,20250604,H5_COMPETING_DIRECTION_TOP3,1,,,,,,,,
h5m80d50_direction,300468.SZ,20250604,H5_COMPETING_DIRECTION_TOP3,1,,,,,,,,
h5m80d50_direction,300872.SZ,20250604,H5_COMPETING_DIRECTION_TOP3,1,,,,,,,,
h5m80d50_direction,002104.SZ,20250603,H5_COMPETING_DIRECTION_TOP3,1,,,,,,,,
h5m80d50_direction,002537.SZ,20250603,H5_COMPETING_DIRECTION_TOP3,1,,,,,,,,
h5m80d50_direction,300468.SZ,20250603,H5_COMPETING_DIRECTION_TOP3,1,,,,,,,,
h5m80d50_direction,002104.SZ,20250530,H5_COMPETING_DIRECTION_TOP3,1,,,,,,,,
h5m80d50_direction,002537.SZ,20250530,H5_COMPETING_DIRECTION_TOP3,1,,,,,,,,
h5m80d50_direction,300723.SZ,20250530,H5_COMPETING_DIRECTION_TOP3,1,,,,,,,,
h5m80d50_direction,300468.SZ,20250529,H5_COMPETING_DIRECTION_TOP3,1,,,,,,,,
h5m80d50_direction,300872.SZ,20250529,H5_COMPETING_DIRECTION_TOP3,1,,,,,,,,
h5m80d50_direction,600006.SH,20250529,H5_COMPETING_DIRECTION_TOP3,1,,,,,,,,
h5m80d50_direction,603693.SH,20250528,H5_COMPETING_DIRECTION_TOP3,1,,,,,,,,
h5m80d50_direction,688205.SH,20250528,H5_COMPETING_DIRECTION_TOP3,1,,,,,,,,
h5m80d50_direction,688336.SH,20250528,H5_COMPETING_DIRECTION_TOP3,1,,,,,,,,
h5m80d50_direction,688062.SH,20250527,H5_COMPETING_DIRECTION_TOP3,1,,,,,,,,
h5m80d50_direction,688336.SH,20250527,H5_COMPETING_DIRECTION_TOP3,1,,,,,,,,
h5m80d50_direction,688382.SH,20250527,H5_COMPETING_DIRECTION_TOP3,1,,,,,,,,
h5m80d50_direction,002194.SZ,20250526,H5_COMPETING_DIRECTION_TOP3,1,,,,,,,,
h5m80d50_direction,688062.SH,20250526,H5_COMPETING_DIRECTION_TOP3,1,,,,,,,,
h5m80d50_direction,688382.SH,20250526,H5_COMPETING_DIRECTION_TOP3,1,,,,,,,,
h5m80d50_direction,002317.SZ,20250523,H5_COMPETING_DIRECTION_TOP3,1,,,,,,,,
h5m80d50_direction,301606.SZ,20250523,H5_COMPETING_DIRECTION_TOP3,1,,,,,,,,
h5m80d50_direction,688062.SH,20250523,H5_COMPETING_DIRECTION_TOP3,1,,,,,,,,
h5m80d50_direction,002364.SZ,20250522,H5_COMPETING_DIRECTION_TOP3,1,,,,,,,,
h5m80d50_direction,688552.SH,20250522,H5_COMPETING_DIRECTION_TOP3,1,,,,,,,,
h5m80d50_direction,002727.SZ,20250521,H5_COMPETING_DIRECTION_TOP3,1,,,,,,,,
h5m80d50_direction,301550.SZ,20250521,H5_COMPETING_DIRECTION_TOP3,1,,,,,,,,
h5m80d50_direction,688336.SH,20250521,H5_COMPETING_DIRECTION_TOP3,1,,,,,,,,
h5m80d50_direction,688331.SH,20250520,H5_COMPETING_DIRECTION_TOP3,1,,,,,,,,
h5m80d50_direction,688336.SH,20250520,H5_COMPETING_DIRECTION_TOP3,1,,,,,,,,
h5m80d50_direction,688552.SH,20250520,H5_COMPETING_DIRECTION_TOP3,1,,,,,,,,
h5m80d50_direction,688552.SH,20250519,H5_COMPETING_DIRECTION_TOP3,1,,,,,,,,
h5m80d50_direction,002779.SZ,20250516,H5_COMPETING_DIRECTION_TOP3,1,,,,,,,,
h5m80d50_direction,601022.SH,20250516,H5_COMPETING_DIRECTION_TOP3,1,,,,,,,,
h5m80d50_direction,002251.SZ,20250515,H5_COMPETING_DIRECTION_TOP3,1,,,,,,,,
h5m80d50_direction,601022.SH,20250515,H5_COMPETING_DIRECTION_TOP3,1,,,,,,,,
h5m80d50_direction,601083.SH,20250515,H5_COMPETING_DIRECTION_TOP3,1,,,,,,,,
h5m80d50_direction,600744.SH,20250514,H5_COMPETING_DIRECTION_TOP3,1,,,,,,,,
h5m80d50_direction,601022.SH,20250514,H5_COMPETING_DIRECTION_TOP3,1,,,,,,,,
h5m80d50_direction,002194.SZ,20250513,H5_COMPETING_DIRECTION_TOP3,1,,,,,,,,
h5m80d50_direction,688552.SH,20250513,H5_COMPETING_DIRECTION_TOP3,1,,,,,,,,
h5m80d50_direction,000559.SZ,20250512,H5_COMPETING_DIRECTION_TOP3,1,,,,,,,,
h5m80d50_direction,300607.SZ,20250512,H5_COMPETING_DIRECTION_TOP3,1,,,,,,,,
h5m80d50_direction,688552.SH,20250512,H5_COMPETING_DIRECTION_TOP3,1,,,,,,,,
h5m80d50_direction,603809.SH,20250509,H5_COMPETING_DIRECTION_TOP3,1,,,,,,,,
h5m80d50_direction,688552.SH,20250509,H5_COMPETING_DIRECTION_TOP3,1,,,,,,,,
h5m80d50_direction,002338.SZ,20250508,H5_COMPETING_DIRECTION_TOP3,1,,,,,,,,
h5m80d50_direction,603809.SH,20250508,H5_COMPETING_DIRECTION_TOP3,1,,,,,,,,
h5m80d50_direction,300047.SZ,20250507,H5_COMPETING_DIRECTION_TOP3,1,,,,,,,,
h5m80d50_direction,300548.SZ,20250507,H5_COMPETING_DIRECTION_TOP3,1,,,,,,,,
h5m80d50_direction,600744.SH,20250507,H5_COMPETING_DIRECTION_TOP3,1,,,,,,,,
h5m80d50_direction,300047.SZ,20250506,H5_COMPETING_DIRECTION_TOP3,1,,,,,,,,
h5m80d50_direction,600744.SH,20250506,H5_COMPETING_DIRECTION_TOP3,1,,,,,,,,
h5m80d50_direction,688313.SH,20250506,H5_COMPETING_DIRECTION_TOP3,1,,,,,,,,
h5m80d50_direction,300638.SZ,20250430,H5_COMPETING_DIRECTION_TOP3,1,,,,,,,,
h5m80d50_direction,300870.SZ,20250430,H5_COMPETING_DIRECTION_TOP3,1,,,,,,,,
h5m80d50_direction,688205.SH,20250430,H5_COMPETING_DIRECTION_TOP3,1,,,,,,,,
h5m80d50_direction,300870.SZ,20250429,H5_COMPETING_DIRECTION_TOP3,1,,,,,,,,
h5m80d50_direction,300953.SZ,20250429,H5_COMPETING_DIRECTION_TOP3,1,,,,,,,,
h5m80d50_direction,301550.SZ,20250429,H5_COMPETING_DIRECTION_TOP3,1,,,,,,,,
h5m80d50_direction,300870.SZ,20250428,H5_COMPETING_DIRECTION_TOP3,1,,,,,,,,
h5m80d50_direction,301550.SZ,20250428,H5_COMPETING_DIRECTION_TOP3,1,,,,,,,,
h5m80d50_direction,600744.SH,20250428,H5_COMPETING_DIRECTION_TOP3,1,,,,,,,,
h5m80d50_direction,300870.SZ,20250425,H5_COMPETING_DIRECTION_TOP3,1,,,,,,,,
h5m80d50_direction,301550.SZ,20250425,H5_COMPETING_DIRECTION_TOP3,1,,,,,,,,
h5m80d50_direction,600744.SH,20250425,H5_COMPETING_DIRECTION_TOP3,1,,,,,,,,
h5m80d50_direction,002965.SZ,20250424,H5_COMPETING_DIRECTION_TOP3,1,,,,,,,,
h5m80d50_direction,300007.SZ,20250424,H5_COMPETING_DIRECTION_TOP3,1,,,,,,,,
h5m80d50_direction,300870.SZ,20250424,H5_COMPETING_DIRECTION_TOP3,1,,,,,,,,
h5m80d50_direction,002537.SZ,20250423,H5_COMPETING_DIRECTION_TOP3,1,,,,,,,,
h5m80d50_direction,300870.SZ,20250423,H5_COMPETING_DIRECTION_TOP3,1,,,,,,,,
h5m80d50_direction,301550.SZ,20250423,H5_COMPETING_DIRECTION_TOP3,1,,,,,,,,
h5m80d50_direction,002537.SZ,20250422,H5_COMPETING_DIRECTION_TOP3,1,,,,,,,,
h5m80d50_direction,301550.SZ,20250422,H5_COMPETING_DIRECTION_TOP3,1,,,,,,,,
h5m80d50_direction,688313.SH,20250422,H5_COMPETING_DIRECTION_TOP3,1,,,,,,,,
h5m80d50_direction,002194.SZ,20250421,H5_COMPETING_DIRECTION_TOP3,1,,,,,,,,
h5m80d50_direction,300870.SZ,20250421,H5_COMPETING_DIRECTION_TOP3,1,,,,,,,,
h5m80d50_direction,688313.SH,20250421,H5_COMPETING_DIRECTION_TOP3,1,,,,,,,,
h5m80d50_direction,300007.SZ,20250418,H5_COMPETING_DIRECTION_TOP3,1,,,,,,,,
h5m80d50_direction,300953.SZ,20250418,H5_COMPETING_DIRECTION_TOP3,1,,,,,,,,
h5m80d50_direction,301550.SZ,20250418,H5_COMPETING_DIRECTION_TOP3,1,,,,,,,,
h5m80d50_direction,300007.SZ,20250417,H5_COMPETING_DIRECTION_TOP3,1,,,,,,,,
h5m80d50_direction,300953.SZ,20250417,H5_COMPETING_DIRECTION_TOP3,1,,,,,,,,
h5m80d50_direction,301550.SZ,20250417,H5_COMPETING_DIRECTION_TOP3,1,,,,,,,,
h5m80d50_direction,301018.SZ,20250416,H5_COMPETING_DIRECTION_TOP3,1,,,,,,,,
h5m80d50_direction,603128.SH,20250416,H5_COMPETING_DIRECTION_TOP3,1,,,,,,,,
h5m80d50_direction,688519.SH,20250416,H5_COMPETING_DIRECTION_TOP3,1,,,,,,,,
h5m80d50_direction,688519.SH,20250415,H5_COMPETING_DIRECTION_TOP3,1,,,,,,,,
h5m80d50_direction,688776.SH,20250415,H5_COMPETING_DIRECTION_TOP3,1,,,,,,,,
h5m80d50_direction,688502.SH,20250414,H5_COMPETING_DIRECTION_TOP3,1,,,,,,,,
h5m80d50_direction,688776.SH,20250414,H5_COMPETING_DIRECTION_TOP3,1,,,,,,,,
h5m80d50_direction,001337.SZ,20250411,H5_COMPETING_DIRECTION_TOP3,1,,,,,,,,
h5m80d50_direction,300100.SZ,20250411,H5_COMPETING_DIRECTION_TOP3,1,,,,,,,,
h5m80d50_direction,300100.SZ,20250410,H5_COMPETING_DIRECTION_TOP3,1,,,,,,,,
h5m80d50_direction,301000.SZ,20250410,H5_COMPETING_DIRECTION_TOP3,1,,,,,,,,
h5m80d50_direction,601083.SH,20250410,H5_COMPETING_DIRECTION_TOP3,1,,,,,,,,
h5m80d50_direction,000880.SZ,20250409,H5_COMPETING_DIRECTION_TOP3,1,,,,,,,,
h5m80d50_direction,300100.SZ,20250409,H5_COMPETING_DIRECTION_TOP3,1,,,,,,,,
h5m80d50_direction,603072.SH,20250409,H5_COMPETING_DIRECTION_TOP3,1,,,,,,,,
h5m80d50_direction,300100.SZ,20250408,H5_COMPETING_DIRECTION_TOP3,1,,,,,,,,
h5m80d50_direction,688182.SH,20250408,H5_COMPETING_DIRECTION_TOP3,1,,,,,,,,
h5m80d50_direction,688220.SH,20250408,H5_COMPETING_DIRECTION_TOP3,1,,,,,,,,
h5m80d50_direction,300870.SZ,20250407,H5_COMPETING_DIRECTION_TOP3,1,,,,,,,,
h5m80d50_direction,688048.SH,20250407,H5_COMPETING_DIRECTION_TOP3,1,,,,,,,,
h5m80d50_direction,688279.SH,20250407,H5_COMPETING_DIRECTION_TOP3,1,,,,,,,,
h5m80d50_direction,600292.SH,20250403,H5_COMPETING_DIRECTION_TOP3,1,,,,,,,,
h5m80d50_direction,688068.SH,20250403,H5_COMPETING_DIRECTION_TOP3,1,,,,,,,,
h5m80d50_direction,688776.SH,20250403,H5_COMPETING_DIRECTION_TOP3,1,,,,,,,,
h5m80d50_direction,000027.SZ,20250402,H5_COMPETING_DIRECTION_TOP3,1,,,,,,,,
h5m80d50_direction,600116.SH,20250402,H5_COMPETING_DIRECTION_TOP3,1,,,,,,,,
h5m80d50_direction,600269.SH,20250402,H5_COMPETING_DIRECTION_TOP3,1,,,,,,,,
h5m80d50_direction,600116.SH,20250401,H5_COMPETING_DIRECTION_TOP3,1,,,,,,,,
h5m80d50_direction,600395.SH,20250401,H5_COMPETING_DIRECTION_TOP3,1,,,,,,,,
h5m80d50_direction,600928.SH,20250401,H5_COMPETING_DIRECTION_TOP3,1,,,,,,,,
h5m80d50_direction,002608.SZ,20250331,H5_COMPETING_DIRECTION_TOP3,1,,,,,,,,
h5m80d50_direction,600269.SH,20250331,H5_COMPETING_DIRECTION_TOP3,1,,,,,,,,
h5m80d50_direction,600908.SH,20250331,H5_COMPETING_DIRECTION_TOP3,1,,,,,,,,
h5m80d50_direction,000767.SZ,20250328,H5_COMPETING_DIRECTION_TOP3,1,,,,,,,,
h5m80d50_direction,002004.SZ,20250328,H5_COMPETING_DIRECTION_TOP3,1,,,,,,,,
h5m80d50_direction,002275.SZ,20250328,H5_COMPETING_DIRECTION_TOP3,1,,,,,,,,
h5m80d50_direction,603072.SH,20250327,H5_COMPETING_DIRECTION_TOP3,1,,,,,,,,
h5m80d50_direction,688068.SH,20250327,H5_COMPETING_DIRECTION_TOP3,1,,,,,,,,
h5m80d50_direction,688717.SH,20250326,H5_COMPETING_DIRECTION_TOP3,1,,,,,,,,
h5m80d50_direction,300100.SZ,20250325,H5_COMPETING_DIRECTION_TOP3,1,,,,,,,,
h5m80d50_direction,688068.SH,20250325,H5_COMPETING_DIRECTION_TOP3,1,,,,,,,,
h5m80d50_direction,688776.SH,20250325,H5_COMPETING_DIRECTION_TOP3,1,,,,,,,,
h5m80d50_direction,002204.SZ,20250324,H5_COMPETING_DIRECTION_TOP3,1,,,,,,,,
h5m80d50_direction,600320.SH,20250324,H5_COMPETING_DIRECTION_TOP3,1,,,,,,,,
h5m80d50_direction,002204.SZ,20250321,H5_COMPETING_DIRECTION_TOP3,1,,,,,,,,
h5m80d50_direction,601890.SH,20250321,H5_COMPETING_DIRECTION_TOP3,1,,,,,,,,
h5m80d50_direction,002204.SZ,20250320,H5_COMPETING_DIRECTION_TOP3,1,,,,,,,,
h5m80d50_direction,300100.SZ,20250320,H5_COMPETING_DIRECTION_TOP3,1,,,,,,,,
h5m80d50_direction,300100.SZ,20250319,H5_COMPETING_DIRECTION_TOP3,1,,,,,,,,
h5m80d50_direction,688068.SH,20250319,H5_COMPETING_DIRECTION_TOP3,1,,,,,,,,
h5m80d50_direction,000880.SZ,20250318,H5_COMPETING_DIRECTION_TOP3,1,,,,,,,,
h5m80d50_direction,002896.SZ,20250318,H5_COMPETING_DIRECTION_TOP3,1,,,,,,,,
h5m80d50_direction,300100.SZ,20250318,H5_COMPETING_DIRECTION_TOP3,1,,,,,,,,
h5m80d50_direction,000880.SZ,20250317,H5_COMPETING_DIRECTION_TOP3,1,,,,,,,,
h5m80d50_direction,300100.SZ,20250317,H5_COMPETING_DIRECTION_TOP3,1,,,,,,,,
h5m80d50_direction,301109.SZ,20250317,H5_COMPETING_DIRECTION_TOP3,1,,,,,,,,
h5m80d50_direction,000880.SZ,20250314,H5_COMPETING_DIRECTION_TOP3,1,,,,,,,,
h5m80d50_direction,300065.SZ,20250314,H5_COMPETING_DIRECTION_TOP3,1,,,,,,,,
h5m80d50_direction,603119.SH,20250314,H5_COMPETING_DIRECTION_TOP3,1,,,,,,,,
h5m80d50_direction,002896.SZ,20250313,H5_COMPETING_DIRECTION_TOP3,1,,,,,,,,
h5m80d50_direction,300718.SZ,20250313,H5_COMPETING_DIRECTION_TOP3,1,,,,,,,,
h5m80d50_direction,000156.SZ,20250312,H5_COMPETING_DIRECTION_TOP3,1,,,,,,,,
h5m80d50_direction,000880.SZ,20250312,H5_COMPETING_DIRECTION_TOP3,1,,,,,,,,
h5m80d50_direction,301600.SZ,20250312,H5_COMPETING_DIRECTION_TOP3,1,,,,,,,,
h5m80d50_direction,000880.SZ,20250311,H5_COMPETING_DIRECTION_TOP3,1,,,,,,,,
h5m80d50_direction,002093.SZ,20250310,H5_COMPETING_DIRECTION_TOP3,1,,,,,,,,
h5m80d50_direction,301392.SZ,20250310,H5_COMPETING_DIRECTION_TOP3,1,,,,,,,,
h5m80d50_direction,603108.SH,20250310,H5_COMPETING_DIRECTION_TOP3,1,,,,,,,,
h5m80d50_direction,000880.SZ,20250307,H5_COMPETING_DIRECTION_TOP3,1,,,,,,,,
h5m80d50_direction,002093.SZ,20250307,H5_COMPETING_DIRECTION_TOP3,1,,,,,,,,
h5m80d50_direction,301550.SZ,20250307,H5_COMPETING_DIRECTION_TOP3,1,,,,,,,,
h5m80d50_direction,000880.SZ,20250306,H5_COMPETING_DIRECTION_TOP3,1,,,,,,,,
h5m80d50_direction,002896.SZ,20250306,H5_COMPETING_DIRECTION_TOP3,1,,,,,,,,
h5m80d50_direction,603300.SH,20250306,H5_COMPETING_DIRECTION_TOP3,1,,,,,,,,
h5m80d50_direction,000880.SZ,20250305,H5_COMPETING_DIRECTION_TOP3,1,,,,,,,,
h5m80d50_direction,603300.SH,20250305,H5_COMPETING_DIRECTION_TOP3,1,,,,,,,,
h5m80d50_direction,603583.SH,20250305,H5_COMPETING_DIRECTION_TOP3,1,,,,,,,,
h5m80d50_direction,003021.SZ,20250304,H5_COMPETING_DIRECTION_TOP3,1,,,,,,,,
h5m80d50_direction,300718.SZ,20250304,H5_COMPETING_DIRECTION_TOP3,1,,,,,,,,
h5m80d50_direction,688343.SH,20250304,H5_COMPETING_DIRECTION_TOP3,1,,,,,,,,
h5m80d50_direction,300718.SZ,20250303,H5_COMPETING_DIRECTION_TOP3,1,,,,,,,,
h5m80d50_direction,688158.SH,20250303,H5_COMPETING_DIRECTION_TOP3,1,,,,,,,,
h5m80d50_direction,688327.SH,20250303,H5_COMPETING_DIRECTION_TOP3,1,,,,,,,,
h5m80d50_direction,300454.SZ,20250228,H5_COMPETING_DIRECTION_TOP3,1,,,,,,,,
h5m80d50_direction,300718.SZ,20250228,H5_COMPETING_DIRECTION_TOP3,1,,,,,,,,
h5m80d50_direction,600602.SH,20250228,H5_COMPETING_DIRECTION_TOP3,1,,,,,,,,
h5m80d50_direction,002896.SZ,20250227,H5_COMPETING_DIRECTION_TOP3,1,,,,,,,,
h5m80d50_direction,300031.SZ,20250227,H5_COMPETING_DIRECTION_TOP3,1,,,,,,,,
h5m80d50_direction,300718.SZ,20250227,H5_COMPETING_DIRECTION_TOP3,1,,,,,,,,
h5m80d50_direction,000880.SZ,20250226,H5_COMPETING_DIRECTION_TOP3,1,,,,,,,,
h5m80d50_direction,300031.SZ,20250226,H5_COMPETING_DIRECTION_TOP3,1,,,,,,,,
h5m80d50_direction,000880.SZ,20250225,H5_COMPETING_DIRECTION_TOP3,1,,,,,,,,
h5m80d50_direction,301325.SZ,20250225,H5_COMPETING_DIRECTION_TOP3,1,,,,,,,,
h5m80d50_direction,000880.SZ,20250224,H5_COMPETING_DIRECTION_TOP3,1,,,,,,,,
h5m80d50_direction,001309.SZ,20250224,H5_COMPETING_DIRECTION_TOP3,1,,,,,,,,
h5m80d50_direction,600602.SH,20250224,H5_COMPETING_DIRECTION_TOP3,1,,,,,,,,
h5m80d50_direction,000880.SZ,20250221,H5_COMPETING_DIRECTION_TOP3,1,,,,,,,,
h5m80d50_direction,002126.SZ,20250221,H5_COMPETING_DIRECTION_TOP3,1,,,,,,,,
h5m80d50_direction,002364.SZ,20250221,H5_COMPETING_DIRECTION_TOP3,1,,,,,,,,
h5m80d50_direction,002896.SZ,20250220,H5_COMPETING_DIRECTION_TOP3,1,,,,,,,,
h5m80d50_direction,002978.SZ,20250220,H5_COMPETING_DIRECTION_TOP3,1,,,,,,,,
h5m80d50_direction,600143.SH,20250220,H5_COMPETING_DIRECTION_TOP3,1,,,,,,,,
h5m80d50_direction,002896.SZ,20250219,H5_COMPETING_DIRECTION_TOP3,1,,,,,,,,
h5m80d50_direction,300718.SZ,20250219,H5_COMPETING_DIRECTION_TOP3,1,,,,,,,,
h5m80d50_direction,301550.SZ,20250219,H5_COMPETING_DIRECTION_TOP3,1,,,,,,,,
h5m80d50_direction,003021.SZ,20250218,H5_COMPETING_DIRECTION_TOP3,1,,,,,,,,
h5m80d50_direction,300718.SZ,20250218,H5_COMPETING_DIRECTION_TOP3,1,,,,,,,,
h5m80d50_direction,603583.SH,20250218,H5_COMPETING_DIRECTION_TOP3,1,,,,,,,,
h5m80d50_direction,002044.SZ,20250217,H5_COMPETING_DIRECTION_TOP3,1,,,,,,,,
h5m80d50_direction,002335.SZ,20250217,H5_COMPETING_DIRECTION_TOP3,1,,,,,,,,
h5m80d50_direction,603881.SH,20250217,H5_COMPETING_DIRECTION_TOP3,1,,,,,,,,
h5m80d50_direction,002123.SZ,20250214,H5_COMPETING_DIRECTION_TOP3,1,,,,,,,,
h5m80d50_direction,002896.SZ,20250214,H5_COMPETING_DIRECTION_TOP3,1,,,,,,,,
h5m80d50_direction,300718.SZ,20250214,H5_COMPETING_DIRECTION_TOP3,1,,,,,,,,
h5m80d50_direction,300718.SZ,20250213,H5_COMPETING_DIRECTION_TOP3,1,,,,,,,,
h5m80d50_direction,603667.SH,20250213,H5_COMPETING_DIRECTION_TOP3,1,,,,,,,,
h5m80d50_direction,688615.SH,20250213,H5_COMPETING_DIRECTION_TOP3,1,,,,,,,,
h5m80d50_direction,002123.SZ,20250212,H5_COMPETING_DIRECTION_TOP3,1,,,,,,,,
h5m80d50_direction,002929.SZ,20250212,H5_COMPETING_DIRECTION_TOP3,1,,,,,,,,
h5m80d50_direction,600126.SH,20250212,H5_COMPETING_DIRECTION_TOP3,1,,,,,,,,
h5m80d50_direction,002261.SZ,20250211,H5_COMPETING_DIRECTION_TOP3,1,,,,,,,,
h5m80d50_direction,600126.SH,20250211,H5_COMPETING_DIRECTION_TOP3,1,,,,,,,,
h5m80d50_direction,688158.SH,20250211,H5_COMPETING_DIRECTION_TOP3,1,,,,,,,,
h5m80d50_direction,000034.SZ,20250210,H5_COMPETING_DIRECTION_TOP3,1,,,,,,,,
h5m80d50_direction,002261.SZ,20250210,H5_COMPETING_DIRECTION_TOP3,1,,,,,,,,
h5m80d50_direction,600633.SH,20250210,H5_COMPETING_DIRECTION_TOP3,1,,,,,,,,
h5m80d50_direction,002881.SZ,20250207,H5_COMPETING_DIRECTION_TOP3,1,,,,,,,,
h5m80d50_direction,600633.SH,20250207,H5_COMPETING_DIRECTION_TOP3,1,,,,,,,,
h5m80d50_direction,688158.SH,20250207,H5_COMPETING_DIRECTION_TOP3,1,,,,,,,,
h5m80d50_direction,002881.SZ,20250206,H5_COMPETING_DIRECTION_TOP3,1,,,,,,,,
h5m80d50_direction,600126.SH,20250206,H5_COMPETING_DIRECTION_TOP3,1,,,,,,,,
h5m80d50_direction,688158.SH,20250206,H5_COMPETING_DIRECTION_TOP3,1,,,,,,,,
h5m80d50_direction,300624.SZ,20250205,H5_COMPETING_DIRECTION_TOP3,1,,,,,,,,
h5m80d50_direction,300718.SZ,20250205,H5_COMPETING_DIRECTION_TOP3,1,,,,,,,,
h5m80d50_direction,688158.SH,20250205,H5_COMPETING_DIRECTION_TOP3,1,,,,,,,,
h5m80d50_direction,300166.SZ,20250127,H5_COMPETING_DIRECTION_TOP3,1,,,,,,,,
h5m80d50_direction,300378.SZ,20250127,H5_COMPETING_DIRECTION_TOP3,1,,,,,,,,
h5m80d50_direction,300925.SZ,20250127,H5_COMPETING_DIRECTION_TOP3,1,,,,,,,,
h5m80d50_direction,300166.SZ,20250124,H5_COMPETING_DIRECTION_TOP3,1,,,,,,,,
h5m80d50_direction,300378.SZ,20250124,H5_COMPETING_DIRECTION_TOP3,1,,,,,,,,
h5m80d50_direction,300496.SZ,20250124,H5_COMPETING_DIRECTION_TOP3,1,,,,,,,,
h5m80d50_direction,002364.SZ,20250123,H5_COMPETING_DIRECTION_TOP3,1,,,,,,,,
h5m80d50_direction,300925.SZ,20250123,H5_COMPETING_DIRECTION_TOP3,1,,,,,,,,
h5m80d50_direction,688631.SH,20250123,H5_COMPETING_DIRECTION_TOP3,1,,,,,,,,
h5m80d50_direction,300378.SZ,20250122,H5_COMPETING_DIRECTION_TOP3,1,,,,,,,,
h5m80d50_direction,300548.SZ,20250122,H5_COMPETING_DIRECTION_TOP3,1,,,,,,,,
h5m80d50_direction,688631.SH,20250122,H5_COMPETING_DIRECTION_TOP3,1,,,,,,,,
h5m80d50_direction,300548.SZ,20250121,H5_COMPETING_DIRECTION_TOP3,1,,,,,,,,
h5m80d50_direction,300638.SZ,20250121,H5_COMPETING_DIRECTION_TOP3,1,,,,,,,,
h5m80d50_direction,300718.SZ,20250121,H5_COMPETING_DIRECTION_TOP3,1,,,,,,,,
h5m80d50_direction,000880.SZ,20250120,H5_COMPETING_DIRECTION_TOP3,1,,,,,,,,
h5m80d50_direction,002364.SZ,20250120,H5_COMPETING_DIRECTION_TOP3,1,,,,,,,,
h5m80d50_direction,002965.SZ,20250120,H5_COMPETING_DIRECTION_TOP3,1,,,,,,,,
h5m80d50_direction,000880.SZ,20250117,H5_COMPETING_DIRECTION_TOP3,1,,,,,,,,
h5m80d50_direction,300718.SZ,20250117,H5_COMPETING_DIRECTION_TOP3,1,,,,,,,,
h5m80d50_direction,688313.SH,20250117,H5_COMPETING_DIRECTION_TOP3,1,,,,,,,,
h5m80d50_direction,000880.SZ,20250116,H5_COMPETING_DIRECTION_TOP3,1,,,,,,,,
h5m80d50_direction,300718.SZ,20250116,H5_COMPETING_DIRECTION_TOP3,1,,,,,,,,
h5m80d50_direction,301536.SZ,20250116,H5_COMPETING_DIRECTION_TOP3,1,,,,,,,,
h5m80d50_direction,002364.SZ,20250115,H5_COMPETING_DIRECTION_TOP3,1,,,,,,,,
h5m80d50_direction,300718.SZ,20250115,H5_COMPETING_DIRECTION_TOP3,1,,,,,,,,
h5m80d50_direction,603667.SH,20250115,H5_COMPETING_DIRECTION_TOP3,1,,,,,,,,
h5m80d50_direction,002364.SZ,20250114,H5_COMPETING_DIRECTION_TOP3,1,,,,,,,,
h5m80d50_direction,300007.SZ,20250114,H5_COMPETING_DIRECTION_TOP3,1,,,,,,,,
h5m80d50_direction,300548.SZ,20250114,H5_COMPETING_DIRECTION_TOP3,1,,,,,,,,
h5m80d50_direction,002354.SZ,20250113,H5_COMPETING_DIRECTION_TOP3,1,,,,,,,,
h5m80d50_direction,300548.SZ,20250113,H5_COMPETING_DIRECTION_TOP3,1,,,,,,,,
h5m80d50_direction,300718.SZ,20250113,H5_COMPETING_DIRECTION_TOP3,1,,,,,,,,
h5m80d50_direction,300276.SZ,20250110,H5_COMPETING_DIRECTION_TOP3,1,,,,,,,,
h5m80d50_direction,300548.SZ,20250110,H5_COMPETING_DIRECTION_TOP3,1,,,,,,,,
h5m80d50_direction,300718.SZ,20250110,H5_COMPETING_DIRECTION_TOP3,1,,,,,,,,
h5m80d50_direction,300276.SZ,20250109,H5_COMPETING_DIRECTION_TOP3,1,,,,,,,,
h5m80d50_direction,300718.SZ,20250109,H5_COMPETING_DIRECTION_TOP3,1,,,,,,,,
h5m80d50_direction,688165.SH,20250109,H5_COMPETING_DIRECTION_TOP3,1,,,,,,,,
h5m80d50_direction,000880.SZ,20250108,H5_COMPETING_DIRECTION_TOP3,1,,,,,,,,
h5m80d50_direction,300276.SZ,20250108,H5_COMPETING_DIRECTION_TOP3,1,,,,,,,,
h5m80d50_direction,300718.SZ,20250108,H5_COMPETING_DIRECTION_TOP3,1,,,,,,,,
h5m80d50_direction,000880.SZ,20250107,H5_COMPETING_DIRECTION_TOP3,1,,,,,,,,
h5m80d50_direction,002364.SZ,20250107,H5_COMPETING_DIRECTION_TOP3,1,,,,,,,,
h5m80d50_direction,300548.SZ,20250107,H5_COMPETING_DIRECTION_TOP3,1,,,,,,,,
h5m80d50_direction,000880.SZ,20250106,H5_COMPETING_DIRECTION_TOP3,1,,,,,,,,
h5m80d50_direction,300548.SZ,20250106,H5_COMPETING_DIRECTION_TOP3,1,,,,,,,,
h5m80d50_direction,301536.SZ,20250106,H5_COMPETING_DIRECTION_TOP3,1,,,,,,,,
h5m80d50_direction,000880.SZ,20250103,H5_COMPETING_DIRECTION_TOP3,1,,,,,,,,
h5m80d50_direction,301536.SZ,20250103,H5_COMPETING_DIRECTION_TOP3,1,,,,,,,,
h5m80d50_direction,688332.SH,20250103,H5_COMPETING_DIRECTION_TOP3,1,,,,,,,,
h5m80d50_direction,002265.SZ,20250102,H5_COMPETING_DIRECTION_TOP3,1,,,,,,,,
h5m80d50_direction,002364.SZ,20250102,H5_COMPETING_DIRECTION_TOP3,1,,,,,,,,
h5m80d50_direction,300718.SZ,20250102,H5_COMPETING_DIRECTION_TOP3,1,,,,,,,,
h5m80d50_direction,000880.SZ,20241231,H5_COMPETING_DIRECTION_TOP3,1,,,,,,,,
h5m80d50_direction,002364.SZ,20241231,H5_COMPETING_DIRECTION_TOP3,1,,,,,,,,
h5m80d50_direction,300718.SZ,20241231,H5_COMPETING_DIRECTION_TOP3,1,,,,,,,,
h5m80d50_direction,000880.SZ,20241230,H5_COMPETING_DIRECTION_TOP3,1,,,,,,,,
h5m80d50_direction,002364.SZ,20241230,H5_COMPETING_DIRECTION_TOP3,1,,,,,,,,
h5m80d50_direction,300718.SZ,20241230,H5_COMPETING_DIRECTION_TOP3,1,,,,,,,,
h5m80d50_direction,000880.SZ,20241227,H5_COMPETING_DIRECTION_TOP3,1,,,,,,,,
h5m80d50_direction,002265.SZ,20241227,H5_COMPETING_DIRECTION_TOP3,1,,,,,,,,
h5m80d50_direction,300718.SZ,20241227,H5_COMPETING_DIRECTION_TOP3,1,,,,,,,,
h5m80d50_direction,000880.SZ,20241226,H5_COMPETING_DIRECTION_TOP3,1,,,,,,,,
h5m80d50_direction,300548.SZ,20241226,H5_COMPETING_DIRECTION_TOP3,1,,,,,,,,
h5m80d50_direction,300718.SZ,20241226,H5_COMPETING_DIRECTION_TOP3,1,,,,,,,,
h5m80d50_direction,000880.SZ,20241225,H5_COMPETING_DIRECTION_TOP3,1,,,,,,,,
h5m80d50_direction,002364.SZ,20241225,H5_COMPETING_DIRECTION_TOP3,1,,,,,,,,
h5m80d50_direction,300548.SZ,20241225,H5_COMPETING_DIRECTION_TOP3,1,,,,,,,,
h5m80d50_direction,002364.SZ,20241224,H5_COMPETING_DIRECTION_TOP3,1,,,,,,,,
h5m80d50_direction,002896.SZ,20241224,H5_COMPETING_DIRECTION_TOP3,1,,,,,,,,
h5m80d50_direction,300718.SZ,20241224,H5_COMPETING_DIRECTION_TOP3,1,,,,,,,,
h5m80d50_direction,000880.SZ,20241223,H5_COMPETING_DIRECTION_TOP3,1,,,,,,,,
h5m80d50_direction,300548.SZ,20241223,H5_COMPETING_DIRECTION_TOP3,1,,,,,,,,
h5m80d50_direction,300870.SZ,20241223,H5_COMPETING_DIRECTION_TOP3,1,,,,,,,,
h5m80d50_direction,002265.SZ,20241220,H5_COMPETING_DIRECTION_TOP3,1,,,,,,,,
h5m80d50_direction,002779.SZ,20241220,H5_COMPETING_DIRECTION_TOP3,1,,,,,,,,
h5m80d50_direction,300548.SZ,20241220,H5_COMPETING_DIRECTION_TOP3,1,,,,,,,,
h5m80d50_direction,300548.SZ,20241219,H5_COMPETING_DIRECTION_TOP3,1,,,,,,,,
h5m80d50_direction,301536.SZ,20241219,H5_COMPETING_DIRECTION_TOP3,1,,,,,,,,
h5m80d50_direction,688766.SH,20241219,H5_COMPETING_DIRECTION_TOP3,1,,,,,,,,
h5m80d50_direction,301536.SZ,20241218,H5_COMPETING_DIRECTION_TOP3,1,,,,,,,,
h5m80d50_direction,688709.SH,20241218,H5_COMPETING_DIRECTION_TOP3,1,,,,,,,,
h5m80d50_direction,688766.SH,20241218,H5_COMPETING_DIRECTION_TOP3,1,,,,,,,,
h5m80d50_direction,300276.SZ,20241217,H5_COMPETING_DIRECTION_TOP3,1,,,,,,,,
h5m80d50_direction,300548.SZ,20241217,H5_COMPETING_DIRECTION_TOP3,1,,,,,,,,
h5m80d50_direction,688205.SH,20241217,H5_COMPETING_DIRECTION_TOP3,1,,,,,,,,
h5m80d50_direction,000785.SZ,20241216,H5_COMPETING_DIRECTION_TOP3,1,,,,,,,,
h5m80d50_direction,300276.SZ,20241216,H5_COMPETING_DIRECTION_TOP3,1,,,,,,,,
h5m80d50_direction,300548.SZ,20241216,H5_COMPETING_DIRECTION_TOP3,1,,,,,,,,
h5m80d50_direction,002265.SZ,20241213,H5_COMPETING_DIRECTION_TOP3,1,,,,,,,,
h5m80d50_direction,300276.SZ,20241213,H5_COMPETING_DIRECTION_TOP3,1,,,,,,,,
h5m80d50_direction,300607.SZ,20241213,H5_COMPETING_DIRECTION_TOP3,1,,,,,,,,
h5m80d50_direction,000681.SZ,20241212,H5_COMPETING_DIRECTION_TOP3,1,,,,,,,,
h5m80d50_direction,002265.SZ,20241212,H5_COMPETING_DIRECTION_TOP3,1,,,,,,,,
h5m80d50_direction,300493.SZ,20241212,H5_COMPETING_DIRECTION_TOP3,1,,,,,,,,
h5m80d50_direction,002265.SZ,20241211,H5_COMPETING_DIRECTION_TOP3,1,,,,,,,,
h5m80d50_direction,300607.SZ,20241211,H5_COMPETING_DIRECTION_TOP3,1,,,,,,,,
h5m80d50_direction,688306.SH,20241211,H5_COMPETING_DIRECTION_TOP3,1,,,,,,,,
h5m80d50_direction,002265.SZ,20241210,H5_COMPETING_DIRECTION_TOP3,1,,,,,,,,
h5m80d50_direction,002681.SZ,20241210,H5_COMPETING_DIRECTION_TOP3,1,,,,,,,,
h5m80d50_direction,002779.SZ,20241210,H5_COMPETING_DIRECTION_TOP3,1,,,,,,,,
h5m80d50_direction,000813.SZ,20241209,H5_COMPETING_DIRECTION_TOP3,1,,,,,,,,
h5m80d50_direction,002265.SZ,20241209,H5_COMPETING_DIRECTION_TOP3,1,,,,,,,,
h5m80d50_direction,002354.SZ,20241209,H5_COMPETING_DIRECTION_TOP3,1,,,,,,,,
h5m80d50_direction,000681.SZ,20241206,H5_COMPETING_DIRECTION_TOP3,1,,,,,,,,
h5m80d50_direction,002265.SZ,20241206,H5_COMPETING_DIRECTION_TOP3,1,,,,,,,,
h5m80d50_direction,002354.SZ,20241206,H5_COMPETING_DIRECTION_TOP3,1,,,,,,,,
h5m80d50_direction,300276.SZ,20241205,H5_COMPETING_DIRECTION_TOP3,1,,,,,,,,
h5m80d50_direction,603667.SH,20241205,H5_COMPETING_DIRECTION_TOP3,1,,,,,,,,
h5m80d50_direction,688698.SH,20241205,H5_COMPETING_DIRECTION_TOP3,1,,,,,,,,
h5m80d50_direction,002265.SZ,20241204,H5_COMPETING_DIRECTION_TOP3,1,,,,,,,,
h5m80d50_direction,300276.SZ,20241204,H5_COMPETING_DIRECTION_TOP3,1,,,,,,,,
h5m80d50_direction,603667.SH,20241204,H5_COMPETING_DIRECTION_TOP3,1,,,,,,,,
h5m80d50_direction,002265.SZ,20241203,H5_COMPETING_DIRECTION_TOP3,1,,,,,,,,
h5m80d50_direction,300276.SZ,20241203,H5_COMPETING_DIRECTION_TOP3,1,,,,,,,,
h5m80d50_direction,301000.SZ,20241203,H5_COMPETING_DIRECTION_TOP3,1,,,,,,,,
h5m80d50_direction,002131.SZ,20241202,H5_COMPETING_DIRECTION_TOP3,1,,,,,,,,
h5m80d50_direction,002779.SZ,20241202,H5_COMPETING_DIRECTION_TOP3,1,,,,,,,,
h5m80d50_direction,300276.SZ,20241202,H5_COMPETING_DIRECTION_TOP3,1,,,,,,,,
h5m80d50_direction,002131.SZ,20241129,H5_COMPETING_DIRECTION_TOP3,1,,,,,,,,
h5m80d50_direction,300276.SZ,20241129,H5_COMPETING_DIRECTION_TOP3,1,,,,,,,,
h5m80d50_direction,300607.SZ,20241129,H5_COMPETING_DIRECTION_TOP3,1,,,,,,,,
h5m80d50_direction,300276.SZ,20241128,H5_COMPETING_DIRECTION_TOP3,1,,,,,,,,
h5m80d50_direction,300607.SZ,20241128,H5_COMPETING_DIRECTION_TOP3,1,,,,,,,,
h5m80d50_direction,688165.SH,20241128,H5_COMPETING_DIRECTION_TOP3,1,,,,,,,,
h5m80d50_direction,300276.SZ,20241127,H5_COMPETING_DIRECTION_TOP3,1,,,,,,,,
h5m80d50_direction,300607.SZ,20241127,H5_COMPETING_DIRECTION_TOP3,1,,,,,,,,
h5m80d50_direction,603516.SH,20241127,H5_COMPETING_DIRECTION_TOP3,1,,,,,,,,
h5m80d50_direction,002779.SZ,20241126,H5_COMPETING_DIRECTION_TOP3,1,,,,,,,,
h5m80d50_direction,300276.SZ,20241126,H5_COMPETING_DIRECTION_TOP3,1,,,,,,,,
h5m80d50_direction,300607.SZ,20241126,H5_COMPETING_DIRECTION_TOP3,1,,,,,,,,
h5m80d50_direction,002155.SZ,20241125,H5_COMPETING_DIRECTION_TOP3,1,,,,,,,,
h5m80d50_direction,300607.SZ,20241125,H5_COMPETING_DIRECTION_TOP3,1,,,,,,,,
h5m80d50_direction,688502.SH,20241125,H5_COMPETING_DIRECTION_TOP3,1,,,,,,,,
h5m80d50_direction,002127.SZ,20241122,H5_COMPETING_DIRECTION_TOP3,1,,,,,,,,
h5m80d50_direction,002611.SZ,20241122,H5_COMPETING_DIRECTION_TOP3,1,,,,,,,,
h5m80d50_direction,000833.SZ,20241121,H5_COMPETING_DIRECTION_TOP3,1,,,,,,,,
h5m80d50_direction,002324.SZ,20241121,H5_COMPETING_DIRECTION_TOP3,1,,,,,,,,
h5m80d50_direction,002611.SZ,20241121,H5_COMPETING_DIRECTION_TOP3,1,,,,,,,,
h5m80d50_direction,000833.SZ,20241120,H5_COMPETING_DIRECTION_TOP3,1,,,,,,,,
h5m80d50_direction,002611.SZ,20241120,H5_COMPETING_DIRECTION_TOP3,1,,,,,,,,
h5m80d50_direction,300276.SZ,20241120,H5_COMPETING_DIRECTION_TOP3,1,,,,,,,,
h5m80d50_direction,000833.SZ,20241119,H5_COMPETING_DIRECTION_TOP3,1,,,,,,,,
h5m80d50_direction,300607.SZ,20241119,H5_COMPETING_DIRECTION_TOP3,1,,,,,,,,
h5m80d50_direction,688262.SH,20241119,H5_COMPETING_DIRECTION_TOP3,1,,,,,,,,
h5m80d50_direction,300409.SZ,20241118,H5_COMPETING_DIRECTION_TOP3,1,,,,,,,,
h5m80d50_direction,300607.SZ,20241118,H5_COMPETING_DIRECTION_TOP3,1,,,,,,,,
h5m80d50_direction,301325.SZ,20241118,H5_COMPETING_DIRECTION_TOP3,1,,,,,,,,
h5m80d50_direction,300607.SZ,20241115,H5_COMPETING_DIRECTION_TOP3,1,,,,,,,,
h5m80d50_direction,600629.SH,20241115,H5_COMPETING_DIRECTION_TOP3,1,,,,,,,,
h5m80d50_direction,688502.SH,20241115,H5_COMPETING_DIRECTION_TOP3,1,,,,,,,,
h5m80d50_direction,000833.SZ,20241114,H5_COMPETING_DIRECTION_TOP3,1,,,,,,,,
h5m80d50_direction,300607.SZ,20241114,H5_COMPETING_DIRECTION_TOP3,1,,,,,,,,
h5m80d50_direction,000833.SZ,20241113,H5_COMPETING_DIRECTION_TOP3,1,,,,,,,,
h5m80d50_direction,002402.SZ,20241113,H5_COMPETING_DIRECTION_TOP3,1,,,,,,,,
h5m80d50_direction,600629.SH,20241113,H5_COMPETING_DIRECTION_TOP3,1,,,,,,,,
h5m80d50_direction,002065.SZ,20241112,H5_COMPETING_DIRECTION_TOP3,1,,,,,,,,
h5m80d50_direction,002402.SZ,20241112,H5_COMPETING_DIRECTION_TOP3,1,,,,,,,,
h5m80d50_direction,600006.SH,20241112,H5_COMPETING_DIRECTION_TOP3,1,,,,,,,,
h5m80d50_direction,000833.SZ,20241111,H5_COMPETING_DIRECTION_TOP3,1,,,,,,,,
h5m80d50_direction,002065.SZ,20241111,H5_COMPETING_DIRECTION_TOP3,1,,,,,,,,
h5m80d50_direction,002402.SZ,20241111,H5_COMPETING_DIRECTION_TOP3,1,,,,,,,,
h5m80d50_direction,000557.SZ,20241108,H5_COMPETING_DIRECTION_TOP3,1,,,,,,,,
h5m80d50_direction,600206.SH,20241108,H5_COMPETING_DIRECTION_TOP3,1,,,,,,,,
h5m80d50_direction,600210.SH,20241108,H5_COMPETING_DIRECTION_TOP3,1,,,,,,,,
h5m80d50_direction,000557.SZ,20241107,H5_COMPETING_DIRECTION_TOP3,1,,,,,,,,
h5m80d50_direction,002400.SZ,20241107,H5_COMPETING_DIRECTION_TOP3,1,,,,,,,,
h5m80d50_direction,600210.SH,20241107,H5_COMPETING_DIRECTION_TOP3,1,,,,,,,,
h5m80d50_direction,300047.SZ,20241106,H5_COMPETING_DIRECTION_TOP3,1,,,,,,,,
h5m80d50_direction,688498.SH,20241106,H5_COMPETING_DIRECTION_TOP3,1,,,,,,,,
h5m80d50_direction,688631.SH,20241106,H5_COMPETING_DIRECTION_TOP3,1,,,,,,,,
h5m80d50_direction,000795.SZ,20241105,H5_COMPETING_DIRECTION_TOP3,1,,,,,,,,
h5m80d50_direction,002892.SZ,20241105,H5_COMPETING_DIRECTION_TOP3,1,,,,,,,,
h5m80d50_direction,600629.SH,20241105,H5_COMPETING_DIRECTION_TOP3,1,,,,,,,,
h5m80d50_direction,600629.SH,20241104,H5_COMPETING_DIRECTION_TOP3,1,,,,,,,,
h5m80d50_direction,688498.SH,20241104,H5_COMPETING_DIRECTION_TOP3,1,,,,,,,,
h5m80d50_direction,688631.SH,20241104,H5_COMPETING_DIRECTION_TOP3,1,,,,,,,,
h5m80d50_direction,300047.SZ,20241101,H5_COMPETING_DIRECTION_TOP3,1,,,,,,,,
h5m80d50_direction,300348.SZ,20241101,H5_COMPETING_DIRECTION_TOP3,1,,,,,,,,
h5m80d50_direction,688631.SH,20241101,H5_COMPETING_DIRECTION_TOP3,1,,,,,,,,
h5m80d50_direction,000917.SZ,20241031,H5_COMPETING_DIRECTION_TOP3,1,,,,,,,,
h5m80d50_direction,002312.SZ,20241031,H5_COMPETING_DIRECTION_TOP3,1,,,,,,,,
h5m80d50_direction,300570.SZ,20241031,H5_COMPETING_DIRECTION_TOP3,1,,,,,,,,
h5m80d50_direction,000917.SZ,20241030,H5_COMPETING_DIRECTION_TOP3,1,,,,,,,,
h5m80d50_direction,002312.SZ,20241030,H5_COMPETING_DIRECTION_TOP3,1,,,,,,,,
h5m80d50_direction,002456.SZ,20241030,H5_COMPETING_DIRECTION_TOP3,1,,,,,,,,
h5m80d50_direction,002312.SZ,20241029,H5_COMPETING_DIRECTION_TOP3,1,,,,,,,,
h5m80d50_direction,300047.SZ,20241029,H5_COMPETING_DIRECTION_TOP3,1,,,,,,,,
h5m80d50_direction,600246.SH,20241029,H5_COMPETING_DIRECTION_TOP3,1,,,,,,,,
h5m80d50_direction,000058.SZ,20241028,H5_COMPETING_DIRECTION_TOP3,1,,,,,,,,
h5m80d50_direction,000917.SZ,20241028,H5_COMPETING_DIRECTION_TOP3,1,,,,,,,,
h5m80d50_direction,600635.SH,20241028,H5_COMPETING_DIRECTION_TOP3,1,,,,,,,,
h5m80d50_direction,000058.SZ,20241025,H5_COMPETING_DIRECTION_TOP3,1,,,,,,,,
h5m80d50_direction,002654.SZ,20241025,H5_COMPETING_DIRECTION_TOP3,1,,,,,,,,
h5m80d50_direction,600635.SH,20241025,H5_COMPETING_DIRECTION_TOP3,1,,,,,,,,
h5m80d50_direction,000628.SZ,20241024,H5_COMPETING_DIRECTION_TOP3,1,,,,,,,,
h5m80d50_direction,300047.SZ,20241024,H5_COMPETING_DIRECTION_TOP3,1,,,,,,,,
h5m80d50_direction,600550.SH,20241024,H5_COMPETING_DIRECTION_TOP3,1,,,,,,,,
h5m80d50_direction,300047.SZ,20241023,H5_COMPETING_DIRECTION_TOP3,1,,,,,,,,
h5m80d50_direction,300337.SZ,20241023,H5_COMPETING_DIRECTION_TOP3,1,,,,,,,,
h5m80d50_direction,300917.SZ,20241023,H5_COMPETING_DIRECTION_TOP3,1,,,,,,,,
h5m80d50_direction,002851.SZ,20241022,H5_COMPETING_DIRECTION_TOP3,1,,,,,,,,
h5m80d50_direction,300337.SZ,20241022,H5_COMPETING_DIRECTION_TOP3,1,,,,,,,,
h5m80d50_direction,300917.SZ,20241022,H5_COMPETING_DIRECTION_TOP3,1,,,,,,,,
h5m80d50_direction,002851.SZ,20241021,H5_COMPETING_DIRECTION_TOP3,1,,,,,,,,
h5m80d50_direction,600217.SH,20241021,H5_COMPETING_DIRECTION_TOP3,1,,,,,,,,
h5m80d50_direction,688717.SH,20241021,H5_COMPETING_DIRECTION_TOP3,1,,,,,,,,
h5m80d50_direction,002837.SZ,20241018,H5_COMPETING_DIRECTION_TOP3,1,,,,,,,,
h5m80d50_direction,300100.SZ,20241018,H5_COMPETING_DIRECTION_TOP3,1,,,,,,,,
h5m80d50_direction,688717.SH,20241018,H5_COMPETING_DIRECTION_TOP3,1,,,,,,,,
h5m80d50_direction,300672.SZ,20241017,H5_COMPETING_DIRECTION_TOP3,1,,,,,,,,
h5m80d50_direction,688252.SH,20241017,H5_COMPETING_DIRECTION_TOP3,1,,,,,,,,
h5m80d50_direction,688498.SH,20241017,H5_COMPETING_DIRECTION_TOP3,1,,,,,,,,
h5m80d50_direction,300672.SZ,20241016,H5_COMPETING_DIRECTION_TOP3,1,,,,,,,,
h5m80d50_direction,688037.SH,20241016,H5_COMPETING_DIRECTION_TOP3,1,,,,,,,,
h5m80d50_direction,688525.SH,20241016,H5_COMPETING_DIRECTION_TOP3,1,,,,,,,,
h5m80d50_direction,688498.SH,20241015,H5_COMPETING_DIRECTION_TOP3,1,,,,,,,,
h5m80d50_direction,688525.SH,20241015,H5_COMPETING_DIRECTION_TOP3,1,,,,,,,,
h5m80d50_direction,688766.SH,20241015,H5_COMPETING_DIRECTION_TOP3,1,,,,,,,,
h5m80d50_direction,688037.SH,20241014,H5_COMPETING_DIRECTION_TOP3,1,,,,,,,,
h5m80d50_direction,688498.SH,20241014,H5_COMPETING_DIRECTION_TOP3,1,,,,,,,,
h5m80d50_direction,688631.SH,20241014,H5_COMPETING_DIRECTION_TOP3,1,,,,,,,,
h5m80d50_direction,300672.SZ,20241011,H5_COMPETING_DIRECTION_TOP3,1,,,,,,,,
h5m80d50_direction,301153.SZ,20241011,H5_COMPETING_DIRECTION_TOP3,1,,,,,,,,
h5m80d50_direction,688631.SH,20241011,H5_COMPETING_DIRECTION_TOP3,1,,,,,,,,
h5m80d50_direction,300047.SZ,20241010,H5_COMPETING_DIRECTION_TOP3,1,,,,,,,,
h5m80d50_direction,300348.SZ,20241010,H5_COMPETING_DIRECTION_TOP3,1,,,,,,,,
h5m80d50_direction,300663.SZ,20241010,H5_COMPETING_DIRECTION_TOP3,1,,,,,,,,
h5m80d50_direction,002155.SZ,20241009,H5_COMPETING_DIRECTION_TOP3,1,,,,,,,,
h5m80d50_direction,601101.SH,20241009,H5_COMPETING_DIRECTION_TOP3,1,,,,,,,,
h5m80d50_direction,601918.SH,20241009,H5_COMPETING_DIRECTION_TOP3,1,,,,,,,,
h5m80d50_direction,300047.SZ,20241008,H5_COMPETING_DIRECTION_TOP3,1,,,,,,,,
h5m80d50_direction,300077.SZ,20241008,H5_COMPETING_DIRECTION_TOP3,1,,,,,,,,
h5m80d50_direction,301611.SZ,20241008,H5_COMPETING_DIRECTION_TOP3,1,,,,,,,,
h5m80d50_direction,603290.SH,20240930,H5_COMPETING_DIRECTION_TOP3,1,,,,,,,,
h5m80d50_direction,688409.SH,20240930,H5_COMPETING_DIRECTION_TOP3,1,,,,,,,,
h5m80d50_direction,688652.SH,20240930,H5_COMPETING_DIRECTION_TOP3,1,,,,,,,,
h5m80d50_direction,688262.SH,20240927,H5_COMPETING_DIRECTION_TOP3,1,,,,,,,,
h5m80d50_direction,688591.SH,20240927,H5_COMPETING_DIRECTION_TOP3,1,,,,,,,,
h5m80d50_direction,688652.SH,20240927,H5_COMPETING_DIRECTION_TOP3,1,,,,,,,,
h5m80d50_direction,301087.SZ,20240926,H5_COMPETING_DIRECTION_TOP3,1,,,,,,,,
h5m80d50_direction,688048.SH,20240926,H5_COMPETING_DIRECTION_TOP3,1,,,,,,,,
h5m80d50_direction,688652.SH,20240926,H5_COMPETING_DIRECTION_TOP3,1,,,,,,,,
h5m80d50_direction,688153.SH,20240925,H5_COMPETING_DIRECTION_TOP3,1,,,,,,,,
h5m80d50_direction,688331.SH,20240925,H5_COMPETING_DIRECTION_TOP3,1,,,,,,,,
h5m80d50_direction,688409.SH,20240925,H5_COMPETING_DIRECTION_TOP3,1,,,,,,,,
h5m80d50_direction,301087.SZ,20240924,H5_COMPETING_DIRECTION_TOP3,1,,,,,,,,
h5m80d50_direction,688153.SH,20240924,H5_COMPETING_DIRECTION_TOP3,1,,,,,,,,
h5m80d50_direction,688252.SH,20240924,H5_COMPETING_DIRECTION_TOP3,1,,,,,,,,
h5m80d50_direction,002583.SZ,20240923,H5_COMPETING_DIRECTION_TOP3,1,,,,,,,,
h5m80d50_direction,300047.SZ,20240923,H5_COMPETING_DIRECTION_TOP3,1,,,,,,,,
h5m80d50_direction,301536.SZ,20240923,H5_COMPETING_DIRECTION_TOP3,1,,,,,,,,
h5m80d50_direction,300047.SZ,20240920,H5_COMPETING_DIRECTION_TOP3,1,,,,,,,,
h5m80d50_direction,300085.SZ,20240920,H5_COMPETING_DIRECTION_TOP3,1,,,,,,,,
h5m80d50_direction,300085.SZ,20240919,H5_COMPETING_DIRECTION_TOP3,1,,,,,,,,
h5m80d50_direction,600619.SH,20240919,H5_COMPETING_DIRECTION_TOP3,1,,,,,,,,
h5m80d50_direction,300047.SZ,20240918,H5_COMPETING_DIRECTION_TOP3,1,,,,,,,,
h5m80d50_direction,600550.SH,20240918,H5_COMPETING_DIRECTION_TOP3,1,,,,,,,,
h5m80d50_direction,600619.SH,20240918,H5_COMPETING_DIRECTION_TOP3,1,,,,,,,,
h5m80d50_direction,300047.SZ,20240913,H5_COMPETING_DIRECTION_TOP3,1,,,,,,,,
h5m80d50_direction,600490.SH,20240913,H5_COMPETING_DIRECTION_TOP3,1,,,,,,,,
h5m80d50_direction,300047.SZ,20240912,H5_COMPETING_DIRECTION_TOP3,1,,,,,,,,
h5m80d50_direction,300925.SZ,20240912,H5_COMPETING_DIRECTION_TOP3,1,,,,,,,,
h5m80d50_direction,300779.SZ,20240911,H5_COMPETING_DIRECTION_TOP3,1,,,,,,,,
h5m80d50_direction,300925.SZ,20240911,H5_COMPETING_DIRECTION_TOP3,1,,,,,,,,
h5m80d50_direction,002036.SZ,20240910,H5_COMPETING_DIRECTION_TOP3,1,,,,,,,,
h5m80d50_direction,300925.SZ,20240910,H5_COMPETING_DIRECTION_TOP3,1,,,,,,,,
h5m80d50_direction,600550.SH,20240910,H5_COMPETING_DIRECTION_TOP3,1,,,,,,,,
h5m80d50_direction,002036.SZ,20240909,H5_COMPETING_DIRECTION_TOP3,1,,,,,,,,
h5m80d50_direction,603883.SH,20240909,H5_COMPETING_DIRECTION_TOP3,1,,,,,,,,
h5m80d50_direction,002104.SZ,20240906,H5_COMPETING_DIRECTION_TOP3,1,,,,,,,,
h5m80d50_direction,300047.SZ,20240906,H5_COMPETING_DIRECTION_TOP3,1,,,,,,,,
h5m80d50_direction,603883.SH,20240906,H5_COMPETING_DIRECTION_TOP3,1,,,,,,,,
h5m80d50_direction,300047.SZ,20240905,H5_COMPETING_DIRECTION_TOP3,1,,,,,,,,
h5m80d50_direction,603883.SH,20240905,H5_COMPETING_DIRECTION_TOP3,1,,,,,,,,
h5m80d50_direction,300047.SZ,20240904,H5_COMPETING_DIRECTION_TOP3,1,,,,,,,,
h5m80d50_direction,300184.SZ,20240904,H5_COMPETING_DIRECTION_TOP3,1,,,,,,,,
h5m80d50_direction,600550.SH,20240904,H5_COMPETING_DIRECTION_TOP3,1,,,,,,,,
h5m80d50_direction,300047.SZ,20240903,H5_COMPETING_DIRECTION_TOP3,1,,,,,,,,
h5m80d50_direction,300438.SZ,20240903,H5_COMPETING_DIRECTION_TOP3,1,,,,,,,,
h5m80d50_direction,600550.SH,20240903,H5_COMPETING_DIRECTION_TOP3,1,,,,,,,,
h5m80d50_direction,000062.SZ,20240902,H5_COMPETING_DIRECTION_TOP3,1,,,,,,,,
h5m80d50_direction,301091.SZ,20240902,H5_COMPETING_DIRECTION_TOP3,1,,,,,,,,
h5m80d50_direction,301487.SZ,20240902,H5_COMPETING_DIRECTION_TOP3,1,,,,,,,,
h5m80d50_direction,000062.SZ,20240830,H5_COMPETING_DIRECTION_TOP3,1,,,,,,,,
h5m80d50_direction,002681.SZ,20240830,H5_COMPETING_DIRECTION_TOP3,1,,,,,,,,
h5m80d50_direction,300184.SZ,20240830,H5_COMPETING_DIRECTION_TOP3,1,,,,,,,,
h5m80d50_direction,002681.SZ,20240829,H5_COMPETING_DIRECTION_TOP3,1,,,,,,,,
h5m80d50_direction,300184.SZ,20240829,H5_COMPETING_DIRECTION_TOP3,1,,,,,,,,
h5m80d50_direction,301487.SZ,20240829,H5_COMPETING_DIRECTION_TOP3,1,,,,,,,,
h5m80d50_direction,002302.SZ,20240828,H5_COMPETING_DIRECTION_TOP3,1,,,,,,,,
h5m80d50_direction,300184.SZ,20240828,H5_COMPETING_DIRECTION_TOP3,1,,,,,,,,
h5m80d50_direction,002302.SZ,20240827,H5_COMPETING_DIRECTION_TOP3,1,,,,,,,,
h5m80d50_direction,300184.SZ,20240827,H5_COMPETING_DIRECTION_TOP3,1,,,,,,,,
h5m80d50_direction,603118.SH,20240827,H5_COMPETING_DIRECTION_TOP3,1,,,,,,,,
h5m80d50_direction,000062.SZ,20240826,H5_COMPETING_DIRECTION_TOP3,1,,,,,,,,
h5m80d50_direction,002302.SZ,20240826,H5_COMPETING_DIRECTION_TOP3,1,,,,,,,,
h5m80d50_direction,603118.SH,20240826,H5_COMPETING_DIRECTION_TOP3,1,,,,,,,,
h5m80d50_direction,000062.SZ,20240823,H5_COMPETING_DIRECTION_TOP3,1,,,,,,,,
h5m80d50_direction,603118.SH,20240823,H5_COMPETING_DIRECTION_TOP3,1,,,,,,,,
h5m80d50_direction,000062.SZ,20240822,H5_COMPETING_DIRECTION_TOP3,1,,,,,,,,
h5m80d50_direction,300184.SZ,20240822,H5_COMPETING_DIRECTION_TOP3,1,,,,,,,,
h5m80d50_direction,300718.SZ,20240822,H5_COMPETING_DIRECTION_TOP3,1,,,,,,,,
h5m80d50_direction,000062.SZ,20240821,H5_COMPETING_DIRECTION_TOP3,1,,,,,,,,
h5m80d50_direction,300718.SZ,20240821,H5_COMPETING_DIRECTION_TOP3,1,,,,,,,,
h5m80d50_direction,000062.SZ,20240820,H5_COMPETING_DIRECTION_TOP3,1,,,,,,,,
h5m80d50_direction,300184.SZ,20240820,H5_COMPETING_DIRECTION_TOP3,1,,,,,,,,
h5m80d50_direction,000062.SZ,20240819,H5_COMPETING_DIRECTION_TOP3,1,,,,,,,,
h5m80d50_direction,300184.SZ,20240819,H5_COMPETING_DIRECTION_TOP3,1,,,,,,,,
h5m80d50_direction,300972.SZ,20240819,H5_COMPETING_DIRECTION_TOP3,1,,,,,,,,
h5m80d50_direction,000810.SZ,20240816,H5_COMPETING_DIRECTION_TOP3,1,,,,,,,,
h5m80d50_direction,300184.SZ,20240816,H5_COMPETING_DIRECTION_TOP3,1,,,,,,,,
h5m80d50_direction,600577.SH,20240816,H5_COMPETING_DIRECTION_TOP3,1,,,,,,,,
h5m80d50_direction,000880.SZ,20240815,H5_COMPETING_DIRECTION_TOP3,1,,,,,,,,
h5m80d50_direction,301550.SZ,20240815,H5_COMPETING_DIRECTION_TOP3,1,,,,,,,,
h5m80d50_direction,000880.SZ,20240814,H5_COMPETING_DIRECTION_TOP3,1,,,,,,,,
h5m80d50_direction,000880.SZ,20240813,H5_COMPETING_DIRECTION_TOP3,1,,,,,,,,
h5m80d50_direction,300493.SZ,20240813,H5_COMPETING_DIRECTION_TOP3,1,,,,,,,,
h5m80d50_direction,000880.SZ,20240812,H5_COMPETING_DIRECTION_TOP3,1,,,,,,,,
h5m80d50_direction,300917.SZ,20240812,H5_COMPETING_DIRECTION_TOP3,1,,,,,,,,
h5m80d50_direction,000880.SZ,20240809,H5_COMPETING_DIRECTION_TOP3,1,,,,,,,,
h5m80d50_direction,600151.SH,20240809,H5_COMPETING_DIRECTION_TOP3,1,,,,,,,,
h5m80d50_direction,600216.SH,20240809,H5_COMPETING_DIRECTION_TOP3,1,,,,,,,,
h5m80d50_direction,000880.SZ,20240808,H5_COMPETING_DIRECTION_TOP3,1,,,,,,,,
h5m80d50_direction,600686.SH,20240808,H5_COMPETING_DIRECTION_TOP3,1,,,,,,,,
h5m80d50_direction,688717.SH,20240808,H5_COMPETING_DIRECTION_TOP3,1,,,,,,,,
h5m80d50_direction,000880.SZ,20240807,H5_COMPETING_DIRECTION_TOP3,1,,,,,,,,
h5m80d50_direction,688717.SH,20240807,H5_COMPETING_DIRECTION_TOP3,1,,,,,,,,
h5m80d50_direction,000880.SZ,20240806,H5_COMPETING_DIRECTION_TOP3,1,,,,,,,,
h5m80d50_direction,002607.SZ,20240805,H5_COMPETING_DIRECTION_TOP3,1,,,,,,,,
h5m80d50_direction,000880.SZ,20240802,H5_COMPETING_DIRECTION_TOP3,1,,,,,,,,
h5m80d50_direction,301091.SZ,20240802,H5_COMPETING_DIRECTION_TOP3,1,,,,,,,,
h5m80d50_direction,688717.SH,20240802,H5_COMPETING_DIRECTION_TOP3,1,,,,,,,,
h5m80d50_direction,000712.SZ,20240801,H5_COMPETING_DIRECTION_TOP3,1,,,,,,,,
h5m80d50_direction,000880.SZ,20240801,H5_COMPETING_DIRECTION_TOP3,1,,,,,,,,
h5m80d50_direction,688717.SH,20240801,H5_COMPETING_DIRECTION_TOP3,1,,,,,,,,
h5m80d50_direction,000550.SZ,20240731,H5_COMPETING_DIRECTION_TOP3,1,,,,,,,,
h5m80d50_direction,000880.SZ,20240731,H5_COMPETING_DIRECTION_TOP3,1,,,,,,,,
h5m80d50_direction,600686.SH,20240731,H5_COMPETING_DIRECTION_TOP3,1,,,,,,,,
h5m80d50_direction,000880.SZ,20240730,H5_COMPETING_DIRECTION_TOP3,1,,,,,,,,
h5m80d50_direction,600635.SH,20240730,H5_COMPETING_DIRECTION_TOP3,1,,,,,,,,
h5m80d50_direction,000880.SZ,20240729,H5_COMPETING_DIRECTION_TOP3,1,,,,,,,,
h5m80d50_direction,600686.SH,20240729,H5_COMPETING_DIRECTION_TOP3,1,,,,,,,,
h5m80d50_direction,688717.SH,20240729,H5_COMPETING_DIRECTION_TOP3,1,,,,,,,,
h5m80d50_direction,000712.SZ,20240726,H5_COMPETING_DIRECTION_TOP3,1,,,,,,,,
h5m80d50_direction,600686.SH,20240726,H5_COMPETING_DIRECTION_TOP3,1,,,,,,,,
h5m80d50_direction,688717.SH,20240726,H5_COMPETING_DIRECTION_TOP3,1,,,,,,,,
h5m80d50_direction,688717.SH,20240725,H5_COMPETING_DIRECTION_TOP3,1,,,,,,,,
h5m80d50_direction,300850.SZ,20240724,H5_COMPETING_DIRECTION_TOP3,1,,,,,,,,
h5m80d50_direction,688717.SH,20240724,H5_COMPETING_DIRECTION_TOP3,1,,,,,,,,
h5m80d50_direction,688717.SH,20240723,H5_COMPETING_DIRECTION_TOP3,1,,,,,,,,
h5m80d50_direction,600171.SH,20240722,H5_COMPETING_DIRECTION_TOP3,1,,,,,,,,
h5m80d50_direction,688717.SH,20240722,H5_COMPETING_DIRECTION_TOP3,1,,,,,,,,
h5m80d50_direction,600171.SH,20240719,H5_COMPETING_DIRECTION_TOP3,1,,,,,,,,
h5m80d50_direction,688692.SH,20240719,H5_COMPETING_DIRECTION_TOP3,1,,,,,,,,
h5m80d50_direction,688717.SH,20240719,H5_COMPETING_DIRECTION_TOP3,1,,,,,,,,
h5m80d50_direction,688252.SH,20240718,H5_COMPETING_DIRECTION_TOP3,1,,,,,,,,
h5m80d50_direction,688692.SH,20240718,H5_COMPETING_DIRECTION_TOP3,1,,,,,,,,
h5m80d50_direction,688717.SH,20240718,H5_COMPETING_DIRECTION_TOP3,1,,,,,,,,
h5m80d50_direction,688147.SH,20240717,H5_COMPETING_DIRECTION_TOP3,1,,,,,,,,
h5m80d50_direction,688692.SH,20240717,H5_COMPETING_DIRECTION_TOP3,1,,,,,,,,
h5m80d50_direction,688717.SH,20240717,H5_COMPETING_DIRECTION_TOP3,1,,,,,,,,
h5m80d50_direction,300100.SZ,20240716,H5_COMPETING_DIRECTION_TOP3,1,,,,,,,,
h5m80d50_direction,688252.SH,20240716,H5_COMPETING_DIRECTION_TOP3,1,,,,,,,,
h5m80d50_direction,688717.SH,20240716,H5_COMPETING_DIRECTION_TOP3,1,,,,,,,,
h5m80d50_direction,688183.SH,20240715,H5_COMPETING_DIRECTION_TOP3,1,,,,,,,,
h5m80d50_direction,688717.SH,20240715,H5_COMPETING_DIRECTION_TOP3,1,,,,,,,,
h5m80d50_direction,300763.SZ,20240712,H5_COMPETING_DIRECTION_TOP3,1,,,,,,,,
h5m80d50_direction,688717.SH,20240712,H5_COMPETING_DIRECTION_TOP3,1,,,,,,,,
h5m80d50_direction,300100.SZ,20240711,H5_COMPETING_DIRECTION_TOP3,1,,,,,,,,
h5m80d50_direction,603516.SH,20240711,H5_COMPETING_DIRECTION_TOP3,1,,,,,,,,
h5m80d50_direction,688717.SH,20240711,H5_COMPETING_DIRECTION_TOP3,1,,,,,,,,
h5m80d50_direction,603171.SH,20240710,H5_COMPETING_DIRECTION_TOP3,1,,,,,,,,
h5m80d50_direction,688717.SH,20240710,H5_COMPETING_DIRECTION_TOP3,1,,,,,,,,
h5m80d50_direction,002130.SZ,20240709,H5_COMPETING_DIRECTION_TOP3,1,,,,,,,,
h5m80d50_direction,603171.SH,20240709,H5_COMPETING_DIRECTION_TOP3,1,,,,,,,,
h5m80d50_direction,688717.SH,20240709,H5_COMPETING_DIRECTION_TOP3,1,,,,,,,,
h5m80d50_direction,603171.SH,20240708,H5_COMPETING_DIRECTION_TOP3,1,,,,,,,,
h5m80d50_direction,603887.SH,20240708,H5_COMPETING_DIRECTION_TOP3,1,,,,,,,,
h5m80d50_direction,688525.SH,20240708,H5_COMPETING_DIRECTION_TOP3,1,,,,,,,,
h5m80d50_direction,603171.SH,20240705,H5_COMPETING_DIRECTION_TOP3,1,,,,,,,,
h5m80d50_direction,688717.SH,20240705,H5_COMPETING_DIRECTION_TOP3,1,,,,,,,,
h5m80d50_direction,300401.SZ,20240704,H5_COMPETING_DIRECTION_TOP3,1,,,,,,,,
h5m80d50_direction,603887.SH,20240704,H5_COMPETING_DIRECTION_TOP3,1,,,,,,,,
h5m80d50_direction,688252.SH,20240704,H5_COMPETING_DIRECTION_TOP3,1,,,,,,,,
h5m80d50_direction,301217.SZ,20240703,H5_COMPETING_DIRECTION_TOP3,1,,,,,,,,
h5m80d50_direction,603171.SH,20240703,H5_COMPETING_DIRECTION_TOP3,1,,,,,,,,
h5m80d50_direction,300641.SZ,20240702,H5_COMPETING_DIRECTION_TOP3,1,,,,,,,,
h5m80d50_direction,603171.SH,20240702,H5_COMPETING_DIRECTION_TOP3,1,,,,,,,,
h5m80d50_direction,300641.SZ,20240701,H5_COMPETING_DIRECTION_TOP3,1,,,,,,,,
h5m80d50_direction,603887.SH,20240701,H5_COMPETING_DIRECTION_TOP3,1,,,,,,,,
h5m80d50_direction,300401.SZ,20240628,H5_COMPETING_DIRECTION_TOP3,1,,,,,,,,
h5m80d50_direction,301215.SZ,20240628,H5_COMPETING_DIRECTION_TOP3,1,,,,,,,,
h5m80d50_direction,603171.SH,20240628,H5_COMPETING_DIRECTION_TOP3,1,,,,,,,,
h5m80d50_direction,300917.SZ,20240627,H5_COMPETING_DIRECTION_TOP3,1,,,,,,,,
h5m80d50_direction,603887.SH,20240627,H5_COMPETING_DIRECTION_TOP3,1,,,,,,,,
h5m80d50_direction,603171.SH,20240626,H5_COMPETING_DIRECTION_TOP3,1,,,,,,,,
h5m80d50_direction,603887.SH,20240626,H5_COMPETING_DIRECTION_TOP3,1,,,,,,,,
h5m80d50_direction,300098.SZ,20240625,H5_COMPETING_DIRECTION_TOP3,1,,,,,,,,
h5m80d50_direction,300641.SZ,20240625,H5_COMPETING_DIRECTION_TOP3,1,,,,,,,,
h5m80d50_direction,300641.SZ,20240624,H5_COMPETING_DIRECTION_TOP3,1,,,,,,,,
h5m80d50_direction,301550.SZ,20240624,H5_COMPETING_DIRECTION_TOP3,1,,,,,,,,
h5m80d50_direction,603228.SH,20240624,H5_COMPETING_DIRECTION_TOP3,1,,,,,,,,
h5m80d50_direction,300641.SZ,20240621,H5_COMPETING_DIRECTION_TOP3,1,,,,,,,,
h5m80d50_direction,301215.SZ,20240621,H5_COMPETING_DIRECTION_TOP3,1,,,,,,,,
h5m80d50_direction,688206.SH,20240620,H5_COMPETING_DIRECTION_TOP3,1,,,,,,,,
h5m80d50_direction,300284.SZ,20240619,H5_COMPETING_DIRECTION_TOP3,1,,,,,,,,
h5m80d50_direction,301091.SZ,20240619,H5_COMPETING_DIRECTION_TOP3,1,,,,,,,,
h5m80d50_direction,688107.SH,20240618,H5_COMPETING_DIRECTION_TOP3,1,,,,,,,,
h5m80d50_direction,688702.SH,20240618,H5_COMPETING_DIRECTION_TOP3,1,,,,,,,,
h5m80d50_direction,300098.SZ,20240617,H5_COMPETING_DIRECTION_TOP3,1,,,,,,,,
h5m80d50_direction,300779.SZ,20240617,H5_COMPETING_DIRECTION_TOP3,1,,,,,,,,
h5m80d50_direction,688702.SH,20240617,H5_COMPETING_DIRECTION_TOP3,1,,,,,,,,
h5m80d50_direction,688107.SH,20240614,H5_COMPETING_DIRECTION_TOP3,1,,,,,,,,
h5m80d50_direction,688525.SH,20240614,H5_COMPETING_DIRECTION_TOP3,1,,,,,,,,
h5m80d50_direction,688702.SH,20240614,H5_COMPETING_DIRECTION_TOP3,1,,,,,,,,
h5m80d50_direction,688107.SH,20240613,H5_COMPETING_DIRECTION_TOP3,1,,,,,,,,
h5m80d50_direction,688515.SH,20240613,H5_COMPETING_DIRECTION_TOP3,1,,,,,,,,
h5m80d50_direction,688702.SH,20240613,H5_COMPETING_DIRECTION_TOP3,1,,,,,,,,
h5m80d50_direction,300641.SZ,20240612,H5_COMPETING_DIRECTION_TOP3,1,,,,,,,,
h5m80d50_direction,301550.SZ,20240612,H5_COMPETING_DIRECTION_TOP3,1,,,,,,,,
h5m80d50_direction,688183.SH,20240612,H5_COMPETING_DIRECTION_TOP3,1,,,,,,,,
h5m80d50_direction,300455.SZ,20240611,H5_COMPETING_DIRECTION_TOP3,1,,,,,,,,
h5m80d50_direction,301550.SZ,20240611,H5_COMPETING_DIRECTION_TOP3,1,,,,,,,,
h5m80d50_direction,301536.SZ,20240607,H5_COMPETING_DIRECTION_TOP3,1,,,,,,,,
h5m80d50_direction,301550.SZ,20240607,H5_COMPETING_DIRECTION_TOP3,1,,,,,,,,
h5m80d50_direction,688515.SH,20240607,H5_COMPETING_DIRECTION_TOP3,1,,,,,,,,
h5m80d50_direction,300672.SZ,20240606,H5_COMPETING_DIRECTION_TOP3,1,,,,,,,,
h5m80d50_direction,301550.SZ,20240606,H5_COMPETING_DIRECTION_TOP3,1,,,,,,,,
h5m80d50_direction,600171.SH,20240606,H5_COMPETING_DIRECTION_TOP3,1,,,,,,,,
h5m80d50_direction,301536.SZ,20240605,H5_COMPETING_DIRECTION_TOP3,1,,,,,,,,
h5m80d50_direction,600171.SH,20240605,H5_COMPETING_DIRECTION_TOP3,1,,,,,,,,
h5m80d50_direction,688702.SH,20240605,H5_COMPETING_DIRECTION_TOP3,1,,,,,,,,
h5m80d50_direction,300641.SZ,20240604,H5_COMPETING_DIRECTION_TOP3,1,,,,,,,,
h5m80d50_direction,301550.SZ,20240604,H5_COMPETING_DIRECTION_TOP3,1,,,,,,,,
h5m80d50_direction,688702.SH,20240604,H5_COMPETING_DIRECTION_TOP3,1,,,,,,,,
h5m80d50_direction,300455.SZ,20240603,H5_COMPETING_DIRECTION_TOP3,1,,,,,,,,
h5m80d50_direction,301550.SZ,20240603,H5_COMPETING_DIRECTION_TOP3,1,,,,,,,,
h5m80d50_direction,688525.SH,20240603,H5_COMPETING_DIRECTION_TOP3,1,,,,,,,,
h5m80d50_direction,300455.SZ,20240531,H5_COMPETING_DIRECTION_TOP3,1,,,,,,,,
h5m80d50_direction,300576.SZ,20240531,H5_COMPETING_DIRECTION_TOP3,1,,,,,,,,
h5m80d50_direction,300641.SZ,20240530,H5_COMPETING_DIRECTION_TOP3,1,,,,,,,,
h5m80d50_direction,300672.SZ,20240530,H5_COMPETING_DIRECTION_TOP3,1,,,,,,,,
h5m80d50_direction,300641.SZ,20240529,H5_COMPETING_DIRECTION_TOP3,1,,,,,,,,
h5m80d50_direction,300779.SZ,20240529,H5_COMPETING_DIRECTION_TOP3,1,,,,,,,,
h5m80d50_direction,688102.SH,20240529,H5_COMPETING_DIRECTION_TOP3,1,,,,,,,,
h5m80d50_direction,300576.SZ,20240528,H5_COMPETING_DIRECTION_TOP3,1,,,,,,,,
h5m80d50_direction,300779.SZ,20240528,H5_COMPETING_DIRECTION_TOP3,1,,,,,,,,
h5m80d50_direction,601020.SH,20240528,H5_COMPETING_DIRECTION_TOP3,1,,,,,,,,
h5m80d50_direction,300779.SZ,20240527,H5_COMPETING_DIRECTION_TOP3,1,,,,,,,,
h5m80d50_direction,601020.SH,20240527,H5_COMPETING_DIRECTION_TOP3,1,,,,,,,,
h5m80d50_direction,300602.SZ,20240524,H5_COMPETING_DIRECTION_TOP3,1,,,,,,,,
h5m80d50_direction,300779.SZ,20240524,H5_COMPETING_DIRECTION_TOP3,1,,,,,,,,
h5m80d50_direction,300779.SZ,20240523,H5_COMPETING_DIRECTION_TOP3,1,,,,,,,,
h5m80d50_direction,000737.SZ,20240522,H5_COMPETING_DIRECTION_TOP3,1,,,,,,,,
h5m80d50_direction,300779.SZ,20240522,H5_COMPETING_DIRECTION_TOP3,1,,,,,,,,
h5m80d50_direction,603099.SH,20240522,H5_COMPETING_DIRECTION_TOP3,1,,,,,,,,
h5m80d50_direction,000737.SZ,20240521,H5_COMPETING_DIRECTION_TOP3,1,,,,,,,,
h5m80d50_direction,300779.SZ,20240521,H5_COMPETING_DIRECTION_TOP3,1,,,,,,,,
h5m80d50_direction,603099.SH,20240521,H5_COMPETING_DIRECTION_TOP3,1,,,,,,,,
h5m80d50_direction,000737.SZ,20240520,H5_COMPETING_DIRECTION_TOP3,1,,,,,,,,
h5m80d50_direction,002716.SZ,20240520,H5_COMPETING_DIRECTION_TOP3,1,,,,,,,,
h5m80d50_direction,600649.SH,20240520,H5_COMPETING_DIRECTION_TOP3,1,,,,,,,,
h5m80d50_direction,300779.SZ,20240517,H5_COMPETING_DIRECTION_TOP3,1,,,,,,,,
h5m80d50_direction,688183.SH,20240517,H5_COMPETING_DIRECTION_TOP3,1,,,,,,,,
h5m80d50_direction,688629.SH,20240517,H5_COMPETING_DIRECTION_TOP3,1,,,,,,,,
h5m80d50_direction,000737.SZ,20240516,H5_COMPETING_DIRECTION_TOP3,1,,,,,,,,
h5m80d50_direction,300779.SZ,20240516,H5_COMPETING_DIRECTION_TOP3,1,,,,,,,,
h5m80d50_direction,688629.SH,20240516,H5_COMPETING_DIRECTION_TOP3,1,,,,,,,,
h5m80d50_direction,000628.SZ,20240515,H5_COMPETING_DIRECTION_TOP3,1,,,,,,,,
h5m80d50_direction,300779.SZ,20240515,H5_COMPETING_DIRECTION_TOP3,1,,,,,,,,
h5m80d50_direction,000628.SZ,20240514,H5_COMPETING_DIRECTION_TOP3,1,,,,,,,,
h5m80d50_direction,300779.SZ,20240514,H5_COMPETING_DIRECTION_TOP3,1,,,,,,,,
h5m80d50_direction,000737.SZ,20240513,H5_COMPETING_DIRECTION_TOP3,1,,,,,,,,
h5m80d50_direction,002668.SZ,20240513,H5_COMPETING_DIRECTION_TOP3,1,,,,,,,,
h5m80d50_direction,603809.SH,20240513,H5_COMPETING_DIRECTION_TOP3,1,,,,,,,,
h5m80d50_direction,000737.SZ,20240510,H5_COMPETING_DIRECTION_TOP3,1,,,,,,,,
h5m80d50_direction,002668.SZ,20240510,H5_COMPETING_DIRECTION_TOP3,1,,,,,,,,
h5m80d50_direction,600866.SH,20240510,H5_COMPETING_DIRECTION_TOP3,1,,,,,,,,
h5m80d50_direction,000099.SZ,20240509,H5_COMPETING_DIRECTION_TOP3,1,,,,,,,,
h5m80d50_direction,600645.SH,20240509,H5_COMPETING_DIRECTION_TOP3,1,,,,,,,,
h5m80d50_direction,688631.SH,20240509,H5_COMPETING_DIRECTION_TOP3,1,,,,,,,,
h5m80d50_direction,600645.SH,20240508,H5_COMPETING_DIRECTION_TOP3,1,,,,,,,,
h5m80d50_direction,603809.SH,20240508,H5_COMPETING_DIRECTION_TOP3,1,,,,,,,,
h5m80d50_direction,688631.SH,20240508,H5_COMPETING_DIRECTION_TOP3,1,,,,,,,,
h5m80d50_direction,000737.SZ,20240507,H5_COMPETING_DIRECTION_TOP3,1,,,,,,,,
h5m80d50_direction,603809.SH,20240507,H5_COMPETING_DIRECTION_TOP3,1,,,,,,,,
h5m80d50_direction,000737.SZ,20240506,H5_COMPETING_DIRECTION_TOP3,1,,,,,,,,
h5m80d50_direction,301301.SZ,20240506,H5_COMPETING_DIRECTION_TOP3,1,,,,,,,,
h5m80d50_direction,600789.SH,20240506,H5_COMPETING_DIRECTION_TOP3,1,,,,,,,,
h5m80d50_direction,000737.SZ,20240430,H5_COMPETING_DIRECTION_TOP3,1,,,,,,,,
h5m80d50_direction,300284.SZ,20240430,H5_COMPETING_DIRECTION_TOP3,1,,,,,,,,
h5m80d50_direction,301301.SZ,20240430,H5_COMPETING_DIRECTION_TOP3,1,,,,,,,,
h5m80d50_direction,000737.SZ,20240429,H5_COMPETING_DIRECTION_TOP3,1,,,,,,,,
h5m80d50_direction,002670.SZ,20240429,H5_COMPETING_DIRECTION_TOP3,1,,,,,,,,
h5m80d50_direction,603809.SH,20240429,H5_COMPETING_DIRECTION_TOP3,1,,,,,,,,
h5m80d50_direction,000737.SZ,20240426,H5_COMPETING_DIRECTION_TOP3,1,,,,,,,,
h5m80d50_direction,001696.SZ,20240426,H5_COMPETING_DIRECTION_TOP3,1,,,,,,,,
h5m80d50_direction,301091.SZ,20240426,H5_COMPETING_DIRECTION_TOP3,1,,,,,,,,
h5m80d50_direction,603663.SH,20240425,H5_COMPETING_DIRECTION_TOP3,1,,,,,,,,
h5m80d50_direction,000628.SZ,20240424,H5_COMPETING_DIRECTION_TOP3,1,,,,,,,,
h5m80d50_direction,300133.SZ,20240424,H5_COMPETING_DIRECTION_TOP3,1,,,,,,,,
h5m80d50_direction,300757.SZ,20240424,H5_COMPETING_DIRECTION_TOP3,1,,,,,,,,
h5m80d50_direction,300757.SZ,20240423,H5_COMPETING_DIRECTION_TOP3,1,,,,,,,,
h5m80d50_direction,301205.SZ,20240423,H5_COMPETING_DIRECTION_TOP3,1,,,,,,,,
h5m80d50_direction,688629.SH,20240423,H5_COMPETING_DIRECTION_TOP3,1,,,,,,,,
h5m80d50_direction,300757.SZ,20240422,H5_COMPETING_DIRECTION_TOP3,1,,,,,,,,
h5m80d50_direction,301205.SZ,20240422,H5_COMPETING_DIRECTION_TOP3,1,,,,,,,,
h5m80d50_direction,688515.SH,20240422,H5_COMPETING_DIRECTION_TOP3,1,,,,,,,,
h5m80d50_direction,300548.SZ,20240419,H5_COMPETING_DIRECTION_TOP3,1,,,,,,,,
h5m80d50_direction,301205.SZ,20240419,H5_COMPETING_DIRECTION_TOP3,1,,,,,,,,
h5m80d50_direction,688629.SH,20240419,H5_COMPETING_DIRECTION_TOP3,1,,,,,,,,
h5m80d50_direction,000737.SZ,20240418,H5_COMPETING_DIRECTION_TOP3,1,,,,,,,,
h5m80d50_direction,301091.SZ,20240418,H5_COMPETING_DIRECTION_TOP3,1,,,,,,,,
h5m80d50_direction,688522.SH,20240418,H5_COMPETING_DIRECTION_TOP3,1,,,,,,,,
h5m80d50_direction,301091.SZ,20240417,H5_COMPETING_DIRECTION_TOP3,1,,,,,,,,
h5m80d50_direction,688522.SH,20240417,H5_COMPETING_DIRECTION_TOP3,1,,,,,,,,
h5m80d50_direction,688631.SH,20240417,H5_COMPETING_DIRECTION_TOP3,1,,,,,,,,
h5m80d50_direction,001696.SZ,20240416,H5_COMPETING_DIRECTION_TOP3,1,,,,,,,,
h5m80d50_direction,688522.SH,20240416,H5_COMPETING_DIRECTION_TOP3,1,,,,,,,,
h5m80d50_direction,688631.SH,20240416,H5_COMPETING_DIRECTION_TOP3,1,,,,,,,,
h5m80d50_direction,300641.SZ,20240415,H5_COMPETING_DIRECTION_TOP3,1,,,,,,,,
h5m80d50_direction,301091.SZ,20240415,H5_COMPETING_DIRECTION_TOP3,1,,,,,,,,
h5m80d50_direction,688631.SH,20240415,H5_COMPETING_DIRECTION_TOP3,1,,,,,,,,
h5m80d50_direction,002130.SZ,20240412,H5_COMPETING_DIRECTION_TOP3,1,,,,,,,,
h5m80d50_direction,300641.SZ,20240412,H5_COMPETING_DIRECTION_TOP3,1,,,,,,,,
h5m80d50_direction,601918.SH,20240412,H5_COMPETING_DIRECTION_TOP3,1,,,,,,,,
h5m80d50_direction,300641.SZ,20240411,H5_COMPETING_DIRECTION_TOP3,1,,,,,,,,
h5m80d50_direction,601001.SH,20240411,H5_COMPETING_DIRECTION_TOP3,1,,,,,,,,
h5m80d50_direction,605376.SH,20240411,H5_COMPETING_DIRECTION_TOP3,1,,,,,,,,
h5m80d50_direction,000921.SZ,20240410,H5_COMPETING_DIRECTION_TOP3,1,,,,,,,,
h5m80d50_direction,601001.SH,20240410,H5_COMPETING_DIRECTION_TOP3,1,,,,,,,,
h5m80d50_direction,601101.SH,20240410,H5_COMPETING_DIRECTION_TOP3,1,,,,,,,,
h5m80d50_direction,000921.SZ,20240409,H5_COMPETING_DIRECTION_TOP3,1,,,,,,,,
h5m80d50_direction,601001.SH,20240409,H5_COMPETING_DIRECTION_TOP3,1,,,,,,,,
h5m80d50_direction,601918.SH,20240409,H5_COMPETING_DIRECTION_TOP3,1,,,,,,,,
h5m80d50_direction,000737.SZ,20240408,H5_COMPETING_DIRECTION_TOP3,1,,,,,,,,
h5m80d50_direction,301238.SZ,20240408,H5_COMPETING_DIRECTION_TOP3,1,,,,,,,,
h5m80d50_direction,605011.SH,20240408,H5_COMPETING_DIRECTION_TOP3,1,,,,,,,,
h5m80d50_direction,000737.SZ,20240403,H5_COMPETING_DIRECTION_TOP3,1,,,,,,,,
h5m80d50_direction,301238.SZ,20240403,H5_COMPETING_DIRECTION_TOP3,1,,,,,,,,
h5m80d50_direction,301500.SZ,20240403,H5_COMPETING_DIRECTION_TOP3,1,,,,,,,,
h5m80d50_direction,000737.SZ,20240402,H5_COMPETING_DIRECTION_TOP3,1,,,,,,,,
h5m80d50_direction,301500.SZ,20240402,H5_COMPETING_DIRECTION_TOP3,1,,,,,,,,
h5m80d50_direction,603663.SH,20240402,H5_COMPETING_DIRECTION_TOP3,1,,,,,,,,
h5m80d50_direction,000737.SZ,20240401,H5_COMPETING_DIRECTION_TOP3,1,,,,,,,,
h5m80d50_direction,002239.SZ,20240401,H5_COMPETING_DIRECTION_TOP3,1,,,,,,,,
h5m80d50_direction,603663.SH,20240401,H5_COMPETING_DIRECTION_TOP3,1,,,,,,,,
h5m80d50_direction,000099.SZ,20240329,H5_COMPETING_DIRECTION_TOP3,1,,,,,,,,
h5m80d50_direction,000737.SZ,20240329,H5_COMPETING_DIRECTION_TOP3,1,,,,,,,,
h5m80d50_direction,603663.SH,20240329,H5_COMPETING_DIRECTION_TOP3,1,,,,,,,,
h5m80d50_direction,000099.SZ,20240328,H5_COMPETING_DIRECTION_TOP3,1,,,,,,,,
h5m80d50_direction,000737.SZ,20240328,H5_COMPETING_DIRECTION_TOP3,1,,,,,,,,
h5m80d50_direction,601918.SH,20240328,H5_COMPETING_DIRECTION_TOP3,1,,,,,,,,
h5m80d50_direction,000737.SZ,20240327,H5_COMPETING_DIRECTION_TOP3,1,,,,,,,,
h5m80d50_direction,301091.SZ,20240327,H5_COMPETING_DIRECTION_TOP3,1,,,,,,,,
h5m80d50_direction,688631.SH,20240327,H5_COMPETING_DIRECTION_TOP3,1,,,,,,,,
h5m80d50_direction,000737.SZ,20240326,H5_COMPETING_DIRECTION_TOP3,1,,,,,,,,
h5m80d50_direction,300913.SZ,20240326,H5_COMPETING_DIRECTION_TOP3,1,,,,,,,,
h5m80d50_direction,000737.SZ,20240325,H5_COMPETING_DIRECTION_TOP3,1,,,,,,,,
h5m80d50_direction,300738.SZ,20240325,H5_COMPETING_DIRECTION_TOP3,1,,,,,,,,
h5m80d50_direction,002130.SZ,20240322,H5_COMPETING_DIRECTION_TOP3,1,,,,,,,,
h5m80d50_direction,601918.SH,20240322,H5_COMPETING_DIRECTION_TOP3,1,,,,,,,,
h5m80d50_direction,603516.SH,20240322,H5_COMPETING_DIRECTION_TOP3,1,,,,,,,,
h5m80d50_direction,000737.SZ,20240321,H5_COMPETING_DIRECTION_TOP3,1,,,,,,,,
h5m80d50_direction,300133.SZ,20240321,H5_COMPETING_DIRECTION_TOP3,1,,,,,,,,
h5m80d50_direction,603516.SH,20240321,H5_COMPETING_DIRECTION_TOP3,1,,,,,,,,
h5m80d50_direction,002779.SZ,20240320,H5_COMPETING_DIRECTION_TOP3,1,,,,,,,,
h5m80d50_direction,603516.SH,20240320,H5_COMPETING_DIRECTION_TOP3,1,,,,,,,,
h5m80d50_direction,688629.SH,20240320,H5_COMPETING_DIRECTION_TOP3,1,,,,,,,,
h5m80d50_direction,000719.SZ,20240319,H5_COMPETING_DIRECTION_TOP3,1,,,,,,,,
h5m80d50_direction,001309.SZ,20240319,H5_COMPETING_DIRECTION_TOP3,1,,,,,,,,
h5m80d50_direction,603516.SH,20240319,H5_COMPETING_DIRECTION_TOP3,1,,,,,,,,
h5m80d50_direction,000917.SZ,20240318,H5_COMPETING_DIRECTION_TOP3,1,,,,,,,,
h5m80d50_direction,603516.SH,20240318,H5_COMPETING_DIRECTION_TOP3,1,,,,,,,,
h5m80d50_direction,688631.SH,20240318,H5_COMPETING_DIRECTION_TOP3,1,,,,,,,,
h5m80d50_direction,000737.SZ,20240315,H5_COMPETING_DIRECTION_TOP3,1,,,,,,,,
h5m80d50_direction,000917.SZ,20240315,H5_COMPETING_DIRECTION_TOP3,1,,,,,,,,
h5m80d50_direction,603516.SH,20240315,H5_COMPETING_DIRECTION_TOP3,1,,,,,,,,
h5m80d50_direction,000737.SZ,20240314,H5_COMPETING_DIRECTION_TOP3,1,,,,,,,,
h5m80d50_direction,603127.SH,20240314,H5_COMPETING_DIRECTION_TOP3,1,,,,,,,,
h5m80d50_direction,603516.SH,20240314,H5_COMPETING_DIRECTION_TOP3,1,,,,,,,,
h5m80d50_direction,300548.SZ,20240313,H5_COMPETING_DIRECTION_TOP3,1,,,,,,,,
h5m80d50_direction,300757.SZ,20240313,H5_COMPETING_DIRECTION_TOP3,1,,,,,,,,
h5m80d50_direction,603516.SH,20240313,H5_COMPETING_DIRECTION_TOP3,1,,,,,,,,
h5m80d50_direction,603009.SH,20240312,H5_COMPETING_DIRECTION_TOP3,1,,,,,,,,
h5m80d50_direction,603516.SH,20240312,H5_COMPETING_DIRECTION_TOP3,1,,,,,,,,
h5m80d50_direction,688631.SH,20240312,H5_COMPETING_DIRECTION_TOP3,1,,,,,,,,
h5m80d50_direction,002414.SZ,20240311,H5_COMPETING_DIRECTION_TOP3,1,,,,,,,,
h5m80d50_direction,300757.SZ,20240311,H5_COMPETING_DIRECTION_TOP3,1,,,,,,,,
h5m80d50_direction,603516.SH,20240311,H5_COMPETING_DIRECTION_TOP3,1,,,,,,,,
h5m80d50_direction,300757.SZ,20240308,H5_COMPETING_DIRECTION_TOP3,1,,,,,,,,
h5m80d50_direction,301293.SZ,20240308,H5_COMPETING_DIRECTION_TOP3,1,,,,,,,,
h5m80d50_direction,603516.SH,20240308,H5_COMPETING_DIRECTION_TOP3,1,,,,,,,,
h5m80d50_direction,000628.SZ,20240307,H5_COMPETING_DIRECTION_TOP3,1,,,,,,,,
h5m80d50_direction,300757.SZ,20240307,H5_COMPETING_DIRECTION_TOP3,1,,,,,,,,
h5m80d50_direction,603516.SH,20240307,H5_COMPETING_DIRECTION_TOP3,1,,,,,,,,
h5m80d50_direction,300757.SZ,20240306,H5_COMPETING_DIRECTION_TOP3,1,,,,,,,,
h5m80d50_direction,603099.SH,20240306,H5_COMPETING_DIRECTION_TOP3,1,,,,,,,,
h5m80d50_direction,603516.SH,20240306,H5_COMPETING_DIRECTION_TOP3,1,,,,,,,,
h5m80d50_direction,300757.SZ,20240305,H5_COMPETING_DIRECTION_TOP3,1,,,,,,,,
h5m80d50_direction,603099.SH,20240305,H5_COMPETING_DIRECTION_TOP3,1,,,,,,,,
h5m80d50_direction,603516.SH,20240305,H5_COMPETING_DIRECTION_TOP3,1,,,,,,,,
h5m80d50_direction,002881.SZ,20240304,H5_COMPETING_DIRECTION_TOP3,1,,,,,,,,
h5m80d50_direction,300757.SZ,20240304,H5_COMPETING_DIRECTION_TOP3,1,,,,,,,,
h5m80d50_direction,603099.SH,20240304,H5_COMPETING_DIRECTION_TOP3,1,,,,,,,,
h5m80d50_direction,002611.SZ,20240301,H5_COMPETING_DIRECTION_TOP3,1,,,,,,,,
h5m80d50_direction,300570.SZ,20240301,H5_COMPETING_DIRECTION_TOP3,1,,,,,,,,
h5m80d50_direction,300757.SZ,20240301,H5_COMPETING_DIRECTION_TOP3,1,,,,,,,,
h5m80d50_direction,300570.SZ,20240229,H5_COMPETING_DIRECTION_TOP3,1,,,,,,,,
h5m80d50_direction,300757.SZ,20240229,H5_COMPETING_DIRECTION_TOP3,1,,,,,,,,
h5m80d50_direction,301205.SZ,20240229,H5_COMPETING_DIRECTION_TOP3,1,,,,,,,,
h5m80d50_direction,300678.SZ,20240228,H5_COMPETING_DIRECTION_TOP3,1,,,,,,,,
h5m80d50_direction,300757.SZ,20240228,H5_COMPETING_DIRECTION_TOP3,1,,,,,,,,
h5m80d50_direction,301550.SZ,20240228,H5_COMPETING_DIRECTION_TOP3,1,,,,,,,,
h5m80d50_direction,000628.SZ,20240227,H5_COMPETING_DIRECTION_TOP3,1,,,,,,,,
h5m80d50_direction,002611.SZ,20240227,H5_COMPETING_DIRECTION_TOP3,1,,,,,,,,
h5m80d50_direction,300570.SZ,20240227,H5_COMPETING_DIRECTION_TOP3,1,,,,,,,,
h5m80d50_direction,300641.SZ,20240226,H5_COMPETING_DIRECTION_TOP3,1,,,,,,,,
h5m80d50_direction,300663.SZ,20240226,H5_COMPETING_DIRECTION_TOP3,1,,,,,,,,
h5m80d50_direction,688372.SH,20240226,H5_COMPETING_DIRECTION_TOP3,1,,,,,,,,
h5m80d50_direction,301550.SZ,20240223,H5_COMPETING_DIRECTION_TOP3,1,,,,,,,,
h5m80d50_direction,688372.SH,20240223,H5_COMPETING_DIRECTION_TOP3,1,,,,,,,,
h5m80d50_direction,688523.SH,20240223,H5_COMPETING_DIRECTION_TOP3,1,,,,,,,,
h5m80d50_direction,300100.SZ,20240222,H5_COMPETING_DIRECTION_TOP3,1,,,,,,,,
h5m80d50_direction,301550.SZ,20240222,H5_COMPETING_DIRECTION_TOP3,1,,,,,,,,
h5m80d50_direction,688800.SH,20240222,H5_COMPETING_DIRECTION_TOP3,1,,,,,,,,
h5m80d50_direction,300184.SZ,20240221,H5_COMPETING_DIRECTION_TOP3,1,,,,,,,,
h5m80d50_direction,300663.SZ,20240221,H5_COMPETING_DIRECTION_TOP3,1,,,,,,,,
h5m80d50_direction,688502.SH,20240221,H5_COMPETING_DIRECTION_TOP3,1,,,,,,,,
h5m80d50_direction,002892.SZ,20240220,H5_COMPETING_DIRECTION_TOP3,1,,,,,,,,
h5m80d50_direction,301550.SZ,20240220,H5_COMPETING_DIRECTION_TOP3,1,,,,,,,,
h5m80d50_direction,688433.SH,20240220,H5_COMPETING_DIRECTION_TOP3,1,,,,,,,,
h5m80d50_direction,002892.SZ,20240219,H5_COMPETING_DIRECTION_TOP3,1,,,,,,,,
h5m80d50_direction,603667.SH,20240219,H5_COMPETING_DIRECTION_TOP3,1,,,,,,,,
h5m80d50_direction,688433.SH,20240219,H5_COMPETING_DIRECTION_TOP3,1,,,,,,,,
h5m80d50_direction,002892.SZ,20240208,H5_COMPETING_DIRECTION_TOP3,1,,,,,,,,
h5m80d50_direction,300641.SZ,20240208,H5_COMPETING_DIRECTION_TOP3,1,,,,,,,,
h5m80d50_direction,603667.SH,20240208,H5_COMPETING_DIRECTION_TOP3,1,,,,,,,,
h5m80d50_direction,002896.SZ,20240207,H5_COMPETING_DIRECTION_TOP3,1,,,,,,,,
h5m80d50_direction,300493.SZ,20240207,H5_COMPETING_DIRECTION_TOP3,1,,,,,,,,
h5m80d50_direction,603667.SH,20240207,H5_COMPETING_DIRECTION_TOP3,1,,,,,,,,
h5m80d50_direction,002212.SZ,20240206,H5_COMPETING_DIRECTION_TOP3,1,,,,,,,,
h5m80d50_direction,300762.SZ,20240206,H5_COMPETING_DIRECTION_TOP3,1,,,,,,,,
h5m80d50_direction,688088.SH,20240206,H5_COMPETING_DIRECTION_TOP3,1,,,,,,,,
h5m80d50_direction,688213.SH,20240205,H5_COMPETING_DIRECTION_TOP3,1,,,,,,,,
h5m80d50_direction,688220.SH,20240205,H5_COMPETING_DIRECTION_TOP3,1,,,,,,,,
h5m80d50_direction,688536.SH,20240205,H5_COMPETING_DIRECTION_TOP3,1,,,,,,,,
h5m80d50_direction,603160.SH,20240202,H5_COMPETING_DIRECTION_TOP3,1,,,,,,,,
h5m80d50_direction,688114.SH,20240202,H5_COMPETING_DIRECTION_TOP3,1,,,,,,,,
h5m80d50_direction,688180.SH,20240202,H5_COMPETING_DIRECTION_TOP3,1,,,,,,,,
h5m80d50_direction,300037.SZ,20240201,H5_COMPETING_DIRECTION_TOP3,1,,,,,,,,
h5m80d50_direction,603658.SH,20240201,H5_COMPETING_DIRECTION_TOP3,1,,,,,,,,
h5m80d50_direction,688114.SH,20240201,H5_COMPETING_DIRECTION_TOP3,1,,,,,,,,
h5m80d50_direction,600486.SH,20240131,H5_COMPETING_DIRECTION_TOP3,1,,,,,,,,
h5m80d50_direction,600563.SH,20240131,H5_COMPETING_DIRECTION_TOP3,1,,,,,,,,
h5m80d50_direction,688065.SH,20240131,H5_COMPETING_DIRECTION_TOP3,1,,,,,,,,
h5m80d50_direction,000921.SZ,20240130,H5_COMPETING_DIRECTION_TOP3,1,,,,,,,,
h5m80d50_direction,002128.SZ,20240130,H5_COMPETING_DIRECTION_TOP3,1,,,,,,,,
h5m80d50_direction,603156.SH,20240130,H5_COMPETING_DIRECTION_TOP3,1,,,,,,,,
h5m80d50_direction,002807.SZ,20240129,H5_COMPETING_DIRECTION_TOP3,1,,,,,,,,
h5m80d50_direction,002966.SZ,20240129,H5_COMPETING_DIRECTION_TOP3,1,,,,,,,,
h5m80d50_direction,601577.SH,20240129,H5_COMPETING_DIRECTION_TOP3,1,,,,,,,,
h5m80d50_direction,002958.SZ,20240126,H5_COMPETING_DIRECTION_TOP3,1,,,,,,,,
h5m80d50_direction,600639.SH,20240126,H5_COMPETING_DIRECTION_TOP3,1,,,,,,,,
h5m80d50_direction,601068.SH,20240126,H5_COMPETING_DIRECTION_TOP3,1,,,,,,,,
h5m80d50_direction,000027.SZ,20240125,H5_COMPETING_DIRECTION_TOP3,1,,,,,,,,
h5m80d50_direction,002423.SZ,20240125,H5_COMPETING_DIRECTION_TOP3,1,,,,,,,,
h5m80d50_direction,600675.SH,20240125,H5_COMPETING_DIRECTION_TOP3,1,,,,,,,,
h5m80d50_direction,002608.SZ,20240124,H5_COMPETING_DIRECTION_TOP3,1,,,,,,,,
h5m80d50_direction,600578.SH,20240124,H5_COMPETING_DIRECTION_TOP3,1,,,,,,,,
h5m80d50_direction,601228.SH,20240124,H5_COMPETING_DIRECTION_TOP3,1,,,,,,,,
h5m80d50_direction,600578.SH,20240123,H5_COMPETING_DIRECTION_TOP3,1,,,,,,,,
h5m80d50_direction,600688.SH,20240123,H5_COMPETING_DIRECTION_TOP3,1,,,,,,,,
h5m80d50_direction,601326.SH,20240123,H5_COMPETING_DIRECTION_TOP3,1,,,,,,,,
h5m80d50_direction,000550.SZ,20240122,H5_COMPETING_DIRECTION_TOP3,1,,,,,,,,
h5m80d50_direction,600688.SH,20240122,H5_COMPETING_DIRECTION_TOP3,1,,,,,,,,
h5m80d50_direction,601918.SH,20240122,H5_COMPETING_DIRECTION_TOP3,1,,,,,,,,
h5m80d50_direction,301381.SZ,20240119,H5_COMPETING_DIRECTION_TOP3,1,,,,,,,,
h5m80d50_direction,603099.SH,20240119,H5_COMPETING_DIRECTION_TOP3,1,,,,,,,,
h5m80d50_direction,300624.SZ,20240118,H5_COMPETING_DIRECTION_TOP3,1,,,,,,,,
h5m80d50_direction,301381.SZ,20240118,H5_COMPETING_DIRECTION_TOP3,1,,,,,,,,
h5m80d50_direction,603099.SH,20240118,H5_COMPETING_DIRECTION_TOP3,1,,,,,,,,
h5m80d50_direction,300624.SZ,20240117,H5_COMPETING_DIRECTION_TOP3,1,,,,,,,,
h5m80d50_direction,688390.SH,20240117,H5_COMPETING_DIRECTION_TOP3,1,,,,,,,,
h5m80d50_direction,301004.SZ,20240116,H5_COMPETING_DIRECTION_TOP3,1,,,,,,,,
h5m80d50_direction,603009.SH,20240116,H5_COMPETING_DIRECTION_TOP3,1,,,,,,,,
h5m80d50_direction,603099.SH,20240116,H5_COMPETING_DIRECTION_TOP3,1,,,,,,,,
h5m80d50_direction,000628.SZ,20240115,H5_COMPETING_DIRECTION_TOP3,1,,,,,,,,
h5m80d50_direction,002779.SZ,20240115,H5_COMPETING_DIRECTION_TOP3,1,,,,,,,,
h5m80d50_direction,603099.SH,20240115,H5_COMPETING_DIRECTION_TOP3,1,,,,,,,,
h5m80d50_direction,002779.SZ,20240112,H5_COMPETING_DIRECTION_TOP3,1,,,,,,,,
h5m80d50_direction,603099.SH,20240112,H5_COMPETING_DIRECTION_TOP3,1,,,,,,,,
h5m80d50_direction,000628.SZ,20240111,H5_COMPETING_DIRECTION_TOP3,1,,,,,,,,
h5m80d50_direction,002779.SZ,20240111,H5_COMPETING_DIRECTION_TOP3,1,,,,,,,,
h5m80d50_direction,603099.SH,20240111,H5_COMPETING_DIRECTION_TOP3,1,,,,,,,,
h5m80d50_direction,000628.SZ,20240110,H5_COMPETING_DIRECTION_TOP3,1,,,,,,,,
h5m80d50_direction,301511.SZ,20240110,H5_COMPETING_DIRECTION_TOP3,1,,,,,,,,
h5m80d50_direction,603099.SH,20240110,H5_COMPETING_DIRECTION_TOP3,1,,,,,,,,
h5m80d50_direction,300276.SZ,20240109,H5_COMPETING_DIRECTION_TOP3,1,,,,,,,,
h5m80d50_direction,300315.SZ,20240109,H5_COMPETING_DIRECTION_TOP3,1,,,,,,,,
h5m80d50_direction,603099.SH,20240109,H5_COMPETING_DIRECTION_TOP3,1,,,,,,,,
h5m80d50_direction,603099.SH,20240108,H5_COMPETING_DIRECTION_TOP3,1,,,,,,,,
h5m80d50_direction,603099.SH,20240105,H5_COMPETING_DIRECTION_TOP3,1,,,,,,,,
h5m80d50_direction,605011.SH,20240105,H5_COMPETING_DIRECTION_TOP3,1,,,,,,,,
h5m80d50_direction,603099.SH,20240104,H5_COMPETING_DIRECTION_TOP3,1,,,,,,,,
h5m80d50_direction,688032.SH,20240104,H5_COMPETING_DIRECTION_TOP3,1,,,,,,,,
h5m80d50_direction,603099.SH,20240103,H5_COMPETING_DIRECTION_TOP3,1,,,,,,,,
h5m80d50_direction,603530.SH,20240103,H5_COMPETING_DIRECTION_TOP3,1,,,,,,,,
h5m80d50_direction,605011.SH,20240103,H5_COMPETING_DIRECTION_TOP3,1,,,,,,,,
h5m80d50_direction,002779.SZ,20240102,H5_COMPETING_DIRECTION_TOP3,1,,,,,,,,
h5m80d50_direction,601022.SH,20240102,H5_COMPETING_DIRECTION_TOP3,1,,,,,,,,
h5m80d50_direction,603530.SH,20240102,H5_COMPETING_DIRECTION_TOP3,1,,,,,,,,
h5m80d50_direction,000628.SZ,20231229,H5_COMPETING_DIRECTION_TOP3,1,,,,,,,,
h5m80d50_direction,002779.SZ,20231229,H5_COMPETING_DIRECTION_TOP3,1,,,,,,,,
h5m80d50_direction,603530.SH,20231229,H5_COMPETING_DIRECTION_TOP3,1,,,,,,,,
h5m80d50_direction,603009.SH,20231228,H5_COMPETING_DIRECTION_TOP3,1,,,,,,,,
h5m80d50_direction,603530.SH,20231228,H5_COMPETING_DIRECTION_TOP3,1,,,,,,,,
h5m80d50_direction,605011.SH,20231228,H5_COMPETING_DIRECTION_TOP3,1,,,,,,,,
h5m80d50_direction,300045.SZ,20231227,H5_COMPETING_DIRECTION_TOP3,1,,,,,,,,
h5m80d50_direction,601022.SH,20231227,H5_COMPETING_DIRECTION_TOP3,1,,,,,,,,
h5m80d50_direction,603009.SH,20231227,H5_COMPETING_DIRECTION_TOP3,1,,,,,,,,
h5m80d50_direction,601022.SH,20231226,H5_COMPETING_DIRECTION_TOP3,1,,,,,,,,
h5m80d50_direction,603009.SH,20231226,H5_COMPETING_DIRECTION_TOP3,1,,,,,,,,
h5m80d50_direction,301000.SZ,20231225,H5_COMPETING_DIRECTION_TOP3,1,,,,,,,,
h5m80d50_direction,603009.SH,20231225,H5_COMPETING_DIRECTION_TOP3,1,,,,,,,,
h5m80d50_direction,688390.SH,20231225,H5_COMPETING_DIRECTION_TOP3,1,,,,,,,,
h5m80d50_direction,601022.SH,20231222,H5_COMPETING_DIRECTION_TOP3,1,,,,,,,,
h5m80d50_direction,603009.SH,20231222,H5_COMPETING_DIRECTION_TOP3,1,,,,,,,,
h5m80d50_direction,688032.SH,20231222,H5_COMPETING_DIRECTION_TOP3,1,,,,,,,,
h5m80d50_direction,002292.SZ,20231221,H5_COMPETING_DIRECTION_TOP3,1,,,,,,,,
h5m80d50_direction,601022.SH,20231221,H5_COMPETING_DIRECTION_TOP3,1,,,,,,,,
h5m80d50_direction,605011.SH,20231221,H5_COMPETING_DIRECTION_TOP3,1,,,,,,,,
h5m80d50_direction,301000.SZ,20231220,H5_COMPETING_DIRECTION_TOP3,1,,,,,,,,
h5m80d50_direction,605011.SH,20231220,H5_COMPETING_DIRECTION_TOP3,1,,,,,,,,
h5m80d50_direction,301000.SZ,20231219,H5_COMPETING_DIRECTION_TOP3,1,,,,,,,,
h5m80d50_direction,601022.SH,20231219,H5_COMPETING_DIRECTION_TOP3,1,,,,,,,,
h5m80d50_direction,605011.SH,20231219,H5_COMPETING_DIRECTION_TOP3,1,,,,,,,,
h5m80d50_direction,002292.SZ,20231218,H5_COMPETING_DIRECTION_TOP3,1,,,,,,,,
h5m80d50_direction,601022.SH,20231218,H5_COMPETING_DIRECTION_TOP3,1,,,,,,,,
h5m80d50_direction,605011.SH,20231218,H5_COMPETING_DIRECTION_TOP3,1,,,,,,,,
h5m80d50_direction,603009.SH,20231215,H5_COMPETING_DIRECTION_TOP3,1,,,,,,,,
h5m80d50_direction,605011.SH,20231215,H5_COMPETING_DIRECTION_TOP3,1,,,,,,,,
h5m80d50_direction,300007.SZ,20231214,H5_COMPETING_DIRECTION_TOP3,1,,,,,,,,
h5m80d50_direction,605011.SH,20231214,H5_COMPETING_DIRECTION_TOP3,1,,,,,,,,
h5m80d50_direction,000766.SZ,20231213,H5_COMPETING_DIRECTION_TOP3,1,,,,,,,,
h5m80d50_direction,300007.SZ,20231213,H5_COMPETING_DIRECTION_TOP3,1,,,,,,,,
h5m80d50_direction,603009.SH,20231213,H5_COMPETING_DIRECTION_TOP3,1,,,,,,,,
h5m80d50_direction,600686.SH,20231212,H5_COMPETING_DIRECTION_TOP3,1,,,,,,,,
h5m80d50_direction,688525.SH,20231212,H5_COMPETING_DIRECTION_TOP3,1,,,,,,,,
h5m80d50_direction,000628.SZ,20231211,H5_COMPETING_DIRECTION_TOP3,1,,,,,,,,
h5m80d50_direction,300857.SZ,20231211,H5_COMPETING_DIRECTION_TOP3,1,,,,,,,,
h5m80d50_direction,300548.SZ,20231208,H5_COMPETING_DIRECTION_TOP3,1,,,,,,,,
h5m80d50_direction,300570.SZ,20231208,H5_COMPETING_DIRECTION_TOP3,1,,,,,,,,
h5m80d50_direction,301205.SZ,20231208,H5_COMPETING_DIRECTION_TOP3,1,,,,,,,,
h5m80d50_direction,300570.SZ,20231207,H5_COMPETING_DIRECTION_TOP3,1,,,,,,,,
h5m80d50_direction,300857.SZ,20231207,H5_COMPETING_DIRECTION_TOP3,1,,,,,,,,
h5m80d50_direction,301205.SZ,20231207,H5_COMPETING_DIRECTION_TOP3,1,,,,,,,,
h5m80d50_direction,300624.SZ,20231206,H5_COMPETING_DIRECTION_TOP3,1,,,,,,,,
h5m80d50_direction,300857.SZ,20231206,H5_COMPETING_DIRECTION_TOP3,1,,,,,,,,
h5m80d50_direction,301205.SZ,20231205,H5_COMPETING_DIRECTION_TOP3,1,,,,,,,,
h5m80d50_direction,603516.SH,20231205,H5_COMPETING_DIRECTION_TOP3,1,,,,,,,,
h5m80d50_direction,688525.SH,20231205,H5_COMPETING_DIRECTION_TOP3,1,,,,,,,,
h5m80d50_direction,301171.SZ,20231204,H5_COMPETING_DIRECTION_TOP3,1,,,,,,,,
h5m80d50_direction,603516.SH,20231204,H5_COMPETING_DIRECTION_TOP3,1,,,,,,,,
h5m80d50_direction,688525.SH,20231204,H5_COMPETING_DIRECTION_TOP3,1,,,,,,,,
h5m80d50_direction,000628.SZ,20231201,H5_COMPETING_DIRECTION_TOP3,1,,,,,,,,
h5m80d50_direction,300624.SZ,20231201,H5_COMPETING_DIRECTION_TOP3,1,,,,,,,,
h5m80d50_direction,301205.SZ,20231201,H5_COMPETING_DIRECTION_TOP3,1,,,,,,,,
h5m80d50_direction,300857.SZ,20231130,H5_COMPETING_DIRECTION_TOP3,1,,,,,,,,
h5m80d50_direction,301205.SZ,20231130,H5_COMPETING_DIRECTION_TOP3,1,,,,,,,,
h5m80d50_direction,301262.SZ,20231130,H5_COMPETING_DIRECTION_TOP3,1,,,,,,,,
h5m80d50_direction,300857.SZ,20231129,H5_COMPETING_DIRECTION_TOP3,1,,,,,,,,
h5m80d50_direction,301091.SZ,20231129,H5_COMPETING_DIRECTION_TOP3,1,,,,,,,,
h5m80d50_direction,301262.SZ,20231129,H5_COMPETING_DIRECTION_TOP3,1,,,,,,,,
h5m80d50_direction,000628.SZ,20231128,H5_COMPETING_DIRECTION_TOP3,1,,,,,,,,
h5m80d50_direction,301262.SZ,20231128,H5_COMPETING_DIRECTION_TOP3,1,,,,,,,,
h5m80d50_direction,300857.SZ,20231127,H5_COMPETING_DIRECTION_TOP3,1,,,,,,,,
h5m80d50_direction,301205.SZ,20231127,H5_COMPETING_DIRECTION_TOP3,1,,,,,,,,
h5m80d50_direction,301215.SZ,20231127,H5_COMPETING_DIRECTION_TOP3,1,,,,,,,,
h5m80d50_direction,301262.SZ,20231124,H5_COMPETING_DIRECTION_TOP3,1,,,,,,,,
h5m80d50_direction,603103.SH,20231124,H5_COMPETING_DIRECTION_TOP3,1,,,,,,,,
h5m80d50_direction,002275.SZ,20231123,H5_COMPETING_DIRECTION_TOP3,1,,,,,,,,
h5m80d50_direction,002416.SZ,20231123,H5_COMPETING_DIRECTION_TOP3,1,,,,,,,,
h5m80d50_direction,603009.SH,20231123,H5_COMPETING_DIRECTION_TOP3,1,,,,,,,,
h5m80d50_direction,000058.SZ,20231122,H5_COMPETING_DIRECTION_TOP3,1,,,,,,,,
h5m80d50_direction,301262.SZ,20231122,H5_COMPETING_DIRECTION_TOP3,1,,,,,,,,
h5m80d50_direction,603663.SH,20231122,H5_COMPETING_DIRECTION_TOP3,1,,,,,,,,
h5m80d50_direction,300184.SZ,20231121,H5_COMPETING_DIRECTION_TOP3,1,,,,,,,,
h5m80d50_direction,603009.SH,20231121,H5_COMPETING_DIRECTION_TOP3,1,,,,,,,,
h5m80d50_direction,603663.SH,20231121,H5_COMPETING_DIRECTION_TOP3,1,,,,,,,,
h5m80d50_direction,002239.SZ,20231120,H5_COMPETING_DIRECTION_TOP3,1,,,,,,,,
h5m80d50_direction,301091.SZ,20231120,H5_COMPETING_DIRECTION_TOP3,1,,,,,,,,
h5m80d50_direction,603009.SH,20231120,H5_COMPETING_DIRECTION_TOP3,1,,,,,,,,
h5m80d50_direction,002239.SZ,20231117,H5_COMPETING_DIRECTION_TOP3,1,,,,,,,,
h5m80d50_direction,002400.SZ,20231117,H5_COMPETING_DIRECTION_TOP3,1,,,,,,,,
h5m80d50_direction,300857.SZ,20231117,H5_COMPETING_DIRECTION_TOP3,1,,,,,,,,
h5m80d50_direction,002239.SZ,20231116,H5_COMPETING_DIRECTION_TOP3,1,,,,,,,,
h5m80d50_direction,603009.SH,20231116,H5_COMPETING_DIRECTION_TOP3,1,,,,,,,,
h5m80d50_direction,603516.SH,20231116,H5_COMPETING_DIRECTION_TOP3,1,,,,,,,,
h5m80d50_direction,002881.SZ,20231115,H5_COMPETING_DIRECTION_TOP3,1,,,,,,,,
h5m80d50_direction,601022.SH,20231115,H5_COMPETING_DIRECTION_TOP3,1,,,,,,,,
h5m80d50_direction,603496.SH,20231115,H5_COMPETING_DIRECTION_TOP3,1,,,,,,,,
h5m80d50_direction,601022.SH,20231114,H5_COMPETING_DIRECTION_TOP3,1,,,,,,,,
h5m80d50_direction,603009.SH,20231114,H5_COMPETING_DIRECTION_TOP3,1,,,,,,,,
h5m80d50_direction,603496.SH,20231114,H5_COMPETING_DIRECTION_TOP3,1,,,,,,,,
h5m80d50_direction,300184.SZ,20231113,H5_COMPETING_DIRECTION_TOP3,1,,,,,,,,
h5m80d50_direction,601022.SH,20231113,H5_COMPETING_DIRECTION_TOP3,1,,,,,,,,
h5m80d50_direction,603009.SH,20231113,H5_COMPETING_DIRECTION_TOP3,1,,,,,,,,
h5m80d50_direction,300184.SZ,20231110,H5_COMPETING_DIRECTION_TOP3,1,,,,,,,,
h5m80d50_direction,601022.SH,20231110,H5_COMPETING_DIRECTION_TOP3,1,,,,,,,,
h5m80d50_direction,603009.SH,20231110,H5_COMPETING_DIRECTION_TOP3,1,,,,,,,,
h5m80d50_direction,000828.SZ,20231109,H5_COMPETING_DIRECTION_TOP3,1,,,,,,,,
h5m80d50_direction,301297.SZ,20231109,H5_COMPETING_DIRECTION_TOP3,1,,,,,,,,
h5m80d50_direction,603009.SH,20231109,H5_COMPETING_DIRECTION_TOP3,1,,,,,,,,
h5m80d50_direction,000628.SZ,20231108,H5_COMPETING_DIRECTION_TOP3,1,,,,,,,,
h5m80d50_direction,000828.SZ,20231108,H5_COMPETING_DIRECTION_TOP3,1,,,,,,,,
h5m80d50_direction,300047.SZ,20231108,H5_COMPETING_DIRECTION_TOP3,1,,,,,,,,
h5m80d50_direction,000628.SZ,20231107,H5_COMPETING_DIRECTION_TOP3,1,,,,,,,,
h5m80d50_direction,000828.SZ,20231107,H5_COMPETING_DIRECTION_TOP3,1,,,,,,,,
h5m80d50_direction,603009.SH,20231107,H5_COMPETING_DIRECTION_TOP3,1,,,,,,,,
h5m80d50_direction,000712.SZ,20231106,H5_COMPETING_DIRECTION_TOP3,1,,,,,,,,
h5m80d50_direction,300337.SZ,20231106,H5_COMPETING_DIRECTION_TOP3,1,,,,,,,,
h5m80d50_direction,603009.SH,20231106,H5_COMPETING_DIRECTION_TOP3,1,,,,,,,,
h5m80d50_direction,300570.SZ,20231103,H5_COMPETING_DIRECTION_TOP3,1,,,,,,,,
h5m80d50_direction,301091.SZ,20231103,H5_COMPETING_DIRECTION_TOP3,1,,,,,,,,
h5m80d50_direction,603009.SH,20231103,H5_COMPETING_DIRECTION_TOP3,1,,,,,,,,
h5m80d50_direction,000676.SZ,20231102,H5_COMPETING_DIRECTION_TOP3,1,,,,,,,,
h5m80d50_direction,300337.SZ,20231102,H5_COMPETING_DIRECTION_TOP3,1,,,,,,,,
h5m80d50_direction,300570.SZ,20231102,H5_COMPETING_DIRECTION_TOP3,1,,,,,,,,
h5m80d50_direction,300570.SZ,20231101,H5_COMPETING_DIRECTION_TOP3,1,,,,,,,,
h5m80d50_direction,300735.SZ,20231101,H5_COMPETING_DIRECTION_TOP3,1,,,,,,,,
h5m80d50_direction,603009.SH,20231101,H5_COMPETING_DIRECTION_TOP3,1,,,,,,,,
h5m80d50_direction,000676.SZ,20231031,H5_COMPETING_DIRECTION_TOP3,1,,,,,,,,
h5m80d50_direction,300735.SZ,20231031,H5_COMPETING_DIRECTION_TOP3,1,,,,,,,,
h5m80d50_direction,603009.SH,20231031,H5_COMPETING_DIRECTION_TOP3,1,,,,,,,,
h5m80d50_direction,000676.SZ,20231030,H5_COMPETING_DIRECTION_TOP3,1,,,,,,,,
h5m80d50_direction,603009.SH,20231030,H5_COMPETING_DIRECTION_TOP3,1,,,,,,,,
h5m80d50_direction,603108.SH,20231030,H5_COMPETING_DIRECTION_TOP3,1,,,,,,,,
h5m80d50_direction,300100.SZ,20231027,H5_COMPETING_DIRECTION_TOP3,1,,,,,,,,
h5m80d50_direction,603009.SH,20231027,H5_COMPETING_DIRECTION_TOP3,1,,,,,,,,
h5m80d50_direction,603516.SH,20231027,H5_COMPETING_DIRECTION_TOP3,1,,,,,,,,
h5m80d50_direction,003039.SZ,20231026,H5_COMPETING_DIRECTION_TOP3,1,,,,,,,,
h5m80d50_direction,300735.SZ,20231026,H5_COMPETING_DIRECTION_TOP3,1,,,,,,,,
h5m80d50_direction,300926.SZ,20231026,H5_COMPETING_DIRECTION_TOP3,1,,,,,,,,
h5m80d50_direction,003039.SZ,20231025,H5_COMPETING_DIRECTION_TOP3,1,,,,,,,,
h5m80d50_direction,600186.SH,20231025,H5_COMPETING_DIRECTION_TOP3,1,,,,,,,,
h5m80d50_direction,603496.SH,20231025,H5_COMPETING_DIRECTION_TOP3,1,,,,,,,,
h5m80d50_direction,002654.SZ,20231024,H5_COMPETING_DIRECTION_TOP3,1,,,,,,,,
h5m80d50_direction,600186.SH,20231024,H5_COMPETING_DIRECTION_TOP3,1,,,,,,,,
h5m80d50_direction,688523.SH,20231024,H5_COMPETING_DIRECTION_TOP3,1,,,,,,,,
h5m80d50_direction,300735.SZ,20231023,H5_COMPETING_DIRECTION_TOP3,1,,,,,,,,
h5m80d50_direction,603496.SH,20231023,H5_COMPETING_DIRECTION_TOP3,1,,,,,,,,
h5m80d50_direction,688523.SH,20231023,H5_COMPETING_DIRECTION_TOP3,1,,,,,,,,
h5m80d50_direction,603009.SH,20231020,H5_COMPETING_DIRECTION_TOP3,1,,,,,,,,
h5m80d50_direction,603496.SH,20231020,H5_COMPETING_DIRECTION_TOP3,1,,,,,,,,
h5m80d50_direction,688523.SH,20231020,H5_COMPETING_DIRECTION_TOP3,1,,,,,,,,
h5m80d50_direction,603009.SH,20231019,H5_COMPETING_DIRECTION_TOP3,1,,,,,,,,
h5m80d50_direction,603220.SH,20231019,H5_COMPETING_DIRECTION_TOP3,1,,,,,,,,
h5m80d50_direction,688523.SH,20231019,H5_COMPETING_DIRECTION_TOP3,1,,,,,,,,
h5m80d50_direction,002654.SZ,20231018,H5_COMPETING_DIRECTION_TOP3,1,,,,,,,,
h5m80d50_direction,603496.SH,20231018,H5_COMPETING_DIRECTION_TOP3,1,,,,,,,,
h5m80d50_direction,688523.SH,20231018,H5_COMPETING_DIRECTION_TOP3,1,,,,,,,,
h5m80d50_direction,603496.SH,20231017,H5_COMPETING_DIRECTION_TOP3,1,,,,,,,,
h5m80d50_direction,688523.SH,20231017,H5_COMPETING_DIRECTION_TOP3,1,,,,,,,,
h5m80d50_direction,002364.SZ,20231016,H5_COMPETING_DIRECTION_TOP3,1,,,,,,,,
h5m80d50_direction,600186.SH,20231016,H5_COMPETING_DIRECTION_TOP3,1,,,,,,,,
h5m80d50_direction,000766.SZ,20231013,H5_COMPETING_DIRECTION_TOP3,1,,,,,,,,
h5m80d50_direction,002654.SZ,20231013,H5_COMPETING_DIRECTION_TOP3,1,,,,,,,,
h5m80d50_direction,300199.SZ,20231012,H5_COMPETING_DIRECTION_TOP3,1,,,,,,,,
h5m80d50_direction,600186.SH,20231012,H5_COMPETING_DIRECTION_TOP3,1,,,,,,,,
h5m80d50_direction,002456.SZ,20231011,H5_COMPETING_DIRECTION_TOP3,1,,,,,,,,
h5m80d50_direction,300199.SZ,20231011,H5_COMPETING_DIRECTION_TOP3,1,,,,,,,,
h5m80d50_direction,603496.SH,20231011,H5_COMPETING_DIRECTION_TOP3,1,,,,,,,,
h5m80d50_direction,002456.SZ,20231010,H5_COMPETING_DIRECTION_TOP3,1,,,,,,,,
h5m80d50_direction,300199.SZ,20231010,H5_COMPETING_DIRECTION_TOP3,1,,,,,,,,
h5m80d50_direction,600186.SH,20231010,H5_COMPETING_DIRECTION_TOP3,1,,,,,,,,
h5m80d50_direction,002456.SZ,20231009,H5_COMPETING_DIRECTION_TOP3,1,,,,,,,,
h5m80d50_direction,300045.SZ,20231009,H5_COMPETING_DIRECTION_TOP3,1,,,,,,,,
h5m80d50_direction,603496.SH,20231009,H5_COMPETING_DIRECTION_TOP3,1,,,,,,,,
h5m80d50_direction,300045.SZ,20230928,H5_COMPETING_DIRECTION_TOP3,1,,,,,,,,
h5m80d50_direction,300735.SZ,20230928,H5_COMPETING_DIRECTION_TOP3,1,,,,,,,,
h5m80d50_direction,603496.SH,20230928,H5_COMPETING_DIRECTION_TOP3,1,,,,,,,,
h5m80d50_direction,300570.SZ,20230927,H5_COMPETING_DIRECTION_TOP3,1,,,,,,,,
h5m80d50_direction,603496.SH,20230927,H5_COMPETING_DIRECTION_TOP3,1,,,,,,,,
h5m80d50_direction,002892.SZ,20230926,H5_COMPETING_DIRECTION_TOP3,1,,,,,,,,
h5m80d50_direction,300570.SZ,20230926,H5_COMPETING_DIRECTION_TOP3,1,,,,,,,,
h5m80d50_direction,603496.SH,20230926,H5_COMPETING_DIRECTION_TOP3,1,,,,,,,,
h5m80d50_direction,000813.SZ,20230925,H5_COMPETING_DIRECTION_TOP3,1,,,,,,,,
h5m80d50_direction,002892.SZ,20230925,H5_COMPETING_DIRECTION_TOP3,1,,,,,,,,
h5m80d50_direction,603496.SH,20230925,H5_COMPETING_DIRECTION_TOP3,1,,,,,,,,
h5m80d50_direction,000813.SZ,20230922,H5_COMPETING_DIRECTION_TOP3,1,,,,,,,,
h5m80d50_direction,300570.SZ,20230922,H5_COMPETING_DIRECTION_TOP3,1,,,,,,,,
h5m80d50_direction,603496.SH,20230922,H5_COMPETING_DIRECTION_TOP3,1,,,,,,,,
h5m80d50_direction,300570.SZ,20230921,H5_COMPETING_DIRECTION_TOP3,1,,,,,,,,
h5m80d50_direction,002896.SZ,20230920,H5_COMPETING_DIRECTION_TOP3,1,,,,,,,,
h5m80d50_direction,300045.SZ,20230920,H5_COMPETING_DIRECTION_TOP3,1,,,,,,,,
h5m80d50_direction,000766.SZ,20230919,H5_COMPETING_DIRECTION_TOP3,1,,,,,,,,
h5m80d50_direction,300045.SZ,20230919,H5_COMPETING_DIRECTION_TOP3,1,,,,,,,,
h5m80d50_direction,300049.SZ,20230919,H5_COMPETING_DIRECTION_TOP3,1,,,,,,,,
h5m80d50_direction,300045.SZ,20230918,H5_COMPETING_DIRECTION_TOP3,1,,,,,,,,
h5m80d50_direction,301487.SZ,20230918,H5_COMPETING_DIRECTION_TOP3,1,,,,,,,,
h5m80d50_direction,603099.SH,20230918,H5_COMPETING_DIRECTION_TOP3,1,,,,,,,,
h5m80d50_direction,002194.SZ,20230915,H5_COMPETING_DIRECTION_TOP3,1,,,,,,,,
h5m80d50_direction,600186.SH,20230915,H5_COMPETING_DIRECTION_TOP3,1,,,,,,,,
h5m80d50_direction,300045.SZ,20230914,H5_COMPETING_DIRECTION_TOP3,1,,,,,,,,
h5m80d50_direction,000766.SZ,20230912,H5_COMPETING_DIRECTION_TOP3,1,,,,,,,,
h5m80d50_direction,300576.SZ,20230912,H5_COMPETING_DIRECTION_TOP3,1,,,,,,,,
h5m80d50_direction,600186.SH,20230912,H5_COMPETING_DIRECTION_TOP3,1,,,,,,,,
h5m80d50_direction,300045.SZ,20230911,H5_COMPETING_DIRECTION_TOP3,1,,,,,,,,
h5m80d50_direction,300047.SZ,20230911,H5_COMPETING_DIRECTION_TOP3,1,,,,,,,,
h5m80d50_direction,300576.SZ,20230911,H5_COMPETING_DIRECTION_TOP3,1,,,,,,,,
h5m80d50_direction,002654.SZ,20230908,H5_COMPETING_DIRECTION_TOP3,1,,,,,,,,
h5m80d50_direction,300045.SZ,20230908,H5_COMPETING_DIRECTION_TOP3,1,,,,,,,,
h5m80d50_direction,300047.SZ,20230908,H5_COMPETING_DIRECTION_TOP3,1,,,,,,,,
h5m80d50_direction,300045.SZ,20230907,H5_COMPETING_DIRECTION_TOP3,1,,,,,,,,
h5m80d50_direction,300184.SZ,20230907,H5_COMPETING_DIRECTION_TOP3,1,,,,,,,,
h5m80d50_direction,300576.SZ,20230907,H5_COMPETING_DIRECTION_TOP3,1,,,,,,,,
h5m80d50_direction,300045.SZ,20230906,H5_COMPETING_DIRECTION_TOP3,1,,,,,,,,
h5m80d50_direction,300184.SZ,20230906,H5_COMPETING_DIRECTION_TOP3,1,,,,,,,,
h5m80d50_direction,300576.SZ,20230906,H5_COMPETING_DIRECTION_TOP3,1,,,,,,,,
h5m80d50_direction,300045.SZ,20230905,H5_COMPETING_DIRECTION_TOP3,1,,,,,,,,
h5m80d50_direction,300184.SZ,20230905,H5_COMPETING_DIRECTION_TOP3,1,,,,,,,,
h5m80d50_direction,600186.SH,20230905,H5_COMPETING_DIRECTION_TOP3,1,,,,,,,,
h5m80d50_direction,300045.SZ,20230904,H5_COMPETING_DIRECTION_TOP3,1,,,,,,,,
h5m80d50_direction,600186.SH,20230904,H5_COMPETING_DIRECTION_TOP3,1,,,,,,,,
h5m80d50_direction,300045.SZ,20230901,H5_COMPETING_DIRECTION_TOP3,1,,,,,,,,
h5m80d50_direction,300576.SZ,20230901,H5_COMPETING_DIRECTION_TOP3,1,,,,,,,,
h5m80d50_direction,300045.SZ,20230831,H5_COMPETING_DIRECTION_TOP3,1,,,,,,,,
h5m80d50_direction,300576.SZ,20230831,H5_COMPETING_DIRECTION_TOP3,1,,,,,,,,
h5m80d50_direction,002896.SZ,20230830,H5_COMPETING_DIRECTION_TOP3,1,,,,,,,,
h5m80d50_direction,300045.SZ,20230830,H5_COMPETING_DIRECTION_TOP3,1,,,,,,,,
h5m80d50_direction,688525.SH,20230830,H5_COMPETING_DIRECTION_TOP3,1,,,,,,,,
h5m80d50_direction,000719.SZ,20230829,H5_COMPETING_DIRECTION_TOP3,1,,,,,,,,
h5m80d50_direction,002896.SZ,20230829,H5_COMPETING_DIRECTION_TOP3,1,,,,,,,,
h5m80d50_direction,300607.SZ,20230829,H5_COMPETING_DIRECTION_TOP3,1,,,,,,,,
h5m80d50_direction,000712.SZ,20230828,H5_COMPETING_DIRECTION_TOP3,1,,,,,,,,
h5m80d50_direction,301316.SZ,20230828,H5_COMPETING_DIRECTION_TOP3,1,,,,,,,,
h5m80d50_direction,688486.SH,20230828,H5_COMPETING_DIRECTION_TOP3,1,,,,,,,,
h5m80d50_direction,000719.SZ,20230825,H5_COMPETING_DIRECTION_TOP3,1,,,,,,,,
h5m80d50_direction,300913.SZ,20230825,H5_COMPETING_DIRECTION_TOP3,1,,,,,,,,
h5m80d50_direction,301316.SZ,20230825,H5_COMPETING_DIRECTION_TOP3,1,,,,,,,,
h5m80d50_direction,002945.SZ,20230824,H5_COMPETING_DIRECTION_TOP3,1,,,,,,,,
h5m80d50_direction,600095.SH,20230824,H5_COMPETING_DIRECTION_TOP3,1,,,,,,,,
h5m80d50_direction,601099.SH,20230824,H5_COMPETING_DIRECTION_TOP3,1,,,,,,,,
h5m80d50_direction,600095.SH,20230823,H5_COMPETING_DIRECTION_TOP3,1,,,,,,,,
h5m80d50_direction,601099.SH,20230823,H5_COMPETING_DIRECTION_TOP3,1,,,,,,,,
h5m80d50_direction,601162.SH,20230823,H5_COMPETING_DIRECTION_TOP3,1,,,,,,,,
h5m80d50_direction,600095.SH,20230822,H5_COMPETING_DIRECTION_TOP3,1,,,,,,,,
h5m80d50_direction,601375.SH,20230822,H5_COMPETING_DIRECTION_TOP3,1,,,,,,,,
h5m80d50_direction,601555.SH,20230822,H5_COMPETING_DIRECTION_TOP3,1,,,,,,,,
h5m80d50_direction,600095.SH,20230821,H5_COMPETING_DIRECTION_TOP3,1,,,,,,,,
h5m80d50_direction,600155.SH,20230821,H5_COMPETING_DIRECTION_TOP3,1,,,,,,,,
h5m80d50_direction,600266.SH,20230821,H5_COMPETING_DIRECTION_TOP3,1,,,,,,,,
h5m80d50_direction,300917.SZ,20230818,H5_COMPETING_DIRECTION_TOP3,1,,,,,,,,
h5m80d50_direction,600266.SH,20230818,H5_COMPETING_DIRECTION_TOP3,1,,,,,,,,
h5m80d50_direction,688318.SH,20230818,H5_COMPETING_DIRECTION_TOP3,1,,,,,,,,
h5m80d50_direction,002896.SZ,20230817,H5_COMPETING_DIRECTION_TOP3,1,,,,,,,,
h5m80d50_direction,300570.SZ,20230817,H5_COMPETING_DIRECTION_TOP3,1,,,,,,,,
h5m80d50_direction,300913.SZ,20230817,H5_COMPETING_DIRECTION_TOP3,1,,,,,,,,
h5m80d50_direction,300913.SZ,20230816,H5_COMPETING_DIRECTION_TOP3,1,,,,,,,,
h5m80d50_direction,300917.SZ,20230816,H5_COMPETING_DIRECTION_TOP3,1,,,,,,,,
h5m80d50_direction,301381.SZ,20230816,H5_COMPETING_DIRECTION_TOP3,1,,,,,,,,
h5m80d50_direction,002945.SZ,20230815,H5_COMPETING_DIRECTION_TOP3,1,,,,,,,,
h5m80d50_direction,300917.SZ,20230815,H5_COMPETING_DIRECTION_TOP3,1,,,,,,,,
h5m80d50_direction,301381.SZ,20230815,H5_COMPETING_DIRECTION_TOP3,1,,,,,,,,
h5m80d50_direction,002945.SZ,20230814,H5_COMPETING_DIRECTION_TOP3,1,,,,,,,,
h5m80d50_direction,300917.SZ,20230814,H5_COMPETING_DIRECTION_TOP3,1,,,,,,,,
h5m80d50_direction,601099.SH,20230814,H5_COMPETING_DIRECTION_TOP3,1,,,,,,,,
h5m80d50_direction,300917.SZ,20230811,H5_COMPETING_DIRECTION_TOP3,1,,,,,,,,
h5m80d50_direction,301316.SZ,20230811,H5_COMPETING_DIRECTION_TOP3,1,,,,,,,,
h5m80d50_direction,601099.SH,20230811,H5_COMPETING_DIRECTION_TOP3,1,,,,,,,,
h5m80d50_direction,000620.SZ,20230810,H5_COMPETING_DIRECTION_TOP3,1,,,,,,,,
h5m80d50_direction,300917.SZ,20230810,H5_COMPETING_DIRECTION_TOP3,1,,,,,,,,
h5m80d50_direction,002157.SZ,20230809,H5_COMPETING_DIRECTION_TOP3,1,,,,,,,,
h5m80d50_direction,300917.SZ,20230809,H5_COMPETING_DIRECTION_TOP3,1,,,,,,,,
h5m80d50_direction,000719.SZ,20230808,H5_COMPETING_DIRECTION_TOP3,1,,,,,,,,
h5m80d50_direction,301262.SZ,20230808,H5_COMPETING_DIRECTION_TOP3,1,,,,,,,,
h5m80d50_direction,603383.SH,20230808,H5_COMPETING_DIRECTION_TOP3,1,,,,,,,,
h5m80d50_direction,300085.SZ,20230807,H5_COMPETING_DIRECTION_TOP3,1,,,,,,,,
h5m80d50_direction,300917.SZ,20230807,H5_COMPETING_DIRECTION_TOP3,1,,,,,,,,
h5m80d50_direction,300085.SZ,20230804,H5_COMPETING_DIRECTION_TOP3,1,,,,,,,,
h5m80d50_direction,301316.SZ,20230804,H5_COMPETING_DIRECTION_TOP3,1,,,,,,,,
h5m80d50_direction,603383.SH,20230804,H5_COMPETING_DIRECTION_TOP3,1,,,,,,,,
h5m80d50_direction,300570.SZ,20230803,H5_COMPETING_DIRECTION_TOP3,1,,,,,,,,
h5m80d50_direction,300913.SZ,20230803,H5_COMPETING_DIRECTION_TOP3,1,,,,,,,,
h5m80d50_direction,301205.SZ,20230803,H5_COMPETING_DIRECTION_TOP3,1,,,,,,,,
h5m80d50_direction,301205.SZ,20230802,H5_COMPETING_DIRECTION_TOP3,1,,,,,,,,
h5m80d50_direction,600906.SH,20230802,H5_COMPETING_DIRECTION_TOP3,1,,,,,,,,
h5m80d50_direction,688318.SH,20230802,H5_COMPETING_DIRECTION_TOP3,1,,,,,,,,
h5m80d50_direction,600266.SH,20230801,H5_COMPETING_DIRECTION_TOP3,1,,,,,,,,
h5m80d50_direction,600369.SH,20230801,H5_COMPETING_DIRECTION_TOP3,1,,,,,,,,
h5m80d50_direction,601162.SH,20230801,H5_COMPETING_DIRECTION_TOP3,1,,,,,,,,
h5m80d50_direction,600155.SH,20230731,H5_COMPETING_DIRECTION_TOP3,1,,,,,,,,
h5m80d50_direction,600266.SH,20230731,H5_COMPETING_DIRECTION_TOP3,1,,,,,,,,
h5m80d50_direction,601099.SH,20230731,H5_COMPETING_DIRECTION_TOP3,1,,,,,,,,
h5m80d50_direction,300917.SZ,20230728,H5_COMPETING_DIRECTION_TOP3,1,,,,,,,,
h5m80d50_direction,600155.SH,20230728,H5_COMPETING_DIRECTION_TOP3,1,,,,,,,,
h5m80d50_direction,601099.SH,20230728,H5_COMPETING_DIRECTION_TOP3,1,,,,,,,,
h5m80d50_direction,002043.SZ,20230727,H5_COMPETING_DIRECTION_TOP3,1,,,,,,,,
h5m80d50_direction,300917.SZ,20230727,H5_COMPETING_DIRECTION_TOP3,1,,,,,,,,
h5m80d50_direction,600266.SH,20230727,H5_COMPETING_DIRECTION_TOP3,1,,,,,,,,
h5m80d50_direction,300917.SZ,20230726,H5_COMPETING_DIRECTION_TOP3,1,,,,,,,,
h5m80d50_direction,600266.SH,20230726,H5_COMPETING_DIRECTION_TOP3,1,,,,,,,,
h5m80d50_direction,601099.SH,20230726,H5_COMPETING_DIRECTION_TOP3,1,,,,,,,,
h5m80d50_direction,000750.SZ,20230725,H5_COMPETING_DIRECTION_TOP3,1,,,,,,,,
h5m80d50_direction,300917.SZ,20230725,H5_COMPETING_DIRECTION_TOP3,1,,,,,,,,
h5m80d50_direction,601099.SH,20230725,H5_COMPETING_DIRECTION_TOP3,1,,,,,,,,
h5m80d50_direction,300917.SZ,20230724,H5_COMPETING_DIRECTION_TOP3,1,,,,,,,,
h5m80d50_direction,301262.SZ,20230724,H5_COMPETING_DIRECTION_TOP3,1,,,,,,,,
h5m80d50_direction,002654.SZ,20230721,H5_COMPETING_DIRECTION_TOP3,1,,,,,,,,
h5m80d50_direction,001337.SZ,20230719,H5_COMPETING_DIRECTION_TOP3,1,,,,,,,,
h5m80d50_direction,002654.SZ,20230719,H5_COMPETING_DIRECTION_TOP3,1,,,,,,,,
h5m80d50_direction,300378.SZ,20230719,H5_COMPETING_DIRECTION_TOP3,1,,,,,,,,
h5m80d50_direction,002654.SZ,20230718,H5_COMPETING_DIRECTION_TOP3,1,,,,,,,,
h5m80d50_direction,300475.SZ,20230718,H5_COMPETING_DIRECTION_TOP3,1,,,,,,,,
h5m80d50_direction,002654.SZ,20230717,H5_COMPETING_DIRECTION_TOP3,1,,,,,,,,
h5m80d50_direction,300378.SZ,20230717,H5_COMPETING_DIRECTION_TOP3,1,,,,,,,,
h5m80d50_direction,002400.SZ,20230714,H5_COMPETING_DIRECTION_TOP3,1,,,,,,,,
h5m80d50_direction,002654.SZ,20230714,H5_COMPETING_DIRECTION_TOP3,1,,,,,,,,
h5m80d50_direction,603496.SH,20230714,H5_COMPETING_DIRECTION_TOP3,1,,,,,,,,
h5m80d50_direction,002654.SZ,20230713,H5_COMPETING_DIRECTION_TOP3,1,,,,,,,,
h5m80d50_direction,300475.SZ,20230713,H5_COMPETING_DIRECTION_TOP3,1,,,,,,,,
h5m80d50_direction,002654.SZ,20230712,H5_COMPETING_DIRECTION_TOP3,1,,,,,,,,
h5m80d50_direction,300475.SZ,20230712,H5_COMPETING_DIRECTION_TOP3,1,,,,,,,,
h5m80d50_direction,600480.SH,20230712,H5_COMPETING_DIRECTION_TOP3,1,,,,,,,,
h5m80d50_direction,002654.SZ,20230711,H5_COMPETING_DIRECTION_TOP3,1,,,,,,,,
h5m80d50_direction,300475.SZ,20230711,H5_COMPETING_DIRECTION_TOP3,1,,,,,,,,
h5m80d50_direction,603496.SH,20230711,H5_COMPETING_DIRECTION_TOP3,1,,,,,,,,
h5m80d50_direction,002536.SZ,20230710,H5_COMPETING_DIRECTION_TOP3,1,,,,,,,,
h5m80d50_direction,603496.SH,20230710,H5_COMPETING_DIRECTION_TOP3,1,,,,,,,,
h5m80d50_direction,603667.SH,20230710,H5_COMPETING_DIRECTION_TOP3,1,,,,,,,,
h5m80d50_direction,002654.SZ,20230707,H5_COMPETING_DIRECTION_TOP3,1,,,,,,,,
h5m80d50_direction,300100.SZ,20230707,H5_COMPETING_DIRECTION_TOP3,1,,,,,,,,
h5m80d50_direction,002428.SZ,20230706,H5_COMPETING_DIRECTION_TOP3,1,,,,,,,,
h5m80d50_direction,002654.SZ,20230706,H5_COMPETING_DIRECTION_TOP3,1,,,,,,,,
h5m80d50_direction,300570.SZ,20230706,H5_COMPETING_DIRECTION_TOP3,1,,,,,,,,
h5m80d50_direction,002428.SZ,20230705,H5_COMPETING_DIRECTION_TOP3,1,,,,,,,,
h5m80d50_direction,603728.SH,20230705,H5_COMPETING_DIRECTION_TOP3,1,,,,,,,,
h5m80d50_direction,002428.SZ,20230704,H5_COMPETING_DIRECTION_TOP3,1,,,,,,,,
h5m80d50_direction,300570.SZ,20230704,H5_COMPETING_DIRECTION_TOP3,1,,,,,,,,
h5m80d50_direction,002896.SZ,20230703,H5_COMPETING_DIRECTION_TOP3,1,,,,,,,,
h5m80d50_direction,300570.SZ,20230703,H5_COMPETING_DIRECTION_TOP3,1,,,,,,,,
h5m80d50_direction,002896.SZ,20230630,H5_COMPETING_DIRECTION_TOP3,1,,,,,,,,
h5m80d50_direction,300570.SZ,20230630,H5_COMPETING_DIRECTION_TOP3,1,,,,,,,,
h5m80d50_direction,300913.SZ,20230630,H5_COMPETING_DIRECTION_TOP3,1,,,,,,,,
h5m80d50_direction,002654.SZ,20230629,H5_COMPETING_DIRECTION_TOP3,1,,,,,,,,
h5m80d50_direction,002896.SZ,20230629,H5_COMPETING_DIRECTION_TOP3,1,,,,,,,,
h5m80d50_direction,300913.SZ,20230629,H5_COMPETING_DIRECTION_TOP3,1,,,,,,,,
h5m80d50_direction,300570.SZ,20230628,H5_COMPETING_DIRECTION_TOP3,1,,,,,,,,
h5m80d50_direction,300913.SZ,20230628,H5_COMPETING_DIRECTION_TOP3,1,,,,,,,,
h5m80d50_direction,600776.SH,20230628,H5_COMPETING_DIRECTION_TOP3,1,,,,,,,,
h5m80d50_direction,002896.SZ,20230627,H5_COMPETING_DIRECTION_TOP3,1,,,,,,,,
h5m80d50_direction,300913.SZ,20230627,H5_COMPETING_DIRECTION_TOP3,1,,,,,,,,
h5m80d50_direction,603099.SH,20230627,H5_COMPETING_DIRECTION_TOP3,1,,,,,,,,
h5m80d50_direction,002896.SZ,20230626,H5_COMPETING_DIRECTION_TOP3,1,,,,,,,,
h5m80d50_direction,603662.SH,20230626,H5_COMPETING_DIRECTION_TOP3,1,,,,,,,,
h5m80d50_direction,603728.SH,20230626,H5_COMPETING_DIRECTION_TOP3,1,,,,,,,,
h5m80d50_direction,002654.SZ,20230621,H5_COMPETING_DIRECTION_TOP3,1,,,,,,,,
h5m80d50_direction,002896.SZ,20230621,H5_COMPETING_DIRECTION_TOP3,1,,,,,,,,
h5m80d50_direction,603662.SH,20230621,H5_COMPETING_DIRECTION_TOP3,1,,,,,,,,
h5m80d50_direction,002654.SZ,20230620,H5_COMPETING_DIRECTION_TOP3,1,,,,,,,,
h5m80d50_direction,002896.SZ,20230620,H5_COMPETING_DIRECTION_TOP3,1,,,,,,,,
h5m80d50_direction,603662.SH,20230620,H5_COMPETING_DIRECTION_TOP3,1,,,,,,,,
h5m80d50_direction,002896.SZ,20230619,H5_COMPETING_DIRECTION_TOP3,1,,,,,,,,
h5m80d50_direction,300757.SZ,20230619,H5_COMPETING_DIRECTION_TOP3,1,,,,,,,,
h5m80d50_direction,603662.SH,20230619,H5_COMPETING_DIRECTION_TOP3,1,,,,,,,,
h5m80d50_direction,002896.SZ,20230616,H5_COMPETING_DIRECTION_TOP3,1,,,,,,,,
h5m80d50_direction,300570.SZ,20230616,H5_COMPETING_DIRECTION_TOP3,1,,,,,,,,
h5m80d50_direction,603662.SH,20230616,H5_COMPETING_DIRECTION_TOP3,1,,,,,,,,
h5m80d50_direction,300570.SZ,20230615,H5_COMPETING_DIRECTION_TOP3,1,,,,,,,,
h5m80d50_direction,300913.SZ,20230615,H5_COMPETING_DIRECTION_TOP3,1,,,,,,,,
h5m80d50_direction,688313.SH,20230615,H5_COMPETING_DIRECTION_TOP3,1,,,,,,,,
h5m80d50_direction,300548.SZ,20230614,H5_COMPETING_DIRECTION_TOP3,1,,,,,,,,
h5m80d50_direction,300570.SZ,20230614,H5_COMPETING_DIRECTION_TOP3,1,,,,,,,,
h5m80d50_direction,688313.SH,20230614,H5_COMPETING_DIRECTION_TOP3,1,,,,,,,,
h5m80d50_direction,002536.SZ,20230613,H5_COMPETING_DIRECTION_TOP3,1,,,,,,,,
h5m80d50_direction,300570.SZ,20230613,H5_COMPETING_DIRECTION_TOP3,1,,,,,,,,
h5m80d50_direction,300678.SZ,20230613,H5_COMPETING_DIRECTION_TOP3,1,,,,,,,,
h5m80d50_direction,002261.SZ,20230612,H5_COMPETING_DIRECTION_TOP3,1,,,,,,,,
h5m80d50_direction,300570.SZ,20230612,H5_COMPETING_DIRECTION_TOP3,1,,,,,,,,
h5m80d50_direction,300913.SZ,20230612,H5_COMPETING_DIRECTION_TOP3,1,,,,,,,,
h5m80d50_direction,002897.SZ,20230609,H5_COMPETING_DIRECTION_TOP3,1,,,,,,,,
h5m80d50_direction,300570.SZ,20230609,H5_COMPETING_DIRECTION_TOP3,1,,,,,,,,
h5m80d50_direction,300913.SZ,20230609,H5_COMPETING_DIRECTION_TOP3,1,,,,,,,,
h5m80d50_direction,300570.SZ,20230608,H5_COMPETING_DIRECTION_TOP3,1,,,,,,,,
h5m80d50_direction,300620.SZ,20230608,H5_COMPETING_DIRECTION_TOP3,1,,,,,,,,
h5m80d50_direction,300913.SZ,20230608,H5_COMPETING_DIRECTION_TOP3,1,,,,,,,,
h5m80d50_direction,002654.SZ,20230607,H5_COMPETING_DIRECTION_TOP3,1,,,,,,,,
h5m80d50_direction,300570.SZ,20230607,H5_COMPETING_DIRECTION_TOP3,1,,,,,,,,
h5m80d50_direction,300913.SZ,20230607,H5_COMPETING_DIRECTION_TOP3,1,,,,,,,,
h5m80d50_direction,300570.SZ,20230606,H5_COMPETING_DIRECTION_TOP3,1,,,,,,,,
h5m80d50_direction,300620.SZ,20230606,H5_COMPETING_DIRECTION_TOP3,1,,,,,,,,
h5m80d50_direction,300913.SZ,20230606,H5_COMPETING_DIRECTION_TOP3,1,,,,,,,,
h5m80d50_direction,000620.SZ,20230605,H5_COMPETING_DIRECTION_TOP3,1,,,,,,,,
h5m80d50_direction,300570.SZ,20230605,H5_COMPETING_DIRECTION_TOP3,1,,,,,,,,
h5m80d50_direction,300913.SZ,20230605,H5_COMPETING_DIRECTION_TOP3,1,,,,,,,,
h5m80d50_direction,002292.SZ,20230602,H5_COMPETING_DIRECTION_TOP3,1,,,,,,,,
h5m80d50_direction,300570.SZ,20230602,H5_COMPETING_DIRECTION_TOP3,1,,,,,,,,
h5m80d50_direction,300678.SZ,20230602,H5_COMPETING_DIRECTION_TOP3,1,,,,,,,,
h5m80d50_direction,000620.SZ,20230601,H5_COMPETING_DIRECTION_TOP3,1,,,,,,,,
h5m80d50_direction,300570.SZ,20230601,H5_COMPETING_DIRECTION_TOP3,1,,,,,,,,
h5m80d50_direction,300678.SZ,20230601,H5_COMPETING_DIRECTION_TOP3,1,,,,,,,,
h5m80d50_direction,300678.SZ,20230531,H5_COMPETING_DIRECTION_TOP3,1,,,,,,,,
h5m80d50_direction,601900.SH,20230531,H5_COMPETING_DIRECTION_TOP3,1,,,,,,,,
h5m80d50_direction,601949.SH,20230531,H5_COMPETING_DIRECTION_TOP3,1,,,,,,,,
h5m80d50_direction,300678.SZ,20230530,H5_COMPETING_DIRECTION_TOP3,1,,,,,,,,
h5m80d50_direction,300913.SZ,20230530,H5_COMPETING_DIRECTION_TOP3,1,,,,,,,,
h5m80d50_direction,601900.SH,20230530,H5_COMPETING_DIRECTION_TOP3,1,,,,,,,,
h5m80d50_direction,300459.SZ,20230529,H5_COMPETING_DIRECTION_TOP3,1,,,,,,,,
h5m80d50_direction,300678.SZ,20230529,H5_COMPETING_DIRECTION_TOP3,1,,,,,,,,
h5m80d50_direction,300913.SZ,20230529,H5_COMPETING_DIRECTION_TOP3,1,,,,,,,,
h5m80d50_direction,300002.SZ,20230526,H5_COMPETING_DIRECTION_TOP3,1,,,,,,,,
h5m80d50_direction,300459.SZ,20230526,H5_COMPETING_DIRECTION_TOP3,1,,,,,,,,
h5m80d50_direction,601900.SH,20230526,H5_COMPETING_DIRECTION_TOP3,1,,,,,,,,
h5m80d50_direction,300133.SZ,20230525,H5_COMPETING_DIRECTION_TOP3,1,,,,,,,,
h5m80d50_direction,601900.SH,20230525,H5_COMPETING_DIRECTION_TOP3,1,,,,,,,,
h5m80d50_direction,688327.SH,20230525,H5_COMPETING_DIRECTION_TOP3,1,,,,,,,,
h5m80d50_direction,300570.SZ,20230524,H5_COMPETING_DIRECTION_TOP3,1,,,,,,,,
h5m80d50_direction,300678.SZ,20230524,H5_COMPETING_DIRECTION_TOP3,1,,,,,,,,
h5m80d50_direction,688525.SH,20230524,H5_COMPETING_DIRECTION_TOP3,1,,,,,,,,
h5m80d50_direction,300570.SZ,20230523,H5_COMPETING_DIRECTION_TOP3,1,,,,,,,,
h5m80d50_direction,300678.SZ,20230523,H5_COMPETING_DIRECTION_TOP3,1,,,,,,,,
h5m80d50_direction,688525.SH,20230523,H5_COMPETING_DIRECTION_TOP3,1,,,,,,,,
h5m80d50_direction,300678.SZ,20230522,H5_COMPETING_DIRECTION_TOP3,1,,,,,,,,
h5m80d50_direction,603662.SH,20230522,H5_COMPETING_DIRECTION_TOP3,1,,,,,,,,
h5m80d50_direction,688525.SH,20230522,H5_COMPETING_DIRECTION_TOP3,1,,,,,,,,
h5m80d50_direction,300678.SZ,20230519,H5_COMPETING_DIRECTION_TOP3,1,,,,,,,,
h5m80d50_direction,603662.SH,20230519,H5_COMPETING_DIRECTION_TOP3,1,,,,,,,,
h5m80d50_direction,688048.SH,20230519,H5_COMPETING_DIRECTION_TOP3,1,,,,,,,,
h5m80d50_direction,300678.SZ,20230518,H5_COMPETING_DIRECTION_TOP3,1,,,,,,,,
h5m80d50_direction,688498.SH,20230518,H5_COMPETING_DIRECTION_TOP3,1,,,,,,,,
h5m80d50_direction,688525.SH,20230518,H5_COMPETING_DIRECTION_TOP3,1,,,,,,,,
h5m80d50_direction,301205.SZ,20230517,H5_COMPETING_DIRECTION_TOP3,1,,,,,,,,
h5m80d50_direction,688498.SH,20230517,H5_COMPETING_DIRECTION_TOP3,1,,,,,,,,
h5m80d50_direction,688525.SH,20230517,H5_COMPETING_DIRECTION_TOP3,1,,,,,,,,
h5m80d50_direction,301308.SZ,20230516,H5_COMPETING_DIRECTION_TOP3,1,,,,,,,,
h5m80d50_direction,688498.SH,20230516,H5_COMPETING_DIRECTION_TOP3,1,,,,,,,,
h5m80d50_direction,688525.SH,20230516,H5_COMPETING_DIRECTION_TOP3,1,,,,,,,,
h5m80d50_direction,688205.SH,20230515,H5_COMPETING_DIRECTION_TOP3,1,,,,,,,,
h5m80d50_direction,688498.SH,20230515,H5_COMPETING_DIRECTION_TOP3,1,,,,,,,,
h5m80d50_direction,688525.SH,20230515,H5_COMPETING_DIRECTION_TOP3,1,,,,,,,,
h5m80d50_direction,301308.SZ,20230512,H5_COMPETING_DIRECTION_TOP3,1,,,,,,,,
h5m80d50_direction,688498.SH,20230512,H5_COMPETING_DIRECTION_TOP3,1,,,,,,,,
h5m80d50_direction,688525.SH,20230512,H5_COMPETING_DIRECTION_TOP3,1,,,,,,,,
h5m80d50_direction,301308.SZ,20230511,H5_COMPETING_DIRECTION_TOP3,1,,,,,,,,
h5m80d50_direction,688498.SH,20230511,H5_COMPETING_DIRECTION_TOP3,1,,,,,,,,
h5m80d50_direction,688525.SH,20230511,H5_COMPETING_DIRECTION_TOP3,1,,,,,,,,
h5m80d50_direction,688498.SH,20230510,H5_COMPETING_DIRECTION_TOP3,1,,,,,,,,
h5m80d50_direction,688525.SH,20230510,H5_COMPETING_DIRECTION_TOP3,1,,,,,,,,
h5m80d50_direction,688766.SH,20230510,H5_COMPETING_DIRECTION_TOP3,1,,,,,,,,
h5m80d50_direction,301308.SZ,20230509,H5_COMPETING_DIRECTION_TOP3,1,,,,,,,,
h5m80d50_direction,688213.SH,20230509,H5_COMPETING_DIRECTION_TOP3,1,,,,,,,,
h5m80d50_direction,688327.SH,20230509,H5_COMPETING_DIRECTION_TOP3,1,,,,,,,,
h5m80d50_direction,300229.SZ,20230508,H5_COMPETING_DIRECTION_TOP3,1,,,,,,,,
h5m80d50_direction,600757.SH,20230508,H5_COMPETING_DIRECTION_TOP3,1,,,,,,,,
h5m80d50_direction,601326.SH,20230508,H5_COMPETING_DIRECTION_TOP3,1,,,,,,,,
h5m80d50_direction,600757.SH,20230505,H5_COMPETING_DIRECTION_TOP3,1,,,,,,,,
h5m80d50_direction,601326.SH,20230505,H5_COMPETING_DIRECTION_TOP3,1,,,,,,,,
h5m80d50_direction,601801.SH,20230505,H5_COMPETING_DIRECTION_TOP3,1,,,,,,,,
h5m80d50_direction,600757.SH,20230504,H5_COMPETING_DIRECTION_TOP3,1,,,,,,,,
h5m80d50_direction,601801.SH,20230504,H5_COMPETING_DIRECTION_TOP3,1,,,,,,,,
h5m80d50_direction,601928.SH,20230504,H5_COMPETING_DIRECTION_TOP3,1,,,,,,,,
h5m80d50_direction,300058.SZ,20230428,H5_COMPETING_DIRECTION_TOP3,1,,,,,,,,
h5m80d50_direction,600612.SH,20230428,H5_COMPETING_DIRECTION_TOP3,1,,,,,,,,
h5m80d50_direction,600757.SH,20230428,H5_COMPETING_DIRECTION_TOP3,1,,,,,,,,
h5m80d50_direction,600757.SH,20230427,H5_COMPETING_DIRECTION_TOP3,1,,,,,,,,
h5m80d50_direction,601900.SH,20230427,H5_COMPETING_DIRECTION_TOP3,1,,,,,,,,
h5m80d50_direction,601949.SH,20230427,H5_COMPETING_DIRECTION_TOP3,1,,,,,,,,
h5m80d50_direction,301205.SZ,20230426,H5_COMPETING_DIRECTION_TOP3,1,,,,,,,,
h5m80d50_direction,601858.SH,20230426,H5_COMPETING_DIRECTION_TOP3,1,,,,,,,,
h5m80d50_direction,601949.SH,20230426,H5_COMPETING_DIRECTION_TOP3,1,,,,,,,,
h5m80d50_direction,300573.SZ,20230425,H5_COMPETING_DIRECTION_TOP3,1,,,,,,,,
h5m80d50_direction,601858.SH,20230425,H5_COMPETING_DIRECTION_TOP3,1,,,,,,,,
h5m80d50_direction,601949.SH,20230425,H5_COMPETING_DIRECTION_TOP3,1,,,,,,,,
h5m80d50_direction,600105.SH,20230424,H5_COMPETING_DIRECTION_TOP3,1,,,,,,,,
h5m80d50_direction,601858.SH,20230424,H5_COMPETING_DIRECTION_TOP3,1,,,,,,,,
h5m80d50_direction,601949.SH,20230424,H5_COMPETING_DIRECTION_TOP3,1,,,,,,,,
h5m80d50_direction,000719.SZ,20230421,H5_COMPETING_DIRECTION_TOP3,1,,,,,,,,
h5m80d50_direction,002668.SZ,20230421,H5_COMPETING_DIRECTION_TOP3,1,,,,,,,,
h5m80d50_direction,601858.SH,20230421,H5_COMPETING_DIRECTION_TOP3,1,,,,,,,,
h5m80d50_direction,000719.SZ,20230420,H5_COMPETING_DIRECTION_TOP3,1,,,,,,,,
h5m80d50_direction,300678.SZ,20230420,H5_COMPETING_DIRECTION_TOP3,1,,,,,,,,
h5m80d50_direction,601949.SH,20230420,H5_COMPETING_DIRECTION_TOP3,1,,,,,,,,
h5m80d50_direction,300913.SZ,20230419,H5_COMPETING_DIRECTION_TOP3,1,,,,,,,,
h5m80d50_direction,600633.SH,20230419,H5_COMPETING_DIRECTION_TOP3,1,,,,,,,,
h5m80d50_direction,601858.SH,20230419,H5_COMPETING_DIRECTION_TOP3,1,,,,,,,,
h5m80d50_direction,300548.SZ,20230418,H5_COMPETING_DIRECTION_TOP3,1,,,,,,,,
h5m80d50_direction,300913.SZ,20230418,H5_COMPETING_DIRECTION_TOP3,1,,,,,,,,
h5m80d50_direction,600633.SH,20230418,H5_COMPETING_DIRECTION_TOP3,1,,,,,,,,
h5m80d50_direction,002517.SZ,20230417,H5_COMPETING_DIRECTION_TOP3,1,,,,,,,,
h5m80d50_direction,300002.SZ,20230417,H5_COMPETING_DIRECTION_TOP3,1,,,,,,,,
h5m80d50_direction,300913.SZ,20230417,H5_COMPETING_DIRECTION_TOP3,1,,,,,,,,
h5m80d50_direction,300548.SZ,20230414,H5_COMPETING_DIRECTION_TOP3,1,,,,,,,,
h5m80d50_direction,300913.SZ,20230414,H5_COMPETING_DIRECTION_TOP3,1,,,,,,,,
h5m80d50_direction,301205.SZ,20230414,H5_COMPETING_DIRECTION_TOP3,1,,,,,,,,
h5m80d50_direction,300548.SZ,20230413,H5_COMPETING_DIRECTION_TOP3,1,,,,,,,,
h5m80d50_direction,300570.SZ,20230413,H5_COMPETING_DIRECTION_TOP3,1,,,,,,,,
h5m80d50_direction,300624.SZ,20230413,H5_COMPETING_DIRECTION_TOP3,1,,,,,,,,
h5m80d50_direction,002292.SZ,20230412,H5_COMPETING_DIRECTION_TOP3,1,,,,,,,,
h5m80d50_direction,300913.SZ,20230412,H5_COMPETING_DIRECTION_TOP3,1,,,,,,,,
h5m80d50_direction,688362.SH,20230412,H5_COMPETING_DIRECTION_TOP3,1,,,,,,,,
h5m80d50_direction,300459.SZ,20230411,H5_COMPETING_DIRECTION_TOP3,1,,,,,,,,
h5m80d50_direction,300624.SZ,20230411,H5_COMPETING_DIRECTION_TOP3,1,,,,,,,,
h5m80d50_direction,300913.SZ,20230411,H5_COMPETING_DIRECTION_TOP3,1,,,,,,,,
h5m80d50_direction,300459.SZ,20230410,H5_COMPETING_DIRECTION_TOP3,1,,,,,,,,
h5m80d50_direction,300624.SZ,20230410,H5_COMPETING_DIRECTION_TOP3,1,,,,,,,,
h5m80d50_direction,600633.SH,20230410,H5_COMPETING_DIRECTION_TOP3,1,,,,,,,,
h5m80d50_direction,002681.SZ,20230407,H5_COMPETING_DIRECTION_TOP3,1,,,,,,,,
h5m80d50_direction,301153.SZ,20230407,H5_COMPETING_DIRECTION_TOP3,1,,,,,,,,
h5m80d50_direction,002681.SZ,20230406,H5_COMPETING_DIRECTION_TOP3,1,,,,,,,,
h5m80d50_direction,300459.SZ,20230406,H5_COMPETING_DIRECTION_TOP3,1,,,,,,,,
h5m80d50_direction,300624.SZ,20230406,H5_COMPETING_DIRECTION_TOP3,1,,,,,,,,
h5m80d50_direction,300002.SZ,20230404,H5_COMPETING_DIRECTION_TOP3,1,,,,,,,,
h5m80d50_direction,300459.SZ,20230404,H5_COMPETING_DIRECTION_TOP3,1,,,,,,,,
h5m80d50_direction,301205.SZ,20230404,H5_COMPETING_DIRECTION_TOP3,1,,,,,,,,
h5m80d50_direction,000021.SZ,20230403,H5_COMPETING_DIRECTION_TOP3,1,,,,,,,,
h5m80d50_direction,300913.SZ,20230403,H5_COMPETING_DIRECTION_TOP3,1,,,,,,,,
h5m80d50_direction,688525.SH,20230403,H5_COMPETING_DIRECTION_TOP3,1,,,,,,,,
h5m80d50_direction,300002.SZ,20230331,H5_COMPETING_DIRECTION_TOP3,1,,,,,,,,
h5m80d50_direction,300459.SZ,20230331,H5_COMPETING_DIRECTION_TOP3,1,,,,,,,,
h5m80d50_direction,603083.SH,20230331,H5_COMPETING_DIRECTION_TOP3,1,,,,,,,,
h5m80d50_direction,300002.SZ,20230330,H5_COMPETING_DIRECTION_TOP3,1,,,,,,,,
h5m80d50_direction,300459.SZ,20230330,H5_COMPETING_DIRECTION_TOP3,1,,,,,,,,
h5m80d50_direction,688327.SH,20230330,H5_COMPETING_DIRECTION_TOP3,1,,,,,,,,
h5m80d50_direction,002261.SZ,20230329,H5_COMPETING_DIRECTION_TOP3,1,,,,,,,,
h5m80d50_direction,300002.SZ,20230329,H5_COMPETING_DIRECTION_TOP3,1,,,,,,,,
h5m80d50_direction,688327.SH,20230329,H5_COMPETING_DIRECTION_TOP3,1,,,,,,,,
h5m80d50_direction,300002.SZ,20230328,H5_COMPETING_DIRECTION_TOP3,1,,,,,,,,
h5m80d50_direction,300459.SZ,20230328,H5_COMPETING_DIRECTION_TOP3,1,,,,,,,,
h5m80d50_direction,300576.SZ,20230328,H5_COMPETING_DIRECTION_TOP3,1,,,,,,,,
h5m80d50_direction,002153.SZ,20230327,H5_COMPETING_DIRECTION_TOP3,1,,,,,,,,
h5m80d50_direction,002261.SZ,20230327,H5_COMPETING_DIRECTION_TOP3,1,,,,,,,,
h5m80d50_direction,688525.SH,20230327,H5_COMPETING_DIRECTION_TOP3,1,,,,,,,,
h5m80d50_direction,300459.SZ,20230324,H5_COMPETING_DIRECTION_TOP3,1,,,,,,,,
h5m80d50_direction,300570.SZ,20230324,H5_COMPETING_DIRECTION_TOP3,1,,,,,,,,
h5m80d50_direction,300624.SZ,20230324,H5_COMPETING_DIRECTION_TOP3,1,,,,,,,,
h5m80d50_direction,300570.SZ,20230323,H5_COMPETING_DIRECTION_TOP3,1,,,,,,,,
h5m80d50_direction,300624.SZ,20230323,H5_COMPETING_DIRECTION_TOP3,1,,,,,,,,
h5m80d50_direction,301171.SZ,20230323,H5_COMPETING_DIRECTION_TOP3,1,,,,,,,,
h5m80d50_direction,300570.SZ,20230322,H5_COMPETING_DIRECTION_TOP3,1,,,,,,,,
h5m80d50_direction,300624.SZ,20230322,H5_COMPETING_DIRECTION_TOP3,1,,,,,,,,
h5m80d50_direction,301171.SZ,20230322,H5_COMPETING_DIRECTION_TOP3,1,,,,,,,,
h5m80d50_direction,300459.SZ,20230321,H5_COMPETING_DIRECTION_TOP3,1,,,,,,,,
h5m80d50_direction,300624.SZ,20230321,H5_COMPETING_DIRECTION_TOP3,1,,,,,,,,
h5m80d50_direction,688327.SH,20230321,H5_COMPETING_DIRECTION_TOP3,1,,,,,,,,
h5m80d50_direction,300170.SZ,20230320,H5_COMPETING_DIRECTION_TOP3,1,,,,,,,,
h5m80d50_direction,300634.SZ,20230320,H5_COMPETING_DIRECTION_TOP3,1,,,,,,,,
h5m80d50_direction,688088.SH,20230320,H5_COMPETING_DIRECTION_TOP3,1,,,,,,,,
h5m80d50_direction,300624.SZ,20230317,H5_COMPETING_DIRECTION_TOP3,1,,,,,,,,
h5m80d50_direction,300634.SZ,20230317,H5_COMPETING_DIRECTION_TOP3,1,,,,,,,,
h5m80d50_direction,603083.SH,20230317,H5_COMPETING_DIRECTION_TOP3,1,,,,,,,,
h5m80d50_direction,000065.SZ,20230316,H5_COMPETING_DIRECTION_TOP3,1,,,,,,,,
h5m80d50_direction,300624.SZ,20230316,H5_COMPETING_DIRECTION_TOP3,1,,,,,,,,
h5m80d50_direction,688327.SH,20230316,H5_COMPETING_DIRECTION_TOP3,1,,,,,,,,
h5m80d50_direction,300576.SZ,20230315,H5_COMPETING_DIRECTION_TOP3,1,,,,,,,,
h5m80d50_direction,300624.SZ,20230315,H5_COMPETING_DIRECTION_TOP3,1,,,,,,,,
h5m80d50_direction,300634.SZ,20230315,H5_COMPETING_DIRECTION_TOP3,1,,,,,,,,
h5m80d50_direction,300624.SZ,20230314,H5_COMPETING_DIRECTION_TOP3,1,,,,,,,,
h5m80d50_direction,300634.SZ,20230314,H5_COMPETING_DIRECTION_TOP3,1,,,,,,,,
h5m80d50_direction,688525.SH,20230314,H5_COMPETING_DIRECTION_TOP3,1,,,,,,,,
h5m80d50_direction,000065.SZ,20230313,H5_COMPETING_DIRECTION_TOP3,1,,,,,,,,
h5m80d50_direction,300576.SZ,20230313,H5_COMPETING_DIRECTION_TOP3,1,,,,,,,,
h5m80d50_direction,300624.SZ,20230313,H5_COMPETING_DIRECTION_TOP3,1,,,,,,,,
h5m80d50_direction,300576.SZ,20230310,H5_COMPETING_DIRECTION_TOP3,1,,,,,,,,
h5m80d50_direction,300624.SZ,20230310,H5_COMPETING_DIRECTION_TOP3,1,,,,,,,,
h5m80d50_direction,300634.SZ,20230310,H5_COMPETING_DIRECTION_TOP3,1,,,,,,,,
h5m80d50_direction,300576.SZ,20230309,H5_COMPETING_DIRECTION_TOP3,1,,,,,,,,
h5m80d50_direction,300624.SZ,20230309,H5_COMPETING_DIRECTION_TOP3,1,,,,,,,,
h5m80d50_direction,688525.SH,20230309,H5_COMPETING_DIRECTION_TOP3,1,,,,,,,,
h5m80d50_direction,002649.SZ,20230308,H5_COMPETING_DIRECTION_TOP3,1,,,,,,,,
h5m80d50_direction,300624.SZ,20230308,H5_COMPETING_DIRECTION_TOP3,1,,,,,,,,
h5m80d50_direction,688525.SH,20230308,H5_COMPETING_DIRECTION_TOP3,1,,,,,,,,
h5m80d50_direction,002649.SZ,20230307,H5_COMPETING_DIRECTION_TOP3,1,,,,,,,,
h5m80d50_direction,300624.SZ,20230307,H5_COMPETING_DIRECTION_TOP3,1,,,,,,,,
h5m80d50_direction,603083.SH,20230307,H5_COMPETING_DIRECTION_TOP3,1,,,,,,,,
h5m80d50_direction,300624.SZ,20230306,H5_COMPETING_DIRECTION_TOP3,1,,,,,,,,
h5m80d50_direction,300972.SZ,20230306,H5_COMPETING_DIRECTION_TOP3,1,,,,,,,,
h5m80d50_direction,603083.SH,20230306,H5_COMPETING_DIRECTION_TOP3,1,,,,,,,,
h5m80d50_direction,300624.SZ,20230303,H5_COMPETING_DIRECTION_TOP3,1,,,,,,,,
h5m80d50_direction,301205.SZ,20230303,H5_COMPETING_DIRECTION_TOP3,1,,,,,,,,
h5m80d50_direction,603083.SH,20230303,H5_COMPETING_DIRECTION_TOP3,1,,,,,,,,
h5m80d50_direction,300548.SZ,20230302,H5_COMPETING_DIRECTION_TOP3,1,,,,,,,,
h5m80d50_direction,300624.SZ,20230302,H5_COMPETING_DIRECTION_TOP3,1,,,,,,,,
h5m80d50_direction,300972.SZ,20230302,H5_COMPETING_DIRECTION_TOP3,1,,,,,,,,
h5m80d50_direction,002649.SZ,20230301,H5_COMPETING_DIRECTION_TOP3,1,,,,,,,,
h5m80d50_direction,300570.SZ,20230301,H5_COMPETING_DIRECTION_TOP3,1,,,,,,,,
h5m80d50_direction,300624.SZ,20230301,H5_COMPETING_DIRECTION_TOP3,1,,,,,,,,
h5m80d50_direction,300624.SZ,20230228,H5_COMPETING_DIRECTION_TOP3,1,,,,,,,,
h5m80d50_direction,300678.SZ,20230228,H5_COMPETING_DIRECTION_TOP3,1,,,,,,,,
h5m80d50_direction,301205.SZ,20230228,H5_COMPETING_DIRECTION_TOP3,1,,,,,,,,
h5m80d50_direction,002354.SZ,20230227,H5_COMPETING_DIRECTION_TOP3,1,,,,,,,,
h5m80d50_direction,300459.SZ,20230227,H5_COMPETING_DIRECTION_TOP3,1,,,,,,,,
h5m80d50_direction,002354.SZ,20230224,H5_COMPETING_DIRECTION_TOP3,1,,,,,,,,
h5m80d50_direction,300459.SZ,20230224,H5_COMPETING_DIRECTION_TOP3,1,,,,,,,,
h5m80d50_direction,300229.SZ,20230223,H5_COMPETING_DIRECTION_TOP3,1,,,,,,,,
h5m80d50_direction,300624.SZ,20230223,H5_COMPETING_DIRECTION_TOP3,1,,,,,,,,
h5m80d50_direction,688327.SH,20230223,H5_COMPETING_DIRECTION_TOP3,1,,,,,,,,
h5m80d50_direction,300229.SZ,20230222,H5_COMPETING_DIRECTION_TOP3,1,,,,,,,,
h5m80d50_direction,300624.SZ,20230222,H5_COMPETING_DIRECTION_TOP3,1,,,,,,,,
h5m80d50_direction,600602.SH,20230222,H5_COMPETING_DIRECTION_TOP3,1,,,,,,,,
h5m80d50_direction,002104.SZ,20230221,H5_COMPETING_DIRECTION_TOP3,1,,,,,,,,
h5m80d50_direction,300459.SZ,20230221,H5_COMPETING_DIRECTION_TOP3,1,,,,,,,,
h5m80d50_direction,300624.SZ,20230221,H5_COMPETING_DIRECTION_TOP3,1,,,,,,,,
h5m80d50_direction,002261.SZ,20230220,H5_COMPETING_DIRECTION_TOP3,1,,,,,,,,
h5m80d50_direction,300624.SZ,20230220,H5_COMPETING_DIRECTION_TOP3,1,,,,,,,,
h5m80d50_direction,688322.SH,20230220,H5_COMPETING_DIRECTION_TOP3,1,,,,,,,,
h5m80d50_direction,002354.SZ,20230217,H5_COMPETING_DIRECTION_TOP3,1,,,,,,,,
h5m80d50_direction,300624.SZ,20230217,H5_COMPETING_DIRECTION_TOP3,1,,,,,,,,
h5m80d50_direction,301205.SZ,20230217,H5_COMPETING_DIRECTION_TOP3,1,,,,,,,,
h5m80d50_direction,002354.SZ,20230216,H5_COMPETING_DIRECTION_TOP3,1,,,,,,,,
h5m80d50_direction,300624.SZ,20230216,H5_COMPETING_DIRECTION_TOP3,1,,,,,,,,
h5m80d50_direction,688327.SH,20230216,H5_COMPETING_DIRECTION_TOP3,1,,,,,,,,
h5m80d50_direction,002354.SZ,20230215,H5_COMPETING_DIRECTION_TOP3,1,,,,,,,,
h5m80d50_direction,002649.SZ,20230215,H5_COMPETING_DIRECTION_TOP3,1,,,,,,,,
h5m80d50_direction,300624.SZ,20230215,H5_COMPETING_DIRECTION_TOP3,1,,,,,,,,
h5m80d50_direction,300624.SZ,20230214,H5_COMPETING_DIRECTION_TOP3,1,,,,,,,,
h5m80d50_direction,301316.SZ,20230214,H5_COMPETING_DIRECTION_TOP3,1,,,,,,,,
h5m80d50_direction,688327.SH,20230214,H5_COMPETING_DIRECTION_TOP3,1,,,,,,,,
h5m80d50_direction,002354.SZ,20230213,H5_COMPETING_DIRECTION_TOP3,1,,,,,,,,
h5m80d50_direction,002649.SZ,20230213,H5_COMPETING_DIRECTION_TOP3,1,,,,,,,,
h5m80d50_direction,002354.SZ,20230210,H5_COMPETING_DIRECTION_TOP3,1,,,,,,,,
h5m80d50_direction,301205.SZ,20230210,H5_COMPETING_DIRECTION_TOP3,1,,,,,,,,
h5m80d50_direction,301316.SZ,20230210,H5_COMPETING_DIRECTION_TOP3,1,,,,,,,,
h5m80d50_direction,002354.SZ,20230209,H5_COMPETING_DIRECTION_TOP3,1,,,,,,,,
h5m80d50_direction,301205.SZ,20230209,H5_COMPETING_DIRECTION_TOP3,1,,,,,,,,
h5m80d50_direction,301316.SZ,20230209,H5_COMPETING_DIRECTION_TOP3,1,,,,,,,,
h5m80d50_direction,002354.SZ,20230208,H5_COMPETING_DIRECTION_TOP3,1,,,,,,,,
h5m80d50_direction,301205.SZ,20230208,H5_COMPETING_DIRECTION_TOP3,1,,,,,,,,
h5m80d50_direction,301316.SZ,20230208,H5_COMPETING_DIRECTION_TOP3,1,,,,,,,,
h5m80d50_direction,002354.SZ,20230207,H5_COMPETING_DIRECTION_TOP3,1,,,,,,,,
h5m80d50_direction,300229.SZ,20230207,H5_COMPETING_DIRECTION_TOP3,1,,,,,,,,
h5m80d50_direction,301316.SZ,20230207,H5_COMPETING_DIRECTION_TOP3,1,,,,,,,,
h5m80d50_direction,002354.SZ,20230206,H5_COMPETING_DIRECTION_TOP3,1,,,,,,,,
h5m80d50_direction,300229.SZ,20230206,H5_COMPETING_DIRECTION_TOP3,1,,,,,,,,
h5m80d50_direction,688327.SH,20230206,H5_COMPETING_DIRECTION_TOP3,1,,,,,,,,
h5m80d50_direction,300045.SZ,20230203,H5_COMPETING_DIRECTION_TOP3,1,,,,,,,,
h5m80d50_direction,301316.SZ,20230203,H5_COMPETING_DIRECTION_TOP3,1,,,,,,,,
h5m80d50_direction,688327.SH,20230203,H5_COMPETING_DIRECTION_TOP3,1,,,,,,,,
h5m80d50_direction,300229.SZ,20230202,H5_COMPETING_DIRECTION_TOP3,1,,,,,,,,
h5m80d50_direction,301316.SZ,20230202,H5_COMPETING_DIRECTION_TOP3,1,,,,,,,,
h5m80d50_direction,688327.SH,20230202,H5_COMPETING_DIRECTION_TOP3,1,,,,,,,,
h5m80d50_direction,301316.SZ,20230201,H5_COMPETING_DIRECTION_TOP3,1,,,,,,,,
h5m80d50_direction,601020.SH,20230201,H5_COMPETING_DIRECTION_TOP3,1,,,,,,,,
h5m80d50_direction,603663.SH,20230201,H5_COMPETING_DIRECTION_TOP3,1,,,,,,,,
h5m80d50_direction,300229.SZ,20230131,H5_COMPETING_DIRECTION_TOP3,1,,,,,,,,
h5m80d50_direction,688318.SH,20230131,H5_COMPETING_DIRECTION_TOP3,1,,,,,,,,
h5m80d50_direction,688327.SH,20230131,H5_COMPETING_DIRECTION_TOP3,1,,,,,,,,
h5m80d50_direction,300229.SZ,20230130,H5_COMPETING_DIRECTION_TOP3,1,,,,,,,,
h5m80d50_direction,300926.SZ,20230130,H5_COMPETING_DIRECTION_TOP3,1,,,,,,,,
h5m80d50_direction,688327.SH,20230130,H5_COMPETING_DIRECTION_TOP3,1,,,,,,,,
h5m80d50_direction,301339.SZ,20230120,H5_COMPETING_DIRECTION_TOP3,1,,,,,,,,
h5m80d50_direction,600536.SH,20230120,H5_COMPETING_DIRECTION_TOP3,1,,,,,,,,
h5m80d50_direction,603728.SH,20230120,H5_COMPETING_DIRECTION_TOP3,1,,,,,,,,
h5m80d50_direction,301153.SZ,20230119,H5_COMPETING_DIRECTION_TOP3,1,,,,,,,,
h5m80d50_direction,301339.SZ,20230119,H5_COMPETING_DIRECTION_TOP3,1,,,,,,,,
h5m80d50_direction,601699.SH,20230119,H5_COMPETING_DIRECTION_TOP3,1,,,,,,,,
h5m80d50_direction,002043.SZ,20230118,H5_COMPETING_DIRECTION_TOP3,1,,,,,,,,
h5m80d50_direction,002670.SZ,20230118,H5_COMPETING_DIRECTION_TOP3,1,,,,,,,,
h5m80d50_direction,688318.SH,20230118,H5_COMPETING_DIRECTION_TOP3,1,,,,,,,,
h5m80d50_direction,300492.SZ,20230117,H5_COMPETING_DIRECTION_TOP3,1,,,,,,,,
h5m80d50_direction,600095.SH,20230117,H5_COMPETING_DIRECTION_TOP3,1,,,,,,,,
h5m80d50_direction,300492.SZ,20230116,H5_COMPETING_DIRECTION_TOP3,1,,,,,,,,
h5m80d50_direction,601519.SH,20230116,H5_COMPETING_DIRECTION_TOP3,1,,,,,,,,
h5m80d50_direction,688318.SH,20230116,H5_COMPETING_DIRECTION_TOP3,1,,,,,,,,
h5m80d50_direction,002965.SZ,20230113,H5_COMPETING_DIRECTION_TOP3,1,,,,,,,,
h5m80d50_direction,300492.SZ,20230113,H5_COMPETING_DIRECTION_TOP3,1,,,,,,,,
h5m80d50_direction,603530.SH,20230113,H5_COMPETING_DIRECTION_TOP3,1,,,,,,,,
h5m80d50_direction,301153.SZ,20230112,H5_COMPETING_DIRECTION_TOP3,1,,,,,,,,
h5m80d50_direction,002043.SZ,20230111,H5_COMPETING_DIRECTION_TOP3,1,,,,,,,,
h5m80d50_direction,002317.SZ,20230111,H5_COMPETING_DIRECTION_TOP3,1,,,,,,,,
h5m80d50_direction,300757.SZ,20230111,H5_COMPETING_DIRECTION_TOP3,1,,,,,,,,
h5m80d50_direction,002965.SZ,20230110,H5_COMPETING_DIRECTION_TOP3,1,,,,,,,,
h5m80d50_direction,300757.SZ,20230110,H5_COMPETING_DIRECTION_TOP3,1,,,,,,,,
h5m80d50_direction,688318.SH,20230110,H5_COMPETING_DIRECTION_TOP3,1,,,,,,,,
h5m80d50_direction,301153.SZ,20230109,H5_COMPETING_DIRECTION_TOP3,1,,,,,,,,
h5m80d50_direction,600996.SH,20230109,H5_COMPETING_DIRECTION_TOP3,1,,,,,,,,
h5m80d50_direction,688318.SH,20230109,H5_COMPETING_DIRECTION_TOP3,1,,,,,,,,
h5m80d50_direction,300226.SZ,20230106,H5_COMPETING_DIRECTION_TOP3,1,,,,,,,,
h5m80d50_direction,300779.SZ,20230106,H5_COMPETING_DIRECTION_TOP3,1,,,,,,,,
h5m80d50_direction,600996.SH,20230106,H5_COMPETING_DIRECTION_TOP3,1,,,,,,,,
h5m80d50_direction,301153.SZ,20230105,H5_COMPETING_DIRECTION_TOP3,1,,,,,,,,
h5m80d50_direction,301268.SZ,20230105,H5_COMPETING_DIRECTION_TOP3,1,,,,,,,,
h5m80d50_direction,600996.SH,20230105,H5_COMPETING_DIRECTION_TOP3,1,,,,,,,,
h5m80d50_direction,300757.SZ,20230104,H5_COMPETING_DIRECTION_TOP3,1,,,,,,,,
h5m80d50_direction,301153.SZ,20230104,H5_COMPETING_DIRECTION_TOP3,1,,,,,,,,
h5m80d50_direction,603000.SH,20230104,H5_COMPETING_DIRECTION_TOP3,1,,,,,,,,
h5m80d50_direction,002965.SZ,20230103,H5_COMPETING_DIRECTION_TOP3,1,,,,,,,,
h5m80d50_direction,300779.SZ,20230103,H5_COMPETING_DIRECTION_TOP3,1,,,,,,,,
h5m80d50_direction,301153.SZ,20230103,H5_COMPETING_DIRECTION_TOP3,1,,,,,,,,
h5m80d50_direction,300693.SZ,20221230,H5_COMPETING_DIRECTION_TOP3,1,,,,,,,,
h5m80d50_direction,603000.SH,20221230,H5_COMPETING_DIRECTION_TOP3,1,,,,,,,,
h5m80d50_direction,688248.SH,20221230,H5_COMPETING_DIRECTION_TOP3,1,,,,,,,,
h5m80d50_direction,300199.SZ,20221229,H5_COMPETING_DIRECTION_TOP3,1,,,,,,,,
h5m80d50_direction,300779.SZ,20221229,H5_COMPETING_DIRECTION_TOP3,1,,,,,,,,
h5m80d50_direction,603000.SH,20221229,H5_COMPETING_DIRECTION_TOP3,1,,,,,,,,
h5m80d50_direction,000756.SZ,20221228,H5_COMPETING_DIRECTION_TOP3,1,,,,,,,,
h5m80d50_direction,300779.SZ,20221228,H5_COMPETING_DIRECTION_TOP3,1,,,,,,,,
h5m80d50_direction,300199.SZ,20221227,H5_COMPETING_DIRECTION_TOP3,1,,,,,,,,
h5m80d50_direction,300226.SZ,20221227,H5_COMPETING_DIRECTION_TOP3,1,,,,,,,,
h5m80d50_direction,300779.SZ,20221227,H5_COMPETING_DIRECTION_TOP3,1,,,,,,,,
h5m80d50_direction,300779.SZ,20221226,H5_COMPETING_DIRECTION_TOP3,1,,,,,,,,
h5m80d50_direction,300199.SZ,20221223,H5_COMPETING_DIRECTION_TOP3,1,,,,,,,,
h5m80d50_direction,688348.SH,20221223,H5_COMPETING_DIRECTION_TOP3,1,,,,,,,,
h5m80d50_direction,688390.SH,20221223,H5_COMPETING_DIRECTION_TOP3,1,,,,,,,,
h5m80d50_direction,300049.SZ,20221222,H5_COMPETING_DIRECTION_TOP3,1,,,,,,,,
h5m80d50_direction,688348.SH,20221222,H5_COMPETING_DIRECTION_TOP3,1,,,,,,,,
h5m80d50_direction,688408.SH,20221222,H5_COMPETING_DIRECTION_TOP3,1,,,,,,,,
h5m80d50_direction,002077.SZ,20221221,H5_COMPETING_DIRECTION_TOP3,1,,,,,,,,
h5m80d50_direction,300049.SZ,20221221,H5_COMPETING_DIRECTION_TOP3,1,,,,,,,,
h5m80d50_direction,300199.SZ,20221220,H5_COMPETING_DIRECTION_TOP3,1,,,,,,,,
h5m80d50_direction,300779.SZ,20221220,H5_COMPETING_DIRECTION_TOP3,1,,,,,,,,
h5m80d50_direction,002077.SZ,20221219,H5_COMPETING_DIRECTION_TOP3,1,,,,,,,,
h5m80d50_direction,300199.SZ,20221219,H5_COMPETING_DIRECTION_TOP3,1,,,,,,,,
h5m80d50_direction,300779.SZ,20221219,H5_COMPETING_DIRECTION_TOP3,1,,,,,,,,
h5m80d50_direction,300199.SZ,20221216,H5_COMPETING_DIRECTION_TOP3,1,,,,,,,,
h5m80d50_direction,300779.SZ,20221216,H5_COMPETING_DIRECTION_TOP3,1,,,,,,,,
h5m80d50_direction,600056.SH,20221216,H5_COMPETING_DIRECTION_TOP3,1,,,,,,,,
h5m80d50_direction,002077.SZ,20221215,H5_COMPETING_DIRECTION_TOP3,1,,,,,,,,
h5m80d50_direction,300779.SZ,20221215,H5_COMPETING_DIRECTION_TOP3,1,,,,,,,,
h5m80d50_direction,002251.SZ,20221214,H5_COMPETING_DIRECTION_TOP3,1,,,,,,,,
h5m80d50_direction,300199.SZ,20221214,H5_COMPETING_DIRECTION_TOP3,1,,,,,,,,
h5m80d50_direction,300779.SZ,20221214,H5_COMPETING_DIRECTION_TOP3,1,,,,,,,,
h5m80d50_direction,000756.SZ,20221213,H5_COMPETING_DIRECTION_TOP3,1,,,,,,,,
h5m80d50_direction,300199.SZ,20221213,H5_COMPETING_DIRECTION_TOP3,1,,,,,,,,
h5m80d50_direction,300917.SZ,20221213,H5_COMPETING_DIRECTION_TOP3,1,,,,,,,,
h5m80d50_direction,000756.SZ,20221212,H5_COMPETING_DIRECTION_TOP3,1,,,,,,,,
h5m80d50_direction,688068.SH,20221212,H5_COMPETING_DIRECTION_TOP3,1,,,,,,,,
h5m80d50_direction,002423.SZ,20221209,H5_COMPETING_DIRECTION_TOP3,1,,,,,,,,
h5m80d50_direction,300199.SZ,20221209,H5_COMPETING_DIRECTION_TOP3,1,,,,,,,,
h5m80d50_direction,000756.SZ,20221208,H5_COMPETING_DIRECTION_TOP3,1,,,,,,,,
h5m80d50_direction,002265.SZ,20221208,H5_COMPETING_DIRECTION_TOP3,1,,,,,,,,
h5m80d50_direction,002423.SZ,20221208,H5_COMPETING_DIRECTION_TOP3,1,,,,,,,,
h5m80d50_direction,300779.SZ,20221207,H5_COMPETING_DIRECTION_TOP3,1,,,,,,,,
h5m80d50_direction,688068.SH,20221207,H5_COMPETING_DIRECTION_TOP3,1,,,,,,,,
h5m80d50_direction,000958.SZ,20221206,H5_COMPETING_DIRECTION_TOP3,1,,,,,,,,
h5m80d50_direction,300779.SZ,20221206,H5_COMPETING_DIRECTION_TOP3,1,,,,,,,,
h5m80d50_direction,688068.SH,20221206,H5_COMPETING_DIRECTION_TOP3,1,,,,,,,,
h5m80d50_direction,300779.SZ,20221205,H5_COMPETING_DIRECTION_TOP3,1,,,,,,,,
h5m80d50_direction,300917.SZ,20221205,H5_COMPETING_DIRECTION_TOP3,1,,,,,,,,
h5m80d50_direction,603000.SH,20221205,H5_COMPETING_DIRECTION_TOP3,1,,,,,,,,
h5m80d50_direction,000029.SZ,20221202,H5_COMPETING_DIRECTION_TOP3,1,,,,,,,,
h5m80d50_direction,300779.SZ,20221202,H5_COMPETING_DIRECTION_TOP3,1,,,,,,,,
h5m80d50_direction,300917.SZ,20221202,H5_COMPETING_DIRECTION_TOP3,1,,,,,,,,
h5m80d50_direction,300779.SZ,20221201,H5_COMPETING_DIRECTION_TOP3,1,,,,,,,,
h5m80d50_direction,300917.SZ,20221201,H5_COMPETING_DIRECTION_TOP3,1,,,,,,,,
h5m80d50_direction,600266.SH,20221130,H5_COMPETING_DIRECTION_TOP3,1,,,,,,,,
h5m80d50_direction,600675.SH,20221130,H5_COMPETING_DIRECTION_TOP3,1,,,,,,,,
h5m80d50_direction,601858.SH,20221130,H5_COMPETING_DIRECTION_TOP3,1,,,,,,,,
h5m80d50_direction,600266.SH,20221129,H5_COMPETING_DIRECTION_TOP3,1,,,,,,,,
h5m80d50_direction,600675.SH,20221129,H5_COMPETING_DIRECTION_TOP3,1,,,,,,,,
h5m80d50_direction,601858.SH,20221129,H5_COMPETING_DIRECTION_TOP3,1,,,,,,,,
h5m80d50_direction,300779.SZ,20221128,H5_COMPETING_DIRECTION_TOP3,1,,,,,,,,
h5m80d50_direction,601068.SH,20221128,H5_COMPETING_DIRECTION_TOP3,1,,,,,,,,
h5m80d50_direction,601858.SH,20221128,H5_COMPETING_DIRECTION_TOP3,1,,,,,,,,
h5m80d50_direction,300678.SZ,20221125,H5_COMPETING_DIRECTION_TOP3,1,,,,,,,,
h5m80d50_direction,300779.SZ,20221125,H5_COMPETING_DIRECTION_TOP3,1,,,,,,,,
h5m80d50_direction,300917.SZ,20221125,H5_COMPETING_DIRECTION_TOP3,1,,,,,,,,
h5m80d50_direction,002317.SZ,20221124,H5_COMPETING_DIRECTION_TOP3,1,,,,,,,,
h5m80d50_direction,601858.SH,20221124,H5_COMPETING_DIRECTION_TOP3,1,,,,,,,,
h5m80d50_direction,300779.SZ,20221123,H5_COMPETING_DIRECTION_TOP3,1,,,,,,,,
h5m80d50_direction,603516.SH,20221123,H5_COMPETING_DIRECTION_TOP3,1,,,,,,,,
h5m80d50_direction,688068.SH,20221123,H5_COMPETING_DIRECTION_TOP3,1,,,,,,,,
h5m80d50_direction,688068.SH,20221122,H5_COMPETING_DIRECTION_TOP3,1,,,,,,,,
h5m80d50_direction,002077.SZ,20221121,H5_COMPETING_DIRECTION_TOP3,1,,,,,,,,
h5m80d50_direction,600223.SH,20221118,H5_COMPETING_DIRECTION_TOP3,1,,,,,,,,
h5m80d50_direction,600557.SH,20221118,H5_COMPETING_DIRECTION_TOP3,1,,,,,,,,
h5m80d50_direction,603516.SH,20221118,H5_COMPETING_DIRECTION_TOP3,1,,,,,,,,
h5m80d50_direction,002317.SZ,20221117,H5_COMPETING_DIRECTION_TOP3,1,,,,,,,,
h5m80d50_direction,600223.SH,20221117,H5_COMPETING_DIRECTION_TOP3,1,,,,,,,,
h5m80d50_direction,603099.SH,20221117,H5_COMPETING_DIRECTION_TOP3,1,,,,,,,,
h5m80d50_direction,002077.SZ,20221116,H5_COMPETING_DIRECTION_TOP3,1,,,,,,,,
h5m80d50_direction,600223.SH,20221116,H5_COMPETING_DIRECTION_TOP3,1,,,,,,,,
h5m80d50_direction,603099.SH,20221116,H5_COMPETING_DIRECTION_TOP3,1,,,,,,,,
h5m80d50_direction,000681.SZ,20221115,H5_COMPETING_DIRECTION_TOP3,1,,,,,,,,
h5m80d50_direction,002077.SZ,20221115,H5_COMPETING_DIRECTION_TOP3,1,,,,,,,,
h5m80d50_direction,603099.SH,20221115,H5_COMPETING_DIRECTION_TOP3,1,,,,,,,,
h5m80d50_direction,002077.SZ,20221114,H5_COMPETING_DIRECTION_TOP3,1,,,,,,,,
h5m80d50_direction,002317.SZ,20221114,H5_COMPETING_DIRECTION_TOP3,1,,,,,,,,
h5m80d50_direction,601155.SH,20221114,H5_COMPETING_DIRECTION_TOP3,1,,,,,,,,
h5m80d50_direction,002317.SZ,20221111,H5_COMPETING_DIRECTION_TOP3,1,,,,,,,,
h5m80d50_direction,603383.SH,20221111,H5_COMPETING_DIRECTION_TOP3,1,,,,,,,,
h5m80d50_direction,688185.SH,20221111,H5_COMPETING_DIRECTION_TOP3,1,,,,,,,,
h5m80d50_direction,002077.SZ,20221110,H5_COMPETING_DIRECTION_TOP3,1,,,,,,,,
h5m80d50_direction,300199.SZ,20221110,H5_COMPETING_DIRECTION_TOP3,1,,,,,,,,
h5m80d50_direction,300723.SZ,20221110,H5_COMPETING_DIRECTION_TOP3,1,,,,,,,,
h5m80d50_direction,002317.SZ,20221109,H5_COMPETING_DIRECTION_TOP3,1,,,,,,,,
h5m80d50_direction,300634.SZ,20221109,H5_COMPETING_DIRECTION_TOP3,1,,,,,,,,
h5m80d50_direction,603171.SH,20221109,H5_COMPETING_DIRECTION_TOP3,1,,,,,,,,
h5m80d50_direction,002077.SZ,20221108,H5_COMPETING_DIRECTION_TOP3,1,,,,,,,,
h5m80d50_direction,002317.SZ,20221108,H5_COMPETING_DIRECTION_TOP3,1,,,,,,,,
h5m80d50_direction,300199.SZ,20221108,H5_COMPETING_DIRECTION_TOP3,1,,,,,,,,
h5m80d50_direction,001203.SZ,20221107,H5_COMPETING_DIRECTION_TOP3,1,,,,,,,,
h5m80d50_direction,002317.SZ,20221107,H5_COMPETING_DIRECTION_TOP3,1,,,,,,,,
h5m80d50_direction,300634.SZ,20221107,H5_COMPETING_DIRECTION_TOP3,1,,,,,,,,
h5m80d50_direction,002317.SZ,20221104,H5_COMPETING_DIRECTION_TOP3,1,,,,,,,,
h5m80d50_direction,300634.SZ,20221104,H5_COMPETING_DIRECTION_TOP3,1,,,,,,,,
h5m80d50_direction,688185.SH,20221104,H5_COMPETING_DIRECTION_TOP3,1,,,,,,,,
h5m80d50_direction,002317.SZ,20221103,H5_COMPETING_DIRECTION_TOP3,1,,,,,,,,
h5m80d50_direction,688063.SH,20221103,H5_COMPETING_DIRECTION_TOP3,1,,,,,,,,
h5m80d50_direction,688185.SH,20221103,H5_COMPETING_DIRECTION_TOP3,1,,,,,,,,
h5m80d50_direction,002045.SZ,20221102,H5_COMPETING_DIRECTION_TOP3,1,,,,,,,,
h5m80d50_direction,002077.SZ,20221102,H5_COMPETING_DIRECTION_TOP3,1,,,,,,,,
h5m80d50_direction,301004.SZ,20221102,H5_COMPETING_DIRECTION_TOP3,1,,,,,,,,
h5m80d50_direction,000032.SZ,20221101,H5_COMPETING_DIRECTION_TOP3,1,,,,,,,,
h5m80d50_direction,002965.SZ,20221101,H5_COMPETING_DIRECTION_TOP3,1,,,,,,,,
h5m80d50_direction,301004.SZ,20221101,H5_COMPETING_DIRECTION_TOP3,1,,,,,,,,
h5m80d50_direction,300693.SZ,20221031,H5_COMPETING_DIRECTION_TOP3,1,,,,,,,,
h5m80d50_direction,301327.SZ,20221031,H5_COMPETING_DIRECTION_TOP3,1,,,,,,,,
h5m80d50_direction,688348.SH,20221031,H5_COMPETING_DIRECTION_TOP3,1,,,,,,,,
h5m80d50_direction,002077.SZ,20221028,H5_COMPETING_DIRECTION_TOP3,1,,,,,,,,
h5m80d50_direction,603283.SH,20221028,H5_COMPETING_DIRECTION_TOP3,1,,,,,,,,
h5m80d50_direction,688107.SH,20221028,H5_COMPETING_DIRECTION_TOP3,1,,,,,,,,
h5m80d50_direction,002093.SZ,20221027,H5_COMPETING_DIRECTION_TOP3,1,,,,,,,,
h5m80d50_direction,300598.SZ,20221027,H5_COMPETING_DIRECTION_TOP3,1,,,,,,,,
h5m80d50_direction,301153.SZ,20221027,H5_COMPETING_DIRECTION_TOP3,1,,,,,,,,
h5m80d50_direction,002077.SZ,20221026,H5_COMPETING_DIRECTION_TOP3,1,,,,,,,,
h5m80d50_direction,300598.SZ,20221026,H5_COMPETING_DIRECTION_TOP3,1,,,,,,,,
h5m80d50_direction,300634.SZ,20221026,H5_COMPETING_DIRECTION_TOP3,1,,,,,,,,
h5m80d50_direction,300634.SZ,20221025,H5_COMPETING_DIRECTION_TOP3,1,,,,,,,,
h5m80d50_direction,688016.SH,20221025,H5_COMPETING_DIRECTION_TOP3,1,,,,,,,,
h5m80d50_direction,688029.SH,20221025,H5_COMPETING_DIRECTION_TOP3,1,,,,,,,,
h5m80d50_direction,603283.SH,20221024,H5_COMPETING_DIRECTION_TOP3,1,,,,,,,,
h5m80d50_direction,688331.SH,20221024,H5_COMPETING_DIRECTION_TOP3,1,,,,,,,,
h5m80d50_direction,688337.SH,20221024,H5_COMPETING_DIRECTION_TOP3,1,,,,,,,,
h5m80d50_direction,300634.SZ,20221021,H5_COMPETING_DIRECTION_TOP3,1,,,,,,,,
h5m80d50_direction,603283.SH,20221021,H5_COMPETING_DIRECTION_TOP3,1,,,,,,,,
h5m80d50_direction,688019.SH,20221021,H5_COMPETING_DIRECTION_TOP3,1,,,,,,,,
h5m80d50_direction,001203.SZ,20221020,H5_COMPETING_DIRECTION_TOP3,1,,,,,,,,
h5m80d50_direction,300693.SZ,20221020,H5_COMPETING_DIRECTION_TOP3,1,,,,,,,,
h5m80d50_direction,301153.SZ,20221020,H5_COMPETING_DIRECTION_TOP3,1,,,,,,,,
h5m80d50_direction,603283.SH,20221019,H5_COMPETING_DIRECTION_TOP3,1,,,,,,,,
h5m80d50_direction,688016.SH,20221019,H5_COMPETING_DIRECTION_TOP3,1,,,,,,,,
h5m80d50_direction,688331.SH,20221019,H5_COMPETING_DIRECTION_TOP3,1,,,,,,,,
h5m80d50_direction,002093.SZ,20221018,H5_COMPETING_DIRECTION_TOP3,1,,,,,,,,
h5m80d50_direction,688019.SH,20221018,H5_COMPETING_DIRECTION_TOP3,1,,,,,,,,
h5m80d50_direction,688351.SH,20221018,H5_COMPETING_DIRECTION_TOP3,1,,,,,,,,
h5m80d50_direction,002093.SZ,20221017,H5_COMPETING_DIRECTION_TOP3,1,,,,,,,,
h5m80d50_direction,002901.SZ,20221017,H5_COMPETING_DIRECTION_TOP3,1,,,,,,,,
h5m80d50_direction,603658.SH,20221017,H5_COMPETING_DIRECTION_TOP3,1,,,,,,,,
h5m80d50_direction,002093.SZ,20221014,H5_COMPETING_DIRECTION_TOP3,1,,,,,,,,
h5m80d50_direction,688019.SH,20221014,H5_COMPETING_DIRECTION_TOP3,1,,,,,,,,
h5m80d50_direction,688037.SH,20221014,H5_COMPETING_DIRECTION_TOP3,1,,,,,,,,
h5m80d50_direction,002093.SZ,20221013,H5_COMPETING_DIRECTION_TOP3,1,,,,,,,,
h5m80d50_direction,603083.SH,20221013,H5_COMPETING_DIRECTION_TOP3,1,,,,,,,,
h5m80d50_direction,688019.SH,20221013,H5_COMPETING_DIRECTION_TOP3,1,,,,,,,,
h5m80d50_direction,002093.SZ,20221012,H5_COMPETING_DIRECTION_TOP3,1,,,,,,,,
h5m80d50_direction,300049.SZ,20221012,H5_COMPETING_DIRECTION_TOP3,1,,,,,,,,
h5m80d50_direction,603083.SH,20221012,H5_COMPETING_DIRECTION_TOP3,1,,,,,,,,
h5m80d50_direction,300633.SZ,20221011,H5_COMPETING_DIRECTION_TOP3,1,,,,,,,,
h5m80d50_direction,603083.SH,20221011,H5_COMPETING_DIRECTION_TOP3,1,,,,,,,,
h5m80d50_direction,688408.SH,20221011,H5_COMPETING_DIRECTION_TOP3,1,,,,,,,,
h5m80d50_direction,002896.SZ,20221010,H5_COMPETING_DIRECTION_TOP3,1,,,,,,,,
h5m80d50_direction,300820.SZ,20221010,H5_COMPETING_DIRECTION_TOP3,1,,,,,,,,
h5m80d50_direction,603728.SH,20221010,H5_COMPETING_DIRECTION_TOP3,1,,,,,,,,
h5m80d50_direction,300693.SZ,20220930,H5_COMPETING_DIRECTION_TOP3,1,,,,,,,,
h5m80d50_direction,300718.SZ,20220930,H5_COMPETING_DIRECTION_TOP3,1,,,,,,,,
h5m80d50_direction,300820.SZ,20220930,H5_COMPETING_DIRECTION_TOP3,1,,,,,,,,
h5m80d50_direction,002335.SZ,20220929,H5_COMPETING_DIRECTION_TOP3,1,,,,,,,,
h5m80d50_direction,300260.SZ,20220929,H5_COMPETING_DIRECTION_TOP3,1,,,,,,,,
h5m80d50_direction,300820.SZ,20220929,H5_COMPETING_DIRECTION_TOP3,1,,,,,,,,
h5m80d50_direction,002543.SZ,20220928,H5_COMPETING_DIRECTION_TOP3,1,,,,,,,,
h5m80d50_direction,600546.SH,20220928,H5_COMPETING_DIRECTION_TOP3,1,,,,,,,,
h5m80d50_direction,605090.SH,20220928,H5_COMPETING_DIRECTION_TOP3,1,,,,,,,,
h5m80d50_direction,002543.SZ,20220927,H5_COMPETING_DIRECTION_TOP3,1,,,,,,,,
h5m80d50_direction,003021.SZ,20220927,H5_COMPETING_DIRECTION_TOP3,1,,,,,,,,
h5m80d50_direction,300049.SZ,20220927,H5_COMPETING_DIRECTION_TOP3,1,,,,,,,,
h5m80d50_direction,688029.SH,20220926,H5_COMPETING_DIRECTION_TOP3,1,,,,,,,,
h5m80d50_direction,688131.SH,20220926,H5_COMPETING_DIRECTION_TOP3,1,,,,,,,,
h5m80d50_direction,688331.SH,20220926,H5_COMPETING_DIRECTION_TOP3,1,,,,,,,,
h5m80d50_direction,002791.SZ,20220923,H5_COMPETING_DIRECTION_TOP3,1,,,,,,,,
h5m80d50_direction,300298.SZ,20220923,H5_COMPETING_DIRECTION_TOP3,1,,,,,,,,
h5m80d50_direction,688617.SH,20220923,H5_COMPETING_DIRECTION_TOP3,1,,,,,,,,
h5m80d50_direction,002791.SZ,20220922,H5_COMPETING_DIRECTION_TOP3,1,,,,,,,,
h5m80d50_direction,300298.SZ,20220922,H5_COMPETING_DIRECTION_TOP3,1,,,,,,,,
h5m80d50_direction,603833.SH,20220922,H5_COMPETING_DIRECTION_TOP3,1,,,,,,,,
h5m80d50_direction,003021.SZ,20220921,H5_COMPETING_DIRECTION_TOP3,1,,,,,,,,
h5m80d50_direction,300820.SZ,20220921,H5_COMPETING_DIRECTION_TOP3,1,,,,,,,,
h5m80d50_direction,688063.SH,20220921,H5_COMPETING_DIRECTION_TOP3,1,,,,,,,,
h5m80d50_direction,003021.SZ,20220920,H5_COMPETING_DIRECTION_TOP3,1,,,,,,,,
h5m80d50_direction,300820.SZ,20220920,H5_COMPETING_DIRECTION_TOP3,1,,,,,,,,
h5m80d50_direction,688063.SH,20220920,H5_COMPETING_DIRECTION_TOP3,1,,,,,,,,
h5m80d50_direction,300820.SZ,20220919,H5_COMPETING_DIRECTION_TOP3,1,,,,,,,,
h5m80d50_direction,603728.SH,20220919,H5_COMPETING_DIRECTION_TOP3,1,,,,,,,,
h5m80d50_direction,000620.SZ,20220916,H5_COMPETING_DIRECTION_TOP3,1,,,,,,,,
h5m80d50_direction,603728.SH,20220916,H5_COMPETING_DIRECTION_TOP3,1,,,,,,,,
h5m80d50_direction,688408.SH,20220916,H5_COMPETING_DIRECTION_TOP3,1,,,,,,,,
h5m80d50_direction,002987.SZ,20220915,H5_COMPETING_DIRECTION_TOP3,1,,,,,,,,
h5m80d50_direction,003021.SZ,20220915,H5_COMPETING_DIRECTION_TOP3,1,,,,,,,,
h5m80d50_direction,603728.SH,20220915,H5_COMPETING_DIRECTION_TOP3,1,,,,,,,,
h5m80d50_direction,002987.SZ,20220914,H5_COMPETING_DIRECTION_TOP3,1,,,,,,,,
h5m80d50_direction,300820.SZ,20220914,H5_COMPETING_DIRECTION_TOP3,1,,,,,,,,
h5m80d50_direction,301095.SZ,20220914,H5_COMPETING_DIRECTION_TOP3,1,,,,,,,,
h5m80d50_direction,003021.SZ,20220913,H5_COMPETING_DIRECTION_TOP3,1,,,,,,,,
h5m80d50_direction,300693.SZ,20220913,H5_COMPETING_DIRECTION_TOP3,1,,,,,,,,
h5m80d50_direction,300820.SZ,20220913,H5_COMPETING_DIRECTION_TOP3,1,,,,,,,,
h5m80d50_direction,002543.SZ,20220909,H5_COMPETING_DIRECTION_TOP3,1,,,,,,,,
h5m80d50_direction,003021.SZ,20220909,H5_COMPETING_DIRECTION_TOP3,1,,,,,,,,
h5m80d50_direction,300926.SZ,20220909,H5_COMPETING_DIRECTION_TOP3,1,,,,,,,,
h5m80d50_direction,000065.SZ,20220908,H5_COMPETING_DIRECTION_TOP3,1,,,,,,,,
h5m80d50_direction,000557.SZ,20220908,H5_COMPETING_DIRECTION_TOP3,1,,,,,,,,
h5m80d50_direction,002543.SZ,20220908,H5_COMPETING_DIRECTION_TOP3,1,,,,,,,,
h5m80d50_direction,002965.SZ,20220907,H5_COMPETING_DIRECTION_TOP3,1,,,,,,,,
h5m80d50_direction,300693.SZ,20220907,H5_COMPETING_DIRECTION_TOP3,1,,,,,,,,
h5m80d50_direction,605090.SH,20220907,H5_COMPETING_DIRECTION_TOP3,1,,,,,,,,
h5m80d50_direction,002543.SZ,20220906,H5_COMPETING_DIRECTION_TOP3,1,,,,,,,,
h5m80d50_direction,300693.SZ,20220906,H5_COMPETING_DIRECTION_TOP3,1,,,,,,,,
h5m80d50_direction,605090.SH,20220906,H5_COMPETING_DIRECTION_TOP3,1,,,,,,,,
h5m80d50_direction,002543.SZ,20220905,H5_COMPETING_DIRECTION_TOP3,1,,,,,,,,
h5m80d50_direction,300693.SZ,20220905,H5_COMPETING_DIRECTION_TOP3,1,,,,,,,,
h5m80d50_direction,603728.SH,20220905,H5_COMPETING_DIRECTION_TOP3,1,,,,,,,,
h5m80d50_direction,688234.SH,20220902,H5_COMPETING_DIRECTION_TOP3,1,,,,,,,,
h5m80d50_direction,688248.SH,20220902,H5_COMPETING_DIRECTION_TOP3,1,,,,,,,,
h5m80d50_direction,688408.SH,20220902,H5_COMPETING_DIRECTION_TOP3,1,,,,,,,,
h5m80d50_direction,300820.SZ,20220901,H5_COMPETING_DIRECTION_TOP3,1,,,,,,,,
h5m80d50_direction,688017.SH,20220901,H5_COMPETING_DIRECTION_TOP3,1,,,,,,,,
h5m80d50_direction,688063.SH,20220901,H5_COMPETING_DIRECTION_TOP3,1,,,,,,,,
h5m80d50_direction,000065.SZ,20220831,H5_COMPETING_DIRECTION_TOP3,1,,,,,,,,
h5m80d50_direction,300820.SZ,20220831,H5_COMPETING_DIRECTION_TOP3,1,,,,,,,,
h5m80d50_direction,688248.SH,20220831,H5_COMPETING_DIRECTION_TOP3,1,,,,,,,,
h5m80d50_direction,002045.SZ,20220830,H5_COMPETING_DIRECTION_TOP3,1,,,,,,,,
h5m80d50_direction,002543.SZ,20220830,H5_COMPETING_DIRECTION_TOP3,1,,,,,,,,
h5m80d50_direction,300820.SZ,20220830,H5_COMPETING_DIRECTION_TOP3,1,,,,,,,,
h5m80d50_direction,000065.SZ,20220829,H5_COMPETING_DIRECTION_TOP3,1,,,,,,,,
h5m80d50_direction,002045.SZ,20220829,H5_COMPETING_DIRECTION_TOP3,1,,,,,,,,
h5m80d50_direction,002543.SZ,20220829,H5_COMPETING_DIRECTION_TOP3,1,,,,,,,,
h5m80d50_direction,000557.SZ,20220826,H5_COMPETING_DIRECTION_TOP3,1,,,,,,,,
h5m80d50_direction,002045.SZ,20220826,H5_COMPETING_DIRECTION_TOP3,1,,,,,,,,
h5m80d50_direction,002543.SZ,20220826,H5_COMPETING_DIRECTION_TOP3,1,,,,,,,,
h5m80d50_direction,000557.SZ,20220825,H5_COMPETING_DIRECTION_TOP3,1,,,,,,,,
h5m80d50_direction,002543.SZ,20220825,H5_COMPETING_DIRECTION_TOP3,1,,,,,,,,
h5m80d50_direction,002045.SZ,20220824,H5_COMPETING_DIRECTION_TOP3,1,,,,,,,,
h5m80d50_direction,002840.SZ,20220824,H5_COMPETING_DIRECTION_TOP3,1,,,,,,,,
h5m80d50_direction,601928.SH,20220824,H5_COMPETING_DIRECTION_TOP3,1,,,,,,,,
h5m80d50_direction,000049.SZ,20220823,H5_COMPETING_DIRECTION_TOP3,1,,,,,,,,
h5m80d50_direction,300049.SZ,20220823,H5_COMPETING_DIRECTION_TOP3,1,,,,,,,,
h5m80d50_direction,301018.SZ,20220823,H5_COMPETING_DIRECTION_TOP3,1,,,,,,,,
h5m80d50_direction,000065.SZ,20220822,H5_COMPETING_DIRECTION_TOP3,1,,,,,,,,
h5m80d50_direction,002045.SZ,20220822,H5_COMPETING_DIRECTION_TOP3,1,,,,,,,,
h5m80d50_direction,003021.SZ,20220822,H5_COMPETING_DIRECTION_TOP3,1,,,,,,,,
h5m80d50_direction,002045.SZ,20220819,H5_COMPETING_DIRECTION_TOP3,1,,,,,,,,
h5m80d50_direction,002536.SZ,20220819,H5_COMPETING_DIRECTION_TOP3,1,,,,,,,,
h5m80d50_direction,002896.SZ,20220819,H5_COMPETING_DIRECTION_TOP3,1,,,,,,,,
h5m80d50_direction,002543.SZ,20220818,H5_COMPETING_DIRECTION_TOP3,1,,,,,,,,
h5m80d50_direction,301018.SZ,20220818,H5_COMPETING_DIRECTION_TOP3,1,,,,,,,,
h5m80d50_direction,688206.SH,20220818,H5_COMPETING_DIRECTION_TOP3,1,,,,,,,,
h5m80d50_direction,002896.SZ,20220817,H5_COMPETING_DIRECTION_TOP3,1,,,,,,,,
h5m80d50_direction,003021.SZ,20220817,H5_COMPETING_DIRECTION_TOP3,1,,,,,,,,
h5m80d50_direction,300415.SZ,20220817,H5_COMPETING_DIRECTION_TOP3,1,,,,,,,,
h5m80d50_direction,002045.SZ,20220816,H5_COMPETING_DIRECTION_TOP3,1,,,,,,,,
h5m80d50_direction,002543.SZ,20220816,H5_COMPETING_DIRECTION_TOP3,1,,,,,,,,
h5m80d50_direction,002654.SZ,20220816,H5_COMPETING_DIRECTION_TOP3,1,,,,,,,,
h5m80d50_direction,002045.SZ,20220815,H5_COMPETING_DIRECTION_TOP3,1,,,,,,,,
h5m80d50_direction,002543.SZ,20220815,H5_COMPETING_DIRECTION_TOP3,1,,,,,,,,
h5m80d50_direction,002045.SZ,20220812,H5_COMPETING_DIRECTION_TOP3,1,,,,,,,,
h5m80d50_direction,300415.SZ,20220812,H5_COMPETING_DIRECTION_TOP3,1,,,,,,,,
h5m80d50_direction,603728.SH,20220812,H5_COMPETING_DIRECTION_TOP3,1,,,,,,,,
h5m80d50_direction,002536.SZ,20220811,H5_COMPETING_DIRECTION_TOP3,1,,,,,,,,
h5m80d50_direction,002896.SZ,20220811,H5_COMPETING_DIRECTION_TOP3,1,,,,,,,,
h5m80d50_direction,002965.SZ,20220811,H5_COMPETING_DIRECTION_TOP3,1,,,,,,,,
h5m80d50_direction,002536.SZ,20220810,H5_COMPETING_DIRECTION_TOP3,1,,,,,,,,
h5m80d50_direction,600586.SH,20220810,H5_COMPETING_DIRECTION_TOP3,1,,,,,,,,
h5m80d50_direction,002077.SZ,20220809,H5_COMPETING_DIRECTION_TOP3,1,,,,,,,,
h5m80d50_direction,002896.SZ,20220809,H5_COMPETING_DIRECTION_TOP3,1,,,,,,,,
h5m80d50_direction,301018.SZ,20220809,H5_COMPETING_DIRECTION_TOP3,1,,,,,,,,
h5m80d50_direction,002077.SZ,20220808,H5_COMPETING_DIRECTION_TOP3,1,,,,,,,,
h5m80d50_direction,002536.SZ,20220808,H5_COMPETING_DIRECTION_TOP3,1,,,,,,,,
h5m80d50_direction,300660.SZ,20220808,H5_COMPETING_DIRECTION_TOP3,1,,,,,,,,
h5m80d50_direction,002077.SZ,20220805,H5_COMPETING_DIRECTION_TOP3,1,,,,,,,,
h5m80d50_direction,301018.SZ,20220805,H5_COMPETING_DIRECTION_TOP3,1,,,,,,,,
h5m80d50_direction,601702.SH,20220805,H5_COMPETING_DIRECTION_TOP3,1,,,,,,,,
h5m80d50_direction,002077.SZ,20220804,H5_COMPETING_DIRECTION_TOP3,1,,,,,,,,
h5m80d50_direction,002536.SZ,20220804,H5_COMPETING_DIRECTION_TOP3,1,,,,,,,,
h5m80d50_direction,603516.SH,20220804,H5_COMPETING_DIRECTION_TOP3,1,,,,,,,,
h5m80d50_direction,002077.SZ,20220803,H5_COMPETING_DIRECTION_TOP3,1,,,,,,,,
h5m80d50_direction,688037.SH,20220803,H5_COMPETING_DIRECTION_TOP3,1,,,,,,,,
h5m80d50_direction,688206.SH,20220803,H5_COMPETING_DIRECTION_TOP3,1,,,,,,,,
h5m80d50_direction,002077.SZ,20220802,H5_COMPETING_DIRECTION_TOP3,1,,,,,,,,
h5m80d50_direction,600586.SH,20220802,H5_COMPETING_DIRECTION_TOP3,1,,,,,,,,
h5m80d50_direction,688037.SH,20220802,H5_COMPETING_DIRECTION_TOP3,1,,,,,,,,
h5m80d50_direction,000837.SZ,20220801,H5_COMPETING_DIRECTION_TOP3,1,,,,,,,,
h5m80d50_direction,600586.SH,20220801,H5_COMPETING_DIRECTION_TOP3,1,,,,,,,,
h5m80d50_direction,603728.SH,20220801,H5_COMPETING_DIRECTION_TOP3,1,,,,,,,,
h5m80d50_direction,000837.SZ,20220729,H5_COMPETING_DIRECTION_TOP3,1,,,,,,,,
h5m80d50_direction,600586.SH,20220729,H5_COMPETING_DIRECTION_TOP3,1,,,,,,,,
h5m80d50_direction,603728.SH,20220729,H5_COMPETING_DIRECTION_TOP3,1,,,,,,,,
h5m80d50_direction,002896.SZ,20220728,H5_COMPETING_DIRECTION_TOP3,1,,,,,,,,
h5m80d50_direction,002911.SZ,20220728,H5_COMPETING_DIRECTION_TOP3,1,,,,,,,,
h5m80d50_direction,603728.SH,20220728,H5_COMPETING_DIRECTION_TOP3,1,,,,,,,,
h5m80d50_direction,002896.SZ,20220727,H5_COMPETING_DIRECTION_TOP3,1,,,,,,,,
h5m80d50_direction,002911.SZ,20220727,H5_COMPETING_DIRECTION_TOP3,1,,,,,,,,
h5m80d50_direction,300827.SZ,20220727,H5_COMPETING_DIRECTION_TOP3,1,,,,,,,,
h5m80d50_direction,002896.SZ,20220726,H5_COMPETING_DIRECTION_TOP3,1,,,,,,,,
h5m80d50_direction,002965.SZ,20220726,H5_COMPETING_DIRECTION_TOP3,1,,,,,,,,
h5m80d50_direction,688248.SH,20220726,H5_COMPETING_DIRECTION_TOP3,1,,,,,,,,
h5m80d50_direction,002101.SZ,20220725,H5_COMPETING_DIRECTION_TOP3,1,,,,,,,,
h5m80d50_direction,002896.SZ,20220725,H5_COMPETING_DIRECTION_TOP3,1,,,,,,,,
h5m80d50_direction,300827.SZ,20220725,H5_COMPETING_DIRECTION_TOP3,1,,,,,,,,
h5m80d50_direction,002077.SZ,20220722,H5_COMPETING_DIRECTION_TOP3,1,,,,,,,,
h5m80d50_direction,002896.SZ,20220722,H5_COMPETING_DIRECTION_TOP3,1,,,,,,,,
h5m80d50_direction,002965.SZ,20220722,H5_COMPETING_DIRECTION_TOP3,1,,,,,,,,
h5m80d50_direction,002121.SZ,20220721,H5_COMPETING_DIRECTION_TOP3,1,,,,,,,,
h5m80d50_direction,002896.SZ,20220721,H5_COMPETING_DIRECTION_TOP3,1,,,,,,,,
h5m80d50_direction,300660.SZ,20220721,H5_COMPETING_DIRECTION_TOP3,1,,,,,,,,
h5m80d50_direction,002121.SZ,20220720,H5_COMPETING_DIRECTION_TOP3,1,,,,,,,,
h5m80d50_direction,002896.SZ,20220720,H5_COMPETING_DIRECTION_TOP3,1,,,,,,,,
h5m80d50_direction,002965.SZ,20220720,H5_COMPETING_DIRECTION_TOP3,1,,,,,,,,
h5m80d50_direction,002101.SZ,20220719,H5_COMPETING_DIRECTION_TOP3,1,,,,,,,,
h5m80d50_direction,002896.SZ,20220719,H5_COMPETING_DIRECTION_TOP3,1,,,,,,,,
h5m80d50_direction,002965.SZ,20220719,H5_COMPETING_DIRECTION_TOP3,1,,,,,,,,
h5m80d50_direction,002101.SZ,20220718,H5_COMPETING_DIRECTION_TOP3,1,,,,,,,,
h5m80d50_direction,002896.SZ,20220718,H5_COMPETING_DIRECTION_TOP3,1,,,,,,,,
h5m80d50_direction,002965.SZ,20220718,H5_COMPETING_DIRECTION_TOP3,1,,,,,,,,
h5m80d50_direction,002965.SZ,20220715,H5_COMPETING_DIRECTION_TOP3,1,,,,,,,,
h5m80d50_direction,300660.SZ,20220715,H5_COMPETING_DIRECTION_TOP3,1,,,,,,,,
h5m80d50_direction,300693.SZ,20220715,H5_COMPETING_DIRECTION_TOP3,1,,,,,,,,
h5m80d50_direction,002965.SZ,20220714,H5_COMPETING_DIRECTION_TOP3,1,,,,,,,,
h5m80d50_direction,300660.SZ,20220714,H5_COMPETING_DIRECTION_TOP3,1,,,,,,,,
h5m80d50_direction,300827.SZ,20220714,H5_COMPETING_DIRECTION_TOP3,1,,,,,,,,
h5m80d50_direction,002892.SZ,20220713,H5_COMPETING_DIRECTION_TOP3,1,,,,,,,,
h5m80d50_direction,002965.SZ,20220713,H5_COMPETING_DIRECTION_TOP3,1,,,,,,,,
h5m80d50_direction,300660.SZ,20220713,H5_COMPETING_DIRECTION_TOP3,1,,,,,,,,
h5m80d50_direction,002965.SZ,20220712,H5_COMPETING_DIRECTION_TOP3,1,,,,,,,,
h5m80d50_direction,300660.SZ,20220712,H5_COMPETING_DIRECTION_TOP3,1,,,,,,,,
h5m80d50_direction,603530.SH,20220712,H5_COMPETING_DIRECTION_TOP3,1,,,,,,,,
h5m80d50_direction,002101.SZ,20220711,H5_COMPETING_DIRECTION_TOP3,1,,,,,,,,
h5m80d50_direction,002892.SZ,20220711,H5_COMPETING_DIRECTION_TOP3,1,,,,,,,,
h5m80d50_direction,300660.SZ,20220711,H5_COMPETING_DIRECTION_TOP3,1,,,,,,,,
h5m80d50_direction,000550.SZ,20220708,H5_COMPETING_DIRECTION_TOP3,1,,,,,,,,
h5m80d50_direction,002101.SZ,20220708,H5_COMPETING_DIRECTION_TOP3,1,,,,,,,,
h5m80d50_direction,300337.SZ,20220708,H5_COMPETING_DIRECTION_TOP3,1,,,,,,,,
h5m80d50_direction,300337.SZ,20220707,H5_COMPETING_DIRECTION_TOP3,1,,,,,,,,
h5m80d50_direction,300827.SZ,20220707,H5_COMPETING_DIRECTION_TOP3,1,,,,,,,,
h5m80d50_direction,301091.SZ,20220707,H5_COMPETING_DIRECTION_TOP3,1,,,,,,,,
h5m80d50_direction,002101.SZ,20220706,H5_COMPETING_DIRECTION_TOP3,1,,,,,,,,
h5m80d50_direction,300337.SZ,20220706,H5_COMPETING_DIRECTION_TOP3,1,,,,,,,,
h5m80d50_direction,603530.SH,20220706,H5_COMPETING_DIRECTION_TOP3,1,,,,,,,,
h5m80d50_direction,002101.SZ,20220705,H5_COMPETING_DIRECTION_TOP3,1,,,,,,,,
h5m80d50_direction,003021.SZ,20220705,H5_COMPETING_DIRECTION_TOP3,1,,,,,,,,
h5m80d50_direction,300660.SZ,20220705,H5_COMPETING_DIRECTION_TOP3,1,,,,,,,,
h5m80d50_direction,002892.SZ,20220704,H5_COMPETING_DIRECTION_TOP3,1,,,,,,,,
h5m80d50_direction,300337.SZ,20220704,H5_COMPETING_DIRECTION_TOP3,1,,,,,,,,
h5m80d50_direction,300660.SZ,20220704,H5_COMPETING_DIRECTION_TOP3,1,,,,,,,,
h5m80d50_direction,300337.SZ,20220701,H5_COMPETING_DIRECTION_TOP3,1,,,,,,,,
h5m80d50_direction,300660.SZ,20220701,H5_COMPETING_DIRECTION_TOP3,1,,,,,,,,
h5m80d50_direction,300827.SZ,20220701,H5_COMPETING_DIRECTION_TOP3,1,,,,,,,,
h5m80d50_direction,003021.SZ,20220630,H5_COMPETING_DIRECTION_TOP3,1,,,,,,,,
h5m80d50_direction,300337.SZ,20220630,H5_COMPETING_DIRECTION_TOP3,1,,,,,,,,
h5m80d50_direction,300660.SZ,20220630,H5_COMPETING_DIRECTION_TOP3,1,,,,,,,,
h5m80d50_direction,003021.SZ,20220629,H5_COMPETING_DIRECTION_TOP3,1,,,,,,,,
h5m80d50_direction,300660.SZ,20220629,H5_COMPETING_DIRECTION_TOP3,1,,,,,,,,
h5m80d50_direction,603728.SH,20220629,H5_COMPETING_DIRECTION_TOP3,1,,,,,,,,
h5m80d50_direction,000058.SZ,20220628,H5_COMPETING_DIRECTION_TOP3,1,,,,,,,,
h5m80d50_direction,000628.SZ,20220628,H5_COMPETING_DIRECTION_TOP3,1,,,,,,,,
h5m80d50_direction,002896.SZ,20220628,H5_COMPETING_DIRECTION_TOP3,1,,,,,,,,
h5m80d50_direction,000058.SZ,20220627,H5_COMPETING_DIRECTION_TOP3,1,,,,,,,,
h5m80d50_direction,300660.SZ,20220627,H5_COMPETING_DIRECTION_TOP3,1,,,,,,,,
h5m80d50_direction,603728.SH,20220627,H5_COMPETING_DIRECTION_TOP3,1,,,,,,,,
h5m80d50_direction,000628.SZ,20220624,H5_COMPETING_DIRECTION_TOP3,1,,,,,,,,
h5m80d50_direction,603530.SH,20220624,H5_COMPETING_DIRECTION_TOP3,1,,,,,,,,
h5m80d50_direction,688213.SH,20220624,H5_COMPETING_DIRECTION_TOP3,1,,,,,,,,
h5m80d50_direction,000628.SZ,20220623,H5_COMPETING_DIRECTION_TOP3,1,,,,,,,,
h5m80d50_direction,688150.SH,20220623,H5_COMPETING_DIRECTION_TOP3,1,,,,,,,,
h5m80d50_direction,688213.SH,20220623,H5_COMPETING_DIRECTION_TOP3,1,,,,,,,,
h5m80d50_direction,002896.SZ,20220622,H5_COMPETING_DIRECTION_TOP3,1,,,,,,,,
h5m80d50_direction,300428.SZ,20220622,H5_COMPETING_DIRECTION_TOP3,1,,,,,,,,
h5m80d50_direction,603997.SH,20220622,H5_COMPETING_DIRECTION_TOP3,1,,,,,,,,
h5m80d50_direction,002101.SZ,20220621,H5_COMPETING_DIRECTION_TOP3,1,,,,,,,,
h5m80d50_direction,300428.SZ,20220621,H5_COMPETING_DIRECTION_TOP3,1,,,,,,,,
h5m80d50_direction,603997.SH,20220621,H5_COMPETING_DIRECTION_TOP3,1,,,,,,,,
h5m80d50_direction,002204.SZ,20220620,H5_COMPETING_DIRECTION_TOP3,1,,,,,,,,
h5m80d50_direction,002239.SZ,20220620,H5_COMPETING_DIRECTION_TOP3,1,,,,,,,,
h5m80d50_direction,002487.SZ,20220620,H5_COMPETING_DIRECTION_TOP3,1,,,,,,,,
h5m80d50_direction,000880.SZ,20220617,H5_COMPETING_DIRECTION_TOP3,1,,,,,,,,
h5m80d50_direction,002101.SZ,20220617,H5_COMPETING_DIRECTION_TOP3,1,,,,,,,,
h5m80d50_direction,300337.SZ,20220617,H5_COMPETING_DIRECTION_TOP3,1,,,,,,,,
h5m80d50_direction,003021.SZ,20220616,H5_COMPETING_DIRECTION_TOP3,1,,,,,,,,
h5m80d50_direction,003022.SZ,20220616,H5_COMPETING_DIRECTION_TOP3,1,,,,,,,,
h5m80d50_direction,300827.SZ,20220616,H5_COMPETING_DIRECTION_TOP3,1,,,,,,,,
h5m80d50_direction,002939.SZ,20220615,H5_COMPETING_DIRECTION_TOP3,1,,,,,,,,
h5m80d50_direction,003022.SZ,20220615,H5_COMPETING_DIRECTION_TOP3,1,,,,,,,,
h5m80d50_direction,300827.SZ,20220615,H5_COMPETING_DIRECTION_TOP3,1,,,,,,,,
h5m80d50_direction,000756.SZ,20220614,H5_COMPETING_DIRECTION_TOP3,1,,,,,,,,
h5m80d50_direction,300827.SZ,20220614,H5_COMPETING_DIRECTION_TOP3,1,,,,,,,,
h5m80d50_direction,688091.SH,20220614,H5_COMPETING_DIRECTION_TOP3,1,,,,,,,,
h5m80d50_direction,002101.SZ,20220613,H5_COMPETING_DIRECTION_TOP3,1,,,,,,,,
h5m80d50_direction,300428.SZ,20220613,H5_COMPETING_DIRECTION_TOP3,1,,,,,,,,
h5m80d50_direction,300827.SZ,20220613,H5_COMPETING_DIRECTION_TOP3,1,,,,,,,,
h5m80d50_direction,000880.SZ,20220610,H5_COMPETING_DIRECTION_TOP3,1,,,,,,,,
h5m80d50_direction,002101.SZ,20220610,H5_COMPETING_DIRECTION_TOP3,1,,,,,,,,
h5m80d50_direction,300428.SZ,20220610,H5_COMPETING_DIRECTION_TOP3,1,,,,,,,,
h5m80d50_direction,000880.SZ,20220609,H5_COMPETING_DIRECTION_TOP3,1,,,,,,,,
h5m80d50_direction,002265.SZ,20220609,H5_COMPETING_DIRECTION_TOP3,1,,,,,,,,
h5m80d50_direction,600335.SH,20220609,H5_COMPETING_DIRECTION_TOP3,1,,,,,,,,
h5m80d50_direction,000756.SZ,20220608,H5_COMPETING_DIRECTION_TOP3,1,,,,,,,,
h5m80d50_direction,000899.SZ,20220608,H5_COMPETING_DIRECTION_TOP3,1,,,,,,,,
h5m80d50_direction,002265.SZ,20220608,H5_COMPETING_DIRECTION_TOP3,1,,,,,,,,
h5m80d50_direction,000756.SZ,20220607,H5_COMPETING_DIRECTION_TOP3,1,,,,,,,,
h5m80d50_direction,002897.SZ,20220607,H5_COMPETING_DIRECTION_TOP3,1,,,,,,,,
h5m80d50_direction,688180.SH,20220607,H5_COMPETING_DIRECTION_TOP3,1,,,,,,,,
h5m80d50_direction,000756.SZ,20220606,H5_COMPETING_DIRECTION_TOP3,1,,,,,,,,
h5m80d50_direction,002060.SZ,20220606,H5_COMPETING_DIRECTION_TOP3,1,,,,,,,,
h5m80d50_direction,688091.SH,20220606,H5_COMPETING_DIRECTION_TOP3,1,,,,,,,,
h5m80d50_direction,000628.SZ,20220602,H5_COMPETING_DIRECTION_TOP3,1,,,,,,,,
h5m80d50_direction,002265.SZ,20220602,H5_COMPETING_DIRECTION_TOP3,1,,,,,,,,
h5m80d50_direction,688180.SH,20220602,H5_COMPETING_DIRECTION_TOP3,1,,,,,,,,
h5m80d50_direction,000628.SZ,20220601,H5_COMPETING_DIRECTION_TOP3,1,,,,,,,,
h5m80d50_direction,688150.SH,20220601,H5_COMPETING_DIRECTION_TOP3,1,,,,,,,,
h5m80d50_direction,688209.SH,20220601,H5_COMPETING_DIRECTION_TOP3,1,,,,,,,,
h5m80d50_direction,688131.SH,20220531,H5_COMPETING_DIRECTION_TOP3,1,,,,,,,,
h5m80d50_direction,688150.SH,20220531,H5_COMPETING_DIRECTION_TOP3,1,,,,,,,,
h5m80d50_direction,688209.SH,20220531,H5_COMPETING_DIRECTION_TOP3,1,,,,,,,,
h5m80d50_direction,000880.SZ,20220530,H5_COMPETING_DIRECTION_TOP3,1,,,,,,,,
h5m80d50_direction,688091.SH,20220530,H5_COMPETING_DIRECTION_TOP3,1,,,,,,,,
h5m80d50_direction,688107.SH,20220530,H5_COMPETING_DIRECTION_TOP3,1,,,,,,,,
h5m80d50_direction,000880.SZ,20220527,H5_COMPETING_DIRECTION_TOP3,1,,,,,,,,
h5m80d50_direction,688091.SH,20220527,H5_COMPETING_DIRECTION_TOP3,1,,,,,,,,
h5m80d50_direction,688408.SH,20220527,H5_COMPETING_DIRECTION_TOP3,1,,,,,,,,
h5m80d50_direction,002761.SZ,20220526,H5_COMPETING_DIRECTION_TOP3,1,,,,,,,,
h5m80d50_direction,600686.SH,20220526,H5_COMPETING_DIRECTION_TOP3,1,,,,,,,,
h5m80d50_direction,688091.SH,20220526,H5_COMPETING_DIRECTION_TOP3,1,,,,,,,,
h5m80d50_direction,002779.SZ,20220525,H5_COMPETING_DIRECTION_TOP3,1,,,,,,,,
h5m80d50_direction,002881.SZ,20220525,H5_COMPETING_DIRECTION_TOP3,1,,,,,,,,
h5m80d50_direction,688091.SH,20220525,H5_COMPETING_DIRECTION_TOP3,1,,,,,,,,
h5m80d50_direction,002881.SZ,20220524,H5_COMPETING_DIRECTION_TOP3,1,,,,,,,,
h5m80d50_direction,600267.SH,20220524,H5_COMPETING_DIRECTION_TOP3,1,,,,,,,,
h5m80d50_direction,688091.SH,20220524,H5_COMPETING_DIRECTION_TOP3,1,,,,,,,,
h5m80d50_direction,000913.SZ,20220523,H5_COMPETING_DIRECTION_TOP3,1,,,,,,,,
h5m80d50_direction,002881.SZ,20220523,H5_COMPETING_DIRECTION_TOP3,1,,,,,,,,
h5m80d50_direction,600210.SH,20220523,H5_COMPETING_DIRECTION_TOP3,1,,,,,,,,
h5m80d50_direction,000756.SZ,20220520,H5_COMPETING_DIRECTION_TOP3,1,,,,,,,,
h5m80d50_direction,300827.SZ,20220520,H5_COMPETING_DIRECTION_TOP3,1,,,,,,,,
h5m80d50_direction,600267.SH,20220520,H5_COMPETING_DIRECTION_TOP3,1,,,,,,,,
h5m80d50_direction,002487.SZ,20220519,H5_COMPETING_DIRECTION_TOP3,1,,,,,,,,
h5m80d50_direction,300100.SZ,20220519,H5_COMPETING_DIRECTION_TOP3,1,,,,,,,,
h5m80d50_direction,603197.SH,20220519,H5_COMPETING_DIRECTION_TOP3,1,,,,,,,,
h5m80d50_direction,002292.SZ,20220518,H5_COMPETING_DIRECTION_TOP3,1,,,,,,,,
h5m80d50_direction,002779.SZ,20220518,H5_COMPETING_DIRECTION_TOP3,1,,,,,,,,
h5m80d50_direction,300100.SZ,20220518,H5_COMPETING_DIRECTION_TOP3,1,,,,,,,,
h5m80d50_direction,002265.SZ,20220517,H5_COMPETING_DIRECTION_TOP3,1,,,,,,,,
h5m80d50_direction,300827.SZ,20220517,H5_COMPETING_DIRECTION_TOP3,1,,,,,,,,
h5m80d50_direction,301039.SZ,20220517,H5_COMPETING_DIRECTION_TOP3,1,,,,,,,,
h5m80d50_direction,600812.SH,20220516,H5_COMPETING_DIRECTION_TOP3,1,,,,,,,,
h5m80d50_direction,603858.SH,20220516,H5_COMPETING_DIRECTION_TOP3,1,,,,,,,,
h5m80d50_direction,688390.SH,20220516,H5_COMPETING_DIRECTION_TOP3,1,,,,,,,,
h5m80d50_direction,002183.SZ,20220513,H5_COMPETING_DIRECTION_TOP3,1,,,,,,,,
h5m80d50_direction,300100.SZ,20220513,H5_COMPETING_DIRECTION_TOP3,1,,,,,,,,
h5m80d50_direction,688390.SH,20220513,H5_COMPETING_DIRECTION_TOP3,1,,,,,,,,
h5m80d50_direction,000756.SZ,20220512,H5_COMPETING_DIRECTION_TOP3,1,,,,,,,,
h5m80d50_direction,600657.SH,20220512,H5_COMPETING_DIRECTION_TOP3,1,,,,,,,,
h5m80d50_direction,688390.SH,20220512,H5_COMPETING_DIRECTION_TOP3,1,,,,,,,,
h5m80d50_direction,000756.SZ,20220511,H5_COMPETING_DIRECTION_TOP3,1,,,,,,,,
h5m80d50_direction,300049.SZ,20220511,H5_COMPETING_DIRECTION_TOP3,1,,,,,,,,
h5m80d50_direction,600502.SH,20220511,H5_COMPETING_DIRECTION_TOP3,1,,,,,,,,
h5m80d50_direction,000756.SZ,20220510,H5_COMPETING_DIRECTION_TOP3,1,,,,,,,,
h5m80d50_direction,300438.SZ,20220510,H5_COMPETING_DIRECTION_TOP3,1,,,,,,,,
h5m80d50_direction,688037.SH,20220510,H5_COMPETING_DIRECTION_TOP3,1,,,,,,,,
h5m80d50_direction,300438.SZ,20220509,H5_COMPETING_DIRECTION_TOP3,1,,,,,,,,
h5m80d50_direction,603026.SH,20220509,H5_COMPETING_DIRECTION_TOP3,1,,,,,,,,
h5m80d50_direction,688005.SH,20220509,H5_COMPETING_DIRECTION_TOP3,1,,,,,,,,
h5m80d50_direction,000756.SZ,20220506,H5_COMPETING_DIRECTION_TOP3,1,,,,,,,,
h5m80d50_direction,300438.SZ,20220506,H5_COMPETING_DIRECTION_TOP3,1,,,,,,,,
h5m80d50_direction,300917.SZ,20220506,H5_COMPETING_DIRECTION_TOP3,1,,,,,,,,
h5m80d50_direction,300568.SZ,20220505,H5_COMPETING_DIRECTION_TOP3,1,,,,,,,,
h5m80d50_direction,300917.SZ,20220505,H5_COMPETING_DIRECTION_TOP3,1,,,,,,,,
h5m80d50_direction,688068.SH,20220505,H5_COMPETING_DIRECTION_TOP3,1,,,,,,,,
h5m80d50_direction,000756.SZ,20220429,H5_COMPETING_DIRECTION_TOP3,1,,,,,,,,
h5m80d50_direction,300049.SZ,20220429,H5_COMPETING_DIRECTION_TOP3,1,,,,,,,,
h5m80d50_direction,688800.SH,20220429,H5_COMPETING_DIRECTION_TOP3,1,,,,,,,,
h5m80d50_direction,000756.SZ,20220428,H5_COMPETING_DIRECTION_TOP3,1,,,,,,,,
h5m80d50_direction,300049.SZ,20220428,H5_COMPETING_DIRECTION_TOP3,1,,,,,,,,
h5m80d50_direction,603299.SH,20220428,H5_COMPETING_DIRECTION_TOP3,1,,,,,,,,
h5m80d50_direction,000756.SZ,20220427,H5_COMPETING_DIRECTION_TOP3,1,,,,,,,,
h5m80d50_direction,300199.SZ,20220427,H5_COMPETING_DIRECTION_TOP3,1,,,,,,,,
h5m80d50_direction,688800.SH,20220427,H5_COMPETING_DIRECTION_TOP3,1,,,,,,,,
h5m80d50_direction,002025.SZ,20220426,H5_COMPETING_DIRECTION_TOP3,1,,,,,,,,
h5m80d50_direction,002192.SZ,20220426,H5_COMPETING_DIRECTION_TOP3,1,,,,,,,,
h5m80d50_direction,300395.SZ,20220426,H5_COMPETING_DIRECTION_TOP3,1,,,,,,,,
h5m80d50_direction,002850.SZ,20220425,H5_COMPETING_DIRECTION_TOP3,1,,,,,,,,
h5m80d50_direction,300763.SZ,20220425,H5_COMPETING_DIRECTION_TOP3,1,,,,,,,,
h5m80d50_direction,603229.SH,20220425,H5_COMPETING_DIRECTION_TOP3,1,,,,,,,,
h5m80d50_direction,002850.SZ,20220422,H5_COMPETING_DIRECTION_TOP3,1,,,,,,,,
h5m80d50_direction,600062.SH,20220422,H5_COMPETING_DIRECTION_TOP3,1,,,,,,,,
h5m80d50_direction,688180.SH,20220422,H5_COMPETING_DIRECTION_TOP3,1,,,,,,,,
h5m80d50_direction,002120.SZ,20220421,H5_COMPETING_DIRECTION_TOP3,1,,,,,,,,
h5m80d50_direction,002432.SZ,20220421,H5_COMPETING_DIRECTION_TOP3,1,,,,,,,,
h5m80d50_direction,300751.SZ,20220421,H5_COMPETING_DIRECTION_TOP3,1,,,,,,,,
h5m80d50_direction,002120.SZ,20220420,H5_COMPETING_DIRECTION_TOP3,1,,,,,,,,
h5m80d50_direction,600508.SH,20220420,H5_COMPETING_DIRECTION_TOP3,1,,,,,,,,
h5m80d50_direction,603833.SH,20220420,H5_COMPETING_DIRECTION_TOP3,1,,,,,,,,
h5m80d50_direction,600508.SH,20220419,H5_COMPETING_DIRECTION_TOP3,1,,,,,,,,
h5m80d50_direction,600528.SH,20220419,H5_COMPETING_DIRECTION_TOP3,1,,,,,,,,
h5m80d50_direction,601333.SH,20220419,H5_COMPETING_DIRECTION_TOP3,1,,,,,,,,
h5m80d50_direction,000415.SZ,20220418,H5_COMPETING_DIRECTION_TOP3,1,,,,,,,,
h5m80d50_direction,600508.SH,20220418,H5_COMPETING_DIRECTION_TOP3,1,,,,,,,,
h5m80d50_direction,600528.SH,20220418,H5_COMPETING_DIRECTION_TOP3,1,,,,,,,,
h5m80d50_direction,600508.SH,20220415,H5_COMPETING_DIRECTION_TOP3,1,,,,,,,,
h5m80d50_direction,603299.SH,20220415,H5_COMPETING_DIRECTION_TOP3,1,,,,,,,,
h5m80d50_direction,688037.SH,20220415,H5_COMPETING_DIRECTION_TOP3,1,,,,,,,,
h5m80d50_direction,603290.SH,20220414,H5_COMPETING_DIRECTION_TOP3,1,,,,,,,,
h5m80d50_direction,688390.SH,20220414,H5_COMPETING_DIRECTION_TOP3,1,,,,,,,,
h5m80d50_direction,688766.SH,20220414,H5_COMPETING_DIRECTION_TOP3,1,,,,,,,,
h5m80d50_direction,000620.SZ,20220413,H5_COMPETING_DIRECTION_TOP3,1,,,,,,,,
h5m80d50_direction,002251.SZ,20220413,H5_COMPETING_DIRECTION_TOP3,1,,,,,,,,
h5m80d50_direction,300917.SZ,20220413,H5_COMPETING_DIRECTION_TOP3,1,,,,,,,,
h5m80d50_direction,300917.SZ,20220412,H5_COMPETING_DIRECTION_TOP3,1,,,,,,,,
h5m80d50_direction,600657.SH,20220412,H5_COMPETING_DIRECTION_TOP3,1,,,,,,,,
h5m80d50_direction,600787.SH,20220412,H5_COMPETING_DIRECTION_TOP3,1,,,,,,,,
h5m80d50_direction,000582.SZ,20220411,H5_COMPETING_DIRECTION_TOP3,1,,,,,,,,
h5m80d50_direction,600502.SH,20220411,H5_COMPETING_DIRECTION_TOP3,1,,,,,,,,
h5m80d50_direction,600787.SH,20220411,H5_COMPETING_DIRECTION_TOP3,1,,,,,,,,
h5m80d50_direction,000893.SZ,20220408,H5_COMPETING_DIRECTION_TOP3,1,,,,,,,,
h5m80d50_direction,002941.SZ,20220408,H5_COMPETING_DIRECTION_TOP3,1,,,,,,,,
h5m80d50_direction,600502.SH,20220408,H5_COMPETING_DIRECTION_TOP3,1,,,,,,,,
h5m80d50_direction,000620.SZ,20220407,H5_COMPETING_DIRECTION_TOP3,1,,,,,,,,
h5m80d50_direction,000893.SZ,20220407,H5_COMPETING_DIRECTION_TOP3,1,,,,,,,,
h5m80d50_direction,601665.SH,20220407,H5_COMPETING_DIRECTION_TOP3,1,,,,,,,,
h5m80d50_direction,000932.SZ,20220406,H5_COMPETING_DIRECTION_TOP3,1,,,,,,,,
h5m80d50_direction,002603.SZ,20220406,H5_COMPETING_DIRECTION_TOP3,1,,,,,,,,
h5m80d50_direction,601665.SH,20220406,H5_COMPETING_DIRECTION_TOP3,1,,,,,,,,
h5m80d50_direction,600057.SH,20220401,H5_COMPETING_DIRECTION_TOP3,1,,,,,,,,
h5m80d50_direction,601665.SH,20220401,H5_COMPETING_DIRECTION_TOP3,1,,,,,,,,
h5m80d50_direction,603227.SH,20220401,H5_COMPETING_DIRECTION_TOP3,1,,,,,,,,
h5m80d50_direction,300917.SZ,20220331,H5_COMPETING_DIRECTION_TOP3,1,,,,,,,,
h5m80d50_direction,600575.SH,20220331,H5_COMPETING_DIRECTION_TOP3,1,,,,,,,,
h5m80d50_direction,600657.SH,20220331,H5_COMPETING_DIRECTION_TOP3,1,,,,,,,,
h5m80d50_direction,002051.SZ,20220330,H5_COMPETING_DIRECTION_TOP3,1,,,,,,,,
h5m80d50_direction,300917.SZ,20220330,H5_COMPETING_DIRECTION_TOP3,1,,,,,,,,
h5m80d50_direction,600657.SH,20220330,H5_COMPETING_DIRECTION_TOP3,1,,,,,,,,
h5m80d50_direction,000620.SZ,20220329,H5_COMPETING_DIRECTION_TOP3,1,,,,,,,,
h5m80d50_direction,600007.SH,20220329,H5_COMPETING_DIRECTION_TOP3,1,,,,,,,,
h5m80d50_direction,600657.SH,20220329,H5_COMPETING_DIRECTION_TOP3,1,,,,,,,,
h5m80d50_direction,000620.SZ,20220328,H5_COMPETING_DIRECTION_TOP3,1,,,,,,,,
h5m80d50_direction,600007.SH,20220328,H5_COMPETING_DIRECTION_TOP3,1,,,,,,,,
h5m80d50_direction,600657.SH,20220328,H5_COMPETING_DIRECTION_TOP3,1,,,,,,,,
h5m80d50_direction,300917.SZ,20220325,H5_COMPETING_DIRECTION_TOP3,1,,,,,,,,
h5m80d50_direction,600335.SH,20220325,H5_COMPETING_DIRECTION_TOP3,1,,,,,,,,
h5m80d50_direction,600657.SH,20220325,H5_COMPETING_DIRECTION_TOP3,1,,,,,,,,
h5m80d50_direction,002194.SZ,20220324,H5_COMPETING_DIRECTION_TOP3,1,,,,,,,,
h5m80d50_direction,300917.SZ,20220324,H5_COMPETING_DIRECTION_TOP3,1,,,,,,,,
h5m80d50_direction,600657.SH,20220324,H5_COMPETING_DIRECTION_TOP3,1,,,,,,,,
h5m80d50_direction,300917.SZ,20220323,H5_COMPETING_DIRECTION_TOP3,1,,,,,,,,
h5m80d50_direction,600657.SH,20220323,H5_COMPETING_DIRECTION_TOP3,1,,,,,,,,
h5m80d50_direction,603169.SH,20220323,H5_COMPETING_DIRECTION_TOP3,1,,,,,,,,
h5m80d50_direction,300917.SZ,20220322,H5_COMPETING_DIRECTION_TOP3,1,,,,,,,,
h5m80d50_direction,300972.SZ,20220322,H5_COMPETING_DIRECTION_TOP3,1,,,,,,,,
h5m80d50_direction,600420.SH,20220322,H5_COMPETING_DIRECTION_TOP3,1,,,,,,,,
h5m80d50_direction,300972.SZ,20220321,H5_COMPETING_DIRECTION_TOP3,1,,,,,,,,
h5m80d50_direction,600420.SH,20220321,H5_COMPETING_DIRECTION_TOP3,1,,,,,,,,
h5m80d50_direction,603229.SH,20220321,H5_COMPETING_DIRECTION_TOP3,1,,,,,,,,
h5m80d50_direction,000620.SZ,20220318,H5_COMPETING_DIRECTION_TOP3,1,,,,,,,,
h5m80d50_direction,002761.SZ,20220318,H5_COMPETING_DIRECTION_TOP3,1,,,,,,,,
h5m80d50_direction,600420.SH,20220318,H5_COMPETING_DIRECTION_TOP3,1,,,,,,,,
h5m80d50_direction,000620.SZ,20220317,H5_COMPETING_DIRECTION_TOP3,1,,,,,,,,
h5m80d50_direction,002761.SZ,20220317,H5_COMPETING_DIRECTION_TOP3,1,,,,,,,,
h5m80d50_direction,300199.SZ,20220317,H5_COMPETING_DIRECTION_TOP3,1,,,,,,,,
h5m80d50_direction,002761.SZ,20220316,H5_COMPETING_DIRECTION_TOP3,1,,,,,,,,
h5m80d50_direction,300199.SZ,20220316,H5_COMPETING_DIRECTION_TOP3,1,,,,,,,,
h5m80d50_direction,601101.SH,20220316,H5_COMPETING_DIRECTION_TOP3,1,,,,,,,,
h5m80d50_direction,000065.SZ,20220315,H5_COMPETING_DIRECTION_TOP3,1,,,,,,,,
h5m80d50_direction,300199.SZ,20220315,H5_COMPETING_DIRECTION_TOP3,1,,,,,,,,
h5m80d50_direction,600657.SH,20220315,H5_COMPETING_DIRECTION_TOP3,1,,,,,,,,
h5m80d50_direction,300199.SZ,20220314,H5_COMPETING_DIRECTION_TOP3,1,,,,,,,,
h5m80d50_direction,600056.SH,20220314,H5_COMPETING_DIRECTION_TOP3,1,,,,,,,,
h5m80d50_direction,603229.SH,20220314,H5_COMPETING_DIRECTION_TOP3,1,,,,,,,,
h5m80d50_direction,002053.SZ,20220311,H5_COMPETING_DIRECTION_TOP3,1,,,,,,,,
h5m80d50_direction,300482.SZ,20220311,H5_COMPETING_DIRECTION_TOP3,1,,,,,,,,
h5m80d50_direction,600056.SH,20220311,H5_COMPETING_DIRECTION_TOP3,1,,,,,,,,
h5m80d50_direction,002053.SZ,20220310,H5_COMPETING_DIRECTION_TOP3,1,,,,,,,,
h5m80d50_direction,300482.SZ,20220310,H5_COMPETING_DIRECTION_TOP3,1,,,,,,,,
h5m80d50_direction,688068.SH,20220310,H5_COMPETING_DIRECTION_TOP3,1,,,,,,,,
h5m80d50_direction,002053.SZ,20220309,H5_COMPETING_DIRECTION_TOP3,1,,,,,,,,
h5m80d50_direction,002432.SZ,20220309,H5_COMPETING_DIRECTION_TOP3,1,,,,,,,,
h5m80d50_direction,300199.SZ,20220309,H5_COMPETING_DIRECTION_TOP3,1,,,,,,,,
h5m80d50_direction,000950.SZ,20220308,H5_COMPETING_DIRECTION_TOP3,1,,,,,,,,
h5m80d50_direction,300199.SZ,20220308,H5_COMPETING_DIRECTION_TOP3,1,,,,,,,,
h5m80d50_direction,300482.SZ,20220308,H5_COMPETING_DIRECTION_TOP3,1,,,,,,,,
h5m80d50_direction,000950.SZ,20220307,H5_COMPETING_DIRECTION_TOP3,1,,,,,,,,
h5m80d50_direction,002779.SZ,20220307,H5_COMPETING_DIRECTION_TOP3,1,,,,,,,,
h5m80d50_direction,600056.SH,20220307,H5_COMPETING_DIRECTION_TOP3,1,,,,,,,,
h5m80d50_direction,300199.SZ,20220304,H5_COMPETING_DIRECTION_TOP3,1,,,,,,,,
h5m80d50_direction,600056.SH,20220304,H5_COMPETING_DIRECTION_TOP3,1,,,,,,,,
h5m80d50_direction,688575.SH,20220304,H5_COMPETING_DIRECTION_TOP3,1,,,,,,,,
h5m80d50_direction,002779.SZ,20220303,H5_COMPETING_DIRECTION_TOP3,1,,,,,,,,
h5m80d50_direction,300199.SZ,20220303,H5_COMPETING_DIRECTION_TOP3,1,,,,,,,,
h5m80d50_direction,300468.SZ,20220303,H5_COMPETING_DIRECTION_TOP3,1,,,,,,,,
h5m80d50_direction,002779.SZ,20220302,H5_COMPETING_DIRECTION_TOP3,1,,,,,,,,
h5m80d50_direction,300468.SZ,20220302,H5_COMPETING_DIRECTION_TOP3,1,,,,,,,,
h5m80d50_direction,601001.SH,20220302,H5_COMPETING_DIRECTION_TOP3,1,,,,,,,,
h5m80d50_direction,002779.SZ,20220301,H5_COMPETING_DIRECTION_TOP3,1,,,,,,,,
h5m80d50_direction,300468.SZ,20220301,H5_COMPETING_DIRECTION_TOP3,1,,,,,,,,
h5m80d50_direction,603477.SH,20220301,H5_COMPETING_DIRECTION_TOP3,1,,,,,,,,
h5m80d50_direction,300468.SZ,20220228,H5_COMPETING_DIRECTION_TOP3,1,,,,,,,,
h5m80d50_direction,600113.SH,20220228,H5_COMPETING_DIRECTION_TOP3,1,,,,,,,,
h5m80d50_direction,002176.SZ,20220225,H5_COMPETING_DIRECTION_TOP3,1,,,,,,,,
h5m80d50_direction,002487.SZ,20220225,H5_COMPETING_DIRECTION_TOP3,1,,,,,,,,
h5m80d50_direction,002779.SZ,20220225,H5_COMPETING_DIRECTION_TOP3,1,,,,,,,,
h5m80d50_direction,002432.SZ,20220224,H5_COMPETING_DIRECTION_TOP3,1,,,,,,,,
h5m80d50_direction,301018.SZ,20220224,H5_COMPETING_DIRECTION_TOP3,1,,,,,,,,
h5m80d50_direction,600055.SH,20220224,H5_COMPETING_DIRECTION_TOP3,1,,,,,,,,
h5m80d50_direction,002497.SZ,20220223,H5_COMPETING_DIRECTION_TOP3,1,,,,,,,,
h5m80d50_direction,002779.SZ,20220223,H5_COMPETING_DIRECTION_TOP3,1,,,,,,,,
h5m80d50_direction,600996.SH,20220223,H5_COMPETING_DIRECTION_TOP3,1,,,,,,,,
h5m80d50_direction,002497.SZ,20220222,H5_COMPETING_DIRECTION_TOP3,1,,,,,,,,
h5m80d50_direction,600338.SH,20220222,H5_COMPETING_DIRECTION_TOP3,1,,,,,,,,
h5m80d50_direction,600996.SH,20220222,H5_COMPETING_DIRECTION_TOP3,1,,,,,,,,
h5m80d50_direction,600602.SH,20220221,H5_COMPETING_DIRECTION_TOP3,1,,,,,,,,
h5m80d50_direction,600629.SH,20220221,H5_COMPETING_DIRECTION_TOP3,1,,,,,,,,
h5m80d50_direction,600996.SH,20220221,H5_COMPETING_DIRECTION_TOP3,1,,,,,,,,
h5m80d50_direction,301091.SZ,20220218,H5_COMPETING_DIRECTION_TOP3,1,,,,,,,,
h5m80d50_direction,600996.SH,20220218,H5_COMPETING_DIRECTION_TOP3,1,,,,,,,,
h5m80d50_direction,603171.SH,20220218,H5_COMPETING_DIRECTION_TOP3,1,,,,,,,,
h5m80d50_direction,000681.SZ,20220217,H5_COMPETING_DIRECTION_TOP3,1,,,,,,,,
h5m80d50_direction,002104.SZ,20220217,H5_COMPETING_DIRECTION_TOP3,1,,,,,,,,
h5m80d50_direction,301078.SZ,20220217,H5_COMPETING_DIRECTION_TOP3,1,,,,,,,,
h5m80d50_direction,002060.SZ,20220216,H5_COMPETING_DIRECTION_TOP3,1,,,,,,,,
h5m80d50_direction,002061.SZ,20220216,H5_COMPETING_DIRECTION_TOP3,1,,,,,,,,
h5m80d50_direction,002104.SZ,20220216,H5_COMPETING_DIRECTION_TOP3,1,,,,,,,,
h5m80d50_direction,002487.SZ,20220215,H5_COMPETING_DIRECTION_TOP3,1,,,,,,,,
h5m80d50_direction,600866.SH,20220215,H5_COMPETING_DIRECTION_TOP3,1,,,,,,,,
h5m80d50_direction,603477.SH,20220215,H5_COMPETING_DIRECTION_TOP3,1,,,,,,,,
h5m80d50_direction,002400.SZ,20220214,H5_COMPETING_DIRECTION_TOP3,1,,,,,,,,
h5m80d50_direction,002487.SZ,20220214,H5_COMPETING_DIRECTION_TOP3,1,,,,,,,,
h5m80d50_direction,300363.SZ,20220214,H5_COMPETING_DIRECTION_TOP3,1,,,,,,,,
h5m80d50_direction,002400.SZ,20220211,H5_COMPETING_DIRECTION_TOP3,1,,,,,,,,
h5m80d50_direction,002821.SZ,20220211,H5_COMPETING_DIRECTION_TOP3,1,,,,,,,,
h5m80d50_direction,688575.SH,20220211,H5_COMPETING_DIRECTION_TOP3,1,,,,,,,,
h5m80d50_direction,002104.SZ,20220210,H5_COMPETING_DIRECTION_TOP3,1,,,,,,,,
h5m80d50_direction,600866.SH,20220210,H5_COMPETING_DIRECTION_TOP3,1,,,,,,,,
h5m80d50_direction,603477.SH,20220210,H5_COMPETING_DIRECTION_TOP3,1,,,,,,,,
h5m80d50_direction,000620.SZ,20220209,H5_COMPETING_DIRECTION_TOP3,1,,,,,,,,
h5m80d50_direction,002104.SZ,20220209,H5_COMPETING_DIRECTION_TOP3,1,,,,,,,,
h5m80d50_direction,300075.SZ,20220209,H5_COMPETING_DIRECTION_TOP3,1,,,,,,,,
h5m80d50_direction,000620.SZ,20220208,H5_COMPETING_DIRECTION_TOP3,1,,,,,,,,
h5m80d50_direction,002104.SZ,20220208,H5_COMPETING_DIRECTION_TOP3,1,,,,,,,,
h5m80d50_direction,300199.SZ,20220208,H5_COMPETING_DIRECTION_TOP3,1,,,,,,,,
h5m80d50_direction,000620.SZ,20220207,H5_COMPETING_DIRECTION_TOP3,1,,,,,,,,
h5m80d50_direction,002104.SZ,20220207,H5_COMPETING_DIRECTION_TOP3,1,,,,,,,,
h5m80d50_direction,603619.SH,20220207,H5_COMPETING_DIRECTION_TOP3,1,,,,,,,,
h5m80d50_direction,300678.SZ,20220128,H5_COMPETING_DIRECTION_TOP3,1,,,,,,,,
h5m80d50_direction,600808.SH,20220128,H5_COMPETING_DIRECTION_TOP3,1,,,,,,,,
h5m80d50_direction,300678.SZ,20220127,H5_COMPETING_DIRECTION_TOP3,1,,,,,,,,
h5m80d50_direction,600996.SH,20220127,H5_COMPETING_DIRECTION_TOP3,1,,,,,,,,
h5m80d50_direction,300047.SZ,20220126,H5_COMPETING_DIRECTION_TOP3,1,,,,,,,,
h5m80d50_direction,002101.SZ,20220125,H5_COMPETING_DIRECTION_TOP3,1,,,,,,,,
h5m80d50_direction,603099.SH,20220125,H5_COMPETING_DIRECTION_TOP3,1,,,,,,,,
h5m80d50_direction,002101.SZ,20220124,H5_COMPETING_DIRECTION_TOP3,1,,,,,,,,
h5m80d50_direction,300390.SZ,20220124,H5_COMPETING_DIRECTION_TOP3,1,,,,,,,,
h5m80d50_direction,300763.SZ,20220124,H5_COMPETING_DIRECTION_TOP3,1,,,,,,,,
h5m80d50_direction,000676.SZ,20220121,H5_COMPETING_DIRECTION_TOP3,1,,,,,,,,
h5m80d50_direction,002101.SZ,20220121,H5_COMPETING_DIRECTION_TOP3,1,,,,,,,,
h5m80d50_direction,688068.SH,20220121,H5_COMPETING_DIRECTION_TOP3,1,,,,,,,,
h5m80d50_direction,000620.SZ,20220120,H5_COMPETING_DIRECTION_TOP3,1,,,,,,,,
h5m80d50_direction,002945.SZ,20220120,H5_COMPETING_DIRECTION_TOP3,1,,,,,,,,
h5m80d50_direction,300459.SZ,20220119,H5_COMPETING_DIRECTION_TOP3,1,,,,,,,,
h5m80d50_direction,603229.SH,20220119,H5_COMPETING_DIRECTION_TOP3,1,,,,,,,,
h5m80d50_direction,000620.SZ,20220118,H5_COMPETING_DIRECTION_TOP3,1,,,,,,,,
h5m80d50_direction,300075.SZ,20220118,H5_COMPETING_DIRECTION_TOP3,1,,,,,,,,
h5m80d50_direction,300579.SZ,20220118,H5_COMPETING_DIRECTION_TOP3,1,,,,,,,,
h5m80d50_direction,000537.SZ,20220117,H5_COMPETING_DIRECTION_TOP3,1,,,,,,,,
h5m80d50_direction,000620.SZ,20220117,H5_COMPETING_DIRECTION_TOP3,1,,,,,,,,
h5m80d50_direction,300047.SZ,20220117,H5_COMPETING_DIRECTION_TOP3,1,,,,,,,,
h5m80d50_direction,000537.SZ,20220114,H5_COMPETING_DIRECTION_TOP3,1,,,,,,,,
h5m80d50_direction,002897.SZ,20220114,H5_COMPETING_DIRECTION_TOP3,1,,,,,,,,
h5m80d50_direction,600399.SH,20220114,H5_COMPETING_DIRECTION_TOP3,1,,,,,,,,
h5m80d50_direction,002987.SZ,20220113,H5_COMPETING_DIRECTION_TOP3,1,,,,,,,,
h5m80d50_direction,300026.SZ,20220113,H5_COMPETING_DIRECTION_TOP3,1,,,,,,,,
h5m80d50_direction,300075.SZ,20220113,H5_COMPETING_DIRECTION_TOP3,1,,,,,,,,
h5m80d50_direction,002068.SZ,20220112,H5_COMPETING_DIRECTION_TOP3,1,,,,,,,,
h5m80d50_direction,002354.SZ,20220112,H5_COMPETING_DIRECTION_TOP3,1,,,,,,,,
h5m80d50_direction,002840.SZ,20220112,H5_COMPETING_DIRECTION_TOP3,1,,,,,,,,
h5m80d50_direction,300031.SZ,20220111,H5_COMPETING_DIRECTION_TOP3,1,,,,,,,,
h5m80d50_direction,300755.SZ,20220111,H5_COMPETING_DIRECTION_TOP3,1,,,,,,,,
h5m80d50_direction,600114.SH,20220111,H5_COMPETING_DIRECTION_TOP3,1,,,,,,,,
h5m80d50_direction,002101.SZ,20220110,H5_COMPETING_DIRECTION_TOP3,1,,,,,,,,
h5m80d50_direction,300406.SZ,20220110,H5_COMPETING_DIRECTION_TOP3,1,,,,,,,,
h5m80d50_direction,688068.SH,20220110,H5_COMPETING_DIRECTION_TOP3,1,,,,,,,,
h5m80d50_direction,002840.SZ,20220107,H5_COMPETING_DIRECTION_TOP3,1,,,,,,,,
h5m80d50_direction,002987.SZ,20220107,H5_COMPETING_DIRECTION_TOP3,1,,,,,,,,
h5m80d50_direction,300181.SZ,20220107,H5_COMPETING_DIRECTION_TOP3,1,,,,,,,,
h5m80d50_direction,600353.SH,20220106,H5_COMPETING_DIRECTION_TOP3,1,,,,,,,,
h5m80d50_direction,601068.SH,20220106,H5_COMPETING_DIRECTION_TOP3,1,,,,,,,,
h5m80d50_direction,300181.SZ,20220105,H5_COMPETING_DIRECTION_TOP3,1,,,,,,,,
h5m80d50_direction,300199.SZ,20220105,H5_COMPETING_DIRECTION_TOP3,1,,,,,,,,
h5m80d50_direction,300624.SZ,20220105,H5_COMPETING_DIRECTION_TOP3,1,,,,,,,,
h5m80d50_direction,002987.SZ,20220104,H5_COMPETING_DIRECTION_TOP3,1,,,,,,,,
h5m80d50_direction,300624.SZ,20220104,H5_COMPETING_DIRECTION_TOP3,1,,,,,,,,
h5m80d50_direction,603477.SH,20220104,H5_COMPETING_DIRECTION_TOP3,1,,,,,,,,
