model,ts_code,trade_date,priority_name,priority,target
h5m80d50_direction,300672.SZ,20260811,H5_COMPETING_DIRECTION_TOP3,1,
h5m80d50_direction,688048.SH,20260811,H5_COMPETING_DIRECTION_TOP3,1,
h5m80d50_direction,688548.SH,20260811,H5_COMPETING_DIRECTION_TOP3,1,
h5m80d50_direction,300548.SZ,20260810,H5_COMPETING_DIRECTION_TOP3,1,
h5m80d50_direction,688048.SH,20260810,H5_COMPETING_DIRECTION_TOP3,1,
h5m80d50_direction,688150.SH,20260810,H5_COMPETING_DIRECTION_TOP3,1,
h5m80d50_direction,300870.SZ,20260807,H5_COMPETING_DIRECTION_TOP3,1,
h5m80d50_direction,688766.SH,20260807,H5_COMPETING_DIRECTION_TOP3,1,
h5m80d50_direction,688800.SH,20260807,H5_COMPETING_DIRECTION_TOP3,1,
h5m80d50_direction,002222.SZ,20260806,H5_COMPETING_DIRECTION_TOP3,1,
h5m80d50_direction,301392.SZ,20260806,H5_COMPETING_DIRECTION_TOP3,1,
h5m80d50_direction,601208.SH,20260806,H5_COMPETING_DIRECTION_TOP3,1,
h5m80d50_direction,002436.SZ,20260805,H5_COMPETING_DIRECTION_TOP3,1,
h5m80d50_direction,688313.SH,20260805,H5_COMPETING_DIRECTION_TOP3,1,
h5m80d50_direction,688766.SH,20260805,H5_COMPETING_DIRECTION_TOP3,1,
h5m80d50_direction,300570.SZ,20260804,H5_COMPETING_DIRECTION_TOP3,1,
h5m80d50_direction,301392.SZ,20260804,H5_COMPETING_DIRECTION_TOP3,1,
h5m80d50_direction,688048.SH,20260804,H5_COMPETING_DIRECTION_TOP3,1,
h5m80d50_direction,688017.SH,20260803,H5_COMPETING_DIRECTION_TOP3,1,
h5m80d50_direction,688141.SH,20260803,H5_COMPETING_DIRECTION_TOP3,1,
h5m80d50_direction,688313.SH,20260803,H5_COMPETING_DIRECTION_TOP3,1,
h5m80d50_direction,300475.SZ,20260731,H5_COMPETING_DIRECTION_TOP3,1,
h5m80d50_direction,300620.SZ,20260731,H5_COMPETING_DIRECTION_TOP3,1,
h5m80d50_direction,688519.SH,20260731,H5_COMPETING_DIRECTION_TOP3,1,
h5m80d50_direction,300672.SZ,20260730,H5_COMPETING_DIRECTION_TOP3,1,
h5m80d50_direction,688017.SH,20260730,H5_COMPETING_DIRECTION_TOP3,1,
h5m80d50_direction,688519.SH,20260730,H5_COMPETING_DIRECTION_TOP3,1,
h5m80d50_direction,688123.SH,20260729,H5_COMPETING_DIRECTION_TOP3,1,
h5m80d50_direction,688300.SH,20260729,H5_COMPETING_DIRECTION_TOP3,1,
h5m80d50_direction,688519.SH,20260729,H5_COMPETING_DIRECTION_TOP3,1,
h5m80d50_direction,301205.SZ,20260728,H5_COMPETING_DIRECTION_TOP3,1,
h5m80d50_direction,688200.SH,20260728,H5_COMPETING_DIRECTION_TOP3,1,
h5m80d50_direction,688766.SH,20260728,H5_COMPETING_DIRECTION_TOP3,1,
h5m80d50_direction,301205.SZ,20260727,H5_COMPETING_DIRECTION_TOP3,1,
h5m80d50_direction,301526.SZ,20260727,H5_COMPETING_DIRECTION_TOP3,1,
h5m80d50_direction,605376.SH,20260727,H5_COMPETING_DIRECTION_TOP3,1,
h5m80d50_direction,300475.SZ,20260724,H5_COMPETING_DIRECTION_TOP3,1,
h5m80d50_direction,300666.SZ,20260724,H5_COMPETING_DIRECTION_TOP3,1,
h5m80d50_direction,688146.SH,20260724,H5_COMPETING_DIRECTION_TOP3,1,
h5m80d50_direction,300620.SZ,20260723,H5_COMPETING_DIRECTION_TOP3,1,
h5m80d50_direction,300857.SZ,20260723,H5_COMPETING_DIRECTION_TOP3,1,
h5m80d50_direction,301205.SZ,20260723,H5_COMPETING_DIRECTION_TOP3,1,
h5m80d50_direction,301526.SZ,20260722,H5_COMPETING_DIRECTION_TOP3,1,
h5m80d50_direction,603083.SH,20260722,H5_COMPETING_DIRECTION_TOP3,1,
h5m80d50_direction,688333.SH,20260722,H5_COMPETING_DIRECTION_TOP3,1,
h5m80d50_direction,300570.SZ,20260721,H5_COMPETING_DIRECTION_TOP3,1,
h5m80d50_direction,300620.SZ,20260721,H5_COMPETING_DIRECTION_TOP3,1,
h5m80d50_direction,301205.SZ,20260721,H5_COMPETING_DIRECTION_TOP3,1,
h5m80d50_direction,300570.SZ,20260720,H5_COMPETING_DIRECTION_TOP3,1,
h5m80d50_direction,301200.SZ,20260720,H5_COMPETING_DIRECTION_TOP3,1,
h5m80d50_direction,688549.SH,20260720,H5_COMPETING_DIRECTION_TOP3,1,
h5m80d50_direction,300570.SZ,20260717,H5_COMPETING_DIRECTION_TOP3,1,
h5m80d50_direction,688300.SH,20260717,H5_COMPETING_DIRECTION_TOP3,1,
h5m80d50_direction,688630.SH,20260717,H5_COMPETING_DIRECTION_TOP3,1,
h5m80d50_direction,002739.SZ,20260716,H5_COMPETING_DIRECTION_TOP3,1,
h5m80d50_direction,688017.SH,20260716,H5_COMPETING_DIRECTION_TOP3,1,
h5m80d50_direction,688048.SH,20260716,H5_COMPETING_DIRECTION_TOP3,1,
h5m80d50_direction,301511.SZ,20260715,H5_COMPETING_DIRECTION_TOP3,1,
h5m80d50_direction,603127.SH,20260715,H5_COMPETING_DIRECTION_TOP3,1,
h5m80d50_direction,688192.SH,20260715,H5_COMPETING_DIRECTION_TOP3,1,
h5m80d50_direction,301611.SZ,20260714,H5_COMPETING_DIRECTION_TOP3,1,
h5m80d50_direction,600206.SH,20260714,H5_COMPETING_DIRECTION_TOP3,1,
h5m80d50_direction,688702.SH,20260714,H5_COMPETING_DIRECTION_TOP3,1,
h5m80d50_direction,300065.SZ,20260713,H5_COMPETING_DIRECTION_TOP3,1,
h5m80d50_direction,300604.SZ,20260713,H5_COMPETING_DIRECTION_TOP3,1,
h5m80d50_direction,688362.SH,20260713,H5_COMPETING_DIRECTION_TOP3,1,
h5m80d50_direction,300475.SZ,20260710,H5_COMPETING_DIRECTION_TOP3,1,
h5m80d50_direction,688333.SH,20260710,H5_COMPETING_DIRECTION_TOP3,1,
h5m80d50_direction,688343.SH,20260710,H5_COMPETING_DIRECTION_TOP3,1,
h5m80d50_direction,000021.SZ,20260709,H5_COMPETING_DIRECTION_TOP3,1,
h5m80d50_direction,300475.SZ,20260709,H5_COMPETING_DIRECTION_TOP3,1,
h5m80d50_direction,688048.SH,20260709,H5_COMPETING_DIRECTION_TOP3,1,
h5m80d50_direction,600206.SH,20260708,H5_COMPETING_DIRECTION_TOP3,1,
h5m80d50_direction,688123.SH,20260708,H5_COMPETING_DIRECTION_TOP3,1,
h5m80d50_direction,688432.SH,20260708,H5_COMPETING_DIRECTION_TOP3,1,
h5m80d50_direction,002192.SZ,20260707,H5_COMPETING_DIRECTION_TOP3,1,
h5m80d50_direction,002536.SZ,20260707,H5_COMPETING_DIRECTION_TOP3,1,
h5m80d50_direction,688629.SH,20260707,H5_COMPETING_DIRECTION_TOP3,1,
h5m80d50_direction,688331.SH,20260706,H5_COMPETING_DIRECTION_TOP3,1,
h5m80d50_direction,688336.SH,20260706,H5_COMPETING_DIRECTION_TOP3,1,
h5m80d50_direction,688629.SH,20260706,H5_COMPETING_DIRECTION_TOP3,1,
h5m80d50_direction,600206.SH,20260703,H5_COMPETING_DIRECTION_TOP3,1,
h5m80d50_direction,688432.SH,20260703,H5_COMPETING_DIRECTION_TOP3,1,
h5m80d50_direction,688629.SH,20260703,H5_COMPETING_DIRECTION_TOP3,1,
h5m80d50_direction,600378.SH,20260702,H5_COMPETING_DIRECTION_TOP3,1,
h5m80d50_direction,600641.SH,20260702,H5_COMPETING_DIRECTION_TOP3,1,
h5m80d50_direction,600667.SH,20260702,H5_COMPETING_DIRECTION_TOP3,1,
h5m80d50_direction,002747.SZ,20260701,H5_COMPETING_DIRECTION_TOP3,1,
h5m80d50_direction,600378.SH,20260701,H5_COMPETING_DIRECTION_TOP3,1,
h5m80d50_direction,603379.SH,20260701,H5_COMPETING_DIRECTION_TOP3,1,
h5m80d50_direction,301611.SZ,20260630,H5_COMPETING_DIRECTION_TOP3,1,
h5m80d50_direction,603678.SH,20260630,H5_COMPETING_DIRECTION_TOP3,1,
h5m80d50_direction,688432.SH,20260630,H5_COMPETING_DIRECTION_TOP3,1,
h5m80d50_direction,002138.SZ,20260629,H5_COMPETING_DIRECTION_TOP3,1,
h5m80d50_direction,002859.SZ,20260629,H5_COMPETING_DIRECTION_TOP3,1,
h5m80d50_direction,301526.SZ,20260629,H5_COMPETING_DIRECTION_TOP3,1,
h5m80d50_direction,300223.SZ,20260626,H5_COMPETING_DIRECTION_TOP3,1,
h5m80d50_direction,300475.SZ,20260626,H5_COMPETING_DIRECTION_TOP3,1,
h5m80d50_direction,605589.SH,20260626,H5_COMPETING_DIRECTION_TOP3,1,
h5m80d50_direction,000811.SZ,20260625,H5_COMPETING_DIRECTION_TOP3,1,
h5m80d50_direction,002068.SZ,20260625,H5_COMPETING_DIRECTION_TOP3,1,
h5m80d50_direction,600667.SH,20260625,H5_COMPETING_DIRECTION_TOP3,1,
h5m80d50_direction,600667.SH,20260624,H5_COMPETING_DIRECTION_TOP3,1,
h5m80d50_direction,600909.SH,20260624,H5_COMPETING_DIRECTION_TOP3,1,
h5m80d50_direction,603650.SH,20260624,H5_COMPETING_DIRECTION_TOP3,1,
h5m80d50_direction,300223.SZ,20260623,H5_COMPETING_DIRECTION_TOP3,1,
h5m80d50_direction,300285.SZ,20260623,H5_COMPETING_DIRECTION_TOP3,1,
h5m80d50_direction,600206.SH,20260623,H5_COMPETING_DIRECTION_TOP3,1,
h5m80d50_direction,000657.SZ,20260622,H5_COMPETING_DIRECTION_TOP3,1,
h5m80d50_direction,002436.SZ,20260622,H5_COMPETING_DIRECTION_TOP3,1,
h5m80d50_direction,600206.SH,20260622,H5_COMPETING_DIRECTION_TOP3,1,
h5m80d50_direction,002080.SZ,20260618,H5_COMPETING_DIRECTION_TOP3,1,
h5m80d50_direction,300475.SZ,20260618,H5_COMPETING_DIRECTION_TOP3,1,
h5m80d50_direction,600353.SH,20260618,H5_COMPETING_DIRECTION_TOP3,1,
h5m80d50_direction,002436.SZ,20260617,H5_COMPETING_DIRECTION_TOP3,1,
h5m80d50_direction,600549.SH,20260617,H5_COMPETING_DIRECTION_TOP3,1,
h5m80d50_direction,601636.SH,20260617,H5_COMPETING_DIRECTION_TOP3,1,
h5m80d50_direction,000657.SZ,20260616,H5_COMPETING_DIRECTION_TOP3,1,
h5m80d50_direction,301526.SZ,20260616,H5_COMPETING_DIRECTION_TOP3,1,
h5m80d50_direction,600549.SH,20260616,H5_COMPETING_DIRECTION_TOP3,1,
h5m80d50_direction,002428.SZ,20260615,H5_COMPETING_DIRECTION_TOP3,1,
h5m80d50_direction,300570.SZ,20260615,H5_COMPETING_DIRECTION_TOP3,1,
h5m80d50_direction,601958.SH,20260615,H5_COMPETING_DIRECTION_TOP3,1,
h5m80d50_direction,002203.SZ,20260612,H5_COMPETING_DIRECTION_TOP3,1,
h5m80d50_direction,601208.SH,20260612,H5_COMPETING_DIRECTION_TOP3,1,
h5m80d50_direction,601958.SH,20260612,H5_COMPETING_DIRECTION_TOP3,1,
h5m80d50_direction,300260.SZ,20260611,H5_COMPETING_DIRECTION_TOP3,1,
h5m80d50_direction,300666.SZ,20260611,H5_COMPETING_DIRECTION_TOP3,1,
h5m80d50_direction,600378.SH,20260611,H5_COMPETING_DIRECTION_TOP3,1,
h5m80d50_direction,601208.SH,20260610,H5_COMPETING_DIRECTION_TOP3,1,
h5m80d50_direction,688300.SH,20260610,H5_COMPETING_DIRECTION_TOP3,1,
h5m80d50_direction,688630.SH,20260610,H5_COMPETING_DIRECTION_TOP3,1,
h5m80d50_direction,601208.SH,20260609,H5_COMPETING_DIRECTION_TOP3,1,
h5m80d50_direction,605376.SH,20260609,H5_COMPETING_DIRECTION_TOP3,1,
h5m80d50_direction,605589.SH,20260609,H5_COMPETING_DIRECTION_TOP3,1,
h5m80d50_direction,300260.SZ,20260608,H5_COMPETING_DIRECTION_TOP3,1,
h5m80d50_direction,300811.SZ,20260608,H5_COMPETING_DIRECTION_TOP3,1,
h5m80d50_direction,605358.SH,20260608,H5_COMPETING_DIRECTION_TOP3,1,
h5m80d50_direction,301377.SZ,20260605,H5_COMPETING_DIRECTION_TOP3,1,
h5m80d50_direction,600487.SH,20260605,H5_COMPETING_DIRECTION_TOP3,1,
h5m80d50_direction,688630.SH,20260605,H5_COMPETING_DIRECTION_TOP3,1,
h5m80d50_direction,002484.SZ,20260604,H5_COMPETING_DIRECTION_TOP3,1,
h5m80d50_direction,600403.SH,20260604,H5_COMPETING_DIRECTION_TOP3,1,
h5m80d50_direction,688017.SH,20260604,H5_COMPETING_DIRECTION_TOP3,1,
h5m80d50_direction,002156.SZ,20260603,H5_COMPETING_DIRECTION_TOP3,1,
h5m80d50_direction,600487.SH,20260603,H5_COMPETING_DIRECTION_TOP3,1,
h5m80d50_direction,603663.SH,20260603,H5_COMPETING_DIRECTION_TOP3,1,
h5m80d50_direction,002851.SZ,20260602,H5_COMPETING_DIRECTION_TOP3,1,
h5m80d50_direction,600403.SH,20260602,H5_COMPETING_DIRECTION_TOP3,1,
h5m80d50_direction,688630.SH,20260602,H5_COMPETING_DIRECTION_TOP3,1,
h5m80d50_direction,000636.SZ,20260601,H5_COMPETING_DIRECTION_TOP3,1,
h5m80d50_direction,000767.SZ,20260601,H5_COMPETING_DIRECTION_TOP3,1,
h5m80d50_direction,301171.SZ,20260601,H5_COMPETING_DIRECTION_TOP3,1,
h5m80d50_direction,000021.SZ,20260529,H5_COMPETING_DIRECTION_TOP3,1,
h5m80d50_direction,000539.SZ,20260529,H5_COMPETING_DIRECTION_TOP3,1,
h5m80d50_direction,002484.SZ,20260529,H5_COMPETING_DIRECTION_TOP3,1,
h5m80d50_direction,000539.SZ,20260528,H5_COMPETING_DIRECTION_TOP3,1,
h5m80d50_direction,000791.SZ,20260528,H5_COMPETING_DIRECTION_TOP3,1,
h5m80d50_direction,603678.SH,20260528,H5_COMPETING_DIRECTION_TOP3,1,
h5m80d50_direction,300672.SZ,20260527,H5_COMPETING_DIRECTION_TOP3,1,
h5m80d50_direction,300776.SZ,20260527,H5_COMPETING_DIRECTION_TOP3,1,
h5m80d50_direction,688347.SH,20260527,H5_COMPETING_DIRECTION_TOP3,1,
h5m80d50_direction,002185.SZ,20260526,H5_COMPETING_DIRECTION_TOP3,1,
h5m80d50_direction,300567.SZ,20260526,H5_COMPETING_DIRECTION_TOP3,1,
h5m80d50_direction,300672.SZ,20260526,H5_COMPETING_DIRECTION_TOP3,1,
h5m80d50_direction,000636.SZ,20260525,H5_COMPETING_DIRECTION_TOP3,1,
h5m80d50_direction,002897.SZ,20260525,H5_COMPETING_DIRECTION_TOP3,1,
h5m80d50_direction,600186.SH,20260525,H5_COMPETING_DIRECTION_TOP3,1,
h5m80d50_direction,000636.SZ,20260522,H5_COMPETING_DIRECTION_TOP3,1,
h5m80d50_direction,301200.SZ,20260522,H5_COMPETING_DIRECTION_TOP3,1,
h5m80d50_direction,603228.SH,20260522,H5_COMPETING_DIRECTION_TOP3,1,
h5m80d50_direction,300323.SZ,20260521,H5_COMPETING_DIRECTION_TOP3,1,
h5m80d50_direction,300567.SZ,20260521,H5_COMPETING_DIRECTION_TOP3,1,
h5m80d50_direction,300776.SZ,20260521,H5_COMPETING_DIRECTION_TOP3,1,
h5m80d50_direction,300567.SZ,20260520,H5_COMPETING_DIRECTION_TOP3,1,
h5m80d50_direction,300776.SZ,20260520,H5_COMPETING_DIRECTION_TOP3,1,
h5m80d50_direction,688147.SH,20260520,H5_COMPETING_DIRECTION_TOP3,1,
h5m80d50_direction,002421.SZ,20260519,H5_COMPETING_DIRECTION_TOP3,1,
h5m80d50_direction,300657.SZ,20260519,H5_COMPETING_DIRECTION_TOP3,1,
h5m80d50_direction,600903.SH,20260519,H5_COMPETING_DIRECTION_TOP3,1,
h5m80d50_direction,002929.SZ,20260518,H5_COMPETING_DIRECTION_TOP3,1,
h5m80d50_direction,600578.SH,20260518,H5_COMPETING_DIRECTION_TOP3,1,
h5m80d50_direction,002929.SZ,20260515,H5_COMPETING_DIRECTION_TOP3,1,
h5m80d50_direction,300776.SZ,20260515,H5_COMPETING_DIRECTION_TOP3,1,
h5m80d50_direction,300820.SZ,20260515,H5_COMPETING_DIRECTION_TOP3,1,
h5m80d50_direction,002008.SZ,20260514,H5_COMPETING_DIRECTION_TOP3,1,
h5m80d50_direction,603688.SH,20260514,H5_COMPETING_DIRECTION_TOP3,1,
h5m80d50_direction,688146.SH,20260514,H5_COMPETING_DIRECTION_TOP3,1,
h5m80d50_direction,002008.SZ,20260513,H5_COMPETING_DIRECTION_TOP3,1,
h5m80d50_direction,002498.SZ,20260513,H5_COMPETING_DIRECTION_TOP3,1,
h5m80d50_direction,600869.SH,20260513,H5_COMPETING_DIRECTION_TOP3,1,
h5m80d50_direction,002281.SZ,20260512,H5_COMPETING_DIRECTION_TOP3,1,
h5m80d50_direction,688146.SH,20260512,H5_COMPETING_DIRECTION_TOP3,1,
h5m80d50_direction,688313.SH,20260512,H5_COMPETING_DIRECTION_TOP3,1,
h5m80d50_direction,002008.SZ,20260511,H5_COMPETING_DIRECTION_TOP3,1,
h5m80d50_direction,002281.SZ,20260511,H5_COMPETING_DIRECTION_TOP3,1,
h5m80d50_direction,601991.SH,20260511,H5_COMPETING_DIRECTION_TOP3,1,
h5m80d50_direction,002317.SZ,20260508,H5_COMPETING_DIRECTION_TOP3,1,
h5m80d50_direction,002929.SZ,20260508,H5_COMPETING_DIRECTION_TOP3,1,
h5m80d50_direction,601991.SH,20260508,H5_COMPETING_DIRECTION_TOP3,1,
h5m80d50_direction,002081.SZ,20260507,H5_COMPETING_DIRECTION_TOP3,1,
h5m80d50_direction,301511.SZ,20260507,H5_COMPETING_DIRECTION_TOP3,1,
h5m80d50_direction,301526.SZ,20260507,H5_COMPETING_DIRECTION_TOP3,1,
h5m80d50_direction,002149.SZ,20260506,H5_COMPETING_DIRECTION_TOP3,1,
h5m80d50_direction,301217.SZ,20260506,H5_COMPETING_DIRECTION_TOP3,1,
h5m80d50_direction,600673.SH,20260506,H5_COMPETING_DIRECTION_TOP3,1,
h5m80d50_direction,002192.SZ,20260430,H5_COMPETING_DIRECTION_TOP3,1,
h5m80d50_direction,300390.SZ,20260430,H5_COMPETING_DIRECTION_TOP3,1,
h5m80d50_direction,301217.SZ,20260430,H5_COMPETING_DIRECTION_TOP3,1,
h5m80d50_direction,300390.SZ,20260429,H5_COMPETING_DIRECTION_TOP3,1,
h5m80d50_direction,300438.SZ,20260429,H5_COMPETING_DIRECTION_TOP3,1,
h5m80d50_direction,301217.SZ,20260429,H5_COMPETING_DIRECTION_TOP3,1,
h5m80d50_direction,300613.SZ,20260428,H5_COMPETING_DIRECTION_TOP3,1,
h5m80d50_direction,688048.SH,20260428,H5_COMPETING_DIRECTION_TOP3,1,
h5m80d50_direction,688702.SH,20260428,H5_COMPETING_DIRECTION_TOP3,1,
h5m80d50_direction,000062.SZ,20260427,H5_COMPETING_DIRECTION_TOP3,1,
h5m80d50_direction,301500.SZ,20260427,H5_COMPETING_DIRECTION_TOP3,1,
h5m80d50_direction,688106.SH,20260427,H5_COMPETING_DIRECTION_TOP3,1,
h5m80d50_direction,300857.SZ,20260424,H5_COMPETING_DIRECTION_TOP3,1,
h5m80d50_direction,301511.SZ,20260424,H5_COMPETING_DIRECTION_TOP3,1,
h5m80d50_direction,688048.SH,20260424,H5_COMPETING_DIRECTION_TOP3,1,
h5m80d50_direction,300857.SZ,20260423,H5_COMPETING_DIRECTION_TOP3,1,
h5m80d50_direction,600105.SH,20260423,H5_COMPETING_DIRECTION_TOP3,1,
h5m80d50_direction,688048.SH,20260423,H5_COMPETING_DIRECTION_TOP3,1,
h5m80d50_direction,002081.SZ,20260422,H5_COMPETING_DIRECTION_TOP3,1,
h5m80d50_direction,688048.SH,20260422,H5_COMPETING_DIRECTION_TOP3,1,
h5m80d50_direction,688313.SH,20260422,H5_COMPETING_DIRECTION_TOP3,1,
h5m80d50_direction,002428.SZ,20260421,H5_COMPETING_DIRECTION_TOP3,1,
h5m80d50_direction,300390.SZ,20260421,H5_COMPETING_DIRECTION_TOP3,1,
h5m80d50_direction,688502.SH,20260421,H5_COMPETING_DIRECTION_TOP3,1,
h5m80d50_direction,002281.SZ,20260420,H5_COMPETING_DIRECTION_TOP3,1,
h5m80d50_direction,002428.SZ,20260420,H5_COMPETING_DIRECTION_TOP3,1,
h5m80d50_direction,688313.SH,20260420,H5_COMPETING_DIRECTION_TOP3,1,
h5m80d50_direction,002428.SZ,20260417,H5_COMPETING_DIRECTION_TOP3,1,
h5m80d50_direction,300390.SZ,20260417,H5_COMPETING_DIRECTION_TOP3,1,
h5m80d50_direction,603083.SH,20260417,H5_COMPETING_DIRECTION_TOP3,1,
h5m80d50_direction,300390.SZ,20260416,H5_COMPETING_DIRECTION_TOP3,1,
h5m80d50_direction,603826.SH,20260416,H5_COMPETING_DIRECTION_TOP3,1,
h5m80d50_direction,688048.SH,20260416,H5_COMPETING_DIRECTION_TOP3,1,
h5m80d50_direction,001309.SZ,20260415,H5_COMPETING_DIRECTION_TOP3,1,
h5m80d50_direction,688048.SH,20260415,H5_COMPETING_DIRECTION_TOP3,1,
h5m80d50_direction,688313.SH,20260415,H5_COMPETING_DIRECTION_TOP3,1,
h5m80d50_direction,000967.SZ,20260414,H5_COMPETING_DIRECTION_TOP3,1,
h5m80d50_direction,002364.SZ,20260414,H5_COMPETING_DIRECTION_TOP3,1,
h5m80d50_direction,300548.SZ,20260414,H5_COMPETING_DIRECTION_TOP3,1,
h5m80d50_direction,001309.SZ,20260413,H5_COMPETING_DIRECTION_TOP3,1,
h5m80d50_direction,600105.SH,20260413,H5_COMPETING_DIRECTION_TOP3,1,
h5m80d50_direction,688313.SH,20260413,H5_COMPETING_DIRECTION_TOP3,1,
h5m80d50_direction,002281.SZ,20260410,H5_COMPETING_DIRECTION_TOP3,1,
h5m80d50_direction,002364.SZ,20260410,H5_COMPETING_DIRECTION_TOP3,1,
h5m80d50_direction,300548.SZ,20260410,H5_COMPETING_DIRECTION_TOP3,1,
h5m80d50_direction,300548.SZ,20260409,H5_COMPETING_DIRECTION_TOP3,1,
h5m80d50_direction,688205.SH,20260409,H5_COMPETING_DIRECTION_TOP3,1,
h5m80d50_direction,688313.SH,20260409,H5_COMPETING_DIRECTION_TOP3,1,
h5m80d50_direction,300548.SZ,20260408,H5_COMPETING_DIRECTION_TOP3,1,
h5m80d50_direction,601869.SH,20260408,H5_COMPETING_DIRECTION_TOP3,1,
h5m80d50_direction,688205.SH,20260408,H5_COMPETING_DIRECTION_TOP3,1,
h5m80d50_direction,002428.SZ,20260407,H5_COMPETING_DIRECTION_TOP3,1,
h5m80d50_direction,002432.SZ,20260407,H5_COMPETING_DIRECTION_TOP3,1,
h5m80d50_direction,688205.SH,20260407,H5_COMPETING_DIRECTION_TOP3,1,
h5m80d50_direction,002428.SZ,20260403,H5_COMPETING_DIRECTION_TOP3,1,
h5m80d50_direction,002432.SZ,20260403,H5_COMPETING_DIRECTION_TOP3,1,
h5m80d50_direction,688048.SH,20260403,H5_COMPETING_DIRECTION_TOP3,1,
h5m80d50_direction,000950.SZ,20260402,H5_COMPETING_DIRECTION_TOP3,1,
h5m80d50_direction,002432.SZ,20260402,H5_COMPETING_DIRECTION_TOP3,1,
h5m80d50_direction,688331.SH,20260402,H5_COMPETING_DIRECTION_TOP3,1,
h5m80d50_direction,001309.SZ,20260401,H5_COMPETING_DIRECTION_TOP3,1,
h5m80d50_direction,002428.SZ,20260401,H5_COMPETING_DIRECTION_TOP3,1,
h5m80d50_direction,688048.SH,20260401,H5_COMPETING_DIRECTION_TOP3,1,
h5m80d50_direction,000657.SZ,20260331,H5_COMPETING_DIRECTION_TOP3,1,
h5m80d50_direction,600259.SH,20260331,H5_COMPETING_DIRECTION_TOP3,1,
h5m80d50_direction,688331.SH,20260331,H5_COMPETING_DIRECTION_TOP3,1,
h5m80d50_direction,002038.SZ,20260330,H5_COMPETING_DIRECTION_TOP3,1,
h5m80d50_direction,002756.SZ,20260330,H5_COMPETING_DIRECTION_TOP3,1,
h5m80d50_direction,603026.SH,20260330,H5_COMPETING_DIRECTION_TOP3,1,
h5m80d50_direction,000767.SZ,20260327,H5_COMPETING_DIRECTION_TOP3,1,
h5m80d50_direction,603026.SH,20260327,H5_COMPETING_DIRECTION_TOP3,1,
h5m80d50_direction,688205.SH,20260327,H5_COMPETING_DIRECTION_TOP3,1,
h5m80d50_direction,000767.SZ,20260326,H5_COMPETING_DIRECTION_TOP3,1,
h5m80d50_direction,600163.SH,20260326,H5_COMPETING_DIRECTION_TOP3,1,
h5m80d50_direction,688048.SH,20260326,H5_COMPETING_DIRECTION_TOP3,1,
h5m80d50_direction,002192.SZ,20260325,H5_COMPETING_DIRECTION_TOP3,1,
h5m80d50_direction,600821.SH,20260325,H5_COMPETING_DIRECTION_TOP3,1,
h5m80d50_direction,601869.SH,20260325,H5_COMPETING_DIRECTION_TOP3,1,
h5m80d50_direction,000035.SZ,20260324,H5_COMPETING_DIRECTION_TOP3,1,
h5m80d50_direction,002192.SZ,20260324,H5_COMPETING_DIRECTION_TOP3,1,
h5m80d50_direction,002498.SZ,20260324,H5_COMPETING_DIRECTION_TOP3,1,
h5m80d50_direction,300672.SZ,20260323,H5_COMPETING_DIRECTION_TOP3,1,
h5m80d50_direction,688519.SH,20260323,H5_COMPETING_DIRECTION_TOP3,1,
h5m80d50_direction,688717.SH,20260323,H5_COMPETING_DIRECTION_TOP3,1,
h5m80d50_direction,301205.SZ,20260320,H5_COMPETING_DIRECTION_TOP3,1,
h5m80d50_direction,600821.SH,20260320,H5_COMPETING_DIRECTION_TOP3,1,
h5m80d50_direction,688048.SH,20260320,H5_COMPETING_DIRECTION_TOP3,1,
h5m80d50_direction,002432.SZ,20260319,H5_COMPETING_DIRECTION_TOP3,1,
h5m80d50_direction,300166.SZ,20260319,H5_COMPETING_DIRECTION_TOP3,1,
h5m80d50_direction,600821.SH,20260319,H5_COMPETING_DIRECTION_TOP3,1,
h5m80d50_direction,300166.SZ,20260318,H5_COMPETING_DIRECTION_TOP3,1,
h5m80d50_direction,300672.SZ,20260318,H5_COMPETING_DIRECTION_TOP3,1,
h5m80d50_direction,603248.SH,20260318,H5_COMPETING_DIRECTION_TOP3,1,
h5m80d50_direction,002015.SZ,20260317,H5_COMPETING_DIRECTION_TOP3,1,
h5m80d50_direction,301511.SZ,20260317,H5_COMPETING_DIRECTION_TOP3,1,
h5m80d50_direction,688295.SH,20260317,H5_COMPETING_DIRECTION_TOP3,1,
h5m80d50_direction,300548.SZ,20260316,H5_COMPETING_DIRECTION_TOP3,1,
h5m80d50_direction,600330.SH,20260316,H5_COMPETING_DIRECTION_TOP3,1,
h5m80d50_direction,688717.SH,20260316,H5_COMPETING_DIRECTION_TOP3,1,
h5m80d50_direction,300438.SZ,20260313,H5_COMPETING_DIRECTION_TOP3,1,
h5m80d50_direction,300763.SZ,20260313,H5_COMPETING_DIRECTION_TOP3,1,
h5m80d50_direction,688717.SH,20260313,H5_COMPETING_DIRECTION_TOP3,1,
h5m80d50_direction,002015.SZ,20260312,H5_COMPETING_DIRECTION_TOP3,1,
h5m80d50_direction,601016.SH,20260312,H5_COMPETING_DIRECTION_TOP3,1,
h5m80d50_direction,688295.SH,20260312,H5_COMPETING_DIRECTION_TOP3,1,
h5m80d50_direction,301217.SZ,20260311,H5_COMPETING_DIRECTION_TOP3,1,
h5m80d50_direction,601869.SH,20260311,H5_COMPETING_DIRECTION_TOP3,1,
h5m80d50_direction,688300.SH,20260311,H5_COMPETING_DIRECTION_TOP3,1,
h5m80d50_direction,300870.SZ,20260310,H5_COMPETING_DIRECTION_TOP3,1,
h5m80d50_direction,688158.SH,20260310,H5_COMPETING_DIRECTION_TOP3,1,
h5m80d50_direction,688300.SH,20260310,H5_COMPETING_DIRECTION_TOP3,1,
h5m80d50_direction,001203.SZ,20260309,H5_COMPETING_DIRECTION_TOP3,1,
h5m80d50_direction,002015.SZ,20260309,H5_COMPETING_DIRECTION_TOP3,1,
h5m80d50_direction,600821.SH,20260309,H5_COMPETING_DIRECTION_TOP3,1,
h5m80d50_direction,002498.SZ,20260306,H5_COMPETING_DIRECTION_TOP3,1,
h5m80d50_direction,300323.SZ,20260306,H5_COMPETING_DIRECTION_TOP3,1,
h5m80d50_direction,600821.SH,20260306,H5_COMPETING_DIRECTION_TOP3,1,
h5m80d50_direction,002498.SZ,20260305,H5_COMPETING_DIRECTION_TOP3,1,
h5m80d50_direction,300323.SZ,20260305,H5_COMPETING_DIRECTION_TOP3,1,
h5m80d50_direction,600487.SH,20260305,H5_COMPETING_DIRECTION_TOP3,1,
h5m80d50_direction,300870.SZ,20260304,H5_COMPETING_DIRECTION_TOP3,1,
h5m80d50_direction,301500.SZ,20260304,H5_COMPETING_DIRECTION_TOP3,1,
h5m80d50_direction,688702.SH,20260304,H5_COMPETING_DIRECTION_TOP3,1,
h5m80d50_direction,002378.SZ,20260303,H5_COMPETING_DIRECTION_TOP3,1,
h5m80d50_direction,601869.SH,20260303,H5_COMPETING_DIRECTION_TOP3,1,
h5m80d50_direction,601975.SH,20260303,H5_COMPETING_DIRECTION_TOP3,1,
h5m80d50_direction,000657.SZ,20260302,H5_COMPETING_DIRECTION_TOP3,1,
h5m80d50_direction,002378.SZ,20260302,H5_COMPETING_DIRECTION_TOP3,1,
h5m80d50_direction,600498.SH,20260302,H5_COMPETING_DIRECTION_TOP3,1,
h5m80d50_direction,001203.SZ,20260227,H5_COMPETING_DIRECTION_TOP3,1,
h5m80d50_direction,002378.SZ,20260227,H5_COMPETING_DIRECTION_TOP3,1,
h5m80d50_direction,688726.SH,20260227,H5_COMPETING_DIRECTION_TOP3,1,
h5m80d50_direction,000657.SZ,20260226,H5_COMPETING_DIRECTION_TOP3,1,
h5m80d50_direction,001203.SZ,20260226,H5_COMPETING_DIRECTION_TOP3,1,
h5m80d50_direction,002378.SZ,20260226,H5_COMPETING_DIRECTION_TOP3,1,
h5m80d50_direction,001203.SZ,20260225,H5_COMPETING_DIRECTION_TOP3,1,
h5m80d50_direction,002378.SZ,20260225,H5_COMPETING_DIRECTION_TOP3,1,
h5m80d50_direction,301526.SZ,20260225,H5_COMPETING_DIRECTION_TOP3,1,
h5m80d50_direction,002378.SZ,20260224,H5_COMPETING_DIRECTION_TOP3,1,
h5m80d50_direction,002498.SZ,20260224,H5_COMPETING_DIRECTION_TOP3,1,
h5m80d50_direction,300065.SZ,20260224,H5_COMPETING_DIRECTION_TOP3,1,
h5m80d50_direction,002378.SZ,20260213,H5_COMPETING_DIRECTION_TOP3,1,
h5m80d50_direction,300017.SZ,20260213,H5_COMPETING_DIRECTION_TOP3,1,
h5m80d50_direction,301526.SZ,20260213,H5_COMPETING_DIRECTION_TOP3,1,
h5m80d50_direction,002378.SZ,20260212,H5_COMPETING_DIRECTION_TOP3,1,
h5m80d50_direction,301526.SZ,20260212,H5_COMPETING_DIRECTION_TOP3,1,
h5m80d50_direction,603619.SH,20260212,H5_COMPETING_DIRECTION_TOP3,1,
h5m80d50_direction,002378.SZ,20260211,H5_COMPETING_DIRECTION_TOP3,1,
h5m80d50_direction,300017.SZ,20260211,H5_COMPETING_DIRECTION_TOP3,1,
h5m80d50_direction,301526.SZ,20260211,H5_COMPETING_DIRECTION_TOP3,1,
h5m80d50_direction,002429.SZ,20260210,H5_COMPETING_DIRECTION_TOP3,1,
h5m80d50_direction,301526.SZ,20260210,H5_COMPETING_DIRECTION_TOP3,1,
h5m80d50_direction,601869.SH,20260210,H5_COMPETING_DIRECTION_TOP3,1,
h5m80d50_direction,002506.SZ,20260209,H5_COMPETING_DIRECTION_TOP3,1,
h5m80d50_direction,600884.SH,20260209,H5_COMPETING_DIRECTION_TOP3,1,
h5m80d50_direction,603103.SH,20260209,H5_COMPETING_DIRECTION_TOP3,1,
h5m80d50_direction,002378.SZ,20260206,H5_COMPETING_DIRECTION_TOP3,1,
h5m80d50_direction,300751.SZ,20260206,H5_COMPETING_DIRECTION_TOP3,1,
h5m80d50_direction,688726.SH,20260206,H5_COMPETING_DIRECTION_TOP3,1,
h5m80d50_direction,000657.SZ,20260205,H5_COMPETING_DIRECTION_TOP3,1,
h5m80d50_direction,300751.SZ,20260205,H5_COMPETING_DIRECTION_TOP3,1,
h5m80d50_direction,688726.SH,20260205,H5_COMPETING_DIRECTION_TOP3,1,
h5m80d50_direction,300065.SZ,20260204,H5_COMPETING_DIRECTION_TOP3,1,
h5m80d50_direction,688516.SH,20260204,H5_COMPETING_DIRECTION_TOP3,1,
h5m80d50_direction,688726.SH,20260204,H5_COMPETING_DIRECTION_TOP3,1,
h5m80d50_direction,300757.SZ,20260203,H5_COMPETING_DIRECTION_TOP3,1,
h5m80d50_direction,600986.SH,20260203,H5_COMPETING_DIRECTION_TOP3,1,
h5m80d50_direction,688516.SH,20260203,H5_COMPETING_DIRECTION_TOP3,1,
h5m80d50_direction,300058.SZ,20260202,H5_COMPETING_DIRECTION_TOP3,1,
h5m80d50_direction,603103.SH,20260202,H5_COMPETING_DIRECTION_TOP3,1,
h5m80d50_direction,688380.SH,20260202,H5_COMPETING_DIRECTION_TOP3,1,
h5m80d50_direction,300757.SZ,20260130,H5_COMPETING_DIRECTION_TOP3,1,
h5m80d50_direction,688380.SH,20260130,H5_COMPETING_DIRECTION_TOP3,1,
h5m80d50_direction,688516.SH,20260130,H5_COMPETING_DIRECTION_TOP3,1,
h5m80d50_direction,300136.SZ,20260129,H5_COMPETING_DIRECTION_TOP3,1,
h5m80d50_direction,601069.SH,20260129,H5_COMPETING_DIRECTION_TOP3,1,
h5m80d50_direction,688380.SH,20260129,H5_COMPETING_DIRECTION_TOP3,1,
h5m80d50_direction,000620.SZ,20260128,H5_COMPETING_DIRECTION_TOP3,1,
h5m80d50_direction,300567.SZ,20260128,H5_COMPETING_DIRECTION_TOP3,1,
h5m80d50_direction,688380.SH,20260128,H5_COMPETING_DIRECTION_TOP3,1,
h5m80d50_direction,300857.SZ,20260127,H5_COMPETING_DIRECTION_TOP3,1,
h5m80d50_direction,301207.SZ,20260127,H5_COMPETING_DIRECTION_TOP3,1,
h5m80d50_direction,600877.SH,20260127,H5_COMPETING_DIRECTION_TOP3,1,
h5m80d50_direction,000426.SZ,20260126,H5_COMPETING_DIRECTION_TOP3,1,
h5m80d50_direction,002716.SZ,20260126,H5_COMPETING_DIRECTION_TOP3,1,
h5m80d50_direction,300751.SZ,20260126,H5_COMPETING_DIRECTION_TOP3,1,
h5m80d50_direction,301205.SZ,20260123,H5_COMPETING_DIRECTION_TOP3,1,
h5m80d50_direction,600118.SH,20260123,H5_COMPETING_DIRECTION_TOP3,1,
h5m80d50_direction,601212.SH,20260123,H5_COMPETING_DIRECTION_TOP3,1,
h5m80d50_direction,600879.SH,20260122,H5_COMPETING_DIRECTION_TOP3,1,
h5m80d50_direction,688387.SH,20260122,H5_COMPETING_DIRECTION_TOP3,1,
h5m80d50_direction,688523.SH,20260122,H5_COMPETING_DIRECTION_TOP3,1,
h5m80d50_direction,000880.SZ,20260121,H5_COMPETING_DIRECTION_TOP3,1,
h5m80d50_direction,002716.SZ,20260121,H5_COMPETING_DIRECTION_TOP3,1,
h5m80d50_direction,600118.SH,20260121,H5_COMPETING_DIRECTION_TOP3,1,
h5m80d50_direction,002498.SZ,20260120,H5_COMPETING_DIRECTION_TOP3,1,
h5m80d50_direction,600118.SH,20260120,H5_COMPETING_DIRECTION_TOP3,1,
h5m80d50_direction,688523.SH,20260120,H5_COMPETING_DIRECTION_TOP3,1,
h5m80d50_direction,002498.SZ,20260119,H5_COMPETING_DIRECTION_TOP3,1,
h5m80d50_direction,600879.SH,20260119,H5_COMPETING_DIRECTION_TOP3,1,
h5m80d50_direction,603667.SH,20260119,H5_COMPETING_DIRECTION_TOP3,1,
h5m80d50_direction,300762.SZ,20260116,H5_COMPETING_DIRECTION_TOP3,1,
h5m80d50_direction,600879.SH,20260116,H5_COMPETING_DIRECTION_TOP3,1,
h5m80d50_direction,688523.SH,20260116,H5_COMPETING_DIRECTION_TOP3,1,
h5m80d50_direction,300136.SZ,20260115,H5_COMPETING_DIRECTION_TOP3,1,
h5m80d50_direction,300409.SZ,20260115,H5_COMPETING_DIRECTION_TOP3,1,
h5m80d50_direction,603000.SH,20260115,H5_COMPETING_DIRECTION_TOP3,1,
h5m80d50_direction,002465.SZ,20260114,H5_COMPETING_DIRECTION_TOP3,1,
h5m80d50_direction,300136.SZ,20260114,H5_COMPETING_DIRECTION_TOP3,1,
h5m80d50_direction,300409.SZ,20260114,H5_COMPETING_DIRECTION_TOP3,1,
h5m80d50_direction,002465.SZ,20260113,H5_COMPETING_DIRECTION_TOP3,1,
h5m80d50_direction,300136.SZ,20260113,H5_COMPETING_DIRECTION_TOP3,1,
h5m80d50_direction,300409.SZ,20260113,H5_COMPETING_DIRECTION_TOP3,1,
h5m80d50_direction,002044.SZ,20260112,H5_COMPETING_DIRECTION_TOP3,1,
h5m80d50_direction,600879.SH,20260112,H5_COMPETING_DIRECTION_TOP3,1,
h5m80d50_direction,603496.SH,20260112,H5_COMPETING_DIRECTION_TOP3,1,
h5m80d50_direction,002202.SZ,20260109,H5_COMPETING_DIRECTION_TOP3,1,
h5m80d50_direction,600118.SH,20260109,H5_COMPETING_DIRECTION_TOP3,1,
h5m80d50_direction,600879.SH,20260109,H5_COMPETING_DIRECTION_TOP3,1,
h5m80d50_direction,600783.SH,20260108,H5_COMPETING_DIRECTION_TOP3,1,
h5m80d50_direction,601611.SH,20260108,H5_COMPETING_DIRECTION_TOP3,1,
h5m80d50_direction,603650.SH,20260108,H5_COMPETING_DIRECTION_TOP3,1,
h5m80d50_direction,000620.SZ,20260107,H5_COMPETING_DIRECTION_TOP3,1,
h5m80d50_direction,600118.SH,20260107,H5_COMPETING_DIRECTION_TOP3,1,
h5m80d50_direction,600879.SH,20260107,H5_COMPETING_DIRECTION_TOP3,1,
h5m80d50_direction,002195.SZ,20260106,H5_COMPETING_DIRECTION_TOP3,1,
h5m80d50_direction,301293.SZ,20260106,H5_COMPETING_DIRECTION_TOP3,1,
h5m80d50_direction,688523.SH,20260106,H5_COMPETING_DIRECTION_TOP3,1,
h5m80d50_direction,002195.SZ,20260105,H5_COMPETING_DIRECTION_TOP3,1,
h5m80d50_direction,600118.SH,20260105,H5_COMPETING_DIRECTION_TOP3,1,
h5m80d50_direction,688102.SH,20260105,H5_COMPETING_DIRECTION_TOP3,1,
h5m80d50_direction,300762.SZ,20251231,H5_COMPETING_DIRECTION_TOP3,1,
h5m80d50_direction,603667.SH,20251231,H5_COMPETING_DIRECTION_TOP3,1,
h5m80d50_direction,688102.SH,20251231,H5_COMPETING_DIRECTION_TOP3,1,
h5m80d50_direction,300136.SZ,20251230,H5_COMPETING_DIRECTION_TOP3,1,
h5m80d50_direction,300762.SZ,20251230,H5_COMPETING_DIRECTION_TOP3,1,
h5m80d50_direction,688629.SH,20251230,H5_COMPETING_DIRECTION_TOP3,1,
h5m80d50_direction,002465.SZ,20251229,H5_COMPETING_DIRECTION_TOP3,1,
h5m80d50_direction,300136.SZ,20251229,H5_COMPETING_DIRECTION_TOP3,1,
h5m80d50_direction,300762.SZ,20251229,H5_COMPETING_DIRECTION_TOP3,1,
h5m80d50_direction,300762.SZ,20251226,H5_COMPETING_DIRECTION_TOP3,1,
h5m80d50_direction,600118.SH,20251226,H5_COMPETING_DIRECTION_TOP3,1,
h5m80d50_direction,600879.SH,20251226,H5_COMPETING_DIRECTION_TOP3,1,
h5m80d50_direction,300762.SZ,20251225,H5_COMPETING_DIRECTION_TOP3,1,
h5m80d50_direction,600118.SH,20251225,H5_COMPETING_DIRECTION_TOP3,1,
h5m80d50_direction,600879.SH,20251225,H5_COMPETING_DIRECTION_TOP3,1,
h5m80d50_direction,300726.SZ,20251224,H5_COMPETING_DIRECTION_TOP3,1,
h5m80d50_direction,600118.SH,20251224,H5_COMPETING_DIRECTION_TOP3,1,
h5m80d50_direction,688102.SH,20251224,H5_COMPETING_DIRECTION_TOP3,1,
h5m80d50_direction,002163.SZ,20251223,H5_COMPETING_DIRECTION_TOP3,1,
h5m80d50_direction,300456.SZ,20251223,H5_COMPETING_DIRECTION_TOP3,1,
h5m80d50_direction,301205.SZ,20251223,H5_COMPETING_DIRECTION_TOP3,1,
h5m80d50_direction,002163.SZ,20251222,H5_COMPETING_DIRECTION_TOP3,1,
h5m80d50_direction,300762.SZ,20251222,H5_COMPETING_DIRECTION_TOP3,1,
h5m80d50_direction,688048.SH,20251222,H5_COMPETING_DIRECTION_TOP3,1,
h5m80d50_direction,002046.SZ,20251219,H5_COMPETING_DIRECTION_TOP3,1,
h5m80d50_direction,002149.SZ,20251219,H5_COMPETING_DIRECTION_TOP3,1,
h5m80d50_direction,603698.SH,20251219,H5_COMPETING_DIRECTION_TOP3,1,
h5m80d50_direction,001203.SZ,20251218,H5_COMPETING_DIRECTION_TOP3,1,
h5m80d50_direction,002149.SZ,20251218,H5_COMPETING_DIRECTION_TOP3,1,
h5m80d50_direction,301205.SZ,20251218,H5_COMPETING_DIRECTION_TOP3,1,
h5m80d50_direction,002149.SZ,20251217,H5_COMPETING_DIRECTION_TOP3,1,
h5m80d50_direction,002837.SZ,20251217,H5_COMPETING_DIRECTION_TOP3,1,
h5m80d50_direction,688102.SH,20251217,H5_COMPETING_DIRECTION_TOP3,1,
h5m80d50_direction,300456.SZ,20251216,H5_COMPETING_DIRECTION_TOP3,1,
h5m80d50_direction,000620.SZ,20251215,H5_COMPETING_DIRECTION_TOP3,1,
h5m80d50_direction,688102.SH,20251215,H5_COMPETING_DIRECTION_TOP3,1,
h5m80d50_direction,688048.SH,20251212,H5_COMPETING_DIRECTION_TOP3,1,
h5m80d50_direction,688102.SH,20251212,H5_COMPETING_DIRECTION_TOP3,1,
h5m80d50_direction,300456.SZ,20251211,H5_COMPETING_DIRECTION_TOP3,1,
h5m80d50_direction,300620.SZ,20251211,H5_COMPETING_DIRECTION_TOP3,1,
h5m80d50_direction,688313.SH,20251211,H5_COMPETING_DIRECTION_TOP3,1,
h5m80d50_direction,001203.SZ,20251210,H5_COMPETING_DIRECTION_TOP3,1,
h5m80d50_direction,688048.SH,20251210,H5_COMPETING_DIRECTION_TOP3,1,
h5m80d50_direction,300620.SZ,20251209,H5_COMPETING_DIRECTION_TOP3,1,
h5m80d50_direction,688048.SH,20251209,H5_COMPETING_DIRECTION_TOP3,1,
h5m80d50_direction,688205.SH,20251209,H5_COMPETING_DIRECTION_TOP3,1,
h5m80d50_direction,300620.SZ,20251208,H5_COMPETING_DIRECTION_TOP3,1,
h5m80d50_direction,688048.SH,20251208,H5_COMPETING_DIRECTION_TOP3,1,
h5m80d50_direction,688313.SH,20251208,H5_COMPETING_DIRECTION_TOP3,1,
h5m80d50_direction,300620.SZ,20251205,H5_COMPETING_DIRECTION_TOP3,1,
h5m80d50_direction,688048.SH,20251205,H5_COMPETING_DIRECTION_TOP3,1,
h5m80d50_direction,688313.SH,20251205,H5_COMPETING_DIRECTION_TOP3,1,
h5m80d50_direction,688147.SH,20251204,H5_COMPETING_DIRECTION_TOP3,1,
h5m80d50_direction,688498.SH,20251204,H5_COMPETING_DIRECTION_TOP3,1,
h5m80d50_direction,688523.SH,20251204,H5_COMPETING_DIRECTION_TOP3,1,
h5m80d50_direction,300620.SZ,20251203,H5_COMPETING_DIRECTION_TOP3,1,
h5m80d50_direction,688205.SH,20251203,H5_COMPETING_DIRECTION_TOP3,1,
h5m80d50_direction,688523.SH,20251203,H5_COMPETING_DIRECTION_TOP3,1,
h5m80d50_direction,300456.SZ,20251202,H5_COMPETING_DIRECTION_TOP3,1,
h5m80d50_direction,688205.SH,20251202,H5_COMPETING_DIRECTION_TOP3,1,
h5m80d50_direction,688313.SH,20251202,H5_COMPETING_DIRECTION_TOP3,1,
h5m80d50_direction,300620.SZ,20251201,H5_COMPETING_DIRECTION_TOP3,1,
h5m80d50_direction,688313.SH,20251201,H5_COMPETING_DIRECTION_TOP3,1,
h5m80d50_direction,688523.SH,20251201,H5_COMPETING_DIRECTION_TOP3,1,
h5m80d50_direction,001203.SZ,20251128,H5_COMPETING_DIRECTION_TOP3,1,
h5m80d50_direction,300620.SZ,20251128,H5_COMPETING_DIRECTION_TOP3,1,
h5m80d50_direction,001203.SZ,20251127,H5_COMPETING_DIRECTION_TOP3,1,
h5m80d50_direction,300456.SZ,20251127,H5_COMPETING_DIRECTION_TOP3,1,
h5m80d50_direction,688110.SH,20251127,H5_COMPETING_DIRECTION_TOP3,1,
h5m80d50_direction,300390.SZ,20251126,H5_COMPETING_DIRECTION_TOP3,1,
h5m80d50_direction,300456.SZ,20251126,H5_COMPETING_DIRECTION_TOP3,1,
h5m80d50_direction,688498.SH,20251126,H5_COMPETING_DIRECTION_TOP3,1,
h5m80d50_direction,688048.SH,20251125,H5_COMPETING_DIRECTION_TOP3,1,
h5m80d50_direction,688498.SH,20251125,H5_COMPETING_DIRECTION_TOP3,1,
h5m80d50_direction,300620.SZ,20251124,H5_COMPETING_DIRECTION_TOP3,1,
h5m80d50_direction,301205.SZ,20251124,H5_COMPETING_DIRECTION_TOP3,1,
h5m80d50_direction,688498.SH,20251124,H5_COMPETING_DIRECTION_TOP3,1,
h5m80d50_direction,300456.SZ,20251121,H5_COMPETING_DIRECTION_TOP3,1,
h5m80d50_direction,301205.SZ,20251121,H5_COMPETING_DIRECTION_TOP3,1,
h5m80d50_direction,688498.SH,20251121,H5_COMPETING_DIRECTION_TOP3,1,
h5m80d50_direction,000833.SZ,20251120,H5_COMPETING_DIRECTION_TOP3,1,
h5m80d50_direction,300548.SZ,20251120,H5_COMPETING_DIRECTION_TOP3,1,
h5m80d50_direction,688205.SH,20251120,H5_COMPETING_DIRECTION_TOP3,1,
h5m80d50_direction,300456.SZ,20251119,H5_COMPETING_DIRECTION_TOP3,1,
h5m80d50_direction,301205.SZ,20251119,H5_COMPETING_DIRECTION_TOP3,1,
h5m80d50_direction,688205.SH,20251119,H5_COMPETING_DIRECTION_TOP3,1,
h5m80d50_direction,000833.SZ,20251118,H5_COMPETING_DIRECTION_TOP3,1,
h5m80d50_direction,001203.SZ,20251118,H5_COMPETING_DIRECTION_TOP3,1,
h5m80d50_direction,300058.SZ,20251118,H5_COMPETING_DIRECTION_TOP3,1,
h5m80d50_direction,000620.SZ,20251117,H5_COMPETING_DIRECTION_TOP3,1,
h5m80d50_direction,000833.SZ,20251117,H5_COMPETING_DIRECTION_TOP3,1,
h5m80d50_direction,001203.SZ,20251117,H5_COMPETING_DIRECTION_TOP3,1,
h5m80d50_direction,000620.SZ,20251114,H5_COMPETING_DIRECTION_TOP3,1,
h5m80d50_direction,001203.SZ,20251114,H5_COMPETING_DIRECTION_TOP3,1,
h5m80d50_direction,603026.SH,20251114,H5_COMPETING_DIRECTION_TOP3,1,
h5m80d50_direction,000833.SZ,20251113,H5_COMPETING_DIRECTION_TOP3,1,
h5m80d50_direction,300390.SZ,20251113,H5_COMPETING_DIRECTION_TOP3,1,
h5m80d50_direction,603026.SH,20251113,H5_COMPETING_DIRECTION_TOP3,1,
h5m80d50_direction,000620.SZ,20251112,H5_COMPETING_DIRECTION_TOP3,1,
h5m80d50_direction,000833.SZ,20251112,H5_COMPETING_DIRECTION_TOP3,1,
h5m80d50_direction,002326.SZ,20251112,H5_COMPETING_DIRECTION_TOP3,1,
h5m80d50_direction,000620.SZ,20251111,H5_COMPETING_DIRECTION_TOP3,1,
h5m80d50_direction,000833.SZ,20251111,H5_COMPETING_DIRECTION_TOP3,1,
h5m80d50_direction,300390.SZ,20251111,H5_COMPETING_DIRECTION_TOP3,1,
h5m80d50_direction,000620.SZ,20251110,H5_COMPETING_DIRECTION_TOP3,1,
h5m80d50_direction,001203.SZ,20251110,H5_COMPETING_DIRECTION_TOP3,1,
h5m80d50_direction,002326.SZ,20251110,H5_COMPETING_DIRECTION_TOP3,1,
h5m80d50_direction,001203.SZ,20251107,H5_COMPETING_DIRECTION_TOP3,1,
h5m80d50_direction,300390.SZ,20251107,H5_COMPETING_DIRECTION_TOP3,1,
h5m80d50_direction,688676.SH,20251107,H5_COMPETING_DIRECTION_TOP3,1,
h5m80d50_direction,001203.SZ,20251106,H5_COMPETING_DIRECTION_TOP3,1,
h5m80d50_direction,001309.SZ,20251106,H5_COMPETING_DIRECTION_TOP3,1,
h5m80d50_direction,600550.SH,20251106,H5_COMPETING_DIRECTION_TOP3,1,
h5m80d50_direction,300438.SZ,20251105,H5_COMPETING_DIRECTION_TOP3,1,
h5m80d50_direction,603530.SH,20251105,H5_COMPETING_DIRECTION_TOP3,1,
h5m80d50_direction,688676.SH,20251105,H5_COMPETING_DIRECTION_TOP3,1,
h5m80d50_direction,601126.SH,20251104,H5_COMPETING_DIRECTION_TOP3,1,
h5m80d50_direction,601179.SH,20251104,H5_COMPETING_DIRECTION_TOP3,1,
h5m80d50_direction,688676.SH,20251104,H5_COMPETING_DIRECTION_TOP3,1,
h5m80d50_direction,000555.SZ,20251103,H5_COMPETING_DIRECTION_TOP3,1,
h5m80d50_direction,000620.SZ,20251103,H5_COMPETING_DIRECTION_TOP3,1,
h5m80d50_direction,688676.SH,20251103,H5_COMPETING_DIRECTION_TOP3,1,
h5m80d50_direction,300438.SZ,20251031,H5_COMPETING_DIRECTION_TOP3,1,
h5m80d50_direction,601126.SH,20251031,H5_COMPETING_DIRECTION_TOP3,1,
h5m80d50_direction,688676.SH,20251031,H5_COMPETING_DIRECTION_TOP3,1,
h5m80d50_direction,001203.SZ,20251030,H5_COMPETING_DIRECTION_TOP3,1,
h5m80d50_direction,300438.SZ,20251030,H5_COMPETING_DIRECTION_TOP3,1,
h5m80d50_direction,601126.SH,20251030,H5_COMPETING_DIRECTION_TOP3,1,
h5m80d50_direction,000657.SZ,20251029,H5_COMPETING_DIRECTION_TOP3,1,
h5m80d50_direction,001203.SZ,20251029,H5_COMPETING_DIRECTION_TOP3,1,
h5m80d50_direction,688676.SH,20251029,H5_COMPETING_DIRECTION_TOP3,1,
h5m80d50_direction,000969.SZ,20251028,H5_COMPETING_DIRECTION_TOP3,1,
h5m80d50_direction,002192.SZ,20251028,H5_COMPETING_DIRECTION_TOP3,1,
h5m80d50_direction,300475.SZ,20251028,H5_COMPETING_DIRECTION_TOP3,1,
h5m80d50_direction,300475.SZ,20251027,H5_COMPETING_DIRECTION_TOP3,1,
h5m80d50_direction,301308.SZ,20251027,H5_COMPETING_DIRECTION_TOP3,1,
h5m80d50_direction,688766.SH,20251027,H5_COMPETING_DIRECTION_TOP3,1,
h5m80d50_direction,300475.SZ,20251024,H5_COMPETING_DIRECTION_TOP3,1,
h5m80d50_direction,301308.SZ,20251024,H5_COMPETING_DIRECTION_TOP3,1,
h5m80d50_direction,688183.SH,20251024,H5_COMPETING_DIRECTION_TOP3,1,
h5m80d50_direction,000058.SZ,20251023,H5_COMPETING_DIRECTION_TOP3,1,
h5m80d50_direction,688123.SH,20251023,H5_COMPETING_DIRECTION_TOP3,1,
h5m80d50_direction,688525.SH,20251023,H5_COMPETING_DIRECTION_TOP3,1,
h5m80d50_direction,001309.SZ,20251022,H5_COMPETING_DIRECTION_TOP3,1,
h5m80d50_direction,301308.SZ,20251022,H5_COMPETING_DIRECTION_TOP3,1,
h5m80d50_direction,688525.SH,20251022,H5_COMPETING_DIRECTION_TOP3,1,
h5m80d50_direction,001309.SZ,20251021,H5_COMPETING_DIRECTION_TOP3,1,
h5m80d50_direction,600403.SH,20251021,H5_COMPETING_DIRECTION_TOP3,1,
h5m80d50_direction,600629.SH,20251021,H5_COMPETING_DIRECTION_TOP3,1,
h5m80d50_direction,001309.SZ,20251020,H5_COMPETING_DIRECTION_TOP3,1,
h5m80d50_direction,301308.SZ,20251020,H5_COMPETING_DIRECTION_TOP3,1,
h5m80d50_direction,688525.SH,20251020,H5_COMPETING_DIRECTION_TOP3,1,
h5m80d50_direction,300548.SZ,20251017,H5_COMPETING_DIRECTION_TOP3,1,
h5m80d50_direction,600629.SH,20251017,H5_COMPETING_DIRECTION_TOP3,1,
h5m80d50_direction,002320.SZ,20251016,H5_COMPETING_DIRECTION_TOP3,1,
h5m80d50_direction,600629.SH,20251016,H5_COMPETING_DIRECTION_TOP3,1,
h5m80d50_direction,301071.SZ,20251015,H5_COMPETING_DIRECTION_TOP3,1,
h5m80d50_direction,600629.SH,20251015,H5_COMPETING_DIRECTION_TOP3,1,
h5m80d50_direction,600629.SH,20251014,H5_COMPETING_DIRECTION_TOP3,1,
h5m80d50_direction,601126.SH,20251014,H5_COMPETING_DIRECTION_TOP3,1,
h5m80d50_direction,688062.SH,20251014,H5_COMPETING_DIRECTION_TOP3,1,
h5m80d50_direction,000969.SZ,20251013,H5_COMPETING_DIRECTION_TOP3,1,
h5m80d50_direction,600629.SH,20251013,H5_COMPETING_DIRECTION_TOP3,1,
h5m80d50_direction,688658.SH,20251013,H5_COMPETING_DIRECTION_TOP3,1,
h5m80d50_direction,000737.SZ,20251010,H5_COMPETING_DIRECTION_TOP3,1,
h5m80d50_direction,600629.SH,20251010,H5_COMPETING_DIRECTION_TOP3,1,
h5m80d50_direction,688347.SH,20251010,H5_COMPETING_DIRECTION_TOP3,1,
h5m80d50_direction,000923.SZ,20251009,H5_COMPETING_DIRECTION_TOP3,1,
h5m80d50_direction,600635.SH,20251009,H5_COMPETING_DIRECTION_TOP3,1,
h5m80d50_direction,601212.SH,20251009,H5_COMPETING_DIRECTION_TOP3,1,
h5m80d50_direction,000672.SZ,20250930,H5_COMPETING_DIRECTION_TOP3,1,
h5m80d50_direction,600629.SH,20250930,H5_COMPETING_DIRECTION_TOP3,1,
h5m80d50_direction,600641.SH,20250930,H5_COMPETING_DIRECTION_TOP3,1,
h5m80d50_direction,600531.SH,20250929,H5_COMPETING_DIRECTION_TOP3,1,
h5m80d50_direction,600629.SH,20250929,H5_COMPETING_DIRECTION_TOP3,1,
h5m80d50_direction,601212.SH,20250929,H5_COMPETING_DIRECTION_TOP3,1,
h5m80d50_direction,001309.SZ,20250926,H5_COMPETING_DIRECTION_TOP3,1,
h5m80d50_direction,600629.SH,20250926,H5_COMPETING_DIRECTION_TOP3,1,
h5m80d50_direction,688123.SH,20250926,H5_COMPETING_DIRECTION_TOP3,1,
h5m80d50_direction,000737.SZ,20250925,H5_COMPETING_DIRECTION_TOP3,1,
h5m80d50_direction,605358.SH,20250925,H5_COMPETING_DIRECTION_TOP3,1,
h5m80d50_direction,688503.SH,20250925,H5_COMPETING_DIRECTION_TOP3,1,
h5m80d50_direction,300604.SZ,20250924,H5_COMPETING_DIRECTION_TOP3,1,
h5m80d50_direction,600167.SH,20250924,H5_COMPETING_DIRECTION_TOP3,1,
h5m80d50_direction,605358.SH,20250924,H5_COMPETING_DIRECTION_TOP3,1,
h5m80d50_direction,001309.SZ,20250923,H5_COMPETING_DIRECTION_TOP3,1,
h5m80d50_direction,300604.SZ,20250923,H5_COMPETING_DIRECTION_TOP3,1,
h5m80d50_direction,600635.SH,20250923,H5_COMPETING_DIRECTION_TOP3,1,
h5m80d50_direction,001309.SZ,20250922,H5_COMPETING_DIRECTION_TOP3,1,
h5m80d50_direction,301308.SZ,20250922,H5_COMPETING_DIRECTION_TOP3,1,
h5m80d50_direction,600167.SH,20250922,H5_COMPETING_DIRECTION_TOP3,1,
h5m80d50_direction,300857.SZ,20250919,H5_COMPETING_DIRECTION_TOP3,1,
h5m80d50_direction,301308.SZ,20250919,H5_COMPETING_DIRECTION_TOP3,1,
h5m80d50_direction,688110.SH,20250919,H5_COMPETING_DIRECTION_TOP3,1,
h5m80d50_direction,600651.SH,20250918,H5_COMPETING_DIRECTION_TOP3,1,
h5m80d50_direction,600699.SH,20250918,H5_COMPETING_DIRECTION_TOP3,1,
h5m80d50_direction,603786.SH,20250918,H5_COMPETING_DIRECTION_TOP3,1,
h5m80d50_direction,300475.SZ,20250917,H5_COMPETING_DIRECTION_TOP3,1,
h5m80d50_direction,603786.SH,20250917,H5_COMPETING_DIRECTION_TOP3,1,
h5m80d50_direction,688498.SH,20250917,H5_COMPETING_DIRECTION_TOP3,1,
h5m80d50_direction,600170.SH,20250916,H5_COMPETING_DIRECTION_TOP3,1,
h5m80d50_direction,600580.SH,20250916,H5_COMPETING_DIRECTION_TOP3,1,
h5m80d50_direction,688498.SH,20250916,H5_COMPETING_DIRECTION_TOP3,1,
h5m80d50_direction,300620.SZ,20250915,H5_COMPETING_DIRECTION_TOP3,1,
h5m80d50_direction,600580.SH,20250915,H5_COMPETING_DIRECTION_TOP3,1,
h5m80d50_direction,601869.SH,20250915,H5_COMPETING_DIRECTION_TOP3,1,
h5m80d50_direction,600580.SH,20250912,H5_COMPETING_DIRECTION_TOP3,1,
h5m80d50_direction,603083.SH,20250912,H5_COMPETING_DIRECTION_TOP3,1,
h5m80d50_direction,688205.SH,20250912,H5_COMPETING_DIRECTION_TOP3,1,
h5m80d50_direction,688498.SH,20250911,H5_COMPETING_DIRECTION_TOP3,1,
h5m80d50_direction,688519.SH,20250911,H5_COMPETING_DIRECTION_TOP3,1,
h5m80d50_direction,688702.SH,20250911,H5_COMPETING_DIRECTION_TOP3,1,
h5m80d50_direction,688205.SH,20250910,H5_COMPETING_DIRECTION_TOP3,1,
h5m80d50_direction,688498.SH,20250910,H5_COMPETING_DIRECTION_TOP3,1,
h5m80d50_direction,688519.SH,20250910,H5_COMPETING_DIRECTION_TOP3,1,
h5m80d50_direction,300548.SZ,20250909,H5_COMPETING_DIRECTION_TOP3,1,
h5m80d50_direction,688205.SH,20250909,H5_COMPETING_DIRECTION_TOP3,1,
h5m80d50_direction,688519.SH,20250909,H5_COMPETING_DIRECTION_TOP3,1,
h5m80d50_direction,688205.SH,20250908,H5_COMPETING_DIRECTION_TOP3,1,
h5m80d50_direction,688313.SH,20250908,H5_COMPETING_DIRECTION_TOP3,1,
h5m80d50_direction,688702.SH,20250908,H5_COMPETING_DIRECTION_TOP3,1,
h5m80d50_direction,002364.SZ,20250905,H5_COMPETING_DIRECTION_TOP3,1,
h5m80d50_direction,600580.SH,20250905,H5_COMPETING_DIRECTION_TOP3,1,
h5m80d50_direction,601069.SH,20250905,H5_COMPETING_DIRECTION_TOP3,1,
h5m80d50_direction,300827.SZ,20250904,H5_COMPETING_DIRECTION_TOP3,1,
h5m80d50_direction,300953.SZ,20250904,H5_COMPETING_DIRECTION_TOP3,1,
h5m80d50_direction,688006.SH,20250904,H5_COMPETING_DIRECTION_TOP3,1,
h5m80d50_direction,300450.SZ,20250903,H5_COMPETING_DIRECTION_TOP3,1,
h5m80d50_direction,300457.SZ,20250903,H5_COMPETING_DIRECTION_TOP3,1,
h5m80d50_direction,300953.SZ,20250903,H5_COMPETING_DIRECTION_TOP3,1,
h5m80d50_direction,300450.SZ,20250902,H5_COMPETING_DIRECTION_TOP3,1,
h5m80d50_direction,601212.SH,20250902,H5_COMPETING_DIRECTION_TOP3,1,
h5m80d50_direction,688006.SH,20250902,H5_COMPETING_DIRECTION_TOP3,1,
h5m80d50_direction,300450.SZ,20250901,H5_COMPETING_DIRECTION_TOP3,1,
h5m80d50_direction,688006.SH,20250901,H5_COMPETING_DIRECTION_TOP3,1,
h5m80d50_direction,688062.SH,20250901,H5_COMPETING_DIRECTION_TOP3,1,
h5m80d50_direction,300450.SZ,20250829,H5_COMPETING_DIRECTION_TOP3,1,
h5m80d50_direction,300457.SZ,20250829,H5_COMPETING_DIRECTION_TOP3,1,
h5m80d50_direction,301487.SZ,20250829,H5_COMPETING_DIRECTION_TOP3,1,
h5m80d50_direction,000831.SZ,20250828,H5_COMPETING_DIRECTION_TOP3,1,
h5m80d50_direction,600651.SH,20250828,H5_COMPETING_DIRECTION_TOP3,1,
h5m80d50_direction,688062.SH,20250828,H5_COMPETING_DIRECTION_TOP3,1,
h5m80d50_direction,002837.SZ,20250827,H5_COMPETING_DIRECTION_TOP3,1,
h5m80d50_direction,301018.SZ,20250827,H5_COMPETING_DIRECTION_TOP3,1,
h5m80d50_direction,688183.SH,20250827,H5_COMPETING_DIRECTION_TOP3,1,
h5m80d50_direction,002364.SZ,20250826,H5_COMPETING_DIRECTION_TOP3,1,
h5m80d50_direction,601869.SH,20250826,H5_COMPETING_DIRECTION_TOP3,1,
h5m80d50_direction,688205.SH,20250826,H5_COMPETING_DIRECTION_TOP3,1,
h5m80d50_direction,002378.SZ,20250825,H5_COMPETING_DIRECTION_TOP3,1,
h5m80d50_direction,002402.SZ,20250825,H5_COMPETING_DIRECTION_TOP3,1,
h5m80d50_direction,600246.SH,20250825,H5_COMPETING_DIRECTION_TOP3,1,
h5m80d50_direction,002402.SZ,20250822,H5_COMPETING_DIRECTION_TOP3,1,
h5m80d50_direction,600246.SH,20250822,H5_COMPETING_DIRECTION_TOP3,1,
h5m80d50_direction,688205.SH,20250822,H5_COMPETING_DIRECTION_TOP3,1,
h5m80d50_direction,002104.SZ,20250821,H5_COMPETING_DIRECTION_TOP3,1,
h5m80d50_direction,688205.SH,20250821,H5_COMPETING_DIRECTION_TOP3,1,
h5m80d50_direction,688313.SH,20250821,H5_COMPETING_DIRECTION_TOP3,1,
h5m80d50_direction,002017.SZ,20250820,H5_COMPETING_DIRECTION_TOP3,1,
h5m80d50_direction,688205.SH,20250820,H5_COMPETING_DIRECTION_TOP3,1,
h5m80d50_direction,688498.SH,20250820,H5_COMPETING_DIRECTION_TOP3,1,
h5m80d50_direction,002017.SZ,20250819,H5_COMPETING_DIRECTION_TOP3,1,
h5m80d50_direction,603083.SH,20250819,H5_COMPETING_DIRECTION_TOP3,1,
h5m80d50_direction,688205.SH,20250819,H5_COMPETING_DIRECTION_TOP3,1,
h5m80d50_direction,002017.SZ,20250818,H5_COMPETING_DIRECTION_TOP3,1,
h5m80d50_direction,601609.SH,20250818,H5_COMPETING_DIRECTION_TOP3,1,
h5m80d50_direction,688313.SH,20250818,H5_COMPETING_DIRECTION_TOP3,1,
h5m80d50_direction,002104.SZ,20250815,H5_COMPETING_DIRECTION_TOP3,1,
h5m80d50_direction,600580.SH,20250815,H5_COMPETING_DIRECTION_TOP3,1,
h5m80d50_direction,601609.SH,20250815,H5_COMPETING_DIRECTION_TOP3,1,
h5m80d50_direction,300870.SZ,20250814,H5_COMPETING_DIRECTION_TOP3,1,
h5m80d50_direction,601609.SH,20250814,H5_COMPETING_DIRECTION_TOP3,1,
h5m80d50_direction,603516.SH,20250814,H5_COMPETING_DIRECTION_TOP3,1,
h5m80d50_direction,002104.SZ,20250813,H5_COMPETING_DIRECTION_TOP3,1,
h5m80d50_direction,600619.SH,20250813,H5_COMPETING_DIRECTION_TOP3,1,
h5m80d50_direction,688146.SH,20250813,H5_COMPETING_DIRECTION_TOP3,1,
h5m80d50_direction,301018.SZ,20250812,H5_COMPETING_DIRECTION_TOP3,1,
h5m80d50_direction,600619.SH,20250812,H5_COMPETING_DIRECTION_TOP3,1,
h5m80d50_direction,688660.SH,20250812,H5_COMPETING_DIRECTION_TOP3,1,
h5m80d50_direction,002851.SZ,20250811,H5_COMPETING_DIRECTION_TOP3,1,
h5m80d50_direction,002941.SZ,20250811,H5_COMPETING_DIRECTION_TOP3,1,
h5m80d50_direction,688660.SH,20250811,H5_COMPETING_DIRECTION_TOP3,1,
h5m80d50_direction,002017.SZ,20250808,H5_COMPETING_DIRECTION_TOP3,1,
h5m80d50_direction,600619.SH,20250808,H5_COMPETING_DIRECTION_TOP3,1,
h5m80d50_direction,688660.SH,20250808,H5_COMPETING_DIRECTION_TOP3,1,
h5m80d50_direction,002046.SZ,20250807,H5_COMPETING_DIRECTION_TOP3,1,
h5m80d50_direction,600619.SH,20250807,H5_COMPETING_DIRECTION_TOP3,1,
h5m80d50_direction,601606.SH,20250807,H5_COMPETING_DIRECTION_TOP3,1,
h5m80d50_direction,600619.SH,20250806,H5_COMPETING_DIRECTION_TOP3,1,
h5m80d50_direction,601606.SH,20250806,H5_COMPETING_DIRECTION_TOP3,1,
h5m80d50_direction,603516.SH,20250806,H5_COMPETING_DIRECTION_TOP3,1,
h5m80d50_direction,002046.SZ,20250805,H5_COMPETING_DIRECTION_TOP3,1,
h5m80d50_direction,301392.SZ,20250805,H5_COMPETING_DIRECTION_TOP3,1,
h5m80d50_direction,601606.SH,20250805,H5_COMPETING_DIRECTION_TOP3,1,
h5m80d50_direction,002097.SZ,20250804,H5_COMPETING_DIRECTION_TOP3,1,
h5m80d50_direction,600629.SH,20250804,H5_COMPETING_DIRECTION_TOP3,1,
h5m80d50_direction,600651.SH,20250804,H5_COMPETING_DIRECTION_TOP3,1,
h5m80d50_direction,301200.SZ,20250801,H5_COMPETING_DIRECTION_TOP3,1,
h5m80d50_direction,600629.SH,20250801,H5_COMPETING_DIRECTION_TOP3,1,
h5m80d50_direction,002837.SZ,20250731,H5_COMPETING_DIRECTION_TOP3,1,
h5m80d50_direction,301200.SZ,20250731,H5_COMPETING_DIRECTION_TOP3,1,
h5m80d50_direction,600629.SH,20250731,H5_COMPETING_DIRECTION_TOP3,1,
h5m80d50_direction,301217.SZ,20250730,H5_COMPETING_DIRECTION_TOP3,1,
h5m80d50_direction,301392.SZ,20250730,H5_COMPETING_DIRECTION_TOP3,1,
h5m80d50_direction,600651.SH,20250730,H5_COMPETING_DIRECTION_TOP3,1,
h5m80d50_direction,301200.SZ,20250729,H5_COMPETING_DIRECTION_TOP3,1,
h5m80d50_direction,301377.SZ,20250729,H5_COMPETING_DIRECTION_TOP3,1,
h5m80d50_direction,301392.SZ,20250729,H5_COMPETING_DIRECTION_TOP3,1,
h5m80d50_direction,301200.SZ,20250728,H5_COMPETING_DIRECTION_TOP3,1,
h5m80d50_direction,301377.SZ,20250728,H5_COMPETING_DIRECTION_TOP3,1,
h5m80d50_direction,688313.SH,20250728,H5_COMPETING_DIRECTION_TOP3,1,
h5m80d50_direction,002017.SZ,20250725,H5_COMPETING_DIRECTION_TOP3,1,
h5m80d50_direction,301377.SZ,20250725,H5_COMPETING_DIRECTION_TOP3,1,
h5m80d50_direction,301392.SZ,20250725,H5_COMPETING_DIRECTION_TOP3,1,
h5m80d50_direction,002017.SZ,20250724,H5_COMPETING_DIRECTION_TOP3,1,
h5m80d50_direction,002104.SZ,20250724,H5_COMPETING_DIRECTION_TOP3,1,
h5m80d50_direction,600528.SH,20250724,H5_COMPETING_DIRECTION_TOP3,1,
h5m80d50_direction,002097.SZ,20250723,H5_COMPETING_DIRECTION_TOP3,1,
h5m80d50_direction,688425.SH,20250723,H5_COMPETING_DIRECTION_TOP3,1,
h5m80d50_direction,002017.SZ,20250722,H5_COMPETING_DIRECTION_TOP3,1,
h5m80d50_direction,600629.SH,20250722,H5_COMPETING_DIRECTION_TOP3,1,
h5m80d50_direction,688425.SH,20250722,H5_COMPETING_DIRECTION_TOP3,1,
h5m80d50_direction,002017.SZ,20250721,H5_COMPETING_DIRECTION_TOP3,1,
h5m80d50_direction,002265.SZ,20250721,H5_COMPETING_DIRECTION_TOP3,1,
h5m80d50_direction,600629.SH,20250721,H5_COMPETING_DIRECTION_TOP3,1,
h5m80d50_direction,000880.SZ,20250718,H5_COMPETING_DIRECTION_TOP3,1,
h5m80d50_direction,002265.SZ,20250718,H5_COMPETING_DIRECTION_TOP3,1,
h5m80d50_direction,301217.SZ,20250718,H5_COMPETING_DIRECTION_TOP3,1,
h5m80d50_direction,000880.SZ,20250717,H5_COMPETING_DIRECTION_TOP3,1,
h5m80d50_direction,301217.SZ,20250717,H5_COMPETING_DIRECTION_TOP3,1,
h5m80d50_direction,601208.SH,20250717,H5_COMPETING_DIRECTION_TOP3,1,
h5m80d50_direction,000880.SZ,20250716,H5_COMPETING_DIRECTION_TOP3,1,
h5m80d50_direction,001287.SZ,20250716,H5_COMPETING_DIRECTION_TOP3,1,
h5m80d50_direction,601606.SH,20250716,H5_COMPETING_DIRECTION_TOP3,1,
h5m80d50_direction,000880.SZ,20250715,H5_COMPETING_DIRECTION_TOP3,1,
h5m80d50_direction,002755.SZ,20250715,H5_COMPETING_DIRECTION_TOP3,1,
h5m80d50_direction,601003.SH,20250715,H5_COMPETING_DIRECTION_TOP3,1,
h5m80d50_direction,600606.SH,20250714,H5_COMPETING_DIRECTION_TOP3,1,
h5m80d50_direction,601606.SH,20250714,H5_COMPETING_DIRECTION_TOP3,1,
h5m80d50_direction,601908.SH,20250714,H5_COMPETING_DIRECTION_TOP3,1,
h5m80d50_direction,301392.SZ,20250711,H5_COMPETING_DIRECTION_TOP3,1,
h5m80d50_direction,600606.SH,20250711,H5_COMPETING_DIRECTION_TOP3,1,
h5m80d50_direction,601908.SH,20250711,H5_COMPETING_DIRECTION_TOP3,1,
h5m80d50_direction,002121.SZ,20250710,H5_COMPETING_DIRECTION_TOP3,1,
h5m80d50_direction,002017.SZ,20250708,H5_COMPETING_DIRECTION_TOP3,1,
h5m80d50_direction,300872.SZ,20250708,H5_COMPETING_DIRECTION_TOP3,1,
h5m80d50_direction,600744.SH,20250708,H5_COMPETING_DIRECTION_TOP3,1,
h5m80d50_direction,600744.SH,20250707,H5_COMPETING_DIRECTION_TOP3,1,
h5m80d50_direction,688068.SH,20250707,H5_COMPETING_DIRECTION_TOP3,1,
h5m80d50_direction,002104.SZ,20250704,H5_COMPETING_DIRECTION_TOP3,1,
h5m80d50_direction,300348.SZ,20250704,H5_COMPETING_DIRECTION_TOP3,1,
h5m80d50_direction,002987.SZ,20250703,H5_COMPETING_DIRECTION_TOP3,1,
h5m80d50_direction,688520.SH,20250703,H5_COMPETING_DIRECTION_TOP3,1,
h5m80d50_direction,002104.SZ,20250702,H5_COMPETING_DIRECTION_TOP3,1,
h5m80d50_direction,300468.SZ,20250702,H5_COMPETING_DIRECTION_TOP3,1,
h5m80d50_direction,301345.SZ,20250702,H5_COMPETING_DIRECTION_TOP3,1,
h5m80d50_direction,301345.SZ,20250701,H5_COMPETING_DIRECTION_TOP3,1,
h5m80d50_direction,600353.SH,20250701,H5_COMPETING_DIRECTION_TOP3,1,
h5m80d50_direction,688658.SH,20250701,H5_COMPETING_DIRECTION_TOP3,1,
h5m80d50_direction,600967.SH,20250630,H5_COMPETING_DIRECTION_TOP3,1,
h5m80d50_direction,688068.SH,20250630,H5_COMPETING_DIRECTION_TOP3,1,
h5m80d50_direction,002104.SZ,20250627,H5_COMPETING_DIRECTION_TOP3,1,
h5m80d50_direction,600643.SH,20250627,H5_COMPETING_DIRECTION_TOP3,1,
h5m80d50_direction,002670.SZ,20250626,H5_COMPETING_DIRECTION_TOP3,1,
h5m80d50_direction,600643.SH,20250626,H5_COMPETING_DIRECTION_TOP3,1,
h5m80d50_direction,601606.SH,20250626,H5_COMPETING_DIRECTION_TOP3,1,
h5m80d50_direction,002125.SZ,20250625,H5_COMPETING_DIRECTION_TOP3,1,
h5m80d50_direction,300130.SZ,20250625,H5_COMPETING_DIRECTION_TOP3,1,
h5m80d50_direction,601606.SH,20250625,H5_COMPETING_DIRECTION_TOP3,1,
h5m80d50_direction,002017.SZ,20250624,H5_COMPETING_DIRECTION_TOP3,1,
h5m80d50_direction,002125.SZ,20250624,H5_COMPETING_DIRECTION_TOP3,1,
h5m80d50_direction,300773.SZ,20250624,H5_COMPETING_DIRECTION_TOP3,1,
h5m80d50_direction,002104.SZ,20250623,H5_COMPETING_DIRECTION_TOP3,1,
h5m80d50_direction,002125.SZ,20250623,H5_COMPETING_DIRECTION_TOP3,1,
h5m80d50_direction,300773.SZ,20250623,H5_COMPETING_DIRECTION_TOP3,1,
h5m80d50_direction,002125.SZ,20250620,H5_COMPETING_DIRECTION_TOP3,1,
h5m80d50_direction,300130.SZ,20250620,H5_COMPETING_DIRECTION_TOP3,1,
h5m80d50_direction,300468.SZ,20250620,H5_COMPETING_DIRECTION_TOP3,1,
h5m80d50_direction,002104.SZ,20250619,H5_COMPETING_DIRECTION_TOP3,1,
h5m80d50_direction,300682.SZ,20250619,H5_COMPETING_DIRECTION_TOP3,1,
h5m80d50_direction,300872.SZ,20250619,H5_COMPETING_DIRECTION_TOP3,1,
h5m80d50_direction,002017.SZ,20250618,H5_COMPETING_DIRECTION_TOP3,1,
h5m80d50_direction,002104.SZ,20250618,H5_COMPETING_DIRECTION_TOP3,1,
h5m80d50_direction,300773.SZ,20250618,H5_COMPETING_DIRECTION_TOP3,1,
h5m80d50_direction,002015.SZ,20250617,H5_COMPETING_DIRECTION_TOP3,1,
h5m80d50_direction,002104.SZ,20250617,H5_COMPETING_DIRECTION_TOP3,1,
h5m80d50_direction,300682.SZ,20250617,H5_COMPETING_DIRECTION_TOP3,1,
h5m80d50_direction,002017.SZ,20250616,H5_COMPETING_DIRECTION_TOP3,1,
h5m80d50_direction,002104.SZ,20250616,H5_COMPETING_DIRECTION_TOP3,1,
h5m80d50_direction,300872.SZ,20250616,H5_COMPETING_DIRECTION_TOP3,1,
h5m80d50_direction,002104.SZ,20250613,H5_COMPETING_DIRECTION_TOP3,1,
h5m80d50_direction,301622.SZ,20250613,H5_COMPETING_DIRECTION_TOP3,1,
h5m80d50_direction,600353.SH,20250613,H5_COMPETING_DIRECTION_TOP3,1,
h5m80d50_direction,002104.SZ,20250612,H5_COMPETING_DIRECTION_TOP3,1,
h5m80d50_direction,300468.SZ,20250612,H5_COMPETING_DIRECTION_TOP3,1,
h5m80d50_direction,301622.SZ,20250612,H5_COMPETING_DIRECTION_TOP3,1,
h5m80d50_direction,002104.SZ,20250611,H5_COMPETING_DIRECTION_TOP3,1,
h5m80d50_direction,605376.SH,20250611,H5_COMPETING_DIRECTION_TOP3,1,
h5m80d50_direction,688205.SH,20250611,H5_COMPETING_DIRECTION_TOP3,1,
h5m80d50_direction,002104.SZ,20250610,H5_COMPETING_DIRECTION_TOP3,1,
h5m80d50_direction,002317.SZ,20250610,H5_COMPETING_DIRECTION_TOP3,1,
h5m80d50_direction,300468.SZ,20250610,H5_COMPETING_DIRECTION_TOP3,1,
h5m80d50_direction,002104.SZ,20250609,H5_COMPETING_DIRECTION_TOP3,1,
h5m80d50_direction,300872.SZ,20250609,H5_COMPETING_DIRECTION_TOP3,1,
h5m80d50_direction,600353.SH,20250609,H5_COMPETING_DIRECTION_TOP3,1,
h5m80d50_direction,300468.SZ,20250606,H5_COMPETING_DIRECTION_TOP3,1,
h5m80d50_direction,300872.SZ,20250606,H5_COMPETING_DIRECTION_TOP3,1,
h5m80d50_direction,688062.SH,20250606,H5_COMPETING_DIRECTION_TOP3,1,
h5m80d50_direction,002104.SZ,20250605,H5_COMPETING_DIRECTION_TOP3,1,
h5m80d50_direction,300723.SZ,20250605,H5_COMPETING_DIRECTION_TOP3,1,
h5m80d50_direction,688205.SH,20250605,H5_COMPETING_DIRECTION_TOP3,1,
h5m80d50_direction,002104.SZ,20250604,H5_COMPETING_DIRECTION_TOP3,1,
h5m80d50_direction,300468.SZ,20250604,H5_COMPETING_DIRECTION_TOP3,1,
h5m80d50_direction,300872.SZ,20250604,H5_COMPETING_DIRECTION_TOP3,1,
h5m80d50_direction,002104.SZ,20250603,H5_COMPETING_DIRECTION_TOP3,1,
h5m80d50_direction,002537.SZ,20250603,H5_COMPETING_DIRECTION_TOP3,1,
h5m80d50_direction,300468.SZ,20250603,H5_COMPETING_DIRECTION_TOP3,1,
h5m80d50_direction,002104.SZ,20250530,H5_COMPETING_DIRECTION_TOP3,1,
h5m80d50_direction,002537.SZ,20250530,H5_COMPETING_DIRECTION_TOP3,1,
h5m80d50_direction,300723.SZ,20250530,H5_COMPETING_DIRECTION_TOP3,1,
h5m80d50_direction,300468.SZ,20250529,H5_COMPETING_DIRECTION_TOP3,1,
h5m80d50_direction,300872.SZ,20250529,H5_COMPETING_DIRECTION_TOP3,1,
h5m80d50_direction,600006.SH,20250529,H5_COMPETING_DIRECTION_TOP3,1,
h5m80d50_direction,603693.SH,20250528,H5_COMPETING_DIRECTION_TOP3,1,
h5m80d50_direction,688205.SH,20250528,H5_COMPETING_DIRECTION_TOP3,1,
h5m80d50_direction,688336.SH,20250528,H5_COMPETING_DIRECTION_TOP3,1,
h5m80d50_direction,688062.SH,20250527,H5_COMPETING_DIRECTION_TOP3,1,
h5m80d50_direction,688336.SH,20250527,H5_COMPETING_DIRECTION_TOP3,1,
h5m80d50_direction,688382.SH,20250527,H5_COMPETING_DIRECTION_TOP3,1,
h5m80d50_direction,002194.SZ,20250526,H5_COMPETING_DIRECTION_TOP3,1,
h5m80d50_direction,688062.SH,20250526,H5_COMPETING_DIRECTION_TOP3,1,
h5m80d50_direction,688382.SH,20250526,H5_COMPETING_DIRECTION_TOP3,1,
h5m80d50_direction,002317.SZ,20250523,H5_COMPETING_DIRECTION_TOP3,1,
h5m80d50_direction,301606.SZ,20250523,H5_COMPETING_DIRECTION_TOP3,1,
h5m80d50_direction,688062.SH,20250523,H5_COMPETING_DIRECTION_TOP3,1,
h5m80d50_direction,002364.SZ,20250522,H5_COMPETING_DIRECTION_TOP3,1,
h5m80d50_direction,688552.SH,20250522,H5_COMPETING_DIRECTION_TOP3,1,
h5m80d50_direction,002727.SZ,20250521,H5_COMPETING_DIRECTION_TOP3,1,
h5m80d50_direction,301550.SZ,20250521,H5_COMPETING_DIRECTION_TOP3,1,
h5m80d50_direction,688336.SH,20250521,H5_COMPETING_DIRECTION_TOP3,1,
h5m80d50_direction,688331.SH,20250520,H5_COMPETING_DIRECTION_TOP3,1,
h5m80d50_direction,688336.SH,20250520,H5_COMPETING_DIRECTION_TOP3,1,
h5m80d50_direction,688552.SH,20250520,H5_COMPETING_DIRECTION_TOP3,1,
h5m80d50_direction,688552.SH,20250519,H5_COMPETING_DIRECTION_TOP3,1,
h5m80d50_direction,002779.SZ,20250516,H5_COMPETING_DIRECTION_TOP3,1,
h5m80d50_direction,601022.SH,20250516,H5_COMPETING_DIRECTION_TOP3,1,
h5m80d50_direction,002251.SZ,20250515,H5_COMPETING_DIRECTION_TOP3,1,
h5m80d50_direction,601022.SH,20250515,H5_COMPETING_DIRECTION_TOP3,1,
h5m80d50_direction,601083.SH,20250515,H5_COMPETING_DIRECTION_TOP3,1,
h5m80d50_direction,600744.SH,20250514,H5_COMPETING_DIRECTION_TOP3,1,
h5m80d50_direction,601022.SH,20250514,H5_COMPETING_DIRECTION_TOP3,1,
h5m80d50_direction,002194.SZ,20250513,H5_COMPETING_DIRECTION_TOP3,1,
h5m80d50_direction,688552.SH,20250513,H5_COMPETING_DIRECTION_TOP3,1,
h5m80d50_direction,000559.SZ,20250512,H5_COMPETING_DIRECTION_TOP3,1,
h5m80d50_direction,300607.SZ,20250512,H5_COMPETING_DIRECTION_TOP3,1,
h5m80d50_direction,688552.SH,20250512,H5_COMPETING_DIRECTION_TOP3,1,
h5m80d50_direction,603809.SH,20250509,H5_COMPETING_DIRECTION_TOP3,1,
h5m80d50_direction,688552.SH,20250509,H5_COMPETING_DIRECTION_TOP3,1,
h5m80d50_direction,002338.SZ,20250508,H5_COMPETING_DIRECTION_TOP3,1,
h5m80d50_direction,603809.SH,20250508,H5_COMPETING_DIRECTION_TOP3,1,
h5m80d50_direction,300047.SZ,20250507,H5_COMPETING_DIRECTION_TOP3,1,
h5m80d50_direction,300548.SZ,20250507,H5_COMPETING_DIRECTION_TOP3,1,
h5m80d50_direction,600744.SH,20250507,H5_COMPETING_DIRECTION_TOP3,1,
h5m80d50_direction,300047.SZ,20250506,H5_COMPETING_DIRECTION_TOP3,1,
h5m80d50_direction,600744.SH,20250506,H5_COMPETING_DIRECTION_TOP3,1,
h5m80d50_direction,688313.SH,20250506,H5_COMPETING_DIRECTION_TOP3,1,
h5m80d50_direction,300638.SZ,20250430,H5_COMPETING_DIRECTION_TOP3,1,
h5m80d50_direction,300870.SZ,20250430,H5_COMPETING_DIRECTION_TOP3,1,
h5m80d50_direction,688205.SH,20250430,H5_COMPETING_DIRECTION_TOP3,1,
h5m80d50_direction,300870.SZ,20250429,H5_COMPETING_DIRECTION_TOP3,1,
h5m80d50_direction,300953.SZ,20250429,H5_COMPETING_DIRECTION_TOP3,1,
h5m80d50_direction,301550.SZ,20250429,H5_COMPETING_DIRECTION_TOP3,1,
h5m80d50_direction,300870.SZ,20250428,H5_COMPETING_DIRECTION_TOP3,1,
h5m80d50_direction,301550.SZ,20250428,H5_COMPETING_DIRECTION_TOP3,1,
h5m80d50_direction,600744.SH,20250428,H5_COMPETING_DIRECTION_TOP3,1,
h5m80d50_direction,300870.SZ,20250425,H5_COMPETING_DIRECTION_TOP3,1,
h5m80d50_direction,301550.SZ,20250425,H5_COMPETING_DIRECTION_TOP3,1,
h5m80d50_direction,600744.SH,20250425,H5_COMPETING_DIRECTION_TOP3,1,
h5m80d50_direction,002965.SZ,20250424,H5_COMPETING_DIRECTION_TOP3,1,
h5m80d50_direction,300007.SZ,20250424,H5_COMPETING_DIRECTION_TOP3,1,
h5m80d50_direction,300870.SZ,20250424,H5_COMPETING_DIRECTION_TOP3,1,
h5m80d50_direction,002537.SZ,20250423,H5_COMPETING_DIRECTION_TOP3,1,
h5m80d50_direction,300870.SZ,20250423,H5_COMPETING_DIRECTION_TOP3,1,
h5m80d50_direction,301550.SZ,20250423,H5_COMPETING_DIRECTION_TOP3,1,
h5m80d50_direction,002537.SZ,20250422,H5_COMPETING_DIRECTION_TOP3,1,
h5m80d50_direction,301550.SZ,20250422,H5_COMPETING_DIRECTION_TOP3,1,
h5m80d50_direction,688313.SH,20250422,H5_COMPETING_DIRECTION_TOP3,1,
h5m80d50_direction,002194.SZ,20250421,H5_COMPETING_DIRECTION_TOP3,1,
h5m80d50_direction,300870.SZ,20250421,H5_COMPETING_DIRECTION_TOP3,1,
h5m80d50_direction,688313.SH,20250421,H5_COMPETING_DIRECTION_TOP3,1,
h5m80d50_direction,300007.SZ,20250418,H5_COMPETING_DIRECTION_TOP3,1,
h5m80d50_direction,300953.SZ,20250418,H5_COMPETING_DIRECTION_TOP3,1,
h5m80d50_direction,301550.SZ,20250418,H5_COMPETING_DIRECTION_TOP3,1,
h5m80d50_direction,300007.SZ,20250417,H5_COMPETING_DIRECTION_TOP3,1,
h5m80d50_direction,300953.SZ,20250417,H5_COMPETING_DIRECTION_TOP3,1,
h5m80d50_direction,301550.SZ,20250417,H5_COMPETING_DIRECTION_TOP3,1,
h5m80d50_direction,301018.SZ,20250416,H5_COMPETING_DIRECTION_TOP3,1,
h5m80d50_direction,603128.SH,20250416,H5_COMPETING_DIRECTION_TOP3,1,
h5m80d50_direction,688519.SH,20250416,H5_COMPETING_DIRECTION_TOP3,1,
h5m80d50_direction,688519.SH,20250415,H5_COMPETING_DIRECTION_TOP3,1,
h5m80d50_direction,688776.SH,20250415,H5_COMPETING_DIRECTION_TOP3,1,
h5m80d50_direction,688502.SH,20250414,H5_COMPETING_DIRECTION_TOP3,1,
h5m80d50_direction,688776.SH,20250414,H5_COMPETING_DIRECTION_TOP3,1,
h5m80d50_direction,001337.SZ,20250411,H5_COMPETING_DIRECTION_TOP3,1,
h5m80d50_direction,300100.SZ,20250411,H5_COMPETING_DIRECTION_TOP3,1,
h5m80d50_direction,300100.SZ,20250410,H5_COMPETING_DIRECTION_TOP3,1,
h5m80d50_direction,301000.SZ,20250410,H5_COMPETING_DIRECTION_TOP3,1,
h5m80d50_direction,601083.SH,20250410,H5_COMPETING_DIRECTION_TOP3,1,
h5m80d50_direction,000880.SZ,20250409,H5_COMPETING_DIRECTION_TOP3,1,
h5m80d50_direction,300100.SZ,20250409,H5_COMPETING_DIRECTION_TOP3,1,
h5m80d50_direction,603072.SH,20250409,H5_COMPETING_DIRECTION_TOP3,1,
h5m80d50_direction,300100.SZ,20250408,H5_COMPETING_DIRECTION_TOP3,1,
h5m80d50_direction,688182.SH,20250408,H5_COMPETING_DIRECTION_TOP3,1,
h5m80d50_direction,688220.SH,20250408,H5_COMPETING_DIRECTION_TOP3,1,
h5m80d50_direction,300870.SZ,20250407,H5_COMPETING_DIRECTION_TOP3,1,
h5m80d50_direction,688048.SH,20250407,H5_COMPETING_DIRECTION_TOP3,1,
h5m80d50_direction,688279.SH,20250407,H5_COMPETING_DIRECTION_TOP3,1,
h5m80d50_direction,600292.SH,20250403,H5_COMPETING_DIRECTION_TOP3,1,
h5m80d50_direction,688068.SH,20250403,H5_COMPETING_DIRECTION_TOP3,1,
h5m80d50_direction,688776.SH,20250403,H5_COMPETING_DIRECTION_TOP3,1,
h5m80d50_direction,000027.SZ,20250402,H5_COMPETING_DIRECTION_TOP3,1,
h5m80d50_direction,600116.SH,20250402,H5_COMPETING_DIRECTION_TOP3,1,
h5m80d50_direction,600269.SH,20250402,H5_COMPETING_DIRECTION_TOP3,1,
h5m80d50_direction,600116.SH,20250401,H5_COMPETING_DIRECTION_TOP3,1,
h5m80d50_direction,600395.SH,20250401,H5_COMPETING_DIRECTION_TOP3,1,
h5m80d50_direction,600928.SH,20250401,H5_COMPETING_DIRECTION_TOP3,1,
h5m80d50_direction,002608.SZ,20250331,H5_COMPETING_DIRECTION_TOP3,1,
h5m80d50_direction,600269.SH,20250331,H5_COMPETING_DIRECTION_TOP3,1,
h5m80d50_direction,600908.SH,20250331,H5_COMPETING_DIRECTION_TOP3,1,
h5m80d50_direction,000767.SZ,20250328,H5_COMPETING_DIRECTION_TOP3,1,
h5m80d50_direction,002004.SZ,20250328,H5_COMPETING_DIRECTION_TOP3,1,
h5m80d50_direction,002275.SZ,20250328,H5_COMPETING_DIRECTION_TOP3,1,
h5m80d50_direction,603072.SH,20250327,H5_COMPETING_DIRECTION_TOP3,1,
h5m80d50_direction,688068.SH,20250327,H5_COMPETING_DIRECTION_TOP3,1,
h5m80d50_direction,688717.SH,20250326,H5_COMPETING_DIRECTION_TOP3,1,
h5m80d50_direction,300100.SZ,20250325,H5_COMPETING_DIRECTION_TOP3,1,
h5m80d50_direction,688068.SH,20250325,H5_COMPETING_DIRECTION_TOP3,1,
h5m80d50_direction,688776.SH,20250325,H5_COMPETING_DIRECTION_TOP3,1,
h5m80d50_direction,002204.SZ,20250324,H5_COMPETING_DIRECTION_TOP3,1,
h5m80d50_direction,600320.SH,20250324,H5_COMPETING_DIRECTION_TOP3,1,
h5m80d50_direction,002204.SZ,20250321,H5_COMPETING_DIRECTION_TOP3,1,
h5m80d50_direction,601890.SH,20250321,H5_COMPETING_DIRECTION_TOP3,1,
h5m80d50_direction,002204.SZ,20250320,H5_COMPETING_DIRECTION_TOP3,1,
h5m80d50_direction,300100.SZ,20250320,H5_COMPETING_DIRECTION_TOP3,1,
h5m80d50_direction,300100.SZ,20250319,H5_COMPETING_DIRECTION_TOP3,1,
h5m80d50_direction,688068.SH,20250319,H5_COMPETING_DIRECTION_TOP3,1,
h5m80d50_direction,000880.SZ,20250318,H5_COMPETING_DIRECTION_TOP3,1,
h5m80d50_direction,002896.SZ,20250318,H5_COMPETING_DIRECTION_TOP3,1,
h5m80d50_direction,300100.SZ,20250318,H5_COMPETING_DIRECTION_TOP3,1,
h5m80d50_direction,000880.SZ,20250317,H5_COMPETING_DIRECTION_TOP3,1,
h5m80d50_direction,300100.SZ,20250317,H5_COMPETING_DIRECTION_TOP3,1,
h5m80d50_direction,301109.SZ,20250317,H5_COMPETING_DIRECTION_TOP3,1,
h5m80d50_direction,000880.SZ,20250314,H5_COMPETING_DIRECTION_TOP3,1,
h5m80d50_direction,300065.SZ,20250314,H5_COMPETING_DIRECTION_TOP3,1,
h5m80d50_direction,603119.SH,20250314,H5_COMPETING_DIRECTION_TOP3,1,
h5m80d50_direction,002896.SZ,20250313,H5_COMPETING_DIRECTION_TOP3,1,
h5m80d50_direction,300718.SZ,20250313,H5_COMPETING_DIRECTION_TOP3,1,
h5m80d50_direction,000156.SZ,20250312,H5_COMPETING_DIRECTION_TOP3,1,
h5m80d50_direction,000880.SZ,20250312,H5_COMPETING_DIRECTION_TOP3,1,
h5m80d50_direction,301600.SZ,20250312,H5_COMPETING_DIRECTION_TOP3,1,
h5m80d50_direction,000880.SZ,20250311,H5_COMPETING_DIRECTION_TOP3,1,
h5m80d50_direction,002093.SZ,20250310,H5_COMPETING_DIRECTION_TOP3,1,
h5m80d50_direction,301392.SZ,20250310,H5_COMPETING_DIRECTION_TOP3,1,
h5m80d50_direction,603108.SH,20250310,H5_COMPETING_DIRECTION_TOP3,1,
h5m80d50_direction,000880.SZ,20250307,H5_COMPETING_DIRECTION_TOP3,1,
h5m80d50_direction,002093.SZ,20250307,H5_COMPETING_DIRECTION_TOP3,1,
h5m80d50_direction,301550.SZ,20250307,H5_COMPETING_DIRECTION_TOP3,1,
h5m80d50_direction,000880.SZ,20250306,H5_COMPETING_DIRECTION_TOP3,1,
h5m80d50_direction,002896.SZ,20250306,H5_COMPETING_DIRECTION_TOP3,1,
h5m80d50_direction,603300.SH,20250306,H5_COMPETING_DIRECTION_TOP3,1,
h5m80d50_direction,000880.SZ,20250305,H5_COMPETING_DIRECTION_TOP3,1,
h5m80d50_direction,603300.SH,20250305,H5_COMPETING_DIRECTION_TOP3,1,
h5m80d50_direction,603583.SH,20250305,H5_COMPETING_DIRECTION_TOP3,1,
h5m80d50_direction,003021.SZ,20250304,H5_COMPETING_DIRECTION_TOP3,1,
h5m80d50_direction,300718.SZ,20250304,H5_COMPETING_DIRECTION_TOP3,1,
h5m80d50_direction,688343.SH,20250304,H5_COMPETING_DIRECTION_TOP3,1,
h5m80d50_direction,300718.SZ,20250303,H5_COMPETING_DIRECTION_TOP3,1,
h5m80d50_direction,688158.SH,20250303,H5_COMPETING_DIRECTION_TOP3,1,
h5m80d50_direction,688327.SH,20250303,H5_COMPETING_DIRECTION_TOP3,1,
h5m80d50_direction,300454.SZ,20250228,H5_COMPETING_DIRECTION_TOP3,1,
h5m80d50_direction,300718.SZ,20250228,H5_COMPETING_DIRECTION_TOP3,1,
h5m80d50_direction,600602.SH,20250228,H5_COMPETING_DIRECTION_TOP3,1,
h5m80d50_direction,002896.SZ,20250227,H5_COMPETING_DIRECTION_TOP3,1,
h5m80d50_direction,300031.SZ,20250227,H5_COMPETING_DIRECTION_TOP3,1,
h5m80d50_direction,300718.SZ,20250227,H5_COMPETING_DIRECTION_TOP3,1,
h5m80d50_direction,000880.SZ,20250226,H5_COMPETING_DIRECTION_TOP3,1,
h5m80d50_direction,300031.SZ,20250226,H5_COMPETING_DIRECTION_TOP3,1,
h5m80d50_direction,000880.SZ,20250225,H5_COMPETING_DIRECTION_TOP3,1,
h5m80d50_direction,301325.SZ,20250225,H5_COMPETING_DIRECTION_TOP3,1,
h5m80d50_direction,000880.SZ,20250224,H5_COMPETING_DIRECTION_TOP3,1,
h5m80d50_direction,001309.SZ,20250224,H5_COMPETING_DIRECTION_TOP3,1,
h5m80d50_direction,600602.SH,20250224,H5_COMPETING_DIRECTION_TOP3,1,
h5m80d50_direction,000880.SZ,20250221,H5_COMPETING_DIRECTION_TOP3,1,
h5m80d50_direction,002126.SZ,20250221,H5_COMPETING_DIRECTION_TOP3,1,
h5m80d50_direction,002364.SZ,20250221,H5_COMPETING_DIRECTION_TOP3,1,
h5m80d50_direction,002896.SZ,20250220,H5_COMPETING_DIRECTION_TOP3,1,
h5m80d50_direction,002978.SZ,20250220,H5_COMPETING_DIRECTION_TOP3,1,
h5m80d50_direction,600143.SH,20250220,H5_COMPETING_DIRECTION_TOP3,1,
h5m80d50_direction,002896.SZ,20250219,H5_COMPETING_DIRECTION_TOP3,1,
h5m80d50_direction,300718.SZ,20250219,H5_COMPETING_DIRECTION_TOP3,1,
h5m80d50_direction,301550.SZ,20250219,H5_COMPETING_DIRECTION_TOP3,1,
h5m80d50_direction,003021.SZ,20250218,H5_COMPETING_DIRECTION_TOP3,1,
h5m80d50_direction,300718.SZ,20250218,H5_COMPETING_DIRECTION_TOP3,1,
h5m80d50_direction,603583.SH,20250218,H5_COMPETING_DIRECTION_TOP3,1,
h5m80d50_direction,002044.SZ,20250217,H5_COMPETING_DIRECTION_TOP3,1,
h5m80d50_direction,002335.SZ,20250217,H5_COMPETING_DIRECTION_TOP3,1,
h5m80d50_direction,603881.SH,20250217,H5_COMPETING_DIRECTION_TOP3,1,
h5m80d50_direction,002123.SZ,20250214,H5_COMPETING_DIRECTION_TOP3,1,
h5m80d50_direction,002896.SZ,20250214,H5_COMPETING_DIRECTION_TOP3,1,
h5m80d50_direction,300718.SZ,20250214,H5_COMPETING_DIRECTION_TOP3,1,
h5m80d50_direction,300718.SZ,20250213,H5_COMPETING_DIRECTION_TOP3,1,
h5m80d50_direction,603667.SH,20250213,H5_COMPETING_DIRECTION_TOP3,1,
h5m80d50_direction,688615.SH,20250213,H5_COMPETING_DIRECTION_TOP3,1,
h5m80d50_direction,002123.SZ,20250212,H5_COMPETING_DIRECTION_TOP3,1,
h5m80d50_direction,002929.SZ,20250212,H5_COMPETING_DIRECTION_TOP3,1,
h5m80d50_direction,600126.SH,20250212,H5_COMPETING_DIRECTION_TOP3,1,
h5m80d50_direction,002261.SZ,20250211,H5_COMPETING_DIRECTION_TOP3,1,
h5m80d50_direction,600126.SH,20250211,H5_COMPETING_DIRECTION_TOP3,1,
h5m80d50_direction,688158.SH,20250211,H5_COMPETING_DIRECTION_TOP3,1,
h5m80d50_direction,000034.SZ,20250210,H5_COMPETING_DIRECTION_TOP3,1,
h5m80d50_direction,002261.SZ,20250210,H5_COMPETING_DIRECTION_TOP3,1,
h5m80d50_direction,600633.SH,20250210,H5_COMPETING_DIRECTION_TOP3,1,
h5m80d50_direction,002881.SZ,20250207,H5_COMPETING_DIRECTION_TOP3,1,
h5m80d50_direction,600633.SH,20250207,H5_COMPETING_DIRECTION_TOP3,1,
h5m80d50_direction,688158.SH,20250207,H5_COMPETING_DIRECTION_TOP3,1,
h5m80d50_direction,002881.SZ,20250206,H5_COMPETING_DIRECTION_TOP3,1,
h5m80d50_direction,600126.SH,20250206,H5_COMPETING_DIRECTION_TOP3,1,
h5m80d50_direction,688158.SH,20250206,H5_COMPETING_DIRECTION_TOP3,1,
h5m80d50_direction,300624.SZ,20250205,H5_COMPETING_DIRECTION_TOP3,1,
h5m80d50_direction,300718.SZ,20250205,H5_COMPETING_DIRECTION_TOP3,1,
h5m80d50_direction,688158.SH,20250205,H5_COMPETING_DIRECTION_TOP3,1,
h5m80d50_direction,300166.SZ,20250127,H5_COMPETING_DIRECTION_TOP3,1,
h5m80d50_direction,300378.SZ,20250127,H5_COMPETING_DIRECTION_TOP3,1,
h5m80d50_direction,300925.SZ,20250127,H5_COMPETING_DIRECTION_TOP3,1,
h5m80d50_direction,300166.SZ,20250124,H5_COMPETING_DIRECTION_TOP3,1,
h5m80d50_direction,300378.SZ,20250124,H5_COMPETING_DIRECTION_TOP3,1,
h5m80d50_direction,300496.SZ,20250124,H5_COMPETING_DIRECTION_TOP3,1,
h5m80d50_direction,002364.SZ,20250123,H5_COMPETING_DIRECTION_TOP3,1,
h5m80d50_direction,300925.SZ,20250123,H5_COMPETING_DIRECTION_TOP3,1,
h5m80d50_direction,688631.SH,20250123,H5_COMPETING_DIRECTION_TOP3,1,
h5m80d50_direction,300378.SZ,20250122,H5_COMPETING_DIRECTION_TOP3,1,
h5m80d50_direction,300548.SZ,20250122,H5_COMPETING_DIRECTION_TOP3,1,
h5m80d50_direction,688631.SH,20250122,H5_COMPETING_DIRECTION_TOP3,1,
h5m80d50_direction,300548.SZ,20250121,H5_COMPETING_DIRECTION_TOP3,1,
h5m80d50_direction,300638.SZ,20250121,H5_COMPETING_DIRECTION_TOP3,1,
h5m80d50_direction,300718.SZ,20250121,H5_COMPETING_DIRECTION_TOP3,1,
h5m80d50_direction,000880.SZ,20250120,H5_COMPETING_DIRECTION_TOP3,1,
h5m80d50_direction,002364.SZ,20250120,H5_COMPETING_DIRECTION_TOP3,1,
h5m80d50_direction,002965.SZ,20250120,H5_COMPETING_DIRECTION_TOP3,1,
h5m80d50_direction,000880.SZ,20250117,H5_COMPETING_DIRECTION_TOP3,1,
h5m80d50_direction,300718.SZ,20250117,H5_COMPETING_DIRECTION_TOP3,1,
h5m80d50_direction,688313.SH,20250117,H5_COMPETING_DIRECTION_TOP3,1,
h5m80d50_direction,000880.SZ,20250116,H5_COMPETING_DIRECTION_TOP3,1,
h5m80d50_direction,300718.SZ,20250116,H5_COMPETING_DIRECTION_TOP3,1,
h5m80d50_direction,301536.SZ,20250116,H5_COMPETING_DIRECTION_TOP3,1,
h5m80d50_direction,002364.SZ,20250115,H5_COMPETING_DIRECTION_TOP3,1,
h5m80d50_direction,300718.SZ,20250115,H5_COMPETING_DIRECTION_TOP3,1,
h5m80d50_direction,603667.SH,20250115,H5_COMPETING_DIRECTION_TOP3,1,
h5m80d50_direction,002364.SZ,20250114,H5_COMPETING_DIRECTION_TOP3,1,
h5m80d50_direction,300007.SZ,20250114,H5_COMPETING_DIRECTION_TOP3,1,
h5m80d50_direction,300548.SZ,20250114,H5_COMPETING_DIRECTION_TOP3,1,
h5m80d50_direction,002354.SZ,20250113,H5_COMPETING_DIRECTION_TOP3,1,
h5m80d50_direction,300548.SZ,20250113,H5_COMPETING_DIRECTION_TOP3,1,
h5m80d50_direction,300718.SZ,20250113,H5_COMPETING_DIRECTION_TOP3,1,
h5m80d50_direction,300276.SZ,20250110,H5_COMPETING_DIRECTION_TOP3,1,
h5m80d50_direction,300548.SZ,20250110,H5_COMPETING_DIRECTION_TOP3,1,
h5m80d50_direction,300718.SZ,20250110,H5_COMPETING_DIRECTION_TOP3,1,
h5m80d50_direction,300276.SZ,20250109,H5_COMPETING_DIRECTION_TOP3,1,
h5m80d50_direction,300718.SZ,20250109,H5_COMPETING_DIRECTION_TOP3,1,
h5m80d50_direction,688165.SH,20250109,H5_COMPETING_DIRECTION_TOP3,1,
h5m80d50_direction,000880.SZ,20250108,H5_COMPETING_DIRECTION_TOP3,1,
h5m80d50_direction,300276.SZ,20250108,H5_COMPETING_DIRECTION_TOP3,1,
h5m80d50_direction,300718.SZ,20250108,H5_COMPETING_DIRECTION_TOP3,1,
h5m80d50_direction,000880.SZ,20250107,H5_COMPETING_DIRECTION_TOP3,1,
h5m80d50_direction,002364.SZ,20250107,H5_COMPETING_DIRECTION_TOP3,1,
h5m80d50_direction,300548.SZ,20250107,H5_COMPETING_DIRECTION_TOP3,1,
h5m80d50_direction,000880.SZ,20250106,H5_COMPETING_DIRECTION_TOP3,1,
h5m80d50_direction,300548.SZ,20250106,H5_COMPETING_DIRECTION_TOP3,1,
h5m80d50_direction,301536.SZ,20250106,H5_COMPETING_DIRECTION_TOP3,1,
h5m80d50_direction,000880.SZ,20250103,H5_COMPETING_DIRECTION_TOP3,1,
h5m80d50_direction,301536.SZ,20250103,H5_COMPETING_DIRECTION_TOP3,1,
h5m80d50_direction,688332.SH,20250103,H5_COMPETING_DIRECTION_TOP3,1,
h5m80d50_direction,002265.SZ,20250102,H5_COMPETING_DIRECTION_TOP3,1,
h5m80d50_direction,002364.SZ,20250102,H5_COMPETING_DIRECTION_TOP3,1,
h5m80d50_direction,300718.SZ,20250102,H5_COMPETING_DIRECTION_TOP3,1,
h5m80d50_direction,000880.SZ,20241231,H5_COMPETING_DIRECTION_TOP3,1,
h5m80d50_direction,002364.SZ,20241231,H5_COMPETING_DIRECTION_TOP3,1,
h5m80d50_direction,300718.SZ,20241231,H5_COMPETING_DIRECTION_TOP3,1,
h5m80d50_direction,000880.SZ,20241230,H5_COMPETING_DIRECTION_TOP3,1,
h5m80d50_direction,002364.SZ,20241230,H5_COMPETING_DIRECTION_TOP3,1,
h5m80d50_direction,300718.SZ,20241230,H5_COMPETING_DIRECTION_TOP3,1,
h5m80d50_direction,000880.SZ,20241227,H5_COMPETING_DIRECTION_TOP3,1,
h5m80d50_direction,002265.SZ,20241227,H5_COMPETING_DIRECTION_TOP3,1,
h5m80d50_direction,300718.SZ,20241227,H5_COMPETING_DIRECTION_TOP3,1,
h5m80d50_direction,000880.SZ,20241226,H5_COMPETING_DIRECTION_TOP3,1,
h5m80d50_direction,300548.SZ,20241226,H5_COMPETING_DIRECTION_TOP3,1,
h5m80d50_direction,300718.SZ,20241226,H5_COMPETING_DIRECTION_TOP3,1,
h5m80d50_direction,000880.SZ,20241225,H5_COMPETING_DIRECTION_TOP3,1,
h5m80d50_direction,002364.SZ,20241225,H5_COMPETING_DIRECTION_TOP3,1,
h5m80d50_direction,300548.SZ,20241225,H5_COMPETING_DIRECTION_TOP3,1,
h5m80d50_direction,002364.SZ,20241224,H5_COMPETING_DIRECTION_TOP3,1,
h5m80d50_direction,002896.SZ,20241224,H5_COMPETING_DIRECTION_TOP3,1,
h5m80d50_direction,300718.SZ,20241224,H5_COMPETING_DIRECTION_TOP3,1,
h5m80d50_direction,000880.SZ,20241223,H5_COMPETING_DIRECTION_TOP3,1,
h5m80d50_direction,300548.SZ,20241223,H5_COMPETING_DIRECTION_TOP3,1,
h5m80d50_direction,300870.SZ,20241223,H5_COMPETING_DIRECTION_TOP3,1,
h5m80d50_direction,002265.SZ,20241220,H5_COMPETING_DIRECTION_TOP3,1,
h5m80d50_direction,002779.SZ,20241220,H5_COMPETING_DIRECTION_TOP3,1,
h5m80d50_direction,300548.SZ,20241220,H5_COMPETING_DIRECTION_TOP3,1,
h5m80d50_direction,300548.SZ,20241219,H5_COMPETING_DIRECTION_TOP3,1,
h5m80d50_direction,301536.SZ,20241219,H5_COMPETING_DIRECTION_TOP3,1,
h5m80d50_direction,688766.SH,20241219,H5_COMPETING_DIRECTION_TOP3,1,
h5m80d50_direction,301536.SZ,20241218,H5_COMPETING_DIRECTION_TOP3,1,
h5m80d50_direction,688709.SH,20241218,H5_COMPETING_DIRECTION_TOP3,1,
h5m80d50_direction,688766.SH,20241218,H5_COMPETING_DIRECTION_TOP3,1,
h5m80d50_direction,300276.SZ,20241217,H5_COMPETING_DIRECTION_TOP3,1,
h5m80d50_direction,300548.SZ,20241217,H5_COMPETING_DIRECTION_TOP3,1,
h5m80d50_direction,688205.SH,20241217,H5_COMPETING_DIRECTION_TOP3,1,
h5m80d50_direction,000785.SZ,20241216,H5_COMPETING_DIRECTION_TOP3,1,
h5m80d50_direction,300276.SZ,20241216,H5_COMPETING_DIRECTION_TOP3,1,
h5m80d50_direction,300548.SZ,20241216,H5_COMPETING_DIRECTION_TOP3,1,
h5m80d50_direction,002265.SZ,20241213,H5_COMPETING_DIRECTION_TOP3,1,
h5m80d50_direction,300276.SZ,20241213,H5_COMPETING_DIRECTION_TOP3,1,
h5m80d50_direction,300607.SZ,20241213,H5_COMPETING_DIRECTION_TOP3,1,
h5m80d50_direction,000681.SZ,20241212,H5_COMPETING_DIRECTION_TOP3,1,
h5m80d50_direction,002265.SZ,20241212,H5_COMPETING_DIRECTION_TOP3,1,
h5m80d50_direction,300493.SZ,20241212,H5_COMPETING_DIRECTION_TOP3,1,
h5m80d50_direction,002265.SZ,20241211,H5_COMPETING_DIRECTION_TOP3,1,
h5m80d50_direction,300607.SZ,20241211,H5_COMPETING_DIRECTION_TOP3,1,
h5m80d50_direction,688306.SH,20241211,H5_COMPETING_DIRECTION_TOP3,1,
h5m80d50_direction,002265.SZ,20241210,H5_COMPETING_DIRECTION_TOP3,1,
h5m80d50_direction,002681.SZ,20241210,H5_COMPETING_DIRECTION_TOP3,1,
h5m80d50_direction,002779.SZ,20241210,H5_COMPETING_DIRECTION_TOP3,1,
h5m80d50_direction,000813.SZ,20241209,H5_COMPETING_DIRECTION_TOP3,1,
h5m80d50_direction,002265.SZ,20241209,H5_COMPETING_DIRECTION_TOP3,1,
h5m80d50_direction,002354.SZ,20241209,H5_COMPETING_DIRECTION_TOP3,1,
h5m80d50_direction,000681.SZ,20241206,H5_COMPETING_DIRECTION_TOP3,1,
h5m80d50_direction,002265.SZ,20241206,H5_COMPETING_DIRECTION_TOP3,1,
h5m80d50_direction,002354.SZ,20241206,H5_COMPETING_DIRECTION_TOP3,1,
h5m80d50_direction,300276.SZ,20241205,H5_COMPETING_DIRECTION_TOP3,1,
h5m80d50_direction,603667.SH,20241205,H5_COMPETING_DIRECTION_TOP3,1,
h5m80d50_direction,688698.SH,20241205,H5_COMPETING_DIRECTION_TOP3,1,
h5m80d50_direction,002265.SZ,20241204,H5_COMPETING_DIRECTION_TOP3,1,
h5m80d50_direction,300276.SZ,20241204,H5_COMPETING_DIRECTION_TOP3,1,
h5m80d50_direction,603667.SH,20241204,H5_COMPETING_DIRECTION_TOP3,1,
h5m80d50_direction,002265.SZ,20241203,H5_COMPETING_DIRECTION_TOP3,1,
h5m80d50_direction,300276.SZ,20241203,H5_COMPETING_DIRECTION_TOP3,1,
h5m80d50_direction,301000.SZ,20241203,H5_COMPETING_DIRECTION_TOP3,1,
h5m80d50_direction,002131.SZ,20241202,H5_COMPETING_DIRECTION_TOP3,1,
h5m80d50_direction,002779.SZ,20241202,H5_COMPETING_DIRECTION_TOP3,1,
h5m80d50_direction,300276.SZ,20241202,H5_COMPETING_DIRECTION_TOP3,1,
h5m80d50_direction,002131.SZ,20241129,H5_COMPETING_DIRECTION_TOP3,1,
h5m80d50_direction,300276.SZ,20241129,H5_COMPETING_DIRECTION_TOP3,1,
h5m80d50_direction,300607.SZ,20241129,H5_COMPETING_DIRECTION_TOP3,1,
h5m80d50_direction,300276.SZ,20241128,H5_COMPETING_DIRECTION_TOP3,1,
h5m80d50_direction,300607.SZ,20241128,H5_COMPETING_DIRECTION_TOP3,1,
h5m80d50_direction,688165.SH,20241128,H5_COMPETING_DIRECTION_TOP3,1,
h5m80d50_direction,300276.SZ,20241127,H5_COMPETING_DIRECTION_TOP3,1,
h5m80d50_direction,300607.SZ,20241127,H5_COMPETING_DIRECTION_TOP3,1,
h5m80d50_direction,603516.SH,20241127,H5_COMPETING_DIRECTION_TOP3,1,
h5m80d50_direction,002779.SZ,20241126,H5_COMPETING_DIRECTION_TOP3,1,
h5m80d50_direction,300276.SZ,20241126,H5_COMPETING_DIRECTION_TOP3,1,
h5m80d50_direction,300607.SZ,20241126,H5_COMPETING_DIRECTION_TOP3,1,
h5m80d50_direction,002155.SZ,20241125,H5_COMPETING_DIRECTION_TOP3,1,
h5m80d50_direction,300607.SZ,20241125,H5_COMPETING_DIRECTION_TOP3,1,
h5m80d50_direction,688502.SH,20241125,H5_COMPETING_DIRECTION_TOP3,1,
h5m80d50_direction,002127.SZ,20241122,H5_COMPETING_DIRECTION_TOP3,1,
h5m80d50_direction,002611.SZ,20241122,H5_COMPETING_DIRECTION_TOP3,1,
h5m80d50_direction,000833.SZ,20241121,H5_COMPETING_DIRECTION_TOP3,1,
h5m80d50_direction,002324.SZ,20241121,H5_COMPETING_DIRECTION_TOP3,1,
h5m80d50_direction,002611.SZ,20241121,H5_COMPETING_DIRECTION_TOP3,1,
h5m80d50_direction,000833.SZ,20241120,H5_COMPETING_DIRECTION_TOP3,1,
h5m80d50_direction,002611.SZ,20241120,H5_COMPETING_DIRECTION_TOP3,1,
h5m80d50_direction,300276.SZ,20241120,H5_COMPETING_DIRECTION_TOP3,1,
h5m80d50_direction,000833.SZ,20241119,H5_COMPETING_DIRECTION_TOP3,1,
h5m80d50_direction,300607.SZ,20241119,H5_COMPETING_DIRECTION_TOP3,1,
h5m80d50_direction,688262.SH,20241119,H5_COMPETING_DIRECTION_TOP3,1,
h5m80d50_direction,300409.SZ,20241118,H5_COMPETING_DIRECTION_TOP3,1,
h5m80d50_direction,300607.SZ,20241118,H5_COMPETING_DIRECTION_TOP3,1,
h5m80d50_direction,301325.SZ,20241118,H5_COMPETING_DIRECTION_TOP3,1,
h5m80d50_direction,300607.SZ,20241115,H5_COMPETING_DIRECTION_TOP3,1,
h5m80d50_direction,600629.SH,20241115,H5_COMPETING_DIRECTION_TOP3,1,
h5m80d50_direction,688502.SH,20241115,H5_COMPETING_DIRECTION_TOP3,1,
h5m80d50_direction,000833.SZ,20241114,H5_COMPETING_DIRECTION_TOP3,1,
h5m80d50_direction,300607.SZ,20241114,H5_COMPETING_DIRECTION_TOP3,1,
h5m80d50_direction,000833.SZ,20241113,H5_COMPETING_DIRECTION_TOP3,1,
h5m80d50_direction,002402.SZ,20241113,H5_COMPETING_DIRECTION_TOP3,1,
h5m80d50_direction,600629.SH,20241113,H5_COMPETING_DIRECTION_TOP3,1,
h5m80d50_direction,002065.SZ,20241112,H5_COMPETING_DIRECTION_TOP3,1,
h5m80d50_direction,002402.SZ,20241112,H5_COMPETING_DIRECTION_TOP3,1,
h5m80d50_direction,600006.SH,20241112,H5_COMPETING_DIRECTION_TOP3,1,
h5m80d50_direction,000833.SZ,20241111,H5_COMPETING_DIRECTION_TOP3,1,
h5m80d50_direction,002065.SZ,20241111,H5_COMPETING_DIRECTION_TOP3,1,
h5m80d50_direction,002402.SZ,20241111,H5_COMPETING_DIRECTION_TOP3,1,
h5m80d50_direction,000557.SZ,20241108,H5_COMPETING_DIRECTION_TOP3,1,
h5m80d50_direction,600206.SH,20241108,H5_COMPETING_DIRECTION_TOP3,1,
h5m80d50_direction,600210.SH,20241108,H5_COMPETING_DIRECTION_TOP3,1,
h5m80d50_direction,000557.SZ,20241107,H5_COMPETING_DIRECTION_TOP3,1,
h5m80d50_direction,002400.SZ,20241107,H5_COMPETING_DIRECTION_TOP3,1,
h5m80d50_direction,600210.SH,20241107,H5_COMPETING_DIRECTION_TOP3,1,
h5m80d50_direction,300047.SZ,20241106,H5_COMPETING_DIRECTION_TOP3,1,
h5m80d50_direction,688498.SH,20241106,H5_COMPETING_DIRECTION_TOP3,1,
h5m80d50_direction,688631.SH,20241106,H5_COMPETING_DIRECTION_TOP3,1,
h5m80d50_direction,000795.SZ,20241105,H5_COMPETING_DIRECTION_TOP3,1,
h5m80d50_direction,002892.SZ,20241105,H5_COMPETING_DIRECTION_TOP3,1,
h5m80d50_direction,600629.SH,20241105,H5_COMPETING_DIRECTION_TOP3,1,
h5m80d50_direction,600629.SH,20241104,H5_COMPETING_DIRECTION_TOP3,1,
h5m80d50_direction,688498.SH,20241104,H5_COMPETING_DIRECTION_TOP3,1,
h5m80d50_direction,688631.SH,20241104,H5_COMPETING_DIRECTION_TOP3,1,
h5m80d50_direction,300047.SZ,20241101,H5_COMPETING_DIRECTION_TOP3,1,
h5m80d50_direction,300348.SZ,20241101,H5_COMPETING_DIRECTION_TOP3,1,
h5m80d50_direction,688631.SH,20241101,H5_COMPETING_DIRECTION_TOP3,1,
h5m80d50_direction,000917.SZ,20241031,H5_COMPETING_DIRECTION_TOP3,1,
h5m80d50_direction,002312.SZ,20241031,H5_COMPETING_DIRECTION_TOP3,1,
h5m80d50_direction,300570.SZ,20241031,H5_COMPETING_DIRECTION_TOP3,1,
h5m80d50_direction,000917.SZ,20241030,H5_COMPETING_DIRECTION_TOP3,1,
h5m80d50_direction,002312.SZ,20241030,H5_COMPETING_DIRECTION_TOP3,1,
h5m80d50_direction,002456.SZ,20241030,H5_COMPETING_DIRECTION_TOP3,1,
h5m80d50_direction,002312.SZ,20241029,H5_COMPETING_DIRECTION_TOP3,1,
h5m80d50_direction,300047.SZ,20241029,H5_COMPETING_DIRECTION_TOP3,1,
h5m80d50_direction,600246.SH,20241029,H5_COMPETING_DIRECTION_TOP3,1,
h5m80d50_direction,000058.SZ,20241028,H5_COMPETING_DIRECTION_TOP3,1,
h5m80d50_direction,000917.SZ,20241028,H5_COMPETING_DIRECTION_TOP3,1,
h5m80d50_direction,600635.SH,20241028,H5_COMPETING_DIRECTION_TOP3,1,
h5m80d50_direction,000058.SZ,20241025,H5_COMPETING_DIRECTION_TOP3,1,
h5m80d50_direction,002654.SZ,20241025,H5_COMPETING_DIRECTION_TOP3,1,
h5m80d50_direction,600635.SH,20241025,H5_COMPETING_DIRECTION_TOP3,1,
h5m80d50_direction,000628.SZ,20241024,H5_COMPETING_DIRECTION_TOP3,1,
h5m80d50_direction,300047.SZ,20241024,H5_COMPETING_DIRECTION_TOP3,1,
h5m80d50_direction,600550.SH,20241024,H5_COMPETING_DIRECTION_TOP3,1,
h5m80d50_direction,300047.SZ,20241023,H5_COMPETING_DIRECTION_TOP3,1,
h5m80d50_direction,300337.SZ,20241023,H5_COMPETING_DIRECTION_TOP3,1,
h5m80d50_direction,300917.SZ,20241023,H5_COMPETING_DIRECTION_TOP3,1,
h5m80d50_direction,002851.SZ,20241022,H5_COMPETING_DIRECTION_TOP3,1,
h5m80d50_direction,300337.SZ,20241022,H5_COMPETING_DIRECTION_TOP3,1,
h5m80d50_direction,300917.SZ,20241022,H5_COMPETING_DIRECTION_TOP3,1,
h5m80d50_direction,002851.SZ,20241021,H5_COMPETING_DIRECTION_TOP3,1,
h5m80d50_direction,600217.SH,20241021,H5_COMPETING_DIRECTION_TOP3,1,
h5m80d50_direction,688717.SH,20241021,H5_COMPETING_DIRECTION_TOP3,1,
h5m80d50_direction,002837.SZ,20241018,H5_COMPETING_DIRECTION_TOP3,1,
h5m80d50_direction,300100.SZ,20241018,H5_COMPETING_DIRECTION_TOP3,1,
h5m80d50_direction,688717.SH,20241018,H5_COMPETING_DIRECTION_TOP3,1,
h5m80d50_direction,300672.SZ,20241017,H5_COMPETING_DIRECTION_TOP3,1,
h5m80d50_direction,688252.SH,20241017,H5_COMPETING_DIRECTION_TOP3,1,
h5m80d50_direction,688498.SH,20241017,H5_COMPETING_DIRECTION_TOP3,1,
h5m80d50_direction,300672.SZ,20241016,H5_COMPETING_DIRECTION_TOP3,1,
h5m80d50_direction,688037.SH,20241016,H5_COMPETING_DIRECTION_TOP3,1,
h5m80d50_direction,688525.SH,20241016,H5_COMPETING_DIRECTION_TOP3,1,
h5m80d50_direction,688498.SH,20241015,H5_COMPETING_DIRECTION_TOP3,1,
h5m80d50_direction,688525.SH,20241015,H5_COMPETING_DIRECTION_TOP3,1,
h5m80d50_direction,688766.SH,20241015,H5_COMPETING_DIRECTION_TOP3,1,
h5m80d50_direction,688037.SH,20241014,H5_COMPETING_DIRECTION_TOP3,1,
h5m80d50_direction,688498.SH,20241014,H5_COMPETING_DIRECTION_TOP3,1,
h5m80d50_direction,688631.SH,20241014,H5_COMPETING_DIRECTION_TOP3,1,
h5m80d50_direction,300672.SZ,20241011,H5_COMPETING_DIRECTION_TOP3,1,
h5m80d50_direction,301153.SZ,20241011,H5_COMPETING_DIRECTION_TOP3,1,
h5m80d50_direction,688631.SH,20241011,H5_COMPETING_DIRECTION_TOP3,1,
h5m80d50_direction,300047.SZ,20241010,H5_COMPETING_DIRECTION_TOP3,1,
h5m80d50_direction,300348.SZ,20241010,H5_COMPETING_DIRECTION_TOP3,1,
h5m80d50_direction,300663.SZ,20241010,H5_COMPETING_DIRECTION_TOP3,1,
h5m80d50_direction,002155.SZ,20241009,H5_COMPETING_DIRECTION_TOP3,1,
h5m80d50_direction,601101.SH,20241009,H5_COMPETING_DIRECTION_TOP3,1,
h5m80d50_direction,601918.SH,20241009,H5_COMPETING_DIRECTION_TOP3,1,
h5m80d50_direction,300047.SZ,20241008,H5_COMPETING_DIRECTION_TOP3,1,
h5m80d50_direction,300077.SZ,20241008,H5_COMPETING_DIRECTION_TOP3,1,
h5m80d50_direction,301611.SZ,20241008,H5_COMPETING_DIRECTION_TOP3,1,
h5m80d50_direction,603290.SH,20240930,H5_COMPETING_DIRECTION_TOP3,1,
h5m80d50_direction,688409.SH,20240930,H5_COMPETING_DIRECTION_TOP3,1,
h5m80d50_direction,688652.SH,20240930,H5_COMPETING_DIRECTION_TOP3,1,
h5m80d50_direction,688262.SH,20240927,H5_COMPETING_DIRECTION_TOP3,1,
h5m80d50_direction,688591.SH,20240927,H5_COMPETING_DIRECTION_TOP3,1,
h5m80d50_direction,688652.SH,20240927,H5_COMPETING_DIRECTION_TOP3,1,
h5m80d50_direction,301087.SZ,20240926,H5_COMPETING_DIRECTION_TOP3,1,
h5m80d50_direction,688048.SH,20240926,H5_COMPETING_DIRECTION_TOP3,1,
h5m80d50_direction,688652.SH,20240926,H5_COMPETING_DIRECTION_TOP3,1,
h5m80d50_direction,688153.SH,20240925,H5_COMPETING_DIRECTION_TOP3,1,
h5m80d50_direction,688331.SH,20240925,H5_COMPETING_DIRECTION_TOP3,1,
h5m80d50_direction,688409.SH,20240925,H5_COMPETING_DIRECTION_TOP3,1,
h5m80d50_direction,301087.SZ,20240924,H5_COMPETING_DIRECTION_TOP3,1,
h5m80d50_direction,688153.SH,20240924,H5_COMPETING_DIRECTION_TOP3,1,
h5m80d50_direction,688252.SH,20240924,H5_COMPETING_DIRECTION_TOP3,1,
h5m80d50_direction,002583.SZ,20240923,H5_COMPETING_DIRECTION_TOP3,1,
h5m80d50_direction,300047.SZ,20240923,H5_COMPETING_DIRECTION_TOP3,1,
h5m80d50_direction,301536.SZ,20240923,H5_COMPETING_DIRECTION_TOP3,1,
h5m80d50_direction,300047.SZ,20240920,H5_COMPETING_DIRECTION_TOP3,1,
h5m80d50_direction,300085.SZ,20240920,H5_COMPETING_DIRECTION_TOP3,1,
h5m80d50_direction,300085.SZ,20240919,H5_COMPETING_DIRECTION_TOP3,1,
h5m80d50_direction,600619.SH,20240919,H5_COMPETING_DIRECTION_TOP3,1,
h5m80d50_direction,300047.SZ,20240918,H5_COMPETING_DIRECTION_TOP3,1,
h5m80d50_direction,600550.SH,20240918,H5_COMPETING_DIRECTION_TOP3,1,
h5m80d50_direction,600619.SH,20240918,H5_COMPETING_DIRECTION_TOP3,1,
h5m80d50_direction,300047.SZ,20240913,H5_COMPETING_DIRECTION_TOP3,1,
h5m80d50_direction,600490.SH,20240913,H5_COMPETING_DIRECTION_TOP3,1,
h5m80d50_direction,300047.SZ,20240912,H5_COMPETING_DIRECTION_TOP3,1,
h5m80d50_direction,300925.SZ,20240912,H5_COMPETING_DIRECTION_TOP3,1,
h5m80d50_direction,300779.SZ,20240911,H5_COMPETING_DIRECTION_TOP3,1,
h5m80d50_direction,300925.SZ,20240911,H5_COMPETING_DIRECTION_TOP3,1,
h5m80d50_direction,002036.SZ,20240910,H5_COMPETING_DIRECTION_TOP3,1,
h5m80d50_direction,300925.SZ,20240910,H5_COMPETING_DIRECTION_TOP3,1,
h5m80d50_direction,600550.SH,20240910,H5_COMPETING_DIRECTION_TOP3,1,
h5m80d50_direction,002036.SZ,20240909,H5_COMPETING_DIRECTION_TOP3,1,
h5m80d50_direction,603883.SH,20240909,H5_COMPETING_DIRECTION_TOP3,1,
h5m80d50_direction,002104.SZ,20240906,H5_COMPETING_DIRECTION_TOP3,1,
h5m80d50_direction,300047.SZ,20240906,H5_COMPETING_DIRECTION_TOP3,1,
h5m80d50_direction,603883.SH,20240906,H5_COMPETING_DIRECTION_TOP3,1,
h5m80d50_direction,300047.SZ,20240905,H5_COMPETING_DIRECTION_TOP3,1,
h5m80d50_direction,603883.SH,20240905,H5_COMPETING_DIRECTION_TOP3,1,
h5m80d50_direction,300047.SZ,20240904,H5_COMPETING_DIRECTION_TOP3,1,
h5m80d50_direction,300184.SZ,20240904,H5_COMPETING_DIRECTION_TOP3,1,
h5m80d50_direction,600550.SH,20240904,H5_COMPETING_DIRECTION_TOP3,1,
h5m80d50_direction,300047.SZ,20240903,H5_COMPETING_DIRECTION_TOP3,1,
h5m80d50_direction,300438.SZ,20240903,H5_COMPETING_DIRECTION_TOP3,1,
h5m80d50_direction,600550.SH,20240903,H5_COMPETING_DIRECTION_TOP3,1,
h5m80d50_direction,000062.SZ,20240902,H5_COMPETING_DIRECTION_TOP3,1,
h5m80d50_direction,301091.SZ,20240902,H5_COMPETING_DIRECTION_TOP3,1,
h5m80d50_direction,301487.SZ,20240902,H5_COMPETING_DIRECTION_TOP3,1,
h5m80d50_direction,000062.SZ,20240830,H5_COMPETING_DIRECTION_TOP3,1,
h5m80d50_direction,002681.SZ,20240830,H5_COMPETING_DIRECTION_TOP3,1,
h5m80d50_direction,300184.SZ,20240830,H5_COMPETING_DIRECTION_TOP3,1,
h5m80d50_direction,002681.SZ,20240829,H5_COMPETING_DIRECTION_TOP3,1,
h5m80d50_direction,300184.SZ,20240829,H5_COMPETING_DIRECTION_TOP3,1,
h5m80d50_direction,301487.SZ,20240829,H5_COMPETING_DIRECTION_TOP3,1,
h5m80d50_direction,002302.SZ,20240828,H5_COMPETING_DIRECTION_TOP3,1,
h5m80d50_direction,300184.SZ,20240828,H5_COMPETING_DIRECTION_TOP3,1,
h5m80d50_direction,002302.SZ,20240827,H5_COMPETING_DIRECTION_TOP3,1,
h5m80d50_direction,300184.SZ,20240827,H5_COMPETING_DIRECTION_TOP3,1,
h5m80d50_direction,603118.SH,20240827,H5_COMPETING_DIRECTION_TOP3,1,
h5m80d50_direction,000062.SZ,20240826,H5_COMPETING_DIRECTION_TOP3,1,
h5m80d50_direction,002302.SZ,20240826,H5_COMPETING_DIRECTION_TOP3,1,
h5m80d50_direction,603118.SH,20240826,H5_COMPETING_DIRECTION_TOP3,1,
h5m80d50_direction,000062.SZ,20240823,H5_COMPETING_DIRECTION_TOP3,1,
h5m80d50_direction,603118.SH,20240823,H5_COMPETING_DIRECTION_TOP3,1,
h5m80d50_direction,000062.SZ,20240822,H5_COMPETING_DIRECTION_TOP3,1,
h5m80d50_direction,300184.SZ,20240822,H5_COMPETING_DIRECTION_TOP3,1,
h5m80d50_direction,300718.SZ,20240822,H5_COMPETING_DIRECTION_TOP3,1,
h5m80d50_direction,000062.SZ,20240821,H5_COMPETING_DIRECTION_TOP3,1,
h5m80d50_direction,300718.SZ,20240821,H5_COMPETING_DIRECTION_TOP3,1,
h5m80d50_direction,000062.SZ,20240820,H5_COMPETING_DIRECTION_TOP3,1,
h5m80d50_direction,300184.SZ,20240820,H5_COMPETING_DIRECTION_TOP3,1,
h5m80d50_direction,000062.SZ,20240819,H5_COMPETING_DIRECTION_TOP3,1,
h5m80d50_direction,300184.SZ,20240819,H5_COMPETING_DIRECTION_TOP3,1,
h5m80d50_direction,300972.SZ,20240819,H5_COMPETING_DIRECTION_TOP3,1,
h5m80d50_direction,000810.SZ,20240816,H5_COMPETING_DIRECTION_TOP3,1,
h5m80d50_direction,300184.SZ,20240816,H5_COMPETING_DIRECTION_TOP3,1,
h5m80d50_direction,600577.SH,20240816,H5_COMPETING_DIRECTION_TOP3,1,
h5m80d50_direction,000880.SZ,20240815,H5_COMPETING_DIRECTION_TOP3,1,
h5m80d50_direction,301550.SZ,20240815,H5_COMPETING_DIRECTION_TOP3,1,
h5m80d50_direction,000880.SZ,20240814,H5_COMPETING_DIRECTION_TOP3,1,
h5m80d50_direction,000880.SZ,20240813,H5_COMPETING_DIRECTION_TOP3,1,
h5m80d50_direction,300493.SZ,20240813,H5_COMPETING_DIRECTION_TOP3,1,
h5m80d50_direction,000880.SZ,20240812,H5_COMPETING_DIRECTION_TOP3,1,
h5m80d50_direction,300917.SZ,20240812,H5_COMPETING_DIRECTION_TOP3,1,
h5m80d50_direction,000880.SZ,20240809,H5_COMPETING_DIRECTION_TOP3,1,
h5m80d50_direction,600151.SH,20240809,H5_COMPETING_DIRECTION_TOP3,1,
h5m80d50_direction,600216.SH,20240809,H5_COMPETING_DIRECTION_TOP3,1,
h5m80d50_direction,000880.SZ,20240808,H5_COMPETING_DIRECTION_TOP3,1,
h5m80d50_direction,600686.SH,20240808,H5_COMPETING_DIRECTION_TOP3,1,
h5m80d50_direction,688717.SH,20240808,H5_COMPETING_DIRECTION_TOP3,1,
h5m80d50_direction,000880.SZ,20240807,H5_COMPETING_DIRECTION_TOP3,1,
h5m80d50_direction,688717.SH,20240807,H5_COMPETING_DIRECTION_TOP3,1,
h5m80d50_direction,000880.SZ,20240806,H5_COMPETING_DIRECTION_TOP3,1,
h5m80d50_direction,002607.SZ,20240805,H5_COMPETING_DIRECTION_TOP3,1,
h5m80d50_direction,000880.SZ,20240802,H5_COMPETING_DIRECTION_TOP3,1,
h5m80d50_direction,301091.SZ,20240802,H5_COMPETING_DIRECTION_TOP3,1,
h5m80d50_direction,688717.SH,20240802,H5_COMPETING_DIRECTION_TOP3,1,
h5m80d50_direction,000712.SZ,20240801,H5_COMPETING_DIRECTION_TOP3,1,
h5m80d50_direction,000880.SZ,20240801,H5_COMPETING_DIRECTION_TOP3,1,
h5m80d50_direction,688717.SH,20240801,H5_COMPETING_DIRECTION_TOP3,1,
h5m80d50_direction,000550.SZ,20240731,H5_COMPETING_DIRECTION_TOP3,1,
h5m80d50_direction,000880.SZ,20240731,H5_COMPETING_DIRECTION_TOP3,1,
h5m80d50_direction,600686.SH,20240731,H5_COMPETING_DIRECTION_TOP3,1,
h5m80d50_direction,000880.SZ,20240730,H5_COMPETING_DIRECTION_TOP3,1,
h5m80d50_direction,600635.SH,20240730,H5_COMPETING_DIRECTION_TOP3,1,
h5m80d50_direction,000880.SZ,20240729,H5_COMPETING_DIRECTION_TOP3,1,
h5m80d50_direction,600686.SH,20240729,H5_COMPETING_DIRECTION_TOP3,1,
h5m80d50_direction,688717.SH,20240729,H5_COMPETING_DIRECTION_TOP3,1,
h5m80d50_direction,000712.SZ,20240726,H5_COMPETING_DIRECTION_TOP3,1,
h5m80d50_direction,600686.SH,20240726,H5_COMPETING_DIRECTION_TOP3,1,
h5m80d50_direction,688717.SH,20240726,H5_COMPETING_DIRECTION_TOP3,1,
h5m80d50_direction,688717.SH,20240725,H5_COMPETING_DIRECTION_TOP3,1,
h5m80d50_direction,300850.SZ,20240724,H5_COMPETING_DIRECTION_TOP3,1,
h5m80d50_direction,688717.SH,20240724,H5_COMPETING_DIRECTION_TOP3,1,
h5m80d50_direction,688717.SH,20240723,H5_COMPETING_DIRECTION_TOP3,1,
h5m80d50_direction,600171.SH,20240722,H5_COMPETING_DIRECTION_TOP3,1,
h5m80d50_direction,688717.SH,20240722,H5_COMPETING_DIRECTION_TOP3,1,
h5m80d50_direction,600171.SH,20240719,H5_COMPETING_DIRECTION_TOP3,1,
h5m80d50_direction,688692.SH,20240719,H5_COMPETING_DIRECTION_TOP3,1,
h5m80d50_direction,688717.SH,20240719,H5_COMPETING_DIRECTION_TOP3,1,
h5m80d50_direction,688252.SH,20240718,H5_COMPETING_DIRECTION_TOP3,1,
h5m80d50_direction,688692.SH,20240718,H5_COMPETING_DIRECTION_TOP3,1,
h5m80d50_direction,688717.SH,20240718,H5_COMPETING_DIRECTION_TOP3,1,
h5m80d50_direction,688147.SH,20240717,H5_COMPETING_DIRECTION_TOP3,1,
h5m80d50_direction,688692.SH,20240717,H5_COMPETING_DIRECTION_TOP3,1,
h5m80d50_direction,688717.SH,20240717,H5_COMPETING_DIRECTION_TOP3,1,
h5m80d50_direction,300100.SZ,20240716,H5_COMPETING_DIRECTION_TOP3,1,
h5m80d50_direction,688252.SH,20240716,H5_COMPETING_DIRECTION_TOP3,1,
h5m80d50_direction,688717.SH,20240716,H5_COMPETING_DIRECTION_TOP3,1,
h5m80d50_direction,688183.SH,20240715,H5_COMPETING_DIRECTION_TOP3,1,
h5m80d50_direction,688717.SH,20240715,H5_COMPETING_DIRECTION_TOP3,1,
h5m80d50_direction,300763.SZ,20240712,H5_COMPETING_DIRECTION_TOP3,1,
h5m80d50_direction,688717.SH,20240712,H5_COMPETING_DIRECTION_TOP3,1,
h5m80d50_direction,300100.SZ,20240711,H5_COMPETING_DIRECTION_TOP3,1,
h5m80d50_direction,603516.SH,20240711,H5_COMPETING_DIRECTION_TOP3,1,
h5m80d50_direction,688717.SH,20240711,H5_COMPETING_DIRECTION_TOP3,1,
h5m80d50_direction,603171.SH,20240710,H5_COMPETING_DIRECTION_TOP3,1,
h5m80d50_direction,688717.SH,20240710,H5_COMPETING_DIRECTION_TOP3,1,
h5m80d50_direction,002130.SZ,20240709,H5_COMPETING_DIRECTION_TOP3,1,
h5m80d50_direction,603171.SH,20240709,H5_COMPETING_DIRECTION_TOP3,1,
h5m80d50_direction,688717.SH,20240709,H5_COMPETING_DIRECTION_TOP3,1,
h5m80d50_direction,603171.SH,20240708,H5_COMPETING_DIRECTION_TOP3,1,
h5m80d50_direction,603887.SH,20240708,H5_COMPETING_DIRECTION_TOP3,1,
h5m80d50_direction,688525.SH,20240708,H5_COMPETING_DIRECTION_TOP3,1,
h5m80d50_direction,603171.SH,20240705,H5_COMPETING_DIRECTION_TOP3,1,
h5m80d50_direction,688717.SH,20240705,H5_COMPETING_DIRECTION_TOP3,1,
h5m80d50_direction,300401.SZ,20240704,H5_COMPETING_DIRECTION_TOP3,1,
h5m80d50_direction,603887.SH,20240704,H5_COMPETING_DIRECTION_TOP3,1,
h5m80d50_direction,688252.SH,20240704,H5_COMPETING_DIRECTION_TOP3,1,
h5m80d50_direction,301217.SZ,20240703,H5_COMPETING_DIRECTION_TOP3,1,
h5m80d50_direction,603171.SH,20240703,H5_COMPETING_DIRECTION_TOP3,1,
h5m80d50_direction,300641.SZ,20240702,H5_COMPETING_DIRECTION_TOP3,1,
h5m80d50_direction,603171.SH,20240702,H5_COMPETING_DIRECTION_TOP3,1,
h5m80d50_direction,300641.SZ,20240701,H5_COMPETING_DIRECTION_TOP3,1,
h5m80d50_direction,603887.SH,20240701,H5_COMPETING_DIRECTION_TOP3,1,
h5m80d50_direction,300401.SZ,20240628,H5_COMPETING_DIRECTION_TOP3,1,
h5m80d50_direction,301215.SZ,20240628,H5_COMPETING_DIRECTION_TOP3,1,
h5m80d50_direction,603171.SH,20240628,H5_COMPETING_DIRECTION_TOP3,1,
h5m80d50_direction,300917.SZ,20240627,H5_COMPETING_DIRECTION_TOP3,1,
h5m80d50_direction,603887.SH,20240627,H5_COMPETING_DIRECTION_TOP3,1,
h5m80d50_direction,603171.SH,20240626,H5_COMPETING_DIRECTION_TOP3,1,
h5m80d50_direction,603887.SH,20240626,H5_COMPETING_DIRECTION_TOP3,1,
h5m80d50_direction,300098.SZ,20240625,H5_COMPETING_DIRECTION_TOP3,1,
h5m80d50_direction,300641.SZ,20240625,H5_COMPETING_DIRECTION_TOP3,1,
h5m80d50_direction,300641.SZ,20240624,H5_COMPETING_DIRECTION_TOP3,1,
h5m80d50_direction,301550.SZ,20240624,H5_COMPETING_DIRECTION_TOP3,1,
h5m80d50_direction,603228.SH,20240624,H5_COMPETING_DIRECTION_TOP3,1,
h5m80d50_direction,300641.SZ,20240621,H5_COMPETING_DIRECTION_TOP3,1,
h5m80d50_direction,301215.SZ,20240621,H5_COMPETING_DIRECTION_TOP3,1,
h5m80d50_direction,688206.SH,20240620,H5_COMPETING_DIRECTION_TOP3,1,
h5m80d50_direction,300284.SZ,20240619,H5_COMPETING_DIRECTION_TOP3,1,
h5m80d50_direction,301091.SZ,20240619,H5_COMPETING_DIRECTION_TOP3,1,
h5m80d50_direction,688107.SH,20240618,H5_COMPETING_DIRECTION_TOP3,1,
h5m80d50_direction,688702.SH,20240618,H5_COMPETING_DIRECTION_TOP3,1,
h5m80d50_direction,300098.SZ,20240617,H5_COMPETING_DIRECTION_TOP3,1,
h5m80d50_direction,300779.SZ,20240617,H5_COMPETING_DIRECTION_TOP3,1,
h5m80d50_direction,688702.SH,20240617,H5_COMPETING_DIRECTION_TOP3,1,
h5m80d50_direction,688107.SH,20240614,H5_COMPETING_DIRECTION_TOP3,1,
h5m80d50_direction,688525.SH,20240614,H5_COMPETING_DIRECTION_TOP3,1,
h5m80d50_direction,688702.SH,20240614,H5_COMPETING_DIRECTION_TOP3,1,
h5m80d50_direction,688107.SH,20240613,H5_COMPETING_DIRECTION_TOP3,1,
h5m80d50_direction,688515.SH,20240613,H5_COMPETING_DIRECTION_TOP3,1,
h5m80d50_direction,688702.SH,20240613,H5_COMPETING_DIRECTION_TOP3,1,
h5m80d50_direction,300641.SZ,20240612,H5_COMPETING_DIRECTION_TOP3,1,
h5m80d50_direction,301550.SZ,20240612,H5_COMPETING_DIRECTION_TOP3,1,
h5m80d50_direction,688183.SH,20240612,H5_COMPETING_DIRECTION_TOP3,1,
h5m80d50_direction,300455.SZ,20240611,H5_COMPETING_DIRECTION_TOP3,1,
h5m80d50_direction,301550.SZ,20240611,H5_COMPETING_DIRECTION_TOP3,1,
h5m80d50_direction,301536.SZ,20240607,H5_COMPETING_DIRECTION_TOP3,1,
h5m80d50_direction,301550.SZ,20240607,H5_COMPETING_DIRECTION_TOP3,1,
h5m80d50_direction,688515.SH,20240607,H5_COMPETING_DIRECTION_TOP3,1,
h5m80d50_direction,300672.SZ,20240606,H5_COMPETING_DIRECTION_TOP3,1,
h5m80d50_direction,301550.SZ,20240606,H5_COMPETING_DIRECTION_TOP3,1,
h5m80d50_direction,600171.SH,20240606,H5_COMPETING_DIRECTION_TOP3,1,
h5m80d50_direction,301536.SZ,20240605,H5_COMPETING_DIRECTION_TOP3,1,
h5m80d50_direction,600171.SH,20240605,H5_COMPETING_DIRECTION_TOP3,1,
h5m80d50_direction,688702.SH,20240605,H5_COMPETING_DIRECTION_TOP3,1,
h5m80d50_direction,300641.SZ,20240604,H5_COMPETING_DIRECTION_TOP3,1,
h5m80d50_direction,301550.SZ,20240604,H5_COMPETING_DIRECTION_TOP3,1,
h5m80d50_direction,688702.SH,20240604,H5_COMPETING_DIRECTION_TOP3,1,
h5m80d50_direction,300455.SZ,20240603,H5_COMPETING_DIRECTION_TOP3,1,
h5m80d50_direction,301550.SZ,20240603,H5_COMPETING_DIRECTION_TOP3,1,
h5m80d50_direction,688525.SH,20240603,H5_COMPETING_DIRECTION_TOP3,1,
h5m80d50_direction,300455.SZ,20240531,H5_COMPETING_DIRECTION_TOP3,1,
h5m80d50_direction,300576.SZ,20240531,H5_COMPETING_DIRECTION_TOP3,1,
h5m80d50_direction,300641.SZ,20240530,H5_COMPETING_DIRECTION_TOP3,1,
h5m80d50_direction,300672.SZ,20240530,H5_COMPETING_DIRECTION_TOP3,1,
h5m80d50_direction,300641.SZ,20240529,H5_COMPETING_DIRECTION_TOP3,1,
h5m80d50_direction,300779.SZ,20240529,H5_COMPETING_DIRECTION_TOP3,1,
h5m80d50_direction,688102.SH,20240529,H5_COMPETING_DIRECTION_TOP3,1,
h5m80d50_direction,300576.SZ,20240528,H5_COMPETING_DIRECTION_TOP3,1,
h5m80d50_direction,300779.SZ,20240528,H5_COMPETING_DIRECTION_TOP3,1,
h5m80d50_direction,601020.SH,20240528,H5_COMPETING_DIRECTION_TOP3,1,
h5m80d50_direction,300779.SZ,20240527,H5_COMPETING_DIRECTION_TOP3,1,
h5m80d50_direction,601020.SH,20240527,H5_COMPETING_DIRECTION_TOP3,1,
h5m80d50_direction,300602.SZ,20240524,H5_COMPETING_DIRECTION_TOP3,1,
h5m80d50_direction,300779.SZ,20240524,H5_COMPETING_DIRECTION_TOP3,1,
h5m80d50_direction,300779.SZ,20240523,H5_COMPETING_DIRECTION_TOP3,1,
h5m80d50_direction,000737.SZ,20240522,H5_COMPETING_DIRECTION_TOP3,1,
h5m80d50_direction,300779.SZ,20240522,H5_COMPETING_DIRECTION_TOP3,1,
h5m80d50_direction,603099.SH,20240522,H5_COMPETING_DIRECTION_TOP3,1,
h5m80d50_direction,000737.SZ,20240521,H5_COMPETING_DIRECTION_TOP3,1,
h5m80d50_direction,300779.SZ,20240521,H5_COMPETING_DIRECTION_TOP3,1,
h5m80d50_direction,603099.SH,20240521,H5_COMPETING_DIRECTION_TOP3,1,
h5m80d50_direction,000737.SZ,20240520,H5_COMPETING_DIRECTION_TOP3,1,
h5m80d50_direction,002716.SZ,20240520,H5_COMPETING_DIRECTION_TOP3,1,
h5m80d50_direction,600649.SH,20240520,H5_COMPETING_DIRECTION_TOP3,1,
h5m80d50_direction,300779.SZ,20240517,H5_COMPETING_DIRECTION_TOP3,1,
h5m80d50_direction,688183.SH,20240517,H5_COMPETING_DIRECTION_TOP3,1,
h5m80d50_direction,688629.SH,20240517,H5_COMPETING_DIRECTION_TOP3,1,
h5m80d50_direction,000737.SZ,20240516,H5_COMPETING_DIRECTION_TOP3,1,
h5m80d50_direction,300779.SZ,20240516,H5_COMPETING_DIRECTION_TOP3,1,
h5m80d50_direction,688629.SH,20240516,H5_COMPETING_DIRECTION_TOP3,1,
h5m80d50_direction,000628.SZ,20240515,H5_COMPETING_DIRECTION_TOP3,1,
h5m80d50_direction,300779.SZ,20240515,H5_COMPETING_DIRECTION_TOP3,1,
h5m80d50_direction,000628.SZ,20240514,H5_COMPETING_DIRECTION_TOP3,1,
h5m80d50_direction,300779.SZ,20240514,H5_COMPETING_DIRECTION_TOP3,1,
h5m80d50_direction,000737.SZ,20240513,H5_COMPETING_DIRECTION_TOP3,1,
h5m80d50_direction,002668.SZ,20240513,H5_COMPETING_DIRECTION_TOP3,1,
h5m80d50_direction,603809.SH,20240513,H5_COMPETING_DIRECTION_TOP3,1,
h5m80d50_direction,000737.SZ,20240510,H5_COMPETING_DIRECTION_TOP3,1,
h5m80d50_direction,002668.SZ,20240510,H5_COMPETING_DIRECTION_TOP3,1,
h5m80d50_direction,600866.SH,20240510,H5_COMPETING_DIRECTION_TOP3,1,
h5m80d50_direction,000099.SZ,20240509,H5_COMPETING_DIRECTION_TOP3,1,
h5m80d50_direction,600645.SH,20240509,H5_COMPETING_DIRECTION_TOP3,1,
h5m80d50_direction,688631.SH,20240509,H5_COMPETING_DIRECTION_TOP3,1,
h5m80d50_direction,600645.SH,20240508,H5_COMPETING_DIRECTION_TOP3,1,
h5m80d50_direction,603809.SH,20240508,H5_COMPETING_DIRECTION_TOP3,1,
h5m80d50_direction,688631.SH,20240508,H5_COMPETING_DIRECTION_TOP3,1,
h5m80d50_direction,000737.SZ,20240507,H5_COMPETING_DIRECTION_TOP3,1,
h5m80d50_direction,603809.SH,20240507,H5_COMPETING_DIRECTION_TOP3,1,
h5m80d50_direction,000737.SZ,20240506,H5_COMPETING_DIRECTION_TOP3,1,
h5m80d50_direction,301301.SZ,20240506,H5_COMPETING_DIRECTION_TOP3,1,
h5m80d50_direction,600789.SH,20240506,H5_COMPETING_DIRECTION_TOP3,1,
h5m80d50_direction,000737.SZ,20240430,H5_COMPETING_DIRECTION_TOP3,1,
h5m80d50_direction,300284.SZ,20240430,H5_COMPETING_DIRECTION_TOP3,1,
h5m80d50_direction,301301.SZ,20240430,H5_COMPETING_DIRECTION_TOP3,1,
h5m80d50_direction,000737.SZ,20240429,H5_COMPETING_DIRECTION_TOP3,1,
h5m80d50_direction,002670.SZ,20240429,H5_COMPETING_DIRECTION_TOP3,1,
h5m80d50_direction,603809.SH,20240429,H5_COMPETING_DIRECTION_TOP3,1,
h5m80d50_direction,000737.SZ,20240426,H5_COMPETING_DIRECTION_TOP3,1,
h5m80d50_direction,001696.SZ,20240426,H5_COMPETING_DIRECTION_TOP3,1,
h5m80d50_direction,301091.SZ,20240426,H5_COMPETING_DIRECTION_TOP3,1,
h5m80d50_direction,603663.SH,20240425,H5_COMPETING_DIRECTION_TOP3,1,
h5m80d50_direction,000628.SZ,20240424,H5_COMPETING_DIRECTION_TOP3,1,
h5m80d50_direction,300133.SZ,20240424,H5_COMPETING_DIRECTION_TOP3,1,
h5m80d50_direction,300757.SZ,20240424,H5_COMPETING_DIRECTION_TOP3,1,
h5m80d50_direction,300757.SZ,20240423,H5_COMPETING_DIRECTION_TOP3,1,
h5m80d50_direction,301205.SZ,20240423,H5_COMPETING_DIRECTION_TOP3,1,
h5m80d50_direction,688629.SH,20240423,H5_COMPETING_DIRECTION_TOP3,1,
h5m80d50_direction,300757.SZ,20240422,H5_COMPETING_DIRECTION_TOP3,1,
h5m80d50_direction,301205.SZ,20240422,H5_COMPETING_DIRECTION_TOP3,1,
h5m80d50_direction,688515.SH,20240422,H5_COMPETING_DIRECTION_TOP3,1,
h5m80d50_direction,300548.SZ,20240419,H5_COMPETING_DIRECTION_TOP3,1,
h5m80d50_direction,301205.SZ,20240419,H5_COMPETING_DIRECTION_TOP3,1,
h5m80d50_direction,688629.SH,20240419,H5_COMPETING_DIRECTION_TOP3,1,
h5m80d50_direction,000737.SZ,20240418,H5_COMPETING_DIRECTION_TOP3,1,
h5m80d50_direction,301091.SZ,20240418,H5_COMPETING_DIRECTION_TOP3,1,
h5m80d50_direction,688522.SH,20240418,H5_COMPETING_DIRECTION_TOP3,1,
h5m80d50_direction,301091.SZ,20240417,H5_COMPETING_DIRECTION_TOP3,1,
h5m80d50_direction,688522.SH,20240417,H5_COMPETING_DIRECTION_TOP3,1,
h5m80d50_direction,688631.SH,20240417,H5_COMPETING_DIRECTION_TOP3,1,
h5m80d50_direction,001696.SZ,20240416,H5_COMPETING_DIRECTION_TOP3,1,
h5m80d50_direction,688522.SH,20240416,H5_COMPETING_DIRECTION_TOP3,1,
h5m80d50_direction,688631.SH,20240416,H5_COMPETING_DIRECTION_TOP3,1,
h5m80d50_direction,300641.SZ,20240415,H5_COMPETING_DIRECTION_TOP3,1,
h5m80d50_direction,301091.SZ,20240415,H5_COMPETING_DIRECTION_TOP3,1,
h5m80d50_direction,688631.SH,20240415,H5_COMPETING_DIRECTION_TOP3,1,
h5m80d50_direction,002130.SZ,20240412,H5_COMPETING_DIRECTION_TOP3,1,
h5m80d50_direction,300641.SZ,20240412,H5_COMPETING_DIRECTION_TOP3,1,
h5m80d50_direction,601918.SH,20240412,H5_COMPETING_DIRECTION_TOP3,1,
h5m80d50_direction,300641.SZ,20240411,H5_COMPETING_DIRECTION_TOP3,1,
h5m80d50_direction,601001.SH,20240411,H5_COMPETING_DIRECTION_TOP3,1,
h5m80d50_direction,605376.SH,20240411,H5_COMPETING_DIRECTION_TOP3,1,
h5m80d50_direction,000921.SZ,20240410,H5_COMPETING_DIRECTION_TOP3,1,
h5m80d50_direction,601001.SH,20240410,H5_COMPETING_DIRECTION_TOP3,1,
h5m80d50_direction,601101.SH,20240410,H5_COMPETING_DIRECTION_TOP3,1,
h5m80d50_direction,000921.SZ,20240409,H5_COMPETING_DIRECTION_TOP3,1,
h5m80d50_direction,601001.SH,20240409,H5_COMPETING_DIRECTION_TOP3,1,
h5m80d50_direction,601918.SH,20240409,H5_COMPETING_DIRECTION_TOP3,1,
h5m80d50_direction,000737.SZ,20240408,H5_COMPETING_DIRECTION_TOP3,1,
h5m80d50_direction,301238.SZ,20240408,H5_COMPETING_DIRECTION_TOP3,1,
h5m80d50_direction,605011.SH,20240408,H5_COMPETING_DIRECTION_TOP3,1,
h5m80d50_direction,000737.SZ,20240403,H5_COMPETING_DIRECTION_TOP3,1,
h5m80d50_direction,301238.SZ,20240403,H5_COMPETING_DIRECTION_TOP3,1,
h5m80d50_direction,301500.SZ,20240403,H5_COMPETING_DIRECTION_TOP3,1,
h5m80d50_direction,000737.SZ,20240402,H5_COMPETING_DIRECTION_TOP3,1,
h5m80d50_direction,301500.SZ,20240402,H5_COMPETING_DIRECTION_TOP3,1,
h5m80d50_direction,603663.SH,20240402,H5_COMPETING_DIRECTION_TOP3,1,
h5m80d50_direction,000737.SZ,20240401,H5_COMPETING_DIRECTION_TOP3,1,
h5m80d50_direction,002239.SZ,20240401,H5_COMPETING_DIRECTION_TOP3,1,
h5m80d50_direction,603663.SH,20240401,H5_COMPETING_DIRECTION_TOP3,1,
h5m80d50_direction,000099.SZ,20240329,H5_COMPETING_DIRECTION_TOP3,1,
h5m80d50_direction,000737.SZ,20240329,H5_COMPETING_DIRECTION_TOP3,1,
h5m80d50_direction,603663.SH,20240329,H5_COMPETING_DIRECTION_TOP3,1,
h5m80d50_direction,000099.SZ,20240328,H5_COMPETING_DIRECTION_TOP3,1,
h5m80d50_direction,000737.SZ,20240328,H5_COMPETING_DIRECTION_TOP3,1,
h5m80d50_direction,601918.SH,20240328,H5_COMPETING_DIRECTION_TOP3,1,
h5m80d50_direction,000737.SZ,20240327,H5_COMPETING_DIRECTION_TOP3,1,
h5m80d50_direction,301091.SZ,20240327,H5_COMPETING_DIRECTION_TOP3,1,
h5m80d50_direction,688631.SH,20240327,H5_COMPETING_DIRECTION_TOP3,1,
h5m80d50_direction,000737.SZ,20240326,H5_COMPETING_DIRECTION_TOP3,1,
h5m80d50_direction,300913.SZ,20240326,H5_COMPETING_DIRECTION_TOP3,1,
h5m80d50_direction,000737.SZ,20240325,H5_COMPETING_DIRECTION_TOP3,1,
h5m80d50_direction,300738.SZ,20240325,H5_COMPETING_DIRECTION_TOP3,1,
h5m80d50_direction,002130.SZ,20240322,H5_COMPETING_DIRECTION_TOP3,1,
h5m80d50_direction,601918.SH,20240322,H5_COMPETING_DIRECTION_TOP3,1,
h5m80d50_direction,603516.SH,20240322,H5_COMPETING_DIRECTION_TOP3,1,
h5m80d50_direction,000737.SZ,20240321,H5_COMPETING_DIRECTION_TOP3,1,
h5m80d50_direction,300133.SZ,20240321,H5_COMPETING_DIRECTION_TOP3,1,
h5m80d50_direction,603516.SH,20240321,H5_COMPETING_DIRECTION_TOP3,1,
h5m80d50_direction,002779.SZ,20240320,H5_COMPETING_DIRECTION_TOP3,1,
h5m80d50_direction,603516.SH,20240320,H5_COMPETING_DIRECTION_TOP3,1,
h5m80d50_direction,688629.SH,20240320,H5_COMPETING_DIRECTION_TOP3,1,
h5m80d50_direction,000719.SZ,20240319,H5_COMPETING_DIRECTION_TOP3,1,
h5m80d50_direction,001309.SZ,20240319,H5_COMPETING_DIRECTION_TOP3,1,
h5m80d50_direction,603516.SH,20240319,H5_COMPETING_DIRECTION_TOP3,1,
h5m80d50_direction,000917.SZ,20240318,H5_COMPETING_DIRECTION_TOP3,1,
h5m80d50_direction,603516.SH,20240318,H5_COMPETING_DIRECTION_TOP3,1,
h5m80d50_direction,688631.SH,20240318,H5_COMPETING_DIRECTION_TOP3,1,
h5m80d50_direction,000737.SZ,20240315,H5_COMPETING_DIRECTION_TOP3,1,
h5m80d50_direction,000917.SZ,20240315,H5_COMPETING_DIRECTION_TOP3,1,
h5m80d50_direction,603516.SH,20240315,H5_COMPETING_DIRECTION_TOP3,1,
h5m80d50_direction,000737.SZ,20240314,H5_COMPETING_DIRECTION_TOP3,1,
h5m80d50_direction,603127.SH,20240314,H5_COMPETING_DIRECTION_TOP3,1,
h5m80d50_direction,603516.SH,20240314,H5_COMPETING_DIRECTION_TOP3,1,
h5m80d50_direction,300548.SZ,20240313,H5_COMPETING_DIRECTION_TOP3,1,
h5m80d50_direction,300757.SZ,20240313,H5_COMPETING_DIRECTION_TOP3,1,
h5m80d50_direction,603516.SH,20240313,H5_COMPETING_DIRECTION_TOP3,1,
h5m80d50_direction,603009.SH,20240312,H5_COMPETING_DIRECTION_TOP3,1,
h5m80d50_direction,603516.SH,20240312,H5_COMPETING_DIRECTION_TOP3,1,
h5m80d50_direction,688631.SH,20240312,H5_COMPETING_DIRECTION_TOP3,1,
h5m80d50_direction,002414.SZ,20240311,H5_COMPETING_DIRECTION_TOP3,1,
h5m80d50_direction,300757.SZ,20240311,H5_COMPETING_DIRECTION_TOP3,1,
h5m80d50_direction,603516.SH,20240311,H5_COMPETING_DIRECTION_TOP3,1,
h5m80d50_direction,300757.SZ,20240308,H5_COMPETING_DIRECTION_TOP3,1,
h5m80d50_direction,301293.SZ,20240308,H5_COMPETING_DIRECTION_TOP3,1,
h5m80d50_direction,603516.SH,20240308,H5_COMPETING_DIRECTION_TOP3,1,
h5m80d50_direction,000628.SZ,20240307,H5_COMPETING_DIRECTION_TOP3,1,
h5m80d50_direction,300757.SZ,20240307,H5_COMPETING_DIRECTION_TOP3,1,
h5m80d50_direction,603516.SH,20240307,H5_COMPETING_DIRECTION_TOP3,1,
h5m80d50_direction,300757.SZ,20240306,H5_COMPETING_DIRECTION_TOP3,1,
h5m80d50_direction,603099.SH,20240306,H5_COMPETING_DIRECTION_TOP3,1,
h5m80d50_direction,603516.SH,20240306,H5_COMPETING_DIRECTION_TOP3,1,
h5m80d50_direction,300757.SZ,20240305,H5_COMPETING_DIRECTION_TOP3,1,
h5m80d50_direction,603099.SH,20240305,H5_COMPETING_DIRECTION_TOP3,1,
h5m80d50_direction,603516.SH,20240305,H5_COMPETING_DIRECTION_TOP3,1,
h5m80d50_direction,002881.SZ,20240304,H5_COMPETING_DIRECTION_TOP3,1,
h5m80d50_direction,300757.SZ,20240304,H5_COMPETING_DIRECTION_TOP3,1,
h5m80d50_direction,603099.SH,20240304,H5_COMPETING_DIRECTION_TOP3,1,
h5m80d50_direction,002611.SZ,20240301,H5_COMPETING_DIRECTION_TOP3,1,
h5m80d50_direction,300570.SZ,20240301,H5_COMPETING_DIRECTION_TOP3,1,
h5m80d50_direction,300757.SZ,20240301,H5_COMPETING_DIRECTION_TOP3,1,
h5m80d50_direction,300570.SZ,20240229,H5_COMPETING_DIRECTION_TOP3,1,
h5m80d50_direction,300757.SZ,20240229,H5_COMPETING_DIRECTION_TOP3,1,
h5m80d50_direction,301205.SZ,20240229,H5_COMPETING_DIRECTION_TOP3,1,
h5m80d50_direction,300678.SZ,20240228,H5_COMPETING_DIRECTION_TOP3,1,
h5m80d50_direction,300757.SZ,20240228,H5_COMPETING_DIRECTION_TOP3,1,
h5m80d50_direction,301550.SZ,20240228,H5_COMPETING_DIRECTION_TOP3,1,
h5m80d50_direction,000628.SZ,20240227,H5_COMPETING_DIRECTION_TOP3,1,
h5m80d50_direction,002611.SZ,20240227,H5_COMPETING_DIRECTION_TOP3,1,
h5m80d50_direction,300570.SZ,20240227,H5_COMPETING_DIRECTION_TOP3,1,
h5m80d50_direction,300641.SZ,20240226,H5_COMPETING_DIRECTION_TOP3,1,
h5m80d50_direction,300663.SZ,20240226,H5_COMPETING_DIRECTION_TOP3,1,
h5m80d50_direction,688372.SH,20240226,H5_COMPETING_DIRECTION_TOP3,1,
h5m80d50_direction,301550.SZ,20240223,H5_COMPETING_DIRECTION_TOP3,1,
h5m80d50_direction,688372.SH,20240223,H5_COMPETING_DIRECTION_TOP3,1,
h5m80d50_direction,688523.SH,20240223,H5_COMPETING_DIRECTION_TOP3,1,
h5m80d50_direction,300100.SZ,20240222,H5_COMPETING_DIRECTION_TOP3,1,
h5m80d50_direction,301550.SZ,20240222,H5_COMPETING_DIRECTION_TOP3,1,
h5m80d50_direction,688800.SH,20240222,H5_COMPETING_DIRECTION_TOP3,1,
h5m80d50_direction,300184.SZ,20240221,H5_COMPETING_DIRECTION_TOP3,1,
h5m80d50_direction,300663.SZ,20240221,H5_COMPETING_DIRECTION_TOP3,1,
h5m80d50_direction,688502.SH,20240221,H5_COMPETING_DIRECTION_TOP3,1,
h5m80d50_direction,002892.SZ,20240220,H5_COMPETING_DIRECTION_TOP3,1,
h5m80d50_direction,301550.SZ,20240220,H5_COMPETING_DIRECTION_TOP3,1,
h5m80d50_direction,688433.SH,20240220,H5_COMPETING_DIRECTION_TOP3,1,
h5m80d50_direction,002892.SZ,20240219,H5_COMPETING_DIRECTION_TOP3,1,
h5m80d50_direction,603667.SH,20240219,H5_COMPETING_DIRECTION_TOP3,1,
h5m80d50_direction,688433.SH,20240219,H5_COMPETING_DIRECTION_TOP3,1,
h5m80d50_direction,002892.SZ,20240208,H5_COMPETING_DIRECTION_TOP3,1,
h5m80d50_direction,300641.SZ,20240208,H5_COMPETING_DIRECTION_TOP3,1,
h5m80d50_direction,603667.SH,20240208,H5_COMPETING_DIRECTION_TOP3,1,
h5m80d50_direction,002896.SZ,20240207,H5_COMPETING_DIRECTION_TOP3,1,
h5m80d50_direction,300493.SZ,20240207,H5_COMPETING_DIRECTION_TOP3,1,
h5m80d50_direction,603667.SH,20240207,H5_COMPETING_DIRECTION_TOP3,1,
h5m80d50_direction,002212.SZ,20240206,H5_COMPETING_DIRECTION_TOP3,1,
h5m80d50_direction,300762.SZ,20240206,H5_COMPETING_DIRECTION_TOP3,1,
h5m80d50_direction,688088.SH,20240206,H5_COMPETING_DIRECTION_TOP3,1,
h5m80d50_direction,688213.SH,20240205,H5_COMPETING_DIRECTION_TOP3,1,
h5m80d50_direction,688220.SH,20240205,H5_COMPETING_DIRECTION_TOP3,1,
h5m80d50_direction,688536.SH,20240205,H5_COMPETING_DIRECTION_TOP3,1,
h5m80d50_direction,603160.SH,20240202,H5_COMPETING_DIRECTION_TOP3,1,
h5m80d50_direction,688114.SH,20240202,H5_COMPETING_DIRECTION_TOP3,1,
h5m80d50_direction,688180.SH,20240202,H5_COMPETING_DIRECTION_TOP3,1,
h5m80d50_direction,300037.SZ,20240201,H5_COMPETING_DIRECTION_TOP3,1,
h5m80d50_direction,603658.SH,20240201,H5_COMPETING_DIRECTION_TOP3,1,
h5m80d50_direction,688114.SH,20240201,H5_COMPETING_DIRECTION_TOP3,1,
h5m80d50_direction,600486.SH,20240131,H5_COMPETING_DIRECTION_TOP3,1,
h5m80d50_direction,600563.SH,20240131,H5_COMPETING_DIRECTION_TOP3,1,
h5m80d50_direction,688065.SH,20240131,H5_COMPETING_DIRECTION_TOP3,1,
h5m80d50_direction,000921.SZ,20240130,H5_COMPETING_DIRECTION_TOP3,1,
h5m80d50_direction,002128.SZ,20240130,H5_COMPETING_DIRECTION_TOP3,1,
h5m80d50_direction,603156.SH,20240130,H5_COMPETING_DIRECTION_TOP3,1,
h5m80d50_direction,002807.SZ,20240129,H5_COMPETING_DIRECTION_TOP3,1,
h5m80d50_direction,002966.SZ,20240129,H5_COMPETING_DIRECTION_TOP3,1,
h5m80d50_direction,601577.SH,20240129,H5_COMPETING_DIRECTION_TOP3,1,
h5m80d50_direction,002958.SZ,20240126,H5_COMPETING_DIRECTION_TOP3,1,
h5m80d50_direction,600639.SH,20240126,H5_COMPETING_DIRECTION_TOP3,1,
h5m80d50_direction,601068.SH,20240126,H5_COMPETING_DIRECTION_TOP3,1,
h5m80d50_direction,000027.SZ,20240125,H5_COMPETING_DIRECTION_TOP3,1,
h5m80d50_direction,002423.SZ,20240125,H5_COMPETING_DIRECTION_TOP3,1,
h5m80d50_direction,600675.SH,20240125,H5_COMPETING_DIRECTION_TOP3,1,
h5m80d50_direction,002608.SZ,20240124,H5_COMPETING_DIRECTION_TOP3,1,
h5m80d50_direction,600578.SH,20240124,H5_COMPETING_DIRECTION_TOP3,1,
h5m80d50_direction,601228.SH,20240124,H5_COMPETING_DIRECTION_TOP3,1,
h5m80d50_direction,600578.SH,20240123,H5_COMPETING_DIRECTION_TOP3,1,
h5m80d50_direction,600688.SH,20240123,H5_COMPETING_DIRECTION_TOP3,1,
h5m80d50_direction,601326.SH,20240123,H5_COMPETING_DIRECTION_TOP3,1,
h5m80d50_direction,000550.SZ,20240122,H5_COMPETING_DIRECTION_TOP3,1,
h5m80d50_direction,600688.SH,20240122,H5_COMPETING_DIRECTION_TOP3,1,
h5m80d50_direction,601918.SH,20240122,H5_COMPETING_DIRECTION_TOP3,1,
h5m80d50_direction,301381.SZ,20240119,H5_COMPETING_DIRECTION_TOP3,1,
h5m80d50_direction,603099.SH,20240119,H5_COMPETING_DIRECTION_TOP3,1,
h5m80d50_direction,300624.SZ,20240118,H5_COMPETING_DIRECTION_TOP3,1,
h5m80d50_direction,301381.SZ,20240118,H5_COMPETING_DIRECTION_TOP3,1,
h5m80d50_direction,603099.SH,20240118,H5_COMPETING_DIRECTION_TOP3,1,
h5m80d50_direction,300624.SZ,20240117,H5_COMPETING_DIRECTION_TOP3,1,
h5m80d50_direction,688390.SH,20240117,H5_COMPETING_DIRECTION_TOP3,1,
h5m80d50_direction,301004.SZ,20240116,H5_COMPETING_DIRECTION_TOP3,1,
h5m80d50_direction,603009.SH,20240116,H5_COMPETING_DIRECTION_TOP3,1,
h5m80d50_direction,603099.SH,20240116,H5_COMPETING_DIRECTION_TOP3,1,
h5m80d50_direction,000628.SZ,20240115,H5_COMPETING_DIRECTION_TOP3,1,
h5m80d50_direction,002779.SZ,20240115,H5_COMPETING_DIRECTION_TOP3,1,
h5m80d50_direction,603099.SH,20240115,H5_COMPETING_DIRECTION_TOP3,1,
h5m80d50_direction,002779.SZ,20240112,H5_COMPETING_DIRECTION_TOP3,1,
h5m80d50_direction,603099.SH,20240112,H5_COMPETING_DIRECTION_TOP3,1,
h5m80d50_direction,000628.SZ,20240111,H5_COMPETING_DIRECTION_TOP3,1,
h5m80d50_direction,002779.SZ,20240111,H5_COMPETING_DIRECTION_TOP3,1,
h5m80d50_direction,603099.SH,20240111,H5_COMPETING_DIRECTION_TOP3,1,
h5m80d50_direction,000628.SZ,20240110,H5_COMPETING_DIRECTION_TOP3,1,
h5m80d50_direction,301511.SZ,20240110,H5_COMPETING_DIRECTION_TOP3,1,
h5m80d50_direction,603099.SH,20240110,H5_COMPETING_DIRECTION_TOP3,1,
h5m80d50_direction,300276.SZ,20240109,H5_COMPETING_DIRECTION_TOP3,1,
h5m80d50_direction,300315.SZ,20240109,H5_COMPETING_DIRECTION_TOP3,1,
h5m80d50_direction,603099.SH,20240109,H5_COMPETING_DIRECTION_TOP3,1,
h5m80d50_direction,603099.SH,20240108,H5_COMPETING_DIRECTION_TOP3,1,
h5m80d50_direction,603099.SH,20240105,H5_COMPETING_DIRECTION_TOP3,1,
h5m80d50_direction,605011.SH,20240105,H5_COMPETING_DIRECTION_TOP3,1,
h5m80d50_direction,603099.SH,20240104,H5_COMPETING_DIRECTION_TOP3,1,
h5m80d50_direction,688032.SH,20240104,H5_COMPETING_DIRECTION_TOP3,1,
h5m80d50_direction,603099.SH,20240103,H5_COMPETING_DIRECTION_TOP3,1,
h5m80d50_direction,603530.SH,20240103,H5_COMPETING_DIRECTION_TOP3,1,
h5m80d50_direction,605011.SH,20240103,H5_COMPETING_DIRECTION_TOP3,1,
h5m80d50_direction,002779.SZ,20240102,H5_COMPETING_DIRECTION_TOP3,1,
h5m80d50_direction,601022.SH,20240102,H5_COMPETING_DIRECTION_TOP3,1,
h5m80d50_direction,603530.SH,20240102,H5_COMPETING_DIRECTION_TOP3,1,
h5m80d50_direction,000628.SZ,20231229,H5_COMPETING_DIRECTION_TOP3,1,
h5m80d50_direction,002779.SZ,20231229,H5_COMPETING_DIRECTION_TOP3,1,
h5m80d50_direction,603530.SH,20231229,H5_COMPETING_DIRECTION_TOP3,1,
h5m80d50_direction,603009.SH,20231228,H5_COMPETING_DIRECTION_TOP3,1,
h5m80d50_direction,603530.SH,20231228,H5_COMPETING_DIRECTION_TOP3,1,
h5m80d50_direction,605011.SH,20231228,H5_COMPETING_DIRECTION_TOP3,1,
h5m80d50_direction,300045.SZ,20231227,H5_COMPETING_DIRECTION_TOP3,1,
h5m80d50_direction,601022.SH,20231227,H5_COMPETING_DIRECTION_TOP3,1,
h5m80d50_direction,603009.SH,20231227,H5_COMPETING_DIRECTION_TOP3,1,
h5m80d50_direction,601022.SH,20231226,H5_COMPETING_DIRECTION_TOP3,1,
h5m80d50_direction,603009.SH,20231226,H5_COMPETING_DIRECTION_TOP3,1,
h5m80d50_direction,301000.SZ,20231225,H5_COMPETING_DIRECTION_TOP3,1,
h5m80d50_direction,603009.SH,20231225,H5_COMPETING_DIRECTION_TOP3,1,
h5m80d50_direction,688390.SH,20231225,H5_COMPETING_DIRECTION_TOP3,1,
h5m80d50_direction,601022.SH,20231222,H5_COMPETING_DIRECTION_TOP3,1,
h5m80d50_direction,603009.SH,20231222,H5_COMPETING_DIRECTION_TOP3,1,
h5m80d50_direction,688032.SH,20231222,H5_COMPETING_DIRECTION_TOP3,1,
h5m80d50_direction,002292.SZ,20231221,H5_COMPETING_DIRECTION_TOP3,1,
h5m80d50_direction,601022.SH,20231221,H5_COMPETING_DIRECTION_TOP3,1,
h5m80d50_direction,605011.SH,20231221,H5_COMPETING_DIRECTION_TOP3,1,
h5m80d50_direction,301000.SZ,20231220,H5_COMPETING_DIRECTION_TOP3,1,
h5m80d50_direction,605011.SH,20231220,H5_COMPETING_DIRECTION_TOP3,1,
h5m80d50_direction,301000.SZ,20231219,H5_COMPETING_DIRECTION_TOP3,1,
h5m80d50_direction,601022.SH,20231219,H5_COMPETING_DIRECTION_TOP3,1,
h5m80d50_direction,605011.SH,20231219,H5_COMPETING_DIRECTION_TOP3,1,
h5m80d50_direction,002292.SZ,20231218,H5_COMPETING_DIRECTION_TOP3,1,
h5m80d50_direction,601022.SH,20231218,H5_COMPETING_DIRECTION_TOP3,1,
h5m80d50_direction,605011.SH,20231218,H5_COMPETING_DIRECTION_TOP3,1,
h5m80d50_direction,603009.SH,20231215,H5_COMPETING_DIRECTION_TOP3,1,
h5m80d50_direction,605011.SH,20231215,H5_COMPETING_DIRECTION_TOP3,1,
h5m80d50_direction,300007.SZ,20231214,H5_COMPETING_DIRECTION_TOP3,1,
h5m80d50_direction,605011.SH,20231214,H5_COMPETING_DIRECTION_TOP3,1,
h5m80d50_direction,000766.SZ,20231213,H5_COMPETING_DIRECTION_TOP3,1,
h5m80d50_direction,300007.SZ,20231213,H5_COMPETING_DIRECTION_TOP3,1,
h5m80d50_direction,603009.SH,20231213,H5_COMPETING_DIRECTION_TOP3,1,
h5m80d50_direction,600686.SH,20231212,H5_COMPETING_DIRECTION_TOP3,1,
h5m80d50_direction,688525.SH,20231212,H5_COMPETING_DIRECTION_TOP3,1,
h5m80d50_direction,000628.SZ,20231211,H5_COMPETING_DIRECTION_TOP3,1,
h5m80d50_direction,300857.SZ,20231211,H5_COMPETING_DIRECTION_TOP3,1,
h5m80d50_direction,300548.SZ,20231208,H5_COMPETING_DIRECTION_TOP3,1,
h5m80d50_direction,300570.SZ,20231208,H5_COMPETING_DIRECTION_TOP3,1,
h5m80d50_direction,301205.SZ,20231208,H5_COMPETING_DIRECTION_TOP3,1,
h5m80d50_direction,300570.SZ,20231207,H5_COMPETING_DIRECTION_TOP3,1,
h5m80d50_direction,300857.SZ,20231207,H5_COMPETING_DIRECTION_TOP3,1,
h5m80d50_direction,301205.SZ,20231207,H5_COMPETING_DIRECTION_TOP3,1,
h5m80d50_direction,300624.SZ,20231206,H5_COMPETING_DIRECTION_TOP3,1,
h5m80d50_direction,300857.SZ,20231206,H5_COMPETING_DIRECTION_TOP3,1,
h5m80d50_direction,301205.SZ,20231205,H5_COMPETING_DIRECTION_TOP3,1,
h5m80d50_direction,603516.SH,20231205,H5_COMPETING_DIRECTION_TOP3,1,
h5m80d50_direction,688525.SH,20231205,H5_COMPETING_DIRECTION_TOP3,1,
h5m80d50_direction,301171.SZ,20231204,H5_COMPETING_DIRECTION_TOP3,1,
h5m80d50_direction,603516.SH,20231204,H5_COMPETING_DIRECTION_TOP3,1,
h5m80d50_direction,688525.SH,20231204,H5_COMPETING_DIRECTION_TOP3,1,
h5m80d50_direction,000628.SZ,20231201,H5_COMPETING_DIRECTION_TOP3,1,
h5m80d50_direction,300624.SZ,20231201,H5_COMPETING_DIRECTION_TOP3,1,
h5m80d50_direction,301205.SZ,20231201,H5_COMPETING_DIRECTION_TOP3,1,
h5m80d50_direction,300857.SZ,20231130,H5_COMPETING_DIRECTION_TOP3,1,
h5m80d50_direction,301205.SZ,20231130,H5_COMPETING_DIRECTION_TOP3,1,
h5m80d50_direction,301262.SZ,20231130,H5_COMPETING_DIRECTION_TOP3,1,
h5m80d50_direction,300857.SZ,20231129,H5_COMPETING_DIRECTION_TOP3,1,
h5m80d50_direction,301091.SZ,20231129,H5_COMPETING_DIRECTION_TOP3,1,
h5m80d50_direction,301262.SZ,20231129,H5_COMPETING_DIRECTION_TOP3,1,
h5m80d50_direction,000628.SZ,20231128,H5_COMPETING_DIRECTION_TOP3,1,
h5m80d50_direction,301262.SZ,20231128,H5_COMPETING_DIRECTION_TOP3,1,
h5m80d50_direction,300857.SZ,20231127,H5_COMPETING_DIRECTION_TOP3,1,
h5m80d50_direction,301205.SZ,20231127,H5_COMPETING_DIRECTION_TOP3,1,
h5m80d50_direction,301215.SZ,20231127,H5_COMPETING_DIRECTION_TOP3,1,
h5m80d50_direction,301262.SZ,20231124,H5_COMPETING_DIRECTION_TOP3,1,
h5m80d50_direction,603103.SH,20231124,H5_COMPETING_DIRECTION_TOP3,1,
h5m80d50_direction,002275.SZ,20231123,H5_COMPETING_DIRECTION_TOP3,1,
h5m80d50_direction,002416.SZ,20231123,H5_COMPETING_DIRECTION_TOP3,1,
h5m80d50_direction,603009.SH,20231123,H5_COMPETING_DIRECTION_TOP3,1,
h5m80d50_direction,000058.SZ,20231122,H5_COMPETING_DIRECTION_TOP3,1,
h5m80d50_direction,301262.SZ,20231122,H5_COMPETING_DIRECTION_TOP3,1,
h5m80d50_direction,603663.SH,20231122,H5_COMPETING_DIRECTION_TOP3,1,
h5m80d50_direction,300184.SZ,20231121,H5_COMPETING_DIRECTION_TOP3,1,
h5m80d50_direction,603009.SH,20231121,H5_COMPETING_DIRECTION_TOP3,1,
h5m80d50_direction,603663.SH,20231121,H5_COMPETING_DIRECTION_TOP3,1,
h5m80d50_direction,002239.SZ,20231120,H5_COMPETING_DIRECTION_TOP3,1,
h5m80d50_direction,301091.SZ,20231120,H5_COMPETING_DIRECTION_TOP3,1,
h5m80d50_direction,603009.SH,20231120,H5_COMPETING_DIRECTION_TOP3,1,
h5m80d50_direction,002239.SZ,20231117,H5_COMPETING_DIRECTION_TOP3,1,
h5m80d50_direction,002400.SZ,20231117,H5_COMPETING_DIRECTION_TOP3,1,
h5m80d50_direction,300857.SZ,20231117,H5_COMPETING_DIRECTION_TOP3,1,
h5m80d50_direction,002239.SZ,20231116,H5_COMPETING_DIRECTION_TOP3,1,
h5m80d50_direction,603009.SH,20231116,H5_COMPETING_DIRECTION_TOP3,1,
h5m80d50_direction,603516.SH,20231116,H5_COMPETING_DIRECTION_TOP3,1,
h5m80d50_direction,002881.SZ,20231115,H5_COMPETING_DIRECTION_TOP3,1,
h5m80d50_direction,601022.SH,20231115,H5_COMPETING_DIRECTION_TOP3,1,
h5m80d50_direction,603496.SH,20231115,H5_COMPETING_DIRECTION_TOP3,1,
h5m80d50_direction,601022.SH,20231114,H5_COMPETING_DIRECTION_TOP3,1,
h5m80d50_direction,603009.SH,20231114,H5_COMPETING_DIRECTION_TOP3,1,
h5m80d50_direction,603496.SH,20231114,H5_COMPETING_DIRECTION_TOP3,1,
h5m80d50_direction,300184.SZ,20231113,H5_COMPETING_DIRECTION_TOP3,1,
h5m80d50_direction,601022.SH,20231113,H5_COMPETING_DIRECTION_TOP3,1,
h5m80d50_direction,603009.SH,20231113,H5_COMPETING_DIRECTION_TOP3,1,
h5m80d50_direction,300184.SZ,20231110,H5_COMPETING_DIRECTION_TOP3,1,
h5m80d50_direction,601022.SH,20231110,H5_COMPETING_DIRECTION_TOP3,1,
h5m80d50_direction,603009.SH,20231110,H5_COMPETING_DIRECTION_TOP3,1,
h5m80d50_direction,000828.SZ,20231109,H5_COMPETING_DIRECTION_TOP3,1,
h5m80d50_direction,301297.SZ,20231109,H5_COMPETING_DIRECTION_TOP3,1,
h5m80d50_direction,603009.SH,20231109,H5_COMPETING_DIRECTION_TOP3,1,
h5m80d50_direction,000628.SZ,20231108,H5_COMPETING_DIRECTION_TOP3,1,
h5m80d50_direction,000828.SZ,20231108,H5_COMPETING_DIRECTION_TOP3,1,
h5m80d50_direction,300047.SZ,20231108,H5_COMPETING_DIRECTION_TOP3,1,
h5m80d50_direction,000628.SZ,20231107,H5_COMPETING_DIRECTION_TOP3,1,
h5m80d50_direction,000828.SZ,20231107,H5_COMPETING_DIRECTION_TOP3,1,
h5m80d50_direction,603009.SH,20231107,H5_COMPETING_DIRECTION_TOP3,1,
h5m80d50_direction,000712.SZ,20231106,H5_COMPETING_DIRECTION_TOP3,1,
h5m80d50_direction,300337.SZ,20231106,H5_COMPETING_DIRECTION_TOP3,1,
h5m80d50_direction,603009.SH,20231106,H5_COMPETING_DIRECTION_TOP3,1,
h5m80d50_direction,300570.SZ,20231103,H5_COMPETING_DIRECTION_TOP3,1,
h5m80d50_direction,301091.SZ,20231103,H5_COMPETING_DIRECTION_TOP3,1,
h5m80d50_direction,603009.SH,20231103,H5_COMPETING_DIRECTION_TOP3,1,
h5m80d50_direction,000676.SZ,20231102,H5_COMPETING_DIRECTION_TOP3,1,
h5m80d50_direction,300337.SZ,20231102,H5_COMPETING_DIRECTION_TOP3,1,
h5m80d50_direction,300570.SZ,20231102,H5_COMPETING_DIRECTION_TOP3,1,
h5m80d50_direction,300570.SZ,20231101,H5_COMPETING_DIRECTION_TOP3,1,
h5m80d50_direction,300735.SZ,20231101,H5_COMPETING_DIRECTION_TOP3,1,
h5m80d50_direction,603009.SH,20231101,H5_COMPETING_DIRECTION_TOP3,1,
h5m80d50_direction,000676.SZ,20231031,H5_COMPETING_DIRECTION_TOP3,1,
h5m80d50_direction,300735.SZ,20231031,H5_COMPETING_DIRECTION_TOP3,1,
h5m80d50_direction,603009.SH,20231031,H5_COMPETING_DIRECTION_TOP3,1,
h5m80d50_direction,000676.SZ,20231030,H5_COMPETING_DIRECTION_TOP3,1,
h5m80d50_direction,603009.SH,20231030,H5_COMPETING_DIRECTION_TOP3,1,
h5m80d50_direction,603108.SH,20231030,H5_COMPETING_DIRECTION_TOP3,1,
h5m80d50_direction,300100.SZ,20231027,H5_COMPETING_DIRECTION_TOP3,1,
h5m80d50_direction,603009.SH,20231027,H5_COMPETING_DIRECTION_TOP3,1,
h5m80d50_direction,603516.SH,20231027,H5_COMPETING_DIRECTION_TOP3,1,
h5m80d50_direction,003039.SZ,20231026,H5_COMPETING_DIRECTION_TOP3,1,
h5m80d50_direction,300735.SZ,20231026,H5_COMPETING_DIRECTION_TOP3,1,
h5m80d50_direction,300926.SZ,20231026,H5_COMPETING_DIRECTION_TOP3,1,
h5m80d50_direction,003039.SZ,20231025,H5_COMPETING_DIRECTION_TOP3,1,
h5m80d50_direction,600186.SH,20231025,H5_COMPETING_DIRECTION_TOP3,1,
h5m80d50_direction,603496.SH,20231025,H5_COMPETING_DIRECTION_TOP3,1,
h5m80d50_direction,002654.SZ,20231024,H5_COMPETING_DIRECTION_TOP3,1,
h5m80d50_direction,600186.SH,20231024,H5_COMPETING_DIRECTION_TOP3,1,
h5m80d50_direction,688523.SH,20231024,H5_COMPETING_DIRECTION_TOP3,1,
h5m80d50_direction,300735.SZ,20231023,H5_COMPETING_DIRECTION_TOP3,1,
h5m80d50_direction,603496.SH,20231023,H5_COMPETING_DIRECTION_TOP3,1,
h5m80d50_direction,688523.SH,20231023,H5_COMPETING_DIRECTION_TOP3,1,
h5m80d50_direction,603009.SH,20231020,H5_COMPETING_DIRECTION_TOP3,1,
h5m80d50_direction,603496.SH,20231020,H5_COMPETING_DIRECTION_TOP3,1,
h5m80d50_direction,688523.SH,20231020,H5_COMPETING_DIRECTION_TOP3,1,
h5m80d50_direction,603009.SH,20231019,H5_COMPETING_DIRECTION_TOP3,1,
h5m80d50_direction,603220.SH,20231019,H5_COMPETING_DIRECTION_TOP3,1,
h5m80d50_direction,688523.SH,20231019,H5_COMPETING_DIRECTION_TOP3,1,
h5m80d50_direction,002654.SZ,20231018,H5_COMPETING_DIRECTION_TOP3,1,
h5m80d50_direction,603496.SH,20231018,H5_COMPETING_DIRECTION_TOP3,1,
h5m80d50_direction,688523.SH,20231018,H5_COMPETING_DIRECTION_TOP3,1,
h5m80d50_direction,603496.SH,20231017,H5_COMPETING_DIRECTION_TOP3,1,
h5m80d50_direction,688523.SH,20231017,H5_COMPETING_DIRECTION_TOP3,1,
h5m80d50_direction,002364.SZ,20231016,H5_COMPETING_DIRECTION_TOP3,1,
h5m80d50_direction,600186.SH,20231016,H5_COMPETING_DIRECTION_TOP3,1,
h5m80d50_direction,000766.SZ,20231013,H5_COMPETING_DIRECTION_TOP3,1,
h5m80d50_direction,002654.SZ,20231013,H5_COMPETING_DIRECTION_TOP3,1,
h5m80d50_direction,300199.SZ,20231012,H5_COMPETING_DIRECTION_TOP3,1,
h5m80d50_direction,600186.SH,20231012,H5_COMPETING_DIRECTION_TOP3,1,
h5m80d50_direction,002456.SZ,20231011,H5_COMPETING_DIRECTION_TOP3,1,
h5m80d50_direction,300199.SZ,20231011,H5_COMPETING_DIRECTION_TOP3,1,
h5m80d50_direction,603496.SH,20231011,H5_COMPETING_DIRECTION_TOP3,1,
h5m80d50_direction,002456.SZ,20231010,H5_COMPETING_DIRECTION_TOP3,1,
h5m80d50_direction,300199.SZ,20231010,H5_COMPETING_DIRECTION_TOP3,1,
h5m80d50_direction,600186.SH,20231010,H5_COMPETING_DIRECTION_TOP3,1,
h5m80d50_direction,002456.SZ,20231009,H5_COMPETING_DIRECTION_TOP3,1,
h5m80d50_direction,300045.SZ,20231009,H5_COMPETING_DIRECTION_TOP3,1,
h5m80d50_direction,603496.SH,20231009,H5_COMPETING_DIRECTION_TOP3,1,
h5m80d50_direction,300045.SZ,20230928,H5_COMPETING_DIRECTION_TOP3,1,
h5m80d50_direction,300735.SZ,20230928,H5_COMPETING_DIRECTION_TOP3,1,
h5m80d50_direction,603496.SH,20230928,H5_COMPETING_DIRECTION_TOP3,1,
h5m80d50_direction,300570.SZ,20230927,H5_COMPETING_DIRECTION_TOP3,1,
h5m80d50_direction,603496.SH,20230927,H5_COMPETING_DIRECTION_TOP3,1,
h5m80d50_direction,002892.SZ,20230926,H5_COMPETING_DIRECTION_TOP3,1,
h5m80d50_direction,300570.SZ,20230926,H5_COMPETING_DIRECTION_TOP3,1,
h5m80d50_direction,603496.SH,20230926,H5_COMPETING_DIRECTION_TOP3,1,
h5m80d50_direction,000813.SZ,20230925,H5_COMPETING_DIRECTION_TOP3,1,
h5m80d50_direction,002892.SZ,20230925,H5_COMPETING_DIRECTION_TOP3,1,
h5m80d50_direction,603496.SH,20230925,H5_COMPETING_DIRECTION_TOP3,1,
h5m80d50_direction,000813.SZ,20230922,H5_COMPETING_DIRECTION_TOP3,1,
h5m80d50_direction,300570.SZ,20230922,H5_COMPETING_DIRECTION_TOP3,1,
h5m80d50_direction,603496.SH,20230922,H5_COMPETING_DIRECTION_TOP3,1,
h5m80d50_direction,300570.SZ,20230921,H5_COMPETING_DIRECTION_TOP3,1,
h5m80d50_direction,002896.SZ,20230920,H5_COMPETING_DIRECTION_TOP3,1,
h5m80d50_direction,300045.SZ,20230920,H5_COMPETING_DIRECTION_TOP3,1,
h5m80d50_direction,000766.SZ,20230919,H5_COMPETING_DIRECTION_TOP3,1,
h5m80d50_direction,300045.SZ,20230919,H5_COMPETING_DIRECTION_TOP3,1,
h5m80d50_direction,300049.SZ,20230919,H5_COMPETING_DIRECTION_TOP3,1,
h5m80d50_direction,300045.SZ,20230918,H5_COMPETING_DIRECTION_TOP3,1,
h5m80d50_direction,301487.SZ,20230918,H5_COMPETING_DIRECTION_TOP3,1,
h5m80d50_direction,603099.SH,20230918,H5_COMPETING_DIRECTION_TOP3,1,
h5m80d50_direction,002194.SZ,20230915,H5_COMPETING_DIRECTION_TOP3,1,
h5m80d50_direction,600186.SH,20230915,H5_COMPETING_DIRECTION_TOP3,1,
h5m80d50_direction,300045.SZ,20230914,H5_COMPETING_DIRECTION_TOP3,1,
h5m80d50_direction,000766.SZ,20230912,H5_COMPETING_DIRECTION_TOP3,1,
h5m80d50_direction,300576.SZ,20230912,H5_COMPETING_DIRECTION_TOP3,1,
h5m80d50_direction,600186.SH,20230912,H5_COMPETING_DIRECTION_TOP3,1,
h5m80d50_direction,300045.SZ,20230911,H5_COMPETING_DIRECTION_TOP3,1,
h5m80d50_direction,300047.SZ,20230911,H5_COMPETING_DIRECTION_TOP3,1,
h5m80d50_direction,300576.SZ,20230911,H5_COMPETING_DIRECTION_TOP3,1,
h5m80d50_direction,002654.SZ,20230908,H5_COMPETING_DIRECTION_TOP3,1,
h5m80d50_direction,300045.SZ,20230908,H5_COMPETING_DIRECTION_TOP3,1,
h5m80d50_direction,300047.SZ,20230908,H5_COMPETING_DIRECTION_TOP3,1,
h5m80d50_direction,300045.SZ,20230907,H5_COMPETING_DIRECTION_TOP3,1,
h5m80d50_direction,300184.SZ,20230907,H5_COMPETING_DIRECTION_TOP3,1,
h5m80d50_direction,300576.SZ,20230907,H5_COMPETING_DIRECTION_TOP3,1,
h5m80d50_direction,300045.SZ,20230906,H5_COMPETING_DIRECTION_TOP3,1,
h5m80d50_direction,300184.SZ,20230906,H5_COMPETING_DIRECTION_TOP3,1,
h5m80d50_direction,300576.SZ,20230906,H5_COMPETING_DIRECTION_TOP3,1,
h5m80d50_direction,300045.SZ,20230905,H5_COMPETING_DIRECTION_TOP3,1,
h5m80d50_direction,300184.SZ,20230905,H5_COMPETING_DIRECTION_TOP3,1,
h5m80d50_direction,600186.SH,20230905,H5_COMPETING_DIRECTION_TOP3,1,
h5m80d50_direction,300045.SZ,20230904,H5_COMPETING_DIRECTION_TOP3,1,
h5m80d50_direction,600186.SH,20230904,H5_COMPETING_DIRECTION_TOP3,1,
h5m80d50_direction,300045.SZ,20230901,H5_COMPETING_DIRECTION_TOP3,1,
h5m80d50_direction,300576.SZ,20230901,H5_COMPETING_DIRECTION_TOP3,1,
h5m80d50_direction,300045.SZ,20230831,H5_COMPETING_DIRECTION_TOP3,1,
h5m80d50_direction,300576.SZ,20230831,H5_COMPETING_DIRECTION_TOP3,1,
h5m80d50_direction,002896.SZ,20230830,H5_COMPETING_DIRECTION_TOP3,1,
h5m80d50_direction,300045.SZ,20230830,H5_COMPETING_DIRECTION_TOP3,1,
h5m80d50_direction,688525.SH,20230830,H5_COMPETING_DIRECTION_TOP3,1,
h5m80d50_direction,000719.SZ,20230829,H5_COMPETING_DIRECTION_TOP3,1,
h5m80d50_direction,002896.SZ,20230829,H5_COMPETING_DIRECTION_TOP3,1,
h5m80d50_direction,300607.SZ,20230829,H5_COMPETING_DIRECTION_TOP3,1,
h5m80d50_direction,000712.SZ,20230828,H5_COMPETING_DIRECTION_TOP3,1,
h5m80d50_direction,301316.SZ,20230828,H5_COMPETING_DIRECTION_TOP3,1,
h5m80d50_direction,688486.SH,20230828,H5_COMPETING_DIRECTION_TOP3,1,
h5m80d50_direction,000719.SZ,20230825,H5_COMPETING_DIRECTION_TOP3,1,
h5m80d50_direction,300913.SZ,20230825,H5_COMPETING_DIRECTION_TOP3,1,
h5m80d50_direction,301316.SZ,20230825,H5_COMPETING_DIRECTION_TOP3,1,
h5m80d50_direction,002945.SZ,20230824,H5_COMPETING_DIRECTION_TOP3,1,
h5m80d50_direction,600095.SH,20230824,H5_COMPETING_DIRECTION_TOP3,1,
h5m80d50_direction,601099.SH,20230824,H5_COMPETING_DIRECTION_TOP3,1,
h5m80d50_direction,600095.SH,20230823,H5_COMPETING_DIRECTION_TOP3,1,
h5m80d50_direction,601099.SH,20230823,H5_COMPETING_DIRECTION_TOP3,1,
h5m80d50_direction,601162.SH,20230823,H5_COMPETING_DIRECTION_TOP3,1,
h5m80d50_direction,600095.SH,20230822,H5_COMPETING_DIRECTION_TOP3,1,
h5m80d50_direction,601375.SH,20230822,H5_COMPETING_DIRECTION_TOP3,1,
h5m80d50_direction,601555.SH,20230822,H5_COMPETING_DIRECTION_TOP3,1,
h5m80d50_direction,600095.SH,20230821,H5_COMPETING_DIRECTION_TOP3,1,
h5m80d50_direction,600155.SH,20230821,H5_COMPETING_DIRECTION_TOP3,1,
h5m80d50_direction,600266.SH,20230821,H5_COMPETING_DIRECTION_TOP3,1,
h5m80d50_direction,300917.SZ,20230818,H5_COMPETING_DIRECTION_TOP3,1,
h5m80d50_direction,600266.SH,20230818,H5_COMPETING_DIRECTION_TOP3,1,
h5m80d50_direction,688318.SH,20230818,H5_COMPETING_DIRECTION_TOP3,1,
h5m80d50_direction,002896.SZ,20230817,H5_COMPETING_DIRECTION_TOP3,1,
h5m80d50_direction,300570.SZ,20230817,H5_COMPETING_DIRECTION_TOP3,1,
h5m80d50_direction,300913.SZ,20230817,H5_COMPETING_DIRECTION_TOP3,1,
h5m80d50_direction,300913.SZ,20230816,H5_COMPETING_DIRECTION_TOP3,1,
h5m80d50_direction,300917.SZ,20230816,H5_COMPETING_DIRECTION_TOP3,1,
h5m80d50_direction,301381.SZ,20230816,H5_COMPETING_DIRECTION_TOP3,1,
h5m80d50_direction,002945.SZ,20230815,H5_COMPETING_DIRECTION_TOP3,1,
h5m80d50_direction,300917.SZ,20230815,H5_COMPETING_DIRECTION_TOP3,1,
h5m80d50_direction,301381.SZ,20230815,H5_COMPETING_DIRECTION_TOP3,1,
h5m80d50_direction,002945.SZ,20230814,H5_COMPETING_DIRECTION_TOP3,1,
h5m80d50_direction,300917.SZ,20230814,H5_COMPETING_DIRECTION_TOP3,1,
h5m80d50_direction,601099.SH,20230814,H5_COMPETING_DIRECTION_TOP3,1,
h5m80d50_direction,300917.SZ,20230811,H5_COMPETING_DIRECTION_TOP3,1,
h5m80d50_direction,301316.SZ,20230811,H5_COMPETING_DIRECTION_TOP3,1,
h5m80d50_direction,601099.SH,20230811,H5_COMPETING_DIRECTION_TOP3,1,
h5m80d50_direction,000620.SZ,20230810,H5_COMPETING_DIRECTION_TOP3,1,
h5m80d50_direction,300917.SZ,20230810,H5_COMPETING_DIRECTION_TOP3,1,
h5m80d50_direction,002157.SZ,20230809,H5_COMPETING_DIRECTION_TOP3,1,
h5m80d50_direction,300917.SZ,20230809,H5_COMPETING_DIRECTION_TOP3,1,
h5m80d50_direction,000719.SZ,20230808,H5_COMPETING_DIRECTION_TOP3,1,
h5m80d50_direction,301262.SZ,20230808,H5_COMPETING_DIRECTION_TOP3,1,
h5m80d50_direction,603383.SH,20230808,H5_COMPETING_DIRECTION_TOP3,1,
h5m80d50_direction,300085.SZ,20230807,H5_COMPETING_DIRECTION_TOP3,1,
h5m80d50_direction,300917.SZ,20230807,H5_COMPETING_DIRECTION_TOP3,1,
h5m80d50_direction,300085.SZ,20230804,H5_COMPETING_DIRECTION_TOP3,1,
h5m80d50_direction,301316.SZ,20230804,H5_COMPETING_DIRECTION_TOP3,1,
h5m80d50_direction,603383.SH,20230804,H5_COMPETING_DIRECTION_TOP3,1,
h5m80d50_direction,300570.SZ,20230803,H5_COMPETING_DIRECTION_TOP3,1,
h5m80d50_direction,300913.SZ,20230803,H5_COMPETING_DIRECTION_TOP3,1,
h5m80d50_direction,301205.SZ,20230803,H5_COMPETING_DIRECTION_TOP3,1,
h5m80d50_direction,301205.SZ,20230802,H5_COMPETING_DIRECTION_TOP3,1,
h5m80d50_direction,600906.SH,20230802,H5_COMPETING_DIRECTION_TOP3,1,
h5m80d50_direction,688318.SH,20230802,H5_COMPETING_DIRECTION_TOP3,1,
h5m80d50_direction,600266.SH,20230801,H5_COMPETING_DIRECTION_TOP3,1,
h5m80d50_direction,600369.SH,20230801,H5_COMPETING_DIRECTION_TOP3,1,
h5m80d50_direction,601162.SH,20230801,H5_COMPETING_DIRECTION_TOP3,1,
h5m80d50_direction,600155.SH,20230731,H5_COMPETING_DIRECTION_TOP3,1,
h5m80d50_direction,600266.SH,20230731,H5_COMPETING_DIRECTION_TOP3,1,
h5m80d50_direction,601099.SH,20230731,H5_COMPETING_DIRECTION_TOP3,1,
h5m80d50_direction,300917.SZ,20230728,H5_COMPETING_DIRECTION_TOP3,1,
h5m80d50_direction,600155.SH,20230728,H5_COMPETING_DIRECTION_TOP3,1,
h5m80d50_direction,601099.SH,20230728,H5_COMPETING_DIRECTION_TOP3,1,
h5m80d50_direction,002043.SZ,20230727,H5_COMPETING_DIRECTION_TOP3,1,
h5m80d50_direction,300917.SZ,20230727,H5_COMPETING_DIRECTION_TOP3,1,
h5m80d50_direction,600266.SH,20230727,H5_COMPETING_DIRECTION_TOP3,1,
h5m80d50_direction,300917.SZ,20230726,H5_COMPETING_DIRECTION_TOP3,1,
h5m80d50_direction,600266.SH,20230726,H5_COMPETING_DIRECTION_TOP3,1,
h5m80d50_direction,601099.SH,20230726,H5_COMPETING_DIRECTION_TOP3,1,
h5m80d50_direction,000750.SZ,20230725,H5_COMPETING_DIRECTION_TOP3,1,
h5m80d50_direction,300917.SZ,20230725,H5_COMPETING_DIRECTION_TOP3,1,
h5m80d50_direction,601099.SH,20230725,H5_COMPETING_DIRECTION_TOP3,1,
h5m80d50_direction,300917.SZ,20230724,H5_COMPETING_DIRECTION_TOP3,1,
h5m80d50_direction,301262.SZ,20230724,H5_COMPETING_DIRECTION_TOP3,1,
h5m80d50_direction,002654.SZ,20230721,H5_COMPETING_DIRECTION_TOP3,1,
h5m80d50_direction,001337.SZ,20230719,H5_COMPETING_DIRECTION_TOP3,1,
h5m80d50_direction,002654.SZ,20230719,H5_COMPETING_DIRECTION_TOP3,1,
h5m80d50_direction,300378.SZ,20230719,H5_COMPETING_DIRECTION_TOP3,1,
h5m80d50_direction,002654.SZ,20230718,H5_COMPETING_DIRECTION_TOP3,1,
h5m80d50_direction,300475.SZ,20230718,H5_COMPETING_DIRECTION_TOP3,1,
h5m80d50_direction,002654.SZ,20230717,H5_COMPETING_DIRECTION_TOP3,1,
h5m80d50_direction,300378.SZ,20230717,H5_COMPETING_DIRECTION_TOP3,1,
h5m80d50_direction,002400.SZ,20230714,H5_COMPETING_DIRECTION_TOP3,1,
h5m80d50_direction,002654.SZ,20230714,H5_COMPETING_DIRECTION_TOP3,1,
h5m80d50_direction,603496.SH,20230714,H5_COMPETING_DIRECTION_TOP3,1,
h5m80d50_direction,002654.SZ,20230713,H5_COMPETING_DIRECTION_TOP3,1,
h5m80d50_direction,300475.SZ,20230713,H5_COMPETING_DIRECTION_TOP3,1,
h5m80d50_direction,002654.SZ,20230712,H5_COMPETING_DIRECTION_TOP3,1,
h5m80d50_direction,300475.SZ,20230712,H5_COMPETING_DIRECTION_TOP3,1,
h5m80d50_direction,600480.SH,20230712,H5_COMPETING_DIRECTION_TOP3,1,
h5m80d50_direction,002654.SZ,20230711,H5_COMPETING_DIRECTION_TOP3,1,
h5m80d50_direction,300475.SZ,20230711,H5_COMPETING_DIRECTION_TOP3,1,
h5m80d50_direction,603496.SH,20230711,H5_COMPETING_DIRECTION_TOP3,1,
h5m80d50_direction,002536.SZ,20230710,H5_COMPETING_DIRECTION_TOP3,1,
h5m80d50_direction,603496.SH,20230710,H5_COMPETING_DIRECTION_TOP3,1,
h5m80d50_direction,603667.SH,20230710,H5_COMPETING_DIRECTION_TOP3,1,
h5m80d50_direction,002654.SZ,20230707,H5_COMPETING_DIRECTION_TOP3,1,
h5m80d50_direction,300100.SZ,20230707,H5_COMPETING_DIRECTION_TOP3,1,
h5m80d50_direction,002428.SZ,20230706,H5_COMPETING_DIRECTION_TOP3,1,
h5m80d50_direction,002654.SZ,20230706,H5_COMPETING_DIRECTION_TOP3,1,
h5m80d50_direction,300570.SZ,20230706,H5_COMPETING_DIRECTION_TOP3,1,
h5m80d50_direction,002428.SZ,20230705,H5_COMPETING_DIRECTION_TOP3,1,
h5m80d50_direction,603728.SH,20230705,H5_COMPETING_DIRECTION_TOP3,1,
h5m80d50_direction,002428.SZ,20230704,H5_COMPETING_DIRECTION_TOP3,1,
h5m80d50_direction,300570.SZ,20230704,H5_COMPETING_DIRECTION_TOP3,1,
h5m80d50_direction,002896.SZ,20230703,H5_COMPETING_DIRECTION_TOP3,1,
h5m80d50_direction,300570.SZ,20230703,H5_COMPETING_DIRECTION_TOP3,1,
h5m80d50_direction,002896.SZ,20230630,H5_COMPETING_DIRECTION_TOP3,1,
h5m80d50_direction,300570.SZ,20230630,H5_COMPETING_DIRECTION_TOP3,1,
h5m80d50_direction,300913.SZ,20230630,H5_COMPETING_DIRECTION_TOP3,1,
h5m80d50_direction,002654.SZ,20230629,H5_COMPETING_DIRECTION_TOP3,1,
h5m80d50_direction,002896.SZ,20230629,H5_COMPETING_DIRECTION_TOP3,1,
h5m80d50_direction,300913.SZ,20230629,H5_COMPETING_DIRECTION_TOP3,1,
h5m80d50_direction,300570.SZ,20230628,H5_COMPETING_DIRECTION_TOP3,1,
h5m80d50_direction,300913.SZ,20230628,H5_COMPETING_DIRECTION_TOP3,1,
h5m80d50_direction,600776.SH,20230628,H5_COMPETING_DIRECTION_TOP3,1,
h5m80d50_direction,002896.SZ,20230627,H5_COMPETING_DIRECTION_TOP3,1,
h5m80d50_direction,300913.SZ,20230627,H5_COMPETING_DIRECTION_TOP3,1,
h5m80d50_direction,603099.SH,20230627,H5_COMPETING_DIRECTION_TOP3,1,
h5m80d50_direction,002896.SZ,20230626,H5_COMPETING_DIRECTION_TOP3,1,
h5m80d50_direction,603662.SH,20230626,H5_COMPETING_DIRECTION_TOP3,1,
h5m80d50_direction,603728.SH,20230626,H5_COMPETING_DIRECTION_TOP3,1,
h5m80d50_direction,002654.SZ,20230621,H5_COMPETING_DIRECTION_TOP3,1,
h5m80d50_direction,002896.SZ,20230621,H5_COMPETING_DIRECTION_TOP3,1,
h5m80d50_direction,603662.SH,20230621,H5_COMPETING_DIRECTION_TOP3,1,
h5m80d50_direction,002654.SZ,20230620,H5_COMPETING_DIRECTION_TOP3,1,
h5m80d50_direction,002896.SZ,20230620,H5_COMPETING_DIRECTION_TOP3,1,
h5m80d50_direction,603662.SH,20230620,H5_COMPETING_DIRECTION_TOP3,1,
h5m80d50_direction,002896.SZ,20230619,H5_COMPETING_DIRECTION_TOP3,1,
h5m80d50_direction,300757.SZ,20230619,H5_COMPETING_DIRECTION_TOP3,1,
h5m80d50_direction,603662.SH,20230619,H5_COMPETING_DIRECTION_TOP3,1,
h5m80d50_direction,002896.SZ,20230616,H5_COMPETING_DIRECTION_TOP3,1,
h5m80d50_direction,300570.SZ,20230616,H5_COMPETING_DIRECTION_TOP3,1,
h5m80d50_direction,603662.SH,20230616,H5_COMPETING_DIRECTION_TOP3,1,
h5m80d50_direction,300570.SZ,20230615,H5_COMPETING_DIRECTION_TOP3,1,
h5m80d50_direction,300913.SZ,20230615,H5_COMPETING_DIRECTION_TOP3,1,
h5m80d50_direction,688313.SH,20230615,H5_COMPETING_DIRECTION_TOP3,1,
h5m80d50_direction,300548.SZ,20230614,H5_COMPETING_DIRECTION_TOP3,1,
h5m80d50_direction,300570.SZ,20230614,H5_COMPETING_DIRECTION_TOP3,1,
h5m80d50_direction,688313.SH,20230614,H5_COMPETING_DIRECTION_TOP3,1,
h5m80d50_direction,002536.SZ,20230613,H5_COMPETING_DIRECTION_TOP3,1,
h5m80d50_direction,300570.SZ,20230613,H5_COMPETING_DIRECTION_TOP3,1,
h5m80d50_direction,300678.SZ,20230613,H5_COMPETING_DIRECTION_TOP3,1,
h5m80d50_direction,002261.SZ,20230612,H5_COMPETING_DIRECTION_TOP3,1,
h5m80d50_direction,300570.SZ,20230612,H5_COMPETING_DIRECTION_TOP3,1,
h5m80d50_direction,300913.SZ,20230612,H5_COMPETING_DIRECTION_TOP3,1,
h5m80d50_direction,002897.SZ,20230609,H5_COMPETING_DIRECTION_TOP3,1,
h5m80d50_direction,300570.SZ,20230609,H5_COMPETING_DIRECTION_TOP3,1,
h5m80d50_direction,300913.SZ,20230609,H5_COMPETING_DIRECTION_TOP3,1,
h5m80d50_direction,300570.SZ,20230608,H5_COMPETING_DIRECTION_TOP3,1,
h5m80d50_direction,300620.SZ,20230608,H5_COMPETING_DIRECTION_TOP3,1,
h5m80d50_direction,300913.SZ,20230608,H5_COMPETING_DIRECTION_TOP3,1,
h5m80d50_direction,002654.SZ,20230607,H5_COMPETING_DIRECTION_TOP3,1,
h5m80d50_direction,300570.SZ,20230607,H5_COMPETING_DIRECTION_TOP3,1,
h5m80d50_direction,300913.SZ,20230607,H5_COMPETING_DIRECTION_TOP3,1,
h5m80d50_direction,300570.SZ,20230606,H5_COMPETING_DIRECTION_TOP3,1,
h5m80d50_direction,300620.SZ,20230606,H5_COMPETING_DIRECTION_TOP3,1,
h5m80d50_direction,300913.SZ,20230606,H5_COMPETING_DIRECTION_TOP3,1,
h5m80d50_direction,000620.SZ,20230605,H5_COMPETING_DIRECTION_TOP3,1,
h5m80d50_direction,300570.SZ,20230605,H5_COMPETING_DIRECTION_TOP3,1,
h5m80d50_direction,300913.SZ,20230605,H5_COMPETING_DIRECTION_TOP3,1,
h5m80d50_direction,002292.SZ,20230602,H5_COMPETING_DIRECTION_TOP3,1,
h5m80d50_direction,300570.SZ,20230602,H5_COMPETING_DIRECTION_TOP3,1,
h5m80d50_direction,300678.SZ,20230602,H5_COMPETING_DIRECTION_TOP3,1,
h5m80d50_direction,000620.SZ,20230601,H5_COMPETING_DIRECTION_TOP3,1,
h5m80d50_direction,300570.SZ,20230601,H5_COMPETING_DIRECTION_TOP3,1,
h5m80d50_direction,300678.SZ,20230601,H5_COMPETING_DIRECTION_TOP3,1,
h5m80d50_direction,300678.SZ,20230531,H5_COMPETING_DIRECTION_TOP3,1,
h5m80d50_direction,601900.SH,20230531,H5_COMPETING_DIRECTION_TOP3,1,
h5m80d50_direction,601949.SH,20230531,H5_COMPETING_DIRECTION_TOP3,1,
h5m80d50_direction,300678.SZ,20230530,H5_COMPETING_DIRECTION_TOP3,1,
h5m80d50_direction,300913.SZ,20230530,H5_COMPETING_DIRECTION_TOP3,1,
h5m80d50_direction,601900.SH,20230530,H5_COMPETING_DIRECTION_TOP3,1,
h5m80d50_direction,300459.SZ,20230529,H5_COMPETING_DIRECTION_TOP3,1,
h5m80d50_direction,300678.SZ,20230529,H5_COMPETING_DIRECTION_TOP3,1,
h5m80d50_direction,300913.SZ,20230529,H5_COMPETING_DIRECTION_TOP3,1,
h5m80d50_direction,300002.SZ,20230526,H5_COMPETING_DIRECTION_TOP3,1,
h5m80d50_direction,300459.SZ,20230526,H5_COMPETING_DIRECTION_TOP3,1,
h5m80d50_direction,601900.SH,20230526,H5_COMPETING_DIRECTION_TOP3,1,
h5m80d50_direction,300133.SZ,20230525,H5_COMPETING_DIRECTION_TOP3,1,
h5m80d50_direction,601900.SH,20230525,H5_COMPETING_DIRECTION_TOP3,1,
h5m80d50_direction,688327.SH,20230525,H5_COMPETING_DIRECTION_TOP3,1,
h5m80d50_direction,300570.SZ,20230524,H5_COMPETING_DIRECTION_TOP3,1,
h5m80d50_direction,300678.SZ,20230524,H5_COMPETING_DIRECTION_TOP3,1,
h5m80d50_direction,688525.SH,20230524,H5_COMPETING_DIRECTION_TOP3,1,
h5m80d50_direction,300570.SZ,20230523,H5_COMPETING_DIRECTION_TOP3,1,
h5m80d50_direction,300678.SZ,20230523,H5_COMPETING_DIRECTION_TOP3,1,
h5m80d50_direction,688525.SH,20230523,H5_COMPETING_DIRECTION_TOP3,1,
h5m80d50_direction,300678.SZ,20230522,H5_COMPETING_DIRECTION_TOP3,1,
h5m80d50_direction,603662.SH,20230522,H5_COMPETING_DIRECTION_TOP3,1,
h5m80d50_direction,688525.SH,20230522,H5_COMPETING_DIRECTION_TOP3,1,
h5m80d50_direction,300678.SZ,20230519,H5_COMPETING_DIRECTION_TOP3,1,
h5m80d50_direction,603662.SH,20230519,H5_COMPETING_DIRECTION_TOP3,1,
h5m80d50_direction,688048.SH,20230519,H5_COMPETING_DIRECTION_TOP3,1,
h5m80d50_direction,300678.SZ,20230518,H5_COMPETING_DIRECTION_TOP3,1,
h5m80d50_direction,688498.SH,20230518,H5_COMPETING_DIRECTION_TOP3,1,
h5m80d50_direction,688525.SH,20230518,H5_COMPETING_DIRECTION_TOP3,1,
h5m80d50_direction,301205.SZ,20230517,H5_COMPETING_DIRECTION_TOP3,1,
h5m80d50_direction,688498.SH,20230517,H5_COMPETING_DIRECTION_TOP3,1,
h5m80d50_direction,688525.SH,20230517,H5_COMPETING_DIRECTION_TOP3,1,
h5m80d50_direction,301308.SZ,20230516,H5_COMPETING_DIRECTION_TOP3,1,
h5m80d50_direction,688498.SH,20230516,H5_COMPETING_DIRECTION_TOP3,1,
h5m80d50_direction,688525.SH,20230516,H5_COMPETING_DIRECTION_TOP3,1,
h5m80d50_direction,688205.SH,20230515,H5_COMPETING_DIRECTION_TOP3,1,
h5m80d50_direction,688498.SH,20230515,H5_COMPETING_DIRECTION_TOP3,1,
h5m80d50_direction,688525.SH,20230515,H5_COMPETING_DIRECTION_TOP3,1,
h5m80d50_direction,301308.SZ,20230512,H5_COMPETING_DIRECTION_TOP3,1,
h5m80d50_direction,688498.SH,20230512,H5_COMPETING_DIRECTION_TOP3,1,
h5m80d50_direction,688525.SH,20230512,H5_COMPETING_DIRECTION_TOP3,1,
h5m80d50_direction,301308.SZ,20230511,H5_COMPETING_DIRECTION_TOP3,1,
h5m80d50_direction,688498.SH,20230511,H5_COMPETING_DIRECTION_TOP3,1,
h5m80d50_direction,688525.SH,20230511,H5_COMPETING_DIRECTION_TOP3,1,
h5m80d50_direction,688498.SH,20230510,H5_COMPETING_DIRECTION_TOP3,1,
h5m80d50_direction,688525.SH,20230510,H5_COMPETING_DIRECTION_TOP3,1,
h5m80d50_direction,688766.SH,20230510,H5_COMPETING_DIRECTION_TOP3,1,
h5m80d50_direction,301308.SZ,20230509,H5_COMPETING_DIRECTION_TOP3,1,
h5m80d50_direction,688213.SH,20230509,H5_COMPETING_DIRECTION_TOP3,1,
h5m80d50_direction,688327.SH,20230509,H5_COMPETING_DIRECTION_TOP3,1,
h5m80d50_direction,300229.SZ,20230508,H5_COMPETING_DIRECTION_TOP3,1,
h5m80d50_direction,600757.SH,20230508,H5_COMPETING_DIRECTION_TOP3,1,
h5m80d50_direction,601326.SH,20230508,H5_COMPETING_DIRECTION_TOP3,1,
h5m80d50_direction,600757.SH,20230505,H5_COMPETING_DIRECTION_TOP3,1,
h5m80d50_direction,601326.SH,20230505,H5_COMPETING_DIRECTION_TOP3,1,
h5m80d50_direction,601801.SH,20230505,H5_COMPETING_DIRECTION_TOP3,1,
h5m80d50_direction,600757.SH,20230504,H5_COMPETING_DIRECTION_TOP3,1,
h5m80d50_direction,601801.SH,20230504,H5_COMPETING_DIRECTION_TOP3,1,
h5m80d50_direction,601928.SH,20230504,H5_COMPETING_DIRECTION_TOP3,1,
h5m80d50_direction,300058.SZ,20230428,H5_COMPETING_DIRECTION_TOP3,1,
h5m80d50_direction,600612.SH,20230428,H5_COMPETING_DIRECTION_TOP3,1,
h5m80d50_direction,600757.SH,20230428,H5_COMPETING_DIRECTION_TOP3,1,
h5m80d50_direction,600757.SH,20230427,H5_COMPETING_DIRECTION_TOP3,1,
h5m80d50_direction,601900.SH,20230427,H5_COMPETING_DIRECTION_TOP3,1,
h5m80d50_direction,601949.SH,20230427,H5_COMPETING_DIRECTION_TOP3,1,
h5m80d50_direction,301205.SZ,20230426,H5_COMPETING_DIRECTION_TOP3,1,
h5m80d50_direction,601858.SH,20230426,H5_COMPETING_DIRECTION_TOP3,1,
h5m80d50_direction,601949.SH,20230426,H5_COMPETING_DIRECTION_TOP3,1,
h5m80d50_direction,300573.SZ,20230425,H5_COMPETING_DIRECTION_TOP3,1,
h5m80d50_direction,601858.SH,20230425,H5_COMPETING_DIRECTION_TOP3,1,
h5m80d50_direction,601949.SH,20230425,H5_COMPETING_DIRECTION_TOP3,1,
h5m80d50_direction,600105.SH,20230424,H5_COMPETING_DIRECTION_TOP3,1,
h5m80d50_direction,601858.SH,20230424,H5_COMPETING_DIRECTION_TOP3,1,
h5m80d50_direction,601949.SH,20230424,H5_COMPETING_DIRECTION_TOP3,1,
h5m80d50_direction,000719.SZ,20230421,H5_COMPETING_DIRECTION_TOP3,1,
h5m80d50_direction,002668.SZ,20230421,H5_COMPETING_DIRECTION_TOP3,1,
h5m80d50_direction,601858.SH,20230421,H5_COMPETING_DIRECTION_TOP3,1,
h5m80d50_direction,000719.SZ,20230420,H5_COMPETING_DIRECTION_TOP3,1,
h5m80d50_direction,300678.SZ,20230420,H5_COMPETING_DIRECTION_TOP3,1,
h5m80d50_direction,601949.SH,20230420,H5_COMPETING_DIRECTION_TOP3,1,
h5m80d50_direction,300913.SZ,20230419,H5_COMPETING_DIRECTION_TOP3,1,
h5m80d50_direction,600633.SH,20230419,H5_COMPETING_DIRECTION_TOP3,1,
h5m80d50_direction,601858.SH,20230419,H5_COMPETING_DIRECTION_TOP3,1,
h5m80d50_direction,300548.SZ,20230418,H5_COMPETING_DIRECTION_TOP3,1,
h5m80d50_direction,300913.SZ,20230418,H5_COMPETING_DIRECTION_TOP3,1,
h5m80d50_direction,600633.SH,20230418,H5_COMPETING_DIRECTION_TOP3,1,
h5m80d50_direction,002517.SZ,20230417,H5_COMPETING_DIRECTION_TOP3,1,
h5m80d50_direction,300002.SZ,20230417,H5_COMPETING_DIRECTION_TOP3,1,
h5m80d50_direction,300913.SZ,20230417,H5_COMPETING_DIRECTION_TOP3,1,
h5m80d50_direction,300548.SZ,20230414,H5_COMPETING_DIRECTION_TOP3,1,
h5m80d50_direction,300913.SZ,20230414,H5_COMPETING_DIRECTION_TOP3,1,
h5m80d50_direction,301205.SZ,20230414,H5_COMPETING_DIRECTION_TOP3,1,
h5m80d50_direction,300548.SZ,20230413,H5_COMPETING_DIRECTION_TOP3,1,
h5m80d50_direction,300570.SZ,20230413,H5_COMPETING_DIRECTION_TOP3,1,
h5m80d50_direction,300624.SZ,20230413,H5_COMPETING_DIRECTION_TOP3,1,
h5m80d50_direction,002292.SZ,20230412,H5_COMPETING_DIRECTION_TOP3,1,
h5m80d50_direction,300913.SZ,20230412,H5_COMPETING_DIRECTION_TOP3,1,
h5m80d50_direction,688362.SH,20230412,H5_COMPETING_DIRECTION_TOP3,1,
h5m80d50_direction,300459.SZ,20230411,H5_COMPETING_DIRECTION_TOP3,1,
h5m80d50_direction,300624.SZ,20230411,H5_COMPETING_DIRECTION_TOP3,1,
h5m80d50_direction,300913.SZ,20230411,H5_COMPETING_DIRECTION_TOP3,1,
h5m80d50_direction,300459.SZ,20230410,H5_COMPETING_DIRECTION_TOP3,1,
h5m80d50_direction,300624.SZ,20230410,H5_COMPETING_DIRECTION_TOP3,1,
h5m80d50_direction,600633.SH,20230410,H5_COMPETING_DIRECTION_TOP3,1,
h5m80d50_direction,002681.SZ,20230407,H5_COMPETING_DIRECTION_TOP3,1,
h5m80d50_direction,301153.SZ,20230407,H5_COMPETING_DIRECTION_TOP3,1,
h5m80d50_direction,002681.SZ,20230406,H5_COMPETING_DIRECTION_TOP3,1,
h5m80d50_direction,300459.SZ,20230406,H5_COMPETING_DIRECTION_TOP3,1,
h5m80d50_direction,300624.SZ,20230406,H5_COMPETING_DIRECTION_TOP3,1,
h5m80d50_direction,300002.SZ,20230404,H5_COMPETING_DIRECTION_TOP3,1,
h5m80d50_direction,300459.SZ,20230404,H5_COMPETING_DIRECTION_TOP3,1,
h5m80d50_direction,301205.SZ,20230404,H5_COMPETING_DIRECTION_TOP3,1,
h5m80d50_direction,000021.SZ,20230403,H5_COMPETING_DIRECTION_TOP3,1,
h5m80d50_direction,300913.SZ,20230403,H5_COMPETING_DIRECTION_TOP3,1,
h5m80d50_direction,688525.SH,20230403,H5_COMPETING_DIRECTION_TOP3,1,
h5m80d50_direction,300002.SZ,20230331,H5_COMPETING_DIRECTION_TOP3,1,
h5m80d50_direction,300459.SZ,20230331,H5_COMPETING_DIRECTION_TOP3,1,
h5m80d50_direction,603083.SH,20230331,H5_COMPETING_DIRECTION_TOP3,1,
h5m80d50_direction,300002.SZ,20230330,H5_COMPETING_DIRECTION_TOP3,1,
h5m80d50_direction,300459.SZ,20230330,H5_COMPETING_DIRECTION_TOP3,1,
h5m80d50_direction,688327.SH,20230330,H5_COMPETING_DIRECTION_TOP3,1,
h5m80d50_direction,002261.SZ,20230329,H5_COMPETING_DIRECTION_TOP3,1,
h5m80d50_direction,300002.SZ,20230329,H5_COMPETING_DIRECTION_TOP3,1,
h5m80d50_direction,688327.SH,20230329,H5_COMPETING_DIRECTION_TOP3,1,
h5m80d50_direction,300002.SZ,20230328,H5_COMPETING_DIRECTION_TOP3,1,
h5m80d50_direction,300459.SZ,20230328,H5_COMPETING_DIRECTION_TOP3,1,
h5m80d50_direction,300576.SZ,20230328,H5_COMPETING_DIRECTION_TOP3,1,
h5m80d50_direction,002153.SZ,20230327,H5_COMPETING_DIRECTION_TOP3,1,
h5m80d50_direction,002261.SZ,20230327,H5_COMPETING_DIRECTION_TOP3,1,
h5m80d50_direction,688525.SH,20230327,H5_COMPETING_DIRECTION_TOP3,1,
h5m80d50_direction,300459.SZ,20230324,H5_COMPETING_DIRECTION_TOP3,1,
h5m80d50_direction,300570.SZ,20230324,H5_COMPETING_DIRECTION_TOP3,1,
h5m80d50_direction,300624.SZ,20230324,H5_COMPETING_DIRECTION_TOP3,1,
h5m80d50_direction,300570.SZ,20230323,H5_COMPETING_DIRECTION_TOP3,1,
h5m80d50_direction,300624.SZ,20230323,H5_COMPETING_DIRECTION_TOP3,1,
h5m80d50_direction,301171.SZ,20230323,H5_COMPETING_DIRECTION_TOP3,1,
h5m80d50_direction,300570.SZ,20230322,H5_COMPETING_DIRECTION_TOP3,1,
h5m80d50_direction,300624.SZ,20230322,H5_COMPETING_DIRECTION_TOP3,1,
h5m80d50_direction,301171.SZ,20230322,H5_COMPETING_DIRECTION_TOP3,1,
h5m80d50_direction,300459.SZ,20230321,H5_COMPETING_DIRECTION_TOP3,1,
h5m80d50_direction,300624.SZ,20230321,H5_COMPETING_DIRECTION_TOP3,1,
h5m80d50_direction,688327.SH,20230321,H5_COMPETING_DIRECTION_TOP3,1,
h5m80d50_direction,300170.SZ,20230320,H5_COMPETING_DIRECTION_TOP3,1,
h5m80d50_direction,300634.SZ,20230320,H5_COMPETING_DIRECTION_TOP3,1,
h5m80d50_direction,688088.SH,20230320,H5_COMPETING_DIRECTION_TOP3,1,
h5m80d50_direction,300624.SZ,20230317,H5_COMPETING_DIRECTION_TOP3,1,
h5m80d50_direction,300634.SZ,20230317,H5_COMPETING_DIRECTION_TOP3,1,
h5m80d50_direction,603083.SH,20230317,H5_COMPETING_DIRECTION_TOP3,1,
h5m80d50_direction,000065.SZ,20230316,H5_COMPETING_DIRECTION_TOP3,1,
h5m80d50_direction,300624.SZ,20230316,H5_COMPETING_DIRECTION_TOP3,1,
h5m80d50_direction,688327.SH,20230316,H5_COMPETING_DIRECTION_TOP3,1,
h5m80d50_direction,300576.SZ,20230315,H5_COMPETING_DIRECTION_TOP3,1,
h5m80d50_direction,300624.SZ,20230315,H5_COMPETING_DIRECTION_TOP3,1,
h5m80d50_direction,300634.SZ,20230315,H5_COMPETING_DIRECTION_TOP3,1,
h5m80d50_direction,300624.SZ,20230314,H5_COMPETING_DIRECTION_TOP3,1,
h5m80d50_direction,300634.SZ,20230314,H5_COMPETING_DIRECTION_TOP3,1,
h5m80d50_direction,688525.SH,20230314,H5_COMPETING_DIRECTION_TOP3,1,
h5m80d50_direction,000065.SZ,20230313,H5_COMPETING_DIRECTION_TOP3,1,
h5m80d50_direction,300576.SZ,20230313,H5_COMPETING_DIRECTION_TOP3,1,
h5m80d50_direction,300624.SZ,20230313,H5_COMPETING_DIRECTION_TOP3,1,
h5m80d50_direction,300576.SZ,20230310,H5_COMPETING_DIRECTION_TOP3,1,
h5m80d50_direction,300624.SZ,20230310,H5_COMPETING_DIRECTION_TOP3,1,
h5m80d50_direction,300634.SZ,20230310,H5_COMPETING_DIRECTION_TOP3,1,
h5m80d50_direction,300576.SZ,20230309,H5_COMPETING_DIRECTION_TOP3,1,
h5m80d50_direction,300624.SZ,20230309,H5_COMPETING_DIRECTION_TOP3,1,
h5m80d50_direction,688525.SH,20230309,H5_COMPETING_DIRECTION_TOP3,1,
h5m80d50_direction,002649.SZ,20230308,H5_COMPETING_DIRECTION_TOP3,1,
h5m80d50_direction,300624.SZ,20230308,H5_COMPETING_DIRECTION_TOP3,1,
h5m80d50_direction,688525.SH,20230308,H5_COMPETING_DIRECTION_TOP3,1,
h5m80d50_direction,002649.SZ,20230307,H5_COMPETING_DIRECTION_TOP3,1,
h5m80d50_direction,300624.SZ,20230307,H5_COMPETING_DIRECTION_TOP3,1,
h5m80d50_direction,603083.SH,20230307,H5_COMPETING_DIRECTION_TOP3,1,
h5m80d50_direction,300624.SZ,20230306,H5_COMPETING_DIRECTION_TOP3,1,
h5m80d50_direction,300972.SZ,20230306,H5_COMPETING_DIRECTION_TOP3,1,
h5m80d50_direction,603083.SH,20230306,H5_COMPETING_DIRECTION_TOP3,1,
h5m80d50_direction,300624.SZ,20230303,H5_COMPETING_DIRECTION_TOP3,1,
h5m80d50_direction,301205.SZ,20230303,H5_COMPETING_DIRECTION_TOP3,1,
h5m80d50_direction,603083.SH,20230303,H5_COMPETING_DIRECTION_TOP3,1,
h5m80d50_direction,300548.SZ,20230302,H5_COMPETING_DIRECTION_TOP3,1,
h5m80d50_direction,300624.SZ,20230302,H5_COMPETING_DIRECTION_TOP3,1,
h5m80d50_direction,300972.SZ,20230302,H5_COMPETING_DIRECTION_TOP3,1,
h5m80d50_direction,002649.SZ,20230301,H5_COMPETING_DIRECTION_TOP3,1,
h5m80d50_direction,300570.SZ,20230301,H5_COMPETING_DIRECTION_TOP3,1,
h5m80d50_direction,300624.SZ,20230301,H5_COMPETING_DIRECTION_TOP3,1,
h5m80d50_direction,300624.SZ,20230228,H5_COMPETING_DIRECTION_TOP3,1,
h5m80d50_direction,300678.SZ,20230228,H5_COMPETING_DIRECTION_TOP3,1,
h5m80d50_direction,301205.SZ,20230228,H5_COMPETING_DIRECTION_TOP3,1,
h5m80d50_direction,002354.SZ,20230227,H5_COMPETING_DIRECTION_TOP3,1,
h5m80d50_direction,300459.SZ,20230227,H5_COMPETING_DIRECTION_TOP3,1,
h5m80d50_direction,002354.SZ,20230224,H5_COMPETING_DIRECTION_TOP3,1,
h5m80d50_direction,300459.SZ,20230224,H5_COMPETING_DIRECTION_TOP3,1,
h5m80d50_direction,300229.SZ,20230223,H5_COMPETING_DIRECTION_TOP3,1,
h5m80d50_direction,300624.SZ,20230223,H5_COMPETING_DIRECTION_TOP3,1,
h5m80d50_direction,688327.SH,20230223,H5_COMPETING_DIRECTION_TOP3,1,
h5m80d50_direction,300229.SZ,20230222,H5_COMPETING_DIRECTION_TOP3,1,
h5m80d50_direction,300624.SZ,20230222,H5_COMPETING_DIRECTION_TOP3,1,
h5m80d50_direction,600602.SH,20230222,H5_COMPETING_DIRECTION_TOP3,1,
h5m80d50_direction,002104.SZ,20230221,H5_COMPETING_DIRECTION_TOP3,1,
h5m80d50_direction,300459.SZ,20230221,H5_COMPETING_DIRECTION_TOP3,1,
h5m80d50_direction,300624.SZ,20230221,H5_COMPETING_DIRECTION_TOP3,1,
h5m80d50_direction,002261.SZ,20230220,H5_COMPETING_DIRECTION_TOP3,1,
h5m80d50_direction,300624.SZ,20230220,H5_COMPETING_DIRECTION_TOP3,1,
h5m80d50_direction,688322.SH,20230220,H5_COMPETING_DIRECTION_TOP3,1,
h5m80d50_direction,002354.SZ,20230217,H5_COMPETING_DIRECTION_TOP3,1,
h5m80d50_direction,300624.SZ,20230217,H5_COMPETING_DIRECTION_TOP3,1,
h5m80d50_direction,301205.SZ,20230217,H5_COMPETING_DIRECTION_TOP3,1,
h5m80d50_direction,002354.SZ,20230216,H5_COMPETING_DIRECTION_TOP3,1,
h5m80d50_direction,300624.SZ,20230216,H5_COMPETING_DIRECTION_TOP3,1,
h5m80d50_direction,688327.SH,20230216,H5_COMPETING_DIRECTION_TOP3,1,
h5m80d50_direction,002354.SZ,20230215,H5_COMPETING_DIRECTION_TOP3,1,
h5m80d50_direction,002649.SZ,20230215,H5_COMPETING_DIRECTION_TOP3,1,
h5m80d50_direction,300624.SZ,20230215,H5_COMPETING_DIRECTION_TOP3,1,
h5m80d50_direction,300624.SZ,20230214,H5_COMPETING_DIRECTION_TOP3,1,
h5m80d50_direction,301316.SZ,20230214,H5_COMPETING_DIRECTION_TOP3,1,
h5m80d50_direction,688327.SH,20230214,H5_COMPETING_DIRECTION_TOP3,1,
h5m80d50_direction,002354.SZ,20230213,H5_COMPETING_DIRECTION_TOP3,1,
h5m80d50_direction,002649.SZ,20230213,H5_COMPETING_DIRECTION_TOP3,1,
h5m80d50_direction,002354.SZ,20230210,H5_COMPETING_DIRECTION_TOP3,1,
h5m80d50_direction,301205.SZ,20230210,H5_COMPETING_DIRECTION_TOP3,1,
h5m80d50_direction,301316.SZ,20230210,H5_COMPETING_DIRECTION_TOP3,1,
h5m80d50_direction,002354.SZ,20230209,H5_COMPETING_DIRECTION_TOP3,1,
h5m80d50_direction,301205.SZ,20230209,H5_COMPETING_DIRECTION_TOP3,1,
h5m80d50_direction,301316.SZ,20230209,H5_COMPETING_DIRECTION_TOP3,1,
h5m80d50_direction,002354.SZ,20230208,H5_COMPETING_DIRECTION_TOP3,1,
h5m80d50_direction,301205.SZ,20230208,H5_COMPETING_DIRECTION_TOP3,1,
h5m80d50_direction,301316.SZ,20230208,H5_COMPETING_DIRECTION_TOP3,1,
h5m80d50_direction,002354.SZ,20230207,H5_COMPETING_DIRECTION_TOP3,1,
h5m80d50_direction,300229.SZ,20230207,H5_COMPETING_DIRECTION_TOP3,1,
h5m80d50_direction,301316.SZ,20230207,H5_COMPETING_DIRECTION_TOP3,1,
h5m80d50_direction,002354.SZ,20230206,H5_COMPETING_DIRECTION_TOP3,1,
h5m80d50_direction,300229.SZ,20230206,H5_COMPETING_DIRECTION_TOP3,1,
h5m80d50_direction,688327.SH,20230206,H5_COMPETING_DIRECTION_TOP3,1,
h5m80d50_direction,300045.SZ,20230203,H5_COMPETING_DIRECTION_TOP3,1,
h5m80d50_direction,301316.SZ,20230203,H5_COMPETING_DIRECTION_TOP3,1,
h5m80d50_direction,688327.SH,20230203,H5_COMPETING_DIRECTION_TOP3,1,
h5m80d50_direction,300229.SZ,20230202,H5_COMPETING_DIRECTION_TOP3,1,
h5m80d50_direction,301316.SZ,20230202,H5_COMPETING_DIRECTION_TOP3,1,
h5m80d50_direction,688327.SH,20230202,H5_COMPETING_DIRECTION_TOP3,1,
h5m80d50_direction,301316.SZ,20230201,H5_COMPETING_DIRECTION_TOP3,1,
h5m80d50_direction,601020.SH,20230201,H5_COMPETING_DIRECTION_TOP3,1,
h5m80d50_direction,603663.SH,20230201,H5_COMPETING_DIRECTION_TOP3,1,
h5m80d50_direction,300229.SZ,20230131,H5_COMPETING_DIRECTION_TOP3,1,
h5m80d50_direction,688318.SH,20230131,H5_COMPETING_DIRECTION_TOP3,1,
h5m80d50_direction,688327.SH,20230131,H5_COMPETING_DIRECTION_TOP3,1,
h5m80d50_direction,300229.SZ,20230130,H5_COMPETING_DIRECTION_TOP3,1,
h5m80d50_direction,300926.SZ,20230130,H5_COMPETING_DIRECTION_TOP3,1,
h5m80d50_direction,688327.SH,20230130,H5_COMPETING_DIRECTION_TOP3,1,
h5m80d50_direction,301339.SZ,20230120,H5_COMPETING_DIRECTION_TOP3,1,
h5m80d50_direction,600536.SH,20230120,H5_COMPETING_DIRECTION_TOP3,1,
h5m80d50_direction,603728.SH,20230120,H5_COMPETING_DIRECTION_TOP3,1,
h5m80d50_direction,301153.SZ,20230119,H5_COMPETING_DIRECTION_TOP3,1,
h5m80d50_direction,301339.SZ,20230119,H5_COMPETING_DIRECTION_TOP3,1,
h5m80d50_direction,601699.SH,20230119,H5_COMPETING_DIRECTION_TOP3,1,
h5m80d50_direction,002043.SZ,20230118,H5_COMPETING_DIRECTION_TOP3,1,
h5m80d50_direction,002670.SZ,20230118,H5_COMPETING_DIRECTION_TOP3,1,
h5m80d50_direction,688318.SH,20230118,H5_COMPETING_DIRECTION_TOP3,1,
h5m80d50_direction,300492.SZ,20230117,H5_COMPETING_DIRECTION_TOP3,1,
h5m80d50_direction,600095.SH,20230117,H5_COMPETING_DIRECTION_TOP3,1,
h5m80d50_direction,300492.SZ,20230116,H5_COMPETING_DIRECTION_TOP3,1,
h5m80d50_direction,601519.SH,20230116,H5_COMPETING_DIRECTION_TOP3,1,
h5m80d50_direction,688318.SH,20230116,H5_COMPETING_DIRECTION_TOP3,1,
h5m80d50_direction,002965.SZ,20230113,H5_COMPETING_DIRECTION_TOP3,1,
h5m80d50_direction,300492.SZ,20230113,H5_COMPETING_DIRECTION_TOP3,1,
h5m80d50_direction,603530.SH,20230113,H5_COMPETING_DIRECTION_TOP3,1,
h5m80d50_direction,301153.SZ,20230112,H5_COMPETING_DIRECTION_TOP3,1,
h5m80d50_direction,002043.SZ,20230111,H5_COMPETING_DIRECTION_TOP3,1,
h5m80d50_direction,002317.SZ,20230111,H5_COMPETING_DIRECTION_TOP3,1,
h5m80d50_direction,300757.SZ,20230111,H5_COMPETING_DIRECTION_TOP3,1,
h5m80d50_direction,002965.SZ,20230110,H5_COMPETING_DIRECTION_TOP3,1,
h5m80d50_direction,300757.SZ,20230110,H5_COMPETING_DIRECTION_TOP3,1,
h5m80d50_direction,688318.SH,20230110,H5_COMPETING_DIRECTION_TOP3,1,
h5m80d50_direction,301153.SZ,20230109,H5_COMPETING_DIRECTION_TOP3,1,
h5m80d50_direction,600996.SH,20230109,H5_COMPETING_DIRECTION_TOP3,1,
h5m80d50_direction,688318.SH,20230109,H5_COMPETING_DIRECTION_TOP3,1,
h5m80d50_direction,300226.SZ,20230106,H5_COMPETING_DIRECTION_TOP3,1,
h5m80d50_direction,300779.SZ,20230106,H5_COMPETING_DIRECTION_TOP3,1,
h5m80d50_direction,600996.SH,20230106,H5_COMPETING_DIRECTION_TOP3,1,
h5m80d50_direction,301153.SZ,20230105,H5_COMPETING_DIRECTION_TOP3,1,
h5m80d50_direction,301268.SZ,20230105,H5_COMPETING_DIRECTION_TOP3,1,
h5m80d50_direction,600996.SH,20230105,H5_COMPETING_DIRECTION_TOP3,1,
h5m80d50_direction,300757.SZ,20230104,H5_COMPETING_DIRECTION_TOP3,1,
h5m80d50_direction,301153.SZ,20230104,H5_COMPETING_DIRECTION_TOP3,1,
h5m80d50_direction,603000.SH,20230104,H5_COMPETING_DIRECTION_TOP3,1,
h5m80d50_direction,002965.SZ,20230103,H5_COMPETING_DIRECTION_TOP3,1,
h5m80d50_direction,300779.SZ,20230103,H5_COMPETING_DIRECTION_TOP3,1,
h5m80d50_direction,301153.SZ,20230103,H5_COMPETING_DIRECTION_TOP3,1,
h5m80d50_direction,300693.SZ,20221230,H5_COMPETING_DIRECTION_TOP3,1,
h5m80d50_direction,603000.SH,20221230,H5_COMPETING_DIRECTION_TOP3,1,
h5m80d50_direction,688248.SH,20221230,H5_COMPETING_DIRECTION_TOP3,1,
h5m80d50_direction,300199.SZ,20221229,H5_COMPETING_DIRECTION_TOP3,1,
h5m80d50_direction,300779.SZ,20221229,H5_COMPETING_DIRECTION_TOP3,1,
h5m80d50_direction,603000.SH,20221229,H5_COMPETING_DIRECTION_TOP3,1,
h5m80d50_direction,000756.SZ,20221228,H5_COMPETING_DIRECTION_TOP3,1,
h5m80d50_direction,300779.SZ,20221228,H5_COMPETING_DIRECTION_TOP3,1,
h5m80d50_direction,300199.SZ,20221227,H5_COMPETING_DIRECTION_TOP3,1,
h5m80d50_direction,300226.SZ,20221227,H5_COMPETING_DIRECTION_TOP3,1,
h5m80d50_direction,300779.SZ,20221227,H5_COMPETING_DIRECTION_TOP3,1,
h5m80d50_direction,300779.SZ,20221226,H5_COMPETING_DIRECTION_TOP3,1,
h5m80d50_direction,300199.SZ,20221223,H5_COMPETING_DIRECTION_TOP3,1,
h5m80d50_direction,688348.SH,20221223,H5_COMPETING_DIRECTION_TOP3,1,
h5m80d50_direction,688390.SH,20221223,H5_COMPETING_DIRECTION_TOP3,1,
h5m80d50_direction,300049.SZ,20221222,H5_COMPETING_DIRECTION_TOP3,1,
h5m80d50_direction,688348.SH,20221222,H5_COMPETING_DIRECTION_TOP3,1,
h5m80d50_direction,688408.SH,20221222,H5_COMPETING_DIRECTION_TOP3,1,
h5m80d50_direction,002077.SZ,20221221,H5_COMPETING_DIRECTION_TOP3,1,
h5m80d50_direction,300049.SZ,20221221,H5_COMPETING_DIRECTION_TOP3,1,
h5m80d50_direction,300199.SZ,20221220,H5_COMPETING_DIRECTION_TOP3,1,
h5m80d50_direction,300779.SZ,20221220,H5_COMPETING_DIRECTION_TOP3,1,
h5m80d50_direction,002077.SZ,20221219,H5_COMPETING_DIRECTION_TOP3,1,
h5m80d50_direction,300199.SZ,20221219,H5_COMPETING_DIRECTION_TOP3,1,
h5m80d50_direction,300779.SZ,20221219,H5_COMPETING_DIRECTION_TOP3,1,
h5m80d50_direction,300199.SZ,20221216,H5_COMPETING_DIRECTION_TOP3,1,
h5m80d50_direction,300779.SZ,20221216,H5_COMPETING_DIRECTION_TOP3,1,
h5m80d50_direction,600056.SH,20221216,H5_COMPETING_DIRECTION_TOP3,1,
h5m80d50_direction,002077.SZ,20221215,H5_COMPETING_DIRECTION_TOP3,1,
h5m80d50_direction,300779.SZ,20221215,H5_COMPETING_DIRECTION_TOP3,1,
h5m80d50_direction,002251.SZ,20221214,H5_COMPETING_DIRECTION_TOP3,1,
h5m80d50_direction,300199.SZ,20221214,H5_COMPETING_DIRECTION_TOP3,1,
h5m80d50_direction,300779.SZ,20221214,H5_COMPETING_DIRECTION_TOP3,1,
h5m80d50_direction,000756.SZ,20221213,H5_COMPETING_DIRECTION_TOP3,1,
h5m80d50_direction,300199.SZ,20221213,H5_COMPETING_DIRECTION_TOP3,1,
h5m80d50_direction,300917.SZ,20221213,H5_COMPETING_DIRECTION_TOP3,1,
h5m80d50_direction,000756.SZ,20221212,H5_COMPETING_DIRECTION_TOP3,1,
h5m80d50_direction,688068.SH,20221212,H5_COMPETING_DIRECTION_TOP3,1,
h5m80d50_direction,002423.SZ,20221209,H5_COMPETING_DIRECTION_TOP3,1,
h5m80d50_direction,300199.SZ,20221209,H5_COMPETING_DIRECTION_TOP3,1,
h5m80d50_direction,000756.SZ,20221208,H5_COMPETING_DIRECTION_TOP3,1,
h5m80d50_direction,002265.SZ,20221208,H5_COMPETING_DIRECTION_TOP3,1,
h5m80d50_direction,002423.SZ,20221208,H5_COMPETING_DIRECTION_TOP3,1,
h5m80d50_direction,300779.SZ,20221207,H5_COMPETING_DIRECTION_TOP3,1,
h5m80d50_direction,688068.SH,20221207,H5_COMPETING_DIRECTION_TOP3,1,
h5m80d50_direction,000958.SZ,20221206,H5_COMPETING_DIRECTION_TOP3,1,
h5m80d50_direction,300779.SZ,20221206,H5_COMPETING_DIRECTION_TOP3,1,
h5m80d50_direction,688068.SH,20221206,H5_COMPETING_DIRECTION_TOP3,1,
h5m80d50_direction,300779.SZ,20221205,H5_COMPETING_DIRECTION_TOP3,1,
h5m80d50_direction,300917.SZ,20221205,H5_COMPETING_DIRECTION_TOP3,1,
h5m80d50_direction,603000.SH,20221205,H5_COMPETING_DIRECTION_TOP3,1,
h5m80d50_direction,000029.SZ,20221202,H5_COMPETING_DIRECTION_TOP3,1,
h5m80d50_direction,300779.SZ,20221202,H5_COMPETING_DIRECTION_TOP3,1,
h5m80d50_direction,300917.SZ,20221202,H5_COMPETING_DIRECTION_TOP3,1,
h5m80d50_direction,300779.SZ,20221201,H5_COMPETING_DIRECTION_TOP3,1,
h5m80d50_direction,300917.SZ,20221201,H5_COMPETING_DIRECTION_TOP3,1,
h5m80d50_direction,600266.SH,20221130,H5_COMPETING_DIRECTION_TOP3,1,
h5m80d50_direction,600675.SH,20221130,H5_COMPETING_DIRECTION_TOP3,1,
h5m80d50_direction,601858.SH,20221130,H5_COMPETING_DIRECTION_TOP3,1,
h5m80d50_direction,600266.SH,20221129,H5_COMPETING_DIRECTION_TOP3,1,
h5m80d50_direction,600675.SH,20221129,H5_COMPETING_DIRECTION_TOP3,1,
h5m80d50_direction,601858.SH,20221129,H5_COMPETING_DIRECTION_TOP3,1,
h5m80d50_direction,300779.SZ,20221128,H5_COMPETING_DIRECTION_TOP3,1,
h5m80d50_direction,601068.SH,20221128,H5_COMPETING_DIRECTION_TOP3,1,
h5m80d50_direction,601858.SH,20221128,H5_COMPETING_DIRECTION_TOP3,1,
h5m80d50_direction,300678.SZ,20221125,H5_COMPETING_DIRECTION_TOP3,1,
h5m80d50_direction,300779.SZ,20221125,H5_COMPETING_DIRECTION_TOP3,1,
h5m80d50_direction,300917.SZ,20221125,H5_COMPETING_DIRECTION_TOP3,1,
h5m80d50_direction,002317.SZ,20221124,H5_COMPETING_DIRECTION_TOP3,1,
h5m80d50_direction,601858.SH,20221124,H5_COMPETING_DIRECTION_TOP3,1,
h5m80d50_direction,300779.SZ,20221123,H5_COMPETING_DIRECTION_TOP3,1,
h5m80d50_direction,603516.SH,20221123,H5_COMPETING_DIRECTION_TOP3,1,
h5m80d50_direction,688068.SH,20221123,H5_COMPETING_DIRECTION_TOP3,1,
h5m80d50_direction,688068.SH,20221122,H5_COMPETING_DIRECTION_TOP3,1,
h5m80d50_direction,002077.SZ,20221121,H5_COMPETING_DIRECTION_TOP3,1,
h5m80d50_direction,600223.SH,20221118,H5_COMPETING_DIRECTION_TOP3,1,
h5m80d50_direction,600557.SH,20221118,H5_COMPETING_DIRECTION_TOP3,1,
h5m80d50_direction,603516.SH,20221118,H5_COMPETING_DIRECTION_TOP3,1,
h5m80d50_direction,002317.SZ,20221117,H5_COMPETING_DIRECTION_TOP3,1,
h5m80d50_direction,600223.SH,20221117,H5_COMPETING_DIRECTION_TOP3,1,
h5m80d50_direction,603099.SH,20221117,H5_COMPETING_DIRECTION_TOP3,1,
h5m80d50_direction,002077.SZ,20221116,H5_COMPETING_DIRECTION_TOP3,1,
h5m80d50_direction,600223.SH,20221116,H5_COMPETING_DIRECTION_TOP3,1,
h5m80d50_direction,603099.SH,20221116,H5_COMPETING_DIRECTION_TOP3,1,
h5m80d50_direction,000681.SZ,20221115,H5_COMPETING_DIRECTION_TOP3,1,
h5m80d50_direction,002077.SZ,20221115,H5_COMPETING_DIRECTION_TOP3,1,
h5m80d50_direction,603099.SH,20221115,H5_COMPETING_DIRECTION_TOP3,1,
h5m80d50_direction,002077.SZ,20221114,H5_COMPETING_DIRECTION_TOP3,1,
h5m80d50_direction,002317.SZ,20221114,H5_COMPETING_DIRECTION_TOP3,1,
h5m80d50_direction,601155.SH,20221114,H5_COMPETING_DIRECTION_TOP3,1,
h5m80d50_direction,002317.SZ,20221111,H5_COMPETING_DIRECTION_TOP3,1,
h5m80d50_direction,603383.SH,20221111,H5_COMPETING_DIRECTION_TOP3,1,
h5m80d50_direction,688185.SH,20221111,H5_COMPETING_DIRECTION_TOP3,1,
h5m80d50_direction,002077.SZ,20221110,H5_COMPETING_DIRECTION_TOP3,1,
h5m80d50_direction,300199.SZ,20221110,H5_COMPETING_DIRECTION_TOP3,1,
h5m80d50_direction,300723.SZ,20221110,H5_COMPETING_DIRECTION_TOP3,1,
h5m80d50_direction,002317.SZ,20221109,H5_COMPETING_DIRECTION_TOP3,1,
h5m80d50_direction,300634.SZ,20221109,H5_COMPETING_DIRECTION_TOP3,1,
h5m80d50_direction,603171.SH,20221109,H5_COMPETING_DIRECTION_TOP3,1,
h5m80d50_direction,002077.SZ,20221108,H5_COMPETING_DIRECTION_TOP3,1,
h5m80d50_direction,002317.SZ,20221108,H5_COMPETING_DIRECTION_TOP3,1,
h5m80d50_direction,300199.SZ,20221108,H5_COMPETING_DIRECTION_TOP3,1,
h5m80d50_direction,001203.SZ,20221107,H5_COMPETING_DIRECTION_TOP3,1,
h5m80d50_direction,002317.SZ,20221107,H5_COMPETING_DIRECTION_TOP3,1,
h5m80d50_direction,300634.SZ,20221107,H5_COMPETING_DIRECTION_TOP3,1,
h5m80d50_direction,002317.SZ,20221104,H5_COMPETING_DIRECTION_TOP3,1,
h5m80d50_direction,300634.SZ,20221104,H5_COMPETING_DIRECTION_TOP3,1,
h5m80d50_direction,688185.SH,20221104,H5_COMPETING_DIRECTION_TOP3,1,
h5m80d50_direction,002317.SZ,20221103,H5_COMPETING_DIRECTION_TOP3,1,
h5m80d50_direction,688063.SH,20221103,H5_COMPETING_DIRECTION_TOP3,1,
h5m80d50_direction,688185.SH,20221103,H5_COMPETING_DIRECTION_TOP3,1,
h5m80d50_direction,002045.SZ,20221102,H5_COMPETING_DIRECTION_TOP3,1,
h5m80d50_direction,002077.SZ,20221102,H5_COMPETING_DIRECTION_TOP3,1,
h5m80d50_direction,301004.SZ,20221102,H5_COMPETING_DIRECTION_TOP3,1,
h5m80d50_direction,000032.SZ,20221101,H5_COMPETING_DIRECTION_TOP3,1,
h5m80d50_direction,002965.SZ,20221101,H5_COMPETING_DIRECTION_TOP3,1,
h5m80d50_direction,301004.SZ,20221101,H5_COMPETING_DIRECTION_TOP3,1,
h5m80d50_direction,300693.SZ,20221031,H5_COMPETING_DIRECTION_TOP3,1,
h5m80d50_direction,301327.SZ,20221031,H5_COMPETING_DIRECTION_TOP3,1,
h5m80d50_direction,688348.SH,20221031,H5_COMPETING_DIRECTION_TOP3,1,
h5m80d50_direction,002077.SZ,20221028,H5_COMPETING_DIRECTION_TOP3,1,
h5m80d50_direction,603283.SH,20221028,H5_COMPETING_DIRECTION_TOP3,1,
h5m80d50_direction,688107.SH,20221028,H5_COMPETING_DIRECTION_TOP3,1,
h5m80d50_direction,002093.SZ,20221027,H5_COMPETING_DIRECTION_TOP3,1,
h5m80d50_direction,300598.SZ,20221027,H5_COMPETING_DIRECTION_TOP3,1,
h5m80d50_direction,301153.SZ,20221027,H5_COMPETING_DIRECTION_TOP3,1,
h5m80d50_direction,002077.SZ,20221026,H5_COMPETING_DIRECTION_TOP3,1,
h5m80d50_direction,300598.SZ,20221026,H5_COMPETING_DIRECTION_TOP3,1,
h5m80d50_direction,300634.SZ,20221026,H5_COMPETING_DIRECTION_TOP3,1,
h5m80d50_direction,300634.SZ,20221025,H5_COMPETING_DIRECTION_TOP3,1,
h5m80d50_direction,688016.SH,20221025,H5_COMPETING_DIRECTION_TOP3,1,
h5m80d50_direction,688029.SH,20221025,H5_COMPETING_DIRECTION_TOP3,1,
h5m80d50_direction,603283.SH,20221024,H5_COMPETING_DIRECTION_TOP3,1,
h5m80d50_direction,688331.SH,20221024,H5_COMPETING_DIRECTION_TOP3,1,
h5m80d50_direction,688337.SH,20221024,H5_COMPETING_DIRECTION_TOP3,1,
h5m80d50_direction,300634.SZ,20221021,H5_COMPETING_DIRECTION_TOP3,1,
h5m80d50_direction,603283.SH,20221021,H5_COMPETING_DIRECTION_TOP3,1,
h5m80d50_direction,688019.SH,20221021,H5_COMPETING_DIRECTION_TOP3,1,
h5m80d50_direction,001203.SZ,20221020,H5_COMPETING_DIRECTION_TOP3,1,
h5m80d50_direction,300693.SZ,20221020,H5_COMPETING_DIRECTION_TOP3,1,
h5m80d50_direction,301153.SZ,20221020,H5_COMPETING_DIRECTION_TOP3,1,
h5m80d50_direction,603283.SH,20221019,H5_COMPETING_DIRECTION_TOP3,1,
h5m80d50_direction,688016.SH,20221019,H5_COMPETING_DIRECTION_TOP3,1,
h5m80d50_direction,688331.SH,20221019,H5_COMPETING_DIRECTION_TOP3,1,
h5m80d50_direction,002093.SZ,20221018,H5_COMPETING_DIRECTION_TOP3,1,
h5m80d50_direction,688019.SH,20221018,H5_COMPETING_DIRECTION_TOP3,1,
h5m80d50_direction,688351.SH,20221018,H5_COMPETING_DIRECTION_TOP3,1,
h5m80d50_direction,002093.SZ,20221017,H5_COMPETING_DIRECTION_TOP3,1,
h5m80d50_direction,002901.SZ,20221017,H5_COMPETING_DIRECTION_TOP3,1,
h5m80d50_direction,603658.SH,20221017,H5_COMPETING_DIRECTION_TOP3,1,
h5m80d50_direction,002093.SZ,20221014,H5_COMPETING_DIRECTION_TOP3,1,
h5m80d50_direction,688019.SH,20221014,H5_COMPETING_DIRECTION_TOP3,1,
h5m80d50_direction,688037.SH,20221014,H5_COMPETING_DIRECTION_TOP3,1,
h5m80d50_direction,002093.SZ,20221013,H5_COMPETING_DIRECTION_TOP3,1,
h5m80d50_direction,603083.SH,20221013,H5_COMPETING_DIRECTION_TOP3,1,
h5m80d50_direction,688019.SH,20221013,H5_COMPETING_DIRECTION_TOP3,1,
h5m80d50_direction,002093.SZ,20221012,H5_COMPETING_DIRECTION_TOP3,1,
h5m80d50_direction,300049.SZ,20221012,H5_COMPETING_DIRECTION_TOP3,1,
h5m80d50_direction,603083.SH,20221012,H5_COMPETING_DIRECTION_TOP3,1,
h5m80d50_direction,300633.SZ,20221011,H5_COMPETING_DIRECTION_TOP3,1,
h5m80d50_direction,603083.SH,20221011,H5_COMPETING_DIRECTION_TOP3,1,
h5m80d50_direction,688408.SH,20221011,H5_COMPETING_DIRECTION_TOP3,1,
h5m80d50_direction,002896.SZ,20221010,H5_COMPETING_DIRECTION_TOP3,1,
h5m80d50_direction,300820.SZ,20221010,H5_COMPETING_DIRECTION_TOP3,1,
h5m80d50_direction,603728.SH,20221010,H5_COMPETING_DIRECTION_TOP3,1,
h5m80d50_direction,300693.SZ,20220930,H5_COMPETING_DIRECTION_TOP3,1,
h5m80d50_direction,300718.SZ,20220930,H5_COMPETING_DIRECTION_TOP3,1,
h5m80d50_direction,300820.SZ,20220930,H5_COMPETING_DIRECTION_TOP3,1,
h5m80d50_direction,002335.SZ,20220929,H5_COMPETING_DIRECTION_TOP3,1,
h5m80d50_direction,300260.SZ,20220929,H5_COMPETING_DIRECTION_TOP3,1,
h5m80d50_direction,300820.SZ,20220929,H5_COMPETING_DIRECTION_TOP3,1,
h5m80d50_direction,002543.SZ,20220928,H5_COMPETING_DIRECTION_TOP3,1,
h5m80d50_direction,600546.SH,20220928,H5_COMPETING_DIRECTION_TOP3,1,
h5m80d50_direction,605090.SH,20220928,H5_COMPETING_DIRECTION_TOP3,1,
h5m80d50_direction,002543.SZ,20220927,H5_COMPETING_DIRECTION_TOP3,1,
h5m80d50_direction,003021.SZ,20220927,H5_COMPETING_DIRECTION_TOP3,1,
h5m80d50_direction,300049.SZ,20220927,H5_COMPETING_DIRECTION_TOP3,1,
h5m80d50_direction,688029.SH,20220926,H5_COMPETING_DIRECTION_TOP3,1,
h5m80d50_direction,688131.SH,20220926,H5_COMPETING_DIRECTION_TOP3,1,
h5m80d50_direction,688331.SH,20220926,H5_COMPETING_DIRECTION_TOP3,1,
h5m80d50_direction,002791.SZ,20220923,H5_COMPETING_DIRECTION_TOP3,1,
h5m80d50_direction,300298.SZ,20220923,H5_COMPETING_DIRECTION_TOP3,1,
h5m80d50_direction,688617.SH,20220923,H5_COMPETING_DIRECTION_TOP3,1,
h5m80d50_direction,002791.SZ,20220922,H5_COMPETING_DIRECTION_TOP3,1,
h5m80d50_direction,300298.SZ,20220922,H5_COMPETING_DIRECTION_TOP3,1,
h5m80d50_direction,603833.SH,20220922,H5_COMPETING_DIRECTION_TOP3,1,
h5m80d50_direction,003021.SZ,20220921,H5_COMPETING_DIRECTION_TOP3,1,
h5m80d50_direction,300820.SZ,20220921,H5_COMPETING_DIRECTION_TOP3,1,
h5m80d50_direction,688063.SH,20220921,H5_COMPETING_DIRECTION_TOP3,1,
h5m80d50_direction,003021.SZ,20220920,H5_COMPETING_DIRECTION_TOP3,1,
h5m80d50_direction,300820.SZ,20220920,H5_COMPETING_DIRECTION_TOP3,1,
h5m80d50_direction,688063.SH,20220920,H5_COMPETING_DIRECTION_TOP3,1,
h5m80d50_direction,300820.SZ,20220919,H5_COMPETING_DIRECTION_TOP3,1,
h5m80d50_direction,603728.SH,20220919,H5_COMPETING_DIRECTION_TOP3,1,
h5m80d50_direction,000620.SZ,20220916,H5_COMPETING_DIRECTION_TOP3,1,
h5m80d50_direction,603728.SH,20220916,H5_COMPETING_DIRECTION_TOP3,1,
h5m80d50_direction,688408.SH,20220916,H5_COMPETING_DIRECTION_TOP3,1,
h5m80d50_direction,002987.SZ,20220915,H5_COMPETING_DIRECTION_TOP3,1,
h5m80d50_direction,003021.SZ,20220915,H5_COMPETING_DIRECTION_TOP3,1,
h5m80d50_direction,603728.SH,20220915,H5_COMPETING_DIRECTION_TOP3,1,
h5m80d50_direction,002987.SZ,20220914,H5_COMPETING_DIRECTION_TOP3,1,
h5m80d50_direction,300820.SZ,20220914,H5_COMPETING_DIRECTION_TOP3,1,
h5m80d50_direction,301095.SZ,20220914,H5_COMPETING_DIRECTION_TOP3,1,
h5m80d50_direction,003021.SZ,20220913,H5_COMPETING_DIRECTION_TOP3,1,
h5m80d50_direction,300693.SZ,20220913,H5_COMPETING_DIRECTION_TOP3,1,
h5m80d50_direction,300820.SZ,20220913,H5_COMPETING_DIRECTION_TOP3,1,
h5m80d50_direction,002543.SZ,20220909,H5_COMPETING_DIRECTION_TOP3,1,
h5m80d50_direction,003021.SZ,20220909,H5_COMPETING_DIRECTION_TOP3,1,
h5m80d50_direction,300926.SZ,20220909,H5_COMPETING_DIRECTION_TOP3,1,
h5m80d50_direction,000065.SZ,20220908,H5_COMPETING_DIRECTION_TOP3,1,
h5m80d50_direction,000557.SZ,20220908,H5_COMPETING_DIRECTION_TOP3,1,
h5m80d50_direction,002543.SZ,20220908,H5_COMPETING_DIRECTION_TOP3,1,
h5m80d50_direction,002965.SZ,20220907,H5_COMPETING_DIRECTION_TOP3,1,
h5m80d50_direction,300693.SZ,20220907,H5_COMPETING_DIRECTION_TOP3,1,
h5m80d50_direction,605090.SH,20220907,H5_COMPETING_DIRECTION_TOP3,1,
h5m80d50_direction,002543.SZ,20220906,H5_COMPETING_DIRECTION_TOP3,1,
h5m80d50_direction,300693.SZ,20220906,H5_COMPETING_DIRECTION_TOP3,1,
h5m80d50_direction,605090.SH,20220906,H5_COMPETING_DIRECTION_TOP3,1,
h5m80d50_direction,002543.SZ,20220905,H5_COMPETING_DIRECTION_TOP3,1,
h5m80d50_direction,300693.SZ,20220905,H5_COMPETING_DIRECTION_TOP3,1,
h5m80d50_direction,603728.SH,20220905,H5_COMPETING_DIRECTION_TOP3,1,
h5m80d50_direction,688234.SH,20220902,H5_COMPETING_DIRECTION_TOP3,1,
h5m80d50_direction,688248.SH,20220902,H5_COMPETING_DIRECTION_TOP3,1,
h5m80d50_direction,688408.SH,20220902,H5_COMPETING_DIRECTION_TOP3,1,
h5m80d50_direction,300820.SZ,20220901,H5_COMPETING_DIRECTION_TOP3,1,
h5m80d50_direction,688017.SH,20220901,H5_COMPETING_DIRECTION_TOP3,1,
h5m80d50_direction,688063.SH,20220901,H5_COMPETING_DIRECTION_TOP3,1,
h5m80d50_direction,000065.SZ,20220831,H5_COMPETING_DIRECTION_TOP3,1,
h5m80d50_direction,300820.SZ,20220831,H5_COMPETING_DIRECTION_TOP3,1,
h5m80d50_direction,688248.SH,20220831,H5_COMPETING_DIRECTION_TOP3,1,
h5m80d50_direction,002045.SZ,20220830,H5_COMPETING_DIRECTION_TOP3,1,
h5m80d50_direction,002543.SZ,20220830,H5_COMPETING_DIRECTION_TOP3,1,
h5m80d50_direction,300820.SZ,20220830,H5_COMPETING_DIRECTION_TOP3,1,
h5m80d50_direction,000065.SZ,20220829,H5_COMPETING_DIRECTION_TOP3,1,
h5m80d50_direction,002045.SZ,20220829,H5_COMPETING_DIRECTION_TOP3,1,
h5m80d50_direction,002543.SZ,20220829,H5_COMPETING_DIRECTION_TOP3,1,
h5m80d50_direction,000557.SZ,20220826,H5_COMPETING_DIRECTION_TOP3,1,
h5m80d50_direction,002045.SZ,20220826,H5_COMPETING_DIRECTION_TOP3,1,
h5m80d50_direction,002543.SZ,20220826,H5_COMPETING_DIRECTION_TOP3,1,
h5m80d50_direction,000557.SZ,20220825,H5_COMPETING_DIRECTION_TOP3,1,
h5m80d50_direction,002543.SZ,20220825,H5_COMPETING_DIRECTION_TOP3,1,
h5m80d50_direction,002045.SZ,20220824,H5_COMPETING_DIRECTION_TOP3,1,
h5m80d50_direction,002840.SZ,20220824,H5_COMPETING_DIRECTION_TOP3,1,
h5m80d50_direction,601928.SH,20220824,H5_COMPETING_DIRECTION_TOP3,1,
h5m80d50_direction,000049.SZ,20220823,H5_COMPETING_DIRECTION_TOP3,1,
h5m80d50_direction,300049.SZ,20220823,H5_COMPETING_DIRECTION_TOP3,1,
h5m80d50_direction,301018.SZ,20220823,H5_COMPETING_DIRECTION_TOP3,1,
h5m80d50_direction,000065.SZ,20220822,H5_COMPETING_DIRECTION_TOP3,1,
h5m80d50_direction,002045.SZ,20220822,H5_COMPETING_DIRECTION_TOP3,1,
h5m80d50_direction,003021.SZ,20220822,H5_COMPETING_DIRECTION_TOP3,1,
h5m80d50_direction,002045.SZ,20220819,H5_COMPETING_DIRECTION_TOP3,1,
h5m80d50_direction,002536.SZ,20220819,H5_COMPETING_DIRECTION_TOP3,1,
h5m80d50_direction,002896.SZ,20220819,H5_COMPETING_DIRECTION_TOP3,1,
h5m80d50_direction,002543.SZ,20220818,H5_COMPETING_DIRECTION_TOP3,1,
h5m80d50_direction,301018.SZ,20220818,H5_COMPETING_DIRECTION_TOP3,1,
h5m80d50_direction,688206.SH,20220818,H5_COMPETING_DIRECTION_TOP3,1,
h5m80d50_direction,002896.SZ,20220817,H5_COMPETING_DIRECTION_TOP3,1,
h5m80d50_direction,003021.SZ,20220817,H5_COMPETING_DIRECTION_TOP3,1,
h5m80d50_direction,300415.SZ,20220817,H5_COMPETING_DIRECTION_TOP3,1,
h5m80d50_direction,002045.SZ,20220816,H5_COMPETING_DIRECTION_TOP3,1,
h5m80d50_direction,002543.SZ,20220816,H5_COMPETING_DIRECTION_TOP3,1,
h5m80d50_direction,002654.SZ,20220816,H5_COMPETING_DIRECTION_TOP3,1,
h5m80d50_direction,002045.SZ,20220815,H5_COMPETING_DIRECTION_TOP3,1,
h5m80d50_direction,002543.SZ,20220815,H5_COMPETING_DIRECTION_TOP3,1,
h5m80d50_direction,002045.SZ,20220812,H5_COMPETING_DIRECTION_TOP3,1,
h5m80d50_direction,300415.SZ,20220812,H5_COMPETING_DIRECTION_TOP3,1,
h5m80d50_direction,603728.SH,20220812,H5_COMPETING_DIRECTION_TOP3,1,
h5m80d50_direction,002536.SZ,20220811,H5_COMPETING_DIRECTION_TOP3,1,
h5m80d50_direction,002896.SZ,20220811,H5_COMPETING_DIRECTION_TOP3,1,
h5m80d50_direction,002965.SZ,20220811,H5_COMPETING_DIRECTION_TOP3,1,
h5m80d50_direction,002536.SZ,20220810,H5_COMPETING_DIRECTION_TOP3,1,
h5m80d50_direction,600586.SH,20220810,H5_COMPETING_DIRECTION_TOP3,1,
h5m80d50_direction,002077.SZ,20220809,H5_COMPETING_DIRECTION_TOP3,1,
h5m80d50_direction,002896.SZ,20220809,H5_COMPETING_DIRECTION_TOP3,1,
h5m80d50_direction,301018.SZ,20220809,H5_COMPETING_DIRECTION_TOP3,1,
h5m80d50_direction,002077.SZ,20220808,H5_COMPETING_DIRECTION_TOP3,1,
h5m80d50_direction,002536.SZ,20220808,H5_COMPETING_DIRECTION_TOP3,1,
h5m80d50_direction,300660.SZ,20220808,H5_COMPETING_DIRECTION_TOP3,1,
h5m80d50_direction,002077.SZ,20220805,H5_COMPETING_DIRECTION_TOP3,1,
h5m80d50_direction,301018.SZ,20220805,H5_COMPETING_DIRECTION_TOP3,1,
h5m80d50_direction,601702.SH,20220805,H5_COMPETING_DIRECTION_TOP3,1,
h5m80d50_direction,002077.SZ,20220804,H5_COMPETING_DIRECTION_TOP3,1,
h5m80d50_direction,002536.SZ,20220804,H5_COMPETING_DIRECTION_TOP3,1,
h5m80d50_direction,603516.SH,20220804,H5_COMPETING_DIRECTION_TOP3,1,
h5m80d50_direction,002077.SZ,20220803,H5_COMPETING_DIRECTION_TOP3,1,
h5m80d50_direction,688037.SH,20220803,H5_COMPETING_DIRECTION_TOP3,1,
h5m80d50_direction,688206.SH,20220803,H5_COMPETING_DIRECTION_TOP3,1,
h5m80d50_direction,002077.SZ,20220802,H5_COMPETING_DIRECTION_TOP3,1,
h5m80d50_direction,600586.SH,20220802,H5_COMPETING_DIRECTION_TOP3,1,
h5m80d50_direction,688037.SH,20220802,H5_COMPETING_DIRECTION_TOP3,1,
h5m80d50_direction,000837.SZ,20220801,H5_COMPETING_DIRECTION_TOP3,1,
h5m80d50_direction,600586.SH,20220801,H5_COMPETING_DIRECTION_TOP3,1,
h5m80d50_direction,603728.SH,20220801,H5_COMPETING_DIRECTION_TOP3,1,
h5m80d50_direction,000837.SZ,20220729,H5_COMPETING_DIRECTION_TOP3,1,
h5m80d50_direction,600586.SH,20220729,H5_COMPETING_DIRECTION_TOP3,1,
h5m80d50_direction,603728.SH,20220729,H5_COMPETING_DIRECTION_TOP3,1,
h5m80d50_direction,002896.SZ,20220728,H5_COMPETING_DIRECTION_TOP3,1,
h5m80d50_direction,002911.SZ,20220728,H5_COMPETING_DIRECTION_TOP3,1,
h5m80d50_direction,603728.SH,20220728,H5_COMPETING_DIRECTION_TOP3,1,
h5m80d50_direction,002896.SZ,20220727,H5_COMPETING_DIRECTION_TOP3,1,
h5m80d50_direction,002911.SZ,20220727,H5_COMPETING_DIRECTION_TOP3,1,
h5m80d50_direction,300827.SZ,20220727,H5_COMPETING_DIRECTION_TOP3,1,
h5m80d50_direction,002896.SZ,20220726,H5_COMPETING_DIRECTION_TOP3,1,
h5m80d50_direction,002965.SZ,20220726,H5_COMPETING_DIRECTION_TOP3,1,
h5m80d50_direction,688248.SH,20220726,H5_COMPETING_DIRECTION_TOP3,1,
h5m80d50_direction,002101.SZ,20220725,H5_COMPETING_DIRECTION_TOP3,1,
h5m80d50_direction,002896.SZ,20220725,H5_COMPETING_DIRECTION_TOP3,1,
h5m80d50_direction,300827.SZ,20220725,H5_COMPETING_DIRECTION_TOP3,1,
h5m80d50_direction,002077.SZ,20220722,H5_COMPETING_DIRECTION_TOP3,1,
h5m80d50_direction,002896.SZ,20220722,H5_COMPETING_DIRECTION_TOP3,1,
h5m80d50_direction,002965.SZ,20220722,H5_COMPETING_DIRECTION_TOP3,1,
h5m80d50_direction,002121.SZ,20220721,H5_COMPETING_DIRECTION_TOP3,1,
h5m80d50_direction,002896.SZ,20220721,H5_COMPETING_DIRECTION_TOP3,1,
h5m80d50_direction,300660.SZ,20220721,H5_COMPETING_DIRECTION_TOP3,1,
h5m80d50_direction,002121.SZ,20220720,H5_COMPETING_DIRECTION_TOP3,1,
h5m80d50_direction,002896.SZ,20220720,H5_COMPETING_DIRECTION_TOP3,1,
h5m80d50_direction,002965.SZ,20220720,H5_COMPETING_DIRECTION_TOP3,1,
h5m80d50_direction,002101.SZ,20220719,H5_COMPETING_DIRECTION_TOP3,1,
h5m80d50_direction,002896.SZ,20220719,H5_COMPETING_DIRECTION_TOP3,1,
h5m80d50_direction,002965.SZ,20220719,H5_COMPETING_DIRECTION_TOP3,1,
h5m80d50_direction,002101.SZ,20220718,H5_COMPETING_DIRECTION_TOP3,1,
h5m80d50_direction,002896.SZ,20220718,H5_COMPETING_DIRECTION_TOP3,1,
h5m80d50_direction,002965.SZ,20220718,H5_COMPETING_DIRECTION_TOP3,1,
h5m80d50_direction,002965.SZ,20220715,H5_COMPETING_DIRECTION_TOP3,1,
h5m80d50_direction,300660.SZ,20220715,H5_COMPETING_DIRECTION_TOP3,1,
h5m80d50_direction,300693.SZ,20220715,H5_COMPETING_DIRECTION_TOP3,1,
h5m80d50_direction,002965.SZ,20220714,H5_COMPETING_DIRECTION_TOP3,1,
h5m80d50_direction,300660.SZ,20220714,H5_COMPETING_DIRECTION_TOP3,1,
h5m80d50_direction,300827.SZ,20220714,H5_COMPETING_DIRECTION_TOP3,1,
h5m80d50_direction,002892.SZ,20220713,H5_COMPETING_DIRECTION_TOP3,1,
h5m80d50_direction,002965.SZ,20220713,H5_COMPETING_DIRECTION_TOP3,1,
h5m80d50_direction,300660.SZ,20220713,H5_COMPETING_DIRECTION_TOP3,1,
h5m80d50_direction,002965.SZ,20220712,H5_COMPETING_DIRECTION_TOP3,1,
h5m80d50_direction,300660.SZ,20220712,H5_COMPETING_DIRECTION_TOP3,1,
h5m80d50_direction,603530.SH,20220712,H5_COMPETING_DIRECTION_TOP3,1,
h5m80d50_direction,002101.SZ,20220711,H5_COMPETING_DIRECTION_TOP3,1,
h5m80d50_direction,002892.SZ,20220711,H5_COMPETING_DIRECTION_TOP3,1,
h5m80d50_direction,300660.SZ,20220711,H5_COMPETING_DIRECTION_TOP3,1,
h5m80d50_direction,000550.SZ,20220708,H5_COMPETING_DIRECTION_TOP3,1,
h5m80d50_direction,002101.SZ,20220708,H5_COMPETING_DIRECTION_TOP3,1,
h5m80d50_direction,300337.SZ,20220708,H5_COMPETING_DIRECTION_TOP3,1,
h5m80d50_direction,300337.SZ,20220707,H5_COMPETING_DIRECTION_TOP3,1,
h5m80d50_direction,300827.SZ,20220707,H5_COMPETING_DIRECTION_TOP3,1,
h5m80d50_direction,301091.SZ,20220707,H5_COMPETING_DIRECTION_TOP3,1,
h5m80d50_direction,002101.SZ,20220706,H5_COMPETING_DIRECTION_TOP3,1,
h5m80d50_direction,300337.SZ,20220706,H5_COMPETING_DIRECTION_TOP3,1,
h5m80d50_direction,603530.SH,20220706,H5_COMPETING_DIRECTION_TOP3,1,
h5m80d50_direction,002101.SZ,20220705,H5_COMPETING_DIRECTION_TOP3,1,
h5m80d50_direction,003021.SZ,20220705,H5_COMPETING_DIRECTION_TOP3,1,
h5m80d50_direction,300660.SZ,20220705,H5_COMPETING_DIRECTION_TOP3,1,
h5m80d50_direction,002892.SZ,20220704,H5_COMPETING_DIRECTION_TOP3,1,
h5m80d50_direction,300337.SZ,20220704,H5_COMPETING_DIRECTION_TOP3,1,
h5m80d50_direction,300660.SZ,20220704,H5_COMPETING_DIRECTION_TOP3,1,
h5m80d50_direction,300337.SZ,20220701,H5_COMPETING_DIRECTION_TOP3,1,
h5m80d50_direction,300660.SZ,20220701,H5_COMPETING_DIRECTION_TOP3,1,
h5m80d50_direction,300827.SZ,20220701,H5_COMPETING_DIRECTION_TOP3,1,
h5m80d50_direction,003021.SZ,20220630,H5_COMPETING_DIRECTION_TOP3,1,
h5m80d50_direction,300337.SZ,20220630,H5_COMPETING_DIRECTION_TOP3,1,
h5m80d50_direction,300660.SZ,20220630,H5_COMPETING_DIRECTION_TOP3,1,
h5m80d50_direction,003021.SZ,20220629,H5_COMPETING_DIRECTION_TOP3,1,
h5m80d50_direction,300660.SZ,20220629,H5_COMPETING_DIRECTION_TOP3,1,
h5m80d50_direction,603728.SH,20220629,H5_COMPETING_DIRECTION_TOP3,1,
h5m80d50_direction,000058.SZ,20220628,H5_COMPETING_DIRECTION_TOP3,1,
h5m80d50_direction,000628.SZ,20220628,H5_COMPETING_DIRECTION_TOP3,1,
h5m80d50_direction,002896.SZ,20220628,H5_COMPETING_DIRECTION_TOP3,1,
h5m80d50_direction,000058.SZ,20220627,H5_COMPETING_DIRECTION_TOP3,1,
h5m80d50_direction,300660.SZ,20220627,H5_COMPETING_DIRECTION_TOP3,1,
h5m80d50_direction,603728.SH,20220627,H5_COMPETING_DIRECTION_TOP3,1,
h5m80d50_direction,000628.SZ,20220624,H5_COMPETING_DIRECTION_TOP3,1,
h5m80d50_direction,603530.SH,20220624,H5_COMPETING_DIRECTION_TOP3,1,
h5m80d50_direction,688213.SH,20220624,H5_COMPETING_DIRECTION_TOP3,1,
h5m80d50_direction,000628.SZ,20220623,H5_COMPETING_DIRECTION_TOP3,1,
h5m80d50_direction,688150.SH,20220623,H5_COMPETING_DIRECTION_TOP3,1,
h5m80d50_direction,688213.SH,20220623,H5_COMPETING_DIRECTION_TOP3,1,
h5m80d50_direction,002896.SZ,20220622,H5_COMPETING_DIRECTION_TOP3,1,
h5m80d50_direction,300428.SZ,20220622,H5_COMPETING_DIRECTION_TOP3,1,
h5m80d50_direction,603997.SH,20220622,H5_COMPETING_DIRECTION_TOP3,1,
h5m80d50_direction,002101.SZ,20220621,H5_COMPETING_DIRECTION_TOP3,1,
h5m80d50_direction,300428.SZ,20220621,H5_COMPETING_DIRECTION_TOP3,1,
h5m80d50_direction,603997.SH,20220621,H5_COMPETING_DIRECTION_TOP3,1,
h5m80d50_direction,002204.SZ,20220620,H5_COMPETING_DIRECTION_TOP3,1,
h5m80d50_direction,002239.SZ,20220620,H5_COMPETING_DIRECTION_TOP3,1,
h5m80d50_direction,002487.SZ,20220620,H5_COMPETING_DIRECTION_TOP3,1,
h5m80d50_direction,000880.SZ,20220617,H5_COMPETING_DIRECTION_TOP3,1,
h5m80d50_direction,002101.SZ,20220617,H5_COMPETING_DIRECTION_TOP3,1,
h5m80d50_direction,300337.SZ,20220617,H5_COMPETING_DIRECTION_TOP3,1,
h5m80d50_direction,003021.SZ,20220616,H5_COMPETING_DIRECTION_TOP3,1,
h5m80d50_direction,003022.SZ,20220616,H5_COMPETING_DIRECTION_TOP3,1,
h5m80d50_direction,300827.SZ,20220616,H5_COMPETING_DIRECTION_TOP3,1,
h5m80d50_direction,002939.SZ,20220615,H5_COMPETING_DIRECTION_TOP3,1,
h5m80d50_direction,003022.SZ,20220615,H5_COMPETING_DIRECTION_TOP3,1,
h5m80d50_direction,300827.SZ,20220615,H5_COMPETING_DIRECTION_TOP3,1,
h5m80d50_direction,000756.SZ,20220614,H5_COMPETING_DIRECTION_TOP3,1,
h5m80d50_direction,300827.SZ,20220614,H5_COMPETING_DIRECTION_TOP3,1,
h5m80d50_direction,688091.SH,20220614,H5_COMPETING_DIRECTION_TOP3,1,
h5m80d50_direction,002101.SZ,20220613,H5_COMPETING_DIRECTION_TOP3,1,
h5m80d50_direction,300428.SZ,20220613,H5_COMPETING_DIRECTION_TOP3,1,
h5m80d50_direction,300827.SZ,20220613,H5_COMPETING_DIRECTION_TOP3,1,
h5m80d50_direction,000880.SZ,20220610,H5_COMPETING_DIRECTION_TOP3,1,
h5m80d50_direction,002101.SZ,20220610,H5_COMPETING_DIRECTION_TOP3,1,
h5m80d50_direction,300428.SZ,20220610,H5_COMPETING_DIRECTION_TOP3,1,
h5m80d50_direction,000880.SZ,20220609,H5_COMPETING_DIRECTION_TOP3,1,
h5m80d50_direction,002265.SZ,20220609,H5_COMPETING_DIRECTION_TOP3,1,
h5m80d50_direction,600335.SH,20220609,H5_COMPETING_DIRECTION_TOP3,1,
h5m80d50_direction,000756.SZ,20220608,H5_COMPETING_DIRECTION_TOP3,1,
h5m80d50_direction,000899.SZ,20220608,H5_COMPETING_DIRECTION_TOP3,1,
h5m80d50_direction,002265.SZ,20220608,H5_COMPETING_DIRECTION_TOP3,1,
h5m80d50_direction,000756.SZ,20220607,H5_COMPETING_DIRECTION_TOP3,1,
h5m80d50_direction,002897.SZ,20220607,H5_COMPETING_DIRECTION_TOP3,1,
h5m80d50_direction,688180.SH,20220607,H5_COMPETING_DIRECTION_TOP3,1,
h5m80d50_direction,000756.SZ,20220606,H5_COMPETING_DIRECTION_TOP3,1,
h5m80d50_direction,002060.SZ,20220606,H5_COMPETING_DIRECTION_TOP3,1,
h5m80d50_direction,688091.SH,20220606,H5_COMPETING_DIRECTION_TOP3,1,
h5m80d50_direction,000628.SZ,20220602,H5_COMPETING_DIRECTION_TOP3,1,
h5m80d50_direction,002265.SZ,20220602,H5_COMPETING_DIRECTION_TOP3,1,
h5m80d50_direction,688180.SH,20220602,H5_COMPETING_DIRECTION_TOP3,1,
h5m80d50_direction,000628.SZ,20220601,H5_COMPETING_DIRECTION_TOP3,1,
h5m80d50_direction,688150.SH,20220601,H5_COMPETING_DIRECTION_TOP3,1,
h5m80d50_direction,688209.SH,20220601,H5_COMPETING_DIRECTION_TOP3,1,
h5m80d50_direction,688131.SH,20220531,H5_COMPETING_DIRECTION_TOP3,1,
h5m80d50_direction,688150.SH,20220531,H5_COMPETING_DIRECTION_TOP3,1,
h5m80d50_direction,688209.SH,20220531,H5_COMPETING_DIRECTION_TOP3,1,
h5m80d50_direction,000880.SZ,20220530,H5_COMPETING_DIRECTION_TOP3,1,
h5m80d50_direction,688091.SH,20220530,H5_COMPETING_DIRECTION_TOP3,1,
h5m80d50_direction,688107.SH,20220530,H5_COMPETING_DIRECTION_TOP3,1,
h5m80d50_direction,000880.SZ,20220527,H5_COMPETING_DIRECTION_TOP3,1,
h5m80d50_direction,688091.SH,20220527,H5_COMPETING_DIRECTION_TOP3,1,
h5m80d50_direction,688408.SH,20220527,H5_COMPETING_DIRECTION_TOP3,1,
h5m80d50_direction,002761.SZ,20220526,H5_COMPETING_DIRECTION_TOP3,1,
h5m80d50_direction,600686.SH,20220526,H5_COMPETING_DIRECTION_TOP3,1,
h5m80d50_direction,688091.SH,20220526,H5_COMPETING_DIRECTION_TOP3,1,
h5m80d50_direction,002779.SZ,20220525,H5_COMPETING_DIRECTION_TOP3,1,
h5m80d50_direction,002881.SZ,20220525,H5_COMPETING_DIRECTION_TOP3,1,
h5m80d50_direction,688091.SH,20220525,H5_COMPETING_DIRECTION_TOP3,1,
h5m80d50_direction,002881.SZ,20220524,H5_COMPETING_DIRECTION_TOP3,1,
h5m80d50_direction,600267.SH,20220524,H5_COMPETING_DIRECTION_TOP3,1,
h5m80d50_direction,688091.SH,20220524,H5_COMPETING_DIRECTION_TOP3,1,
h5m80d50_direction,000913.SZ,20220523,H5_COMPETING_DIRECTION_TOP3,1,
h5m80d50_direction,002881.SZ,20220523,H5_COMPETING_DIRECTION_TOP3,1,
h5m80d50_direction,600210.SH,20220523,H5_COMPETING_DIRECTION_TOP3,1,
h5m80d50_direction,000756.SZ,20220520,H5_COMPETING_DIRECTION_TOP3,1,
h5m80d50_direction,300827.SZ,20220520,H5_COMPETING_DIRECTION_TOP3,1,
h5m80d50_direction,600267.SH,20220520,H5_COMPETING_DIRECTION_TOP3,1,
h5m80d50_direction,002487.SZ,20220519,H5_COMPETING_DIRECTION_TOP3,1,
h5m80d50_direction,300100.SZ,20220519,H5_COMPETING_DIRECTION_TOP3,1,
h5m80d50_direction,603197.SH,20220519,H5_COMPETING_DIRECTION_TOP3,1,
h5m80d50_direction,002292.SZ,20220518,H5_COMPETING_DIRECTION_TOP3,1,
h5m80d50_direction,002779.SZ,20220518,H5_COMPETING_DIRECTION_TOP3,1,
h5m80d50_direction,300100.SZ,20220518,H5_COMPETING_DIRECTION_TOP3,1,
h5m80d50_direction,002265.SZ,20220517,H5_COMPETING_DIRECTION_TOP3,1,
h5m80d50_direction,300827.SZ,20220517,H5_COMPETING_DIRECTION_TOP3,1,
h5m80d50_direction,301039.SZ,20220517,H5_COMPETING_DIRECTION_TOP3,1,
h5m80d50_direction,600812.SH,20220516,H5_COMPETING_DIRECTION_TOP3,1,
h5m80d50_direction,603858.SH,20220516,H5_COMPETING_DIRECTION_TOP3,1,
h5m80d50_direction,688390.SH,20220516,H5_COMPETING_DIRECTION_TOP3,1,
h5m80d50_direction,002183.SZ,20220513,H5_COMPETING_DIRECTION_TOP3,1,
h5m80d50_direction,300100.SZ,20220513,H5_COMPETING_DIRECTION_TOP3,1,
h5m80d50_direction,688390.SH,20220513,H5_COMPETING_DIRECTION_TOP3,1,
h5m80d50_direction,000756.SZ,20220512,H5_COMPETING_DIRECTION_TOP3,1,
h5m80d50_direction,600657.SH,20220512,H5_COMPETING_DIRECTION_TOP3,1,
h5m80d50_direction,688390.SH,20220512,H5_COMPETING_DIRECTION_TOP3,1,
h5m80d50_direction,000756.SZ,20220511,H5_COMPETING_DIRECTION_TOP3,1,
h5m80d50_direction,300049.SZ,20220511,H5_COMPETING_DIRECTION_TOP3,1,
h5m80d50_direction,600502.SH,20220511,H5_COMPETING_DIRECTION_TOP3,1,
h5m80d50_direction,000756.SZ,20220510,H5_COMPETING_DIRECTION_TOP3,1,
h5m80d50_direction,300438.SZ,20220510,H5_COMPETING_DIRECTION_TOP3,1,
h5m80d50_direction,688037.SH,20220510,H5_COMPETING_DIRECTION_TOP3,1,
h5m80d50_direction,300438.SZ,20220509,H5_COMPETING_DIRECTION_TOP3,1,
h5m80d50_direction,603026.SH,20220509,H5_COMPETING_DIRECTION_TOP3,1,
h5m80d50_direction,688005.SH,20220509,H5_COMPETING_DIRECTION_TOP3,1,
h5m80d50_direction,000756.SZ,20220506,H5_COMPETING_DIRECTION_TOP3,1,
h5m80d50_direction,300438.SZ,20220506,H5_COMPETING_DIRECTION_TOP3,1,
h5m80d50_direction,300917.SZ,20220506,H5_COMPETING_DIRECTION_TOP3,1,
h5m80d50_direction,300568.SZ,20220505,H5_COMPETING_DIRECTION_TOP3,1,
h5m80d50_direction,300917.SZ,20220505,H5_COMPETING_DIRECTION_TOP3,1,
h5m80d50_direction,688068.SH,20220505,H5_COMPETING_DIRECTION_TOP3,1,
h5m80d50_direction,000756.SZ,20220429,H5_COMPETING_DIRECTION_TOP3,1,
h5m80d50_direction,300049.SZ,20220429,H5_COMPETING_DIRECTION_TOP3,1,
h5m80d50_direction,688800.SH,20220429,H5_COMPETING_DIRECTION_TOP3,1,
h5m80d50_direction,000756.SZ,20220428,H5_COMPETING_DIRECTION_TOP3,1,
h5m80d50_direction,300049.SZ,20220428,H5_COMPETING_DIRECTION_TOP3,1,
h5m80d50_direction,603299.SH,20220428,H5_COMPETING_DIRECTION_TOP3,1,
h5m80d50_direction,000756.SZ,20220427,H5_COMPETING_DIRECTION_TOP3,1,
h5m80d50_direction,300199.SZ,20220427,H5_COMPETING_DIRECTION_TOP3,1,
h5m80d50_direction,688800.SH,20220427,H5_COMPETING_DIRECTION_TOP3,1,
h5m80d50_direction,002025.SZ,20220426,H5_COMPETING_DIRECTION_TOP3,1,
h5m80d50_direction,002192.SZ,20220426,H5_COMPETING_DIRECTION_TOP3,1,
h5m80d50_direction,300395.SZ,20220426,H5_COMPETING_DIRECTION_TOP3,1,
h5m80d50_direction,002850.SZ,20220425,H5_COMPETING_DIRECTION_TOP3,1,
h5m80d50_direction,300763.SZ,20220425,H5_COMPETING_DIRECTION_TOP3,1,
h5m80d50_direction,603229.SH,20220425,H5_COMPETING_DIRECTION_TOP3,1,
h5m80d50_direction,002850.SZ,20220422,H5_COMPETING_DIRECTION_TOP3,1,
h5m80d50_direction,600062.SH,20220422,H5_COMPETING_DIRECTION_TOP3,1,
h5m80d50_direction,688180.SH,20220422,H5_COMPETING_DIRECTION_TOP3,1,
h5m80d50_direction,002120.SZ,20220421,H5_COMPETING_DIRECTION_TOP3,1,
h5m80d50_direction,002432.SZ,20220421,H5_COMPETING_DIRECTION_TOP3,1,
h5m80d50_direction,300751.SZ,20220421,H5_COMPETING_DIRECTION_TOP3,1,
h5m80d50_direction,002120.SZ,20220420,H5_COMPETING_DIRECTION_TOP3,1,
h5m80d50_direction,600508.SH,20220420,H5_COMPETING_DIRECTION_TOP3,1,
h5m80d50_direction,603833.SH,20220420,H5_COMPETING_DIRECTION_TOP3,1,
h5m80d50_direction,600508.SH,20220419,H5_COMPETING_DIRECTION_TOP3,1,
h5m80d50_direction,600528.SH,20220419,H5_COMPETING_DIRECTION_TOP3,1,
h5m80d50_direction,601333.SH,20220419,H5_COMPETING_DIRECTION_TOP3,1,
h5m80d50_direction,000415.SZ,20220418,H5_COMPETING_DIRECTION_TOP3,1,
h5m80d50_direction,600508.SH,20220418,H5_COMPETING_DIRECTION_TOP3,1,
h5m80d50_direction,600528.SH,20220418,H5_COMPETING_DIRECTION_TOP3,1,
h5m80d50_direction,600508.SH,20220415,H5_COMPETING_DIRECTION_TOP3,1,
h5m80d50_direction,603299.SH,20220415,H5_COMPETING_DIRECTION_TOP3,1,
h5m80d50_direction,688037.SH,20220415,H5_COMPETING_DIRECTION_TOP3,1,
h5m80d50_direction,603290.SH,20220414,H5_COMPETING_DIRECTION_TOP3,1,
h5m80d50_direction,688390.SH,20220414,H5_COMPETING_DIRECTION_TOP3,1,
h5m80d50_direction,688766.SH,20220414,H5_COMPETING_DIRECTION_TOP3,1,
h5m80d50_direction,000620.SZ,20220413,H5_COMPETING_DIRECTION_TOP3,1,
h5m80d50_direction,002251.SZ,20220413,H5_COMPETING_DIRECTION_TOP3,1,
h5m80d50_direction,300917.SZ,20220413,H5_COMPETING_DIRECTION_TOP3,1,
h5m80d50_direction,300917.SZ,20220412,H5_COMPETING_DIRECTION_TOP3,1,
h5m80d50_direction,600657.SH,20220412,H5_COMPETING_DIRECTION_TOP3,1,
h5m80d50_direction,600787.SH,20220412,H5_COMPETING_DIRECTION_TOP3,1,
h5m80d50_direction,000582.SZ,20220411,H5_COMPETING_DIRECTION_TOP3,1,
h5m80d50_direction,600502.SH,20220411,H5_COMPETING_DIRECTION_TOP3,1,
h5m80d50_direction,600787.SH,20220411,H5_COMPETING_DIRECTION_TOP3,1,
h5m80d50_direction,000893.SZ,20220408,H5_COMPETING_DIRECTION_TOP3,1,
h5m80d50_direction,002941.SZ,20220408,H5_COMPETING_DIRECTION_TOP3,1,
h5m80d50_direction,600502.SH,20220408,H5_COMPETING_DIRECTION_TOP3,1,
h5m80d50_direction,000620.SZ,20220407,H5_COMPETING_DIRECTION_TOP3,1,
h5m80d50_direction,000893.SZ,20220407,H5_COMPETING_DIRECTION_TOP3,1,
h5m80d50_direction,601665.SH,20220407,H5_COMPETING_DIRECTION_TOP3,1,
h5m80d50_direction,000932.SZ,20220406,H5_COMPETING_DIRECTION_TOP3,1,
h5m80d50_direction,002603.SZ,20220406,H5_COMPETING_DIRECTION_TOP3,1,
h5m80d50_direction,601665.SH,20220406,H5_COMPETING_DIRECTION_TOP3,1,
h5m80d50_direction,600057.SH,20220401,H5_COMPETING_DIRECTION_TOP3,1,
h5m80d50_direction,601665.SH,20220401,H5_COMPETING_DIRECTION_TOP3,1,
h5m80d50_direction,603227.SH,20220401,H5_COMPETING_DIRECTION_TOP3,1,
h5m80d50_direction,300917.SZ,20220331,H5_COMPETING_DIRECTION_TOP3,1,
h5m80d50_direction,600575.SH,20220331,H5_COMPETING_DIRECTION_TOP3,1,
h5m80d50_direction,600657.SH,20220331,H5_COMPETING_DIRECTION_TOP3,1,
h5m80d50_direction,002051.SZ,20220330,H5_COMPETING_DIRECTION_TOP3,1,
h5m80d50_direction,300917.SZ,20220330,H5_COMPETING_DIRECTION_TOP3,1,
h5m80d50_direction,600657.SH,20220330,H5_COMPETING_DIRECTION_TOP3,1,
h5m80d50_direction,000620.SZ,20220329,H5_COMPETING_DIRECTION_TOP3,1,
h5m80d50_direction,600007.SH,20220329,H5_COMPETING_DIRECTION_TOP3,1,
h5m80d50_direction,600657.SH,20220329,H5_COMPETING_DIRECTION_TOP3,1,
h5m80d50_direction,000620.SZ,20220328,H5_COMPETING_DIRECTION_TOP3,1,
h5m80d50_direction,600007.SH,20220328,H5_COMPETING_DIRECTION_TOP3,1,
h5m80d50_direction,600657.SH,20220328,H5_COMPETING_DIRECTION_TOP3,1,
h5m80d50_direction,300917.SZ,20220325,H5_COMPETING_DIRECTION_TOP3,1,
h5m80d50_direction,600335.SH,20220325,H5_COMPETING_DIRECTION_TOP3,1,
h5m80d50_direction,600657.SH,20220325,H5_COMPETING_DIRECTION_TOP3,1,
h5m80d50_direction,002194.SZ,20220324,H5_COMPETING_DIRECTION_TOP3,1,
h5m80d50_direction,300917.SZ,20220324,H5_COMPETING_DIRECTION_TOP3,1,
h5m80d50_direction,600657.SH,20220324,H5_COMPETING_DIRECTION_TOP3,1,
h5m80d50_direction,300917.SZ,20220323,H5_COMPETING_DIRECTION_TOP3,1,
h5m80d50_direction,600657.SH,20220323,H5_COMPETING_DIRECTION_TOP3,1,
h5m80d50_direction,603169.SH,20220323,H5_COMPETING_DIRECTION_TOP3,1,
h5m80d50_direction,300917.SZ,20220322,H5_COMPETING_DIRECTION_TOP3,1,
h5m80d50_direction,300972.SZ,20220322,H5_COMPETING_DIRECTION_TOP3,1,
h5m80d50_direction,600420.SH,20220322,H5_COMPETING_DIRECTION_TOP3,1,
h5m80d50_direction,300972.SZ,20220321,H5_COMPETING_DIRECTION_TOP3,1,
h5m80d50_direction,600420.SH,20220321,H5_COMPETING_DIRECTION_TOP3,1,
h5m80d50_direction,603229.SH,20220321,H5_COMPETING_DIRECTION_TOP3,1,
h5m80d50_direction,000620.SZ,20220318,H5_COMPETING_DIRECTION_TOP3,1,
h5m80d50_direction,002761.SZ,20220318,H5_COMPETING_DIRECTION_TOP3,1,
h5m80d50_direction,600420.SH,20220318,H5_COMPETING_DIRECTION_TOP3,1,
h5m80d50_direction,000620.SZ,20220317,H5_COMPETING_DIRECTION_TOP3,1,
h5m80d50_direction,002761.SZ,20220317,H5_COMPETING_DIRECTION_TOP3,1,
h5m80d50_direction,300199.SZ,20220317,H5_COMPETING_DIRECTION_TOP3,1,
h5m80d50_direction,002761.SZ,20220316,H5_COMPETING_DIRECTION_TOP3,1,
h5m80d50_direction,300199.SZ,20220316,H5_COMPETING_DIRECTION_TOP3,1,
h5m80d50_direction,601101.SH,20220316,H5_COMPETING_DIRECTION_TOP3,1,
h5m80d50_direction,000065.SZ,20220315,H5_COMPETING_DIRECTION_TOP3,1,
h5m80d50_direction,300199.SZ,20220315,H5_COMPETING_DIRECTION_TOP3,1,
h5m80d50_direction,600657.SH,20220315,H5_COMPETING_DIRECTION_TOP3,1,
h5m80d50_direction,300199.SZ,20220314,H5_COMPETING_DIRECTION_TOP3,1,
h5m80d50_direction,600056.SH,20220314,H5_COMPETING_DIRECTION_TOP3,1,
h5m80d50_direction,603229.SH,20220314,H5_COMPETING_DIRECTION_TOP3,1,
h5m80d50_direction,002053.SZ,20220311,H5_COMPETING_DIRECTION_TOP3,1,
h5m80d50_direction,300482.SZ,20220311,H5_COMPETING_DIRECTION_TOP3,1,
h5m80d50_direction,600056.SH,20220311,H5_COMPETING_DIRECTION_TOP3,1,
h5m80d50_direction,002053.SZ,20220310,H5_COMPETING_DIRECTION_TOP3,1,
h5m80d50_direction,300482.SZ,20220310,H5_COMPETING_DIRECTION_TOP3,1,
h5m80d50_direction,688068.SH,20220310,H5_COMPETING_DIRECTION_TOP3,1,
h5m80d50_direction,002053.SZ,20220309,H5_COMPETING_DIRECTION_TOP3,1,
h5m80d50_direction,002432.SZ,20220309,H5_COMPETING_DIRECTION_TOP3,1,
h5m80d50_direction,300199.SZ,20220309,H5_COMPETING_DIRECTION_TOP3,1,
h5m80d50_direction,000950.SZ,20220308,H5_COMPETING_DIRECTION_TOP3,1,
h5m80d50_direction,300199.SZ,20220308,H5_COMPETING_DIRECTION_TOP3,1,
h5m80d50_direction,300482.SZ,20220308,H5_COMPETING_DIRECTION_TOP3,1,
h5m80d50_direction,000950.SZ,20220307,H5_COMPETING_DIRECTION_TOP3,1,
h5m80d50_direction,002779.SZ,20220307,H5_COMPETING_DIRECTION_TOP3,1,
h5m80d50_direction,600056.SH,20220307,H5_COMPETING_DIRECTION_TOP3,1,
h5m80d50_direction,300199.SZ,20220304,H5_COMPETING_DIRECTION_TOP3,1,
h5m80d50_direction,600056.SH,20220304,H5_COMPETING_DIRECTION_TOP3,1,
h5m80d50_direction,688575.SH,20220304,H5_COMPETING_DIRECTION_TOP3,1,
h5m80d50_direction,002779.SZ,20220303,H5_COMPETING_DIRECTION_TOP3,1,
h5m80d50_direction,300199.SZ,20220303,H5_COMPETING_DIRECTION_TOP3,1,
h5m80d50_direction,300468.SZ,20220303,H5_COMPETING_DIRECTION_TOP3,1,
h5m80d50_direction,002779.SZ,20220302,H5_COMPETING_DIRECTION_TOP3,1,
h5m80d50_direction,300468.SZ,20220302,H5_COMPETING_DIRECTION_TOP3,1,
h5m80d50_direction,601001.SH,20220302,H5_COMPETING_DIRECTION_TOP3,1,
h5m80d50_direction,002779.SZ,20220301,H5_COMPETING_DIRECTION_TOP3,1,
h5m80d50_direction,300468.SZ,20220301,H5_COMPETING_DIRECTION_TOP3,1,
h5m80d50_direction,603477.SH,20220301,H5_COMPETING_DIRECTION_TOP3,1,
h5m80d50_direction,300468.SZ,20220228,H5_COMPETING_DIRECTION_TOP3,1,
h5m80d50_direction,600113.SH,20220228,H5_COMPETING_DIRECTION_TOP3,1,
h5m80d50_direction,002176.SZ,20220225,H5_COMPETING_DIRECTION_TOP3,1,
h5m80d50_direction,002487.SZ,20220225,H5_COMPETING_DIRECTION_TOP3,1,
h5m80d50_direction,002779.SZ,20220225,H5_COMPETING_DIRECTION_TOP3,1,
h5m80d50_direction,002432.SZ,20220224,H5_COMPETING_DIRECTION_TOP3,1,
h5m80d50_direction,301018.SZ,20220224,H5_COMPETING_DIRECTION_TOP3,1,
h5m80d50_direction,600055.SH,20220224,H5_COMPETING_DIRECTION_TOP3,1,
h5m80d50_direction,002497.SZ,20220223,H5_COMPETING_DIRECTION_TOP3,1,
h5m80d50_direction,002779.SZ,20220223,H5_COMPETING_DIRECTION_TOP3,1,
h5m80d50_direction,600996.SH,20220223,H5_COMPETING_DIRECTION_TOP3,1,
h5m80d50_direction,002497.SZ,20220222,H5_COMPETING_DIRECTION_TOP3,1,
h5m80d50_direction,600338.SH,20220222,H5_COMPETING_DIRECTION_TOP3,1,
h5m80d50_direction,600996.SH,20220222,H5_COMPETING_DIRECTION_TOP3,1,
h5m80d50_direction,600602.SH,20220221,H5_COMPETING_DIRECTION_TOP3,1,
h5m80d50_direction,600629.SH,20220221,H5_COMPETING_DIRECTION_TOP3,1,
h5m80d50_direction,600996.SH,20220221,H5_COMPETING_DIRECTION_TOP3,1,
h5m80d50_direction,301091.SZ,20220218,H5_COMPETING_DIRECTION_TOP3,1,
h5m80d50_direction,600996.SH,20220218,H5_COMPETING_DIRECTION_TOP3,1,
h5m80d50_direction,603171.SH,20220218,H5_COMPETING_DIRECTION_TOP3,1,
h5m80d50_direction,000681.SZ,20220217,H5_COMPETING_DIRECTION_TOP3,1,
h5m80d50_direction,002104.SZ,20220217,H5_COMPETING_DIRECTION_TOP3,1,
h5m80d50_direction,301078.SZ,20220217,H5_COMPETING_DIRECTION_TOP3,1,
h5m80d50_direction,002060.SZ,20220216,H5_COMPETING_DIRECTION_TOP3,1,
h5m80d50_direction,002061.SZ,20220216,H5_COMPETING_DIRECTION_TOP3,1,
h5m80d50_direction,002104.SZ,20220216,H5_COMPETING_DIRECTION_TOP3,1,
h5m80d50_direction,002487.SZ,20220215,H5_COMPETING_DIRECTION_TOP3,1,
h5m80d50_direction,600866.SH,20220215,H5_COMPETING_DIRECTION_TOP3,1,
h5m80d50_direction,603477.SH,20220215,H5_COMPETING_DIRECTION_TOP3,1,
h5m80d50_direction,002400.SZ,20220214,H5_COMPETING_DIRECTION_TOP3,1,
h5m80d50_direction,002487.SZ,20220214,H5_COMPETING_DIRECTION_TOP3,1,
h5m80d50_direction,300363.SZ,20220214,H5_COMPETING_DIRECTION_TOP3,1,
h5m80d50_direction,002400.SZ,20220211,H5_COMPETING_DIRECTION_TOP3,1,
h5m80d50_direction,002821.SZ,20220211,H5_COMPETING_DIRECTION_TOP3,1,
h5m80d50_direction,688575.SH,20220211,H5_COMPETING_DIRECTION_TOP3,1,
h5m80d50_direction,002104.SZ,20220210,H5_COMPETING_DIRECTION_TOP3,1,
h5m80d50_direction,600866.SH,20220210,H5_COMPETING_DIRECTION_TOP3,1,
h5m80d50_direction,603477.SH,20220210,H5_COMPETING_DIRECTION_TOP3,1,
h5m80d50_direction,000620.SZ,20220209,H5_COMPETING_DIRECTION_TOP3,1,
h5m80d50_direction,002104.SZ,20220209,H5_COMPETING_DIRECTION_TOP3,1,
h5m80d50_direction,300075.SZ,20220209,H5_COMPETING_DIRECTION_TOP3,1,
h5m80d50_direction,000620.SZ,20220208,H5_COMPETING_DIRECTION_TOP3,1,
h5m80d50_direction,002104.SZ,20220208,H5_COMPETING_DIRECTION_TOP3,1,
h5m80d50_direction,300199.SZ,20220208,H5_COMPETING_DIRECTION_TOP3,1,
h5m80d50_direction,000620.SZ,20220207,H5_COMPETING_DIRECTION_TOP3,1,
h5m80d50_direction,002104.SZ,20220207,H5_COMPETING_DIRECTION_TOP3,1,
h5m80d50_direction,603619.SH,20220207,H5_COMPETING_DIRECTION_TOP3,1,
h5m80d50_direction,300678.SZ,20220128,H5_COMPETING_DIRECTION_TOP3,1,
h5m80d50_direction,600808.SH,20220128,H5_COMPETING_DIRECTION_TOP3,1,
h5m80d50_direction,300678.SZ,20220127,H5_COMPETING_DIRECTION_TOP3,1,
h5m80d50_direction,600996.SH,20220127,H5_COMPETING_DIRECTION_TOP3,1,
h5m80d50_direction,300047.SZ,20220126,H5_COMPETING_DIRECTION_TOP3,1,
h5m80d50_direction,002101.SZ,20220125,H5_COMPETING_DIRECTION_TOP3,1,
h5m80d50_direction,603099.SH,20220125,H5_COMPETING_DIRECTION_TOP3,1,
h5m80d50_direction,002101.SZ,20220124,H5_COMPETING_DIRECTION_TOP3,1,
h5m80d50_direction,300390.SZ,20220124,H5_COMPETING_DIRECTION_TOP3,1,
h5m80d50_direction,300763.SZ,20220124,H5_COMPETING_DIRECTION_TOP3,1,
h5m80d50_direction,000676.SZ,20220121,H5_COMPETING_DIRECTION_TOP3,1,
h5m80d50_direction,002101.SZ,20220121,H5_COMPETING_DIRECTION_TOP3,1,
h5m80d50_direction,688068.SH,20220121,H5_COMPETING_DIRECTION_TOP3,1,
h5m80d50_direction,000620.SZ,20220120,H5_COMPETING_DIRECTION_TOP3,1,
h5m80d50_direction,002945.SZ,20220120,H5_COMPETING_DIRECTION_TOP3,1,
h5m80d50_direction,300459.SZ,20220119,H5_COMPETING_DIRECTION_TOP3,1,
h5m80d50_direction,603229.SH,20220119,H5_COMPETING_DIRECTION_TOP3,1,
h5m80d50_direction,000620.SZ,20220118,H5_COMPETING_DIRECTION_TOP3,1,
h5m80d50_direction,300075.SZ,20220118,H5_COMPETING_DIRECTION_TOP3,1,
h5m80d50_direction,300579.SZ,20220118,H5_COMPETING_DIRECTION_TOP3,1,
h5m80d50_direction,000537.SZ,20220117,H5_COMPETING_DIRECTION_TOP3,1,
h5m80d50_direction,000620.SZ,20220117,H5_COMPETING_DIRECTION_TOP3,1,
h5m80d50_direction,300047.SZ,20220117,H5_COMPETING_DIRECTION_TOP3,1,
h5m80d50_direction,000537.SZ,20220114,H5_COMPETING_DIRECTION_TOP3,1,
h5m80d50_direction,002897.SZ,20220114,H5_COMPETING_DIRECTION_TOP3,1,
h5m80d50_direction,600399.SH,20220114,H5_COMPETING_DIRECTION_TOP3,1,
h5m80d50_direction,002987.SZ,20220113,H5_COMPETING_DIRECTION_TOP3,1,
h5m80d50_direction,300026.SZ,20220113,H5_COMPETING_DIRECTION_TOP3,1,
h5m80d50_direction,300075.SZ,20220113,H5_COMPETING_DIRECTION_TOP3,1,
h5m80d50_direction,002068.SZ,20220112,H5_COMPETING_DIRECTION_TOP3,1,
h5m80d50_direction,002354.SZ,20220112,H5_COMPETING_DIRECTION_TOP3,1,
h5m80d50_direction,002840.SZ,20220112,H5_COMPETING_DIRECTION_TOP3,1,
h5m80d50_direction,300031.SZ,20220111,H5_COMPETING_DIRECTION_TOP3,1,
h5m80d50_direction,300755.SZ,20220111,H5_COMPETING_DIRECTION_TOP3,1,
h5m80d50_direction,600114.SH,20220111,H5_COMPETING_DIRECTION_TOP3,1,
h5m80d50_direction,002101.SZ,20220110,H5_COMPETING_DIRECTION_TOP3,1,
h5m80d50_direction,300406.SZ,20220110,H5_COMPETING_DIRECTION_TOP3,1,
h5m80d50_direction,688068.SH,20220110,H5_COMPETING_DIRECTION_TOP3,1,
h5m80d50_direction,002840.SZ,20220107,H5_COMPETING_DIRECTION_TOP3,1,
h5m80d50_direction,002987.SZ,20220107,H5_COMPETING_DIRECTION_TOP3,1,
h5m80d50_direction,300181.SZ,20220107,H5_COMPETING_DIRECTION_TOP3,1,
h5m80d50_direction,600353.SH,20220106,H5_COMPETING_DIRECTION_TOP3,1,
h5m80d50_direction,601068.SH,20220106,H5_COMPETING_DIRECTION_TOP3,1,
h5m80d50_direction,300181.SZ,20220105,H5_COMPETING_DIRECTION_TOP3,1,
h5m80d50_direction,300199.SZ,20220105,H5_COMPETING_DIRECTION_TOP3,1,
h5m80d50_direction,300624.SZ,20220105,H5_COMPETING_DIRECTION_TOP3,1,
h5m80d50_direction,002987.SZ,20220104,H5_COMPETING_DIRECTION_TOP3,1,
h5m80d50_direction,300624.SZ,20220104,H5_COMPETING_DIRECTION_TOP3,1,
h5m80d50_direction,603477.SH,20220104,H5_COMPETING_DIRECTION_TOP3,1,
