stock_code,ts_code,effective_start_date,effective_end_date,include_date,sw_l3_code,sw_l2_code,sw_l2_index_code,sw_l2_name,sw_l2_is_pub,sw_l2_parent_code,sw_source,mapping_update_time
000001,000001.SZ,20220101,99991231,20210730,480301,480300,801783.SI,股份制银行Ⅱ,1,480000,SW2021,2025-12-15 16:33:00
000002,000002.SZ,20220101,99991231,19910129,430101,430100,801181.SI,房地产开发,1,430000,SW2021,2015-10-27 15:29:00
000003,000003.SZ,20220101,99991231,19910414,510101,510100,801231.SI,综合Ⅱ,1,510000,SW2021,2015-10-27 15:28:00
000004,000004.SZ,20220101,99991231,20210730,710402,710400,801104.SI,软件开发,1,710000,SW2021,2021-07-31 16:18:00
000005,000005.SZ,20220101,99991231,20210730,760104,760100,801971.SI,环境治理,1,760000,SW2021,2022-10-11 14:51:00
000006,000006.SZ,20220101,99991231,20170629,430101,430100,801181.SI,房地产开发,1,430000,SW2021,2020-12-16 15:10:00
000007,000007.SZ,20220101,99991231,20210730,450304,450300,801203.SI,一般零售,1,450000,SW2021,2021-07-31 16:18:00
000008,000008.SZ,20220101,99991231,20150701,640501,640500,801076.SI,轨交设备Ⅱ,1,640000,SW2021,2015-10-27 15:29:00
000009,000009.SZ,20220101,99991231,20210730,630702,630700,801737.SI,电池,1,630000,SW2021,2025-10-15 10:57:00
000010,000010.SZ,20220101,99991231,20210730,620307,620300,801723.SI,基础建设,1,620000,SW2021,2021-08-02 13:20:00
000011,000011.SZ,20220101,99991231,19920330,430101,430100,801181.SI,房地产开发,1,430000,SW2021,2015-10-27 15:29:00
000012,000012.SZ,20220101,99991231,20140221,610201,610200,801712.SI,玻璃玻纤,1,610000,SW2021,2024-09-27 12:41:00
000013,000013.SZ,20220101,99991231,20030501,220501,220500,801036.SI,塑料,1,220000,SW2021,2015-10-27 15:28:00
000014,000014.SZ,20220101,99991231,20010501,430101,430100,801181.SI,房地产开发,1,430000,SW2021,2015-10-27 15:29:00
000015,000015.SZ,20220101,99991231,19920625,510101,510100,801231.SI,综合Ⅱ,1,510000,SW2021,2015-10-27 15:28:00
000016,000016.SZ,20220101,20240729,19920327,330201,330200,801112.SI,黑色家电,1,330000,SW2021,2015-10-27 15:29:00
000016,000016.SZ,20240730,99991231,20240730,330106,330100,801111.SI,白色家电,1,330000,SW2021,2024-07-30 12:45:00
000017,000017.SZ,20220101,20220728,20140221,280401,280400,801881.SI,摩托车及其他,1,280000,SW2021,2024-09-27 12:41:00
000017,000017.SZ,20220729,99991231,20220729,350301,350300,801133.SI,饰品,1,350000,SW2021,2022-07-29 11:54:00
000018,000018.SZ,20220101,99991231,20180713,620403,620400,801724.SI,专业工程,1,620000,SW2021,2019-08-09 15:39:00
000019,000019.SZ,20220101,99991231,20210730,110502,110500,801012.SI,农产品加工,1,110000,SW2021,2021-07-31 16:18:00
000020,000020.SZ,20220101,99991231,20210730,270301,270300,801084.SI,光学光电子,1,270000,SW2021,2023-04-25 09:31:00
000021,000021.SZ,20220101,99991231,20210730,270504,270500,801085.SI,消费电子,1,270000,SW2021,2023-04-25 09:31:00
000022,000022.SZ,20220101,99991231,19930505,420101,420100,,,,,,2024-10-25 09:03:00
000023,000023.SZ,20220101,99991231,20210730,610102,610100,801711.SI,水泥,1,610000,SW2021,2023-12-07 10:03:00
000024,000024.SZ,20220101,99991231,20020501,430101,430100,801181.SI,房地产开发,1,430000,SW2021,2015-10-27 15:29:00
000025,000025.SZ,20220101,20230703,20210730,280302,280300,801092.SI,汽车服务,1,280000,SW2021,2024-07-29 11:30:00
000025,000025.SZ,20230704,99991231,20230704,510101,510100,801231.SI,综合Ⅱ,1,510000,SW2021,2024-07-29 11:30:00
000026,000026.SZ,20220101,99991231,20210730,350301,350300,801133.SI,饰品,1,350000,SW2021,2023-06-28 18:51:00
000027,000027.SZ,20220101,99991231,19930903,410101,410100,801161.SI,电力,1,410000,SW2021,2015-10-27 15:29:00
000028,000028.SZ,20220101,99991231,20210730,370402,370400,801154.SI,医药商业,1,370000,SW2021,2021-07-31 16:18:00
000029,000029.SZ,20220101,99991231,19930915,430101,430100,801181.SI,房地产开发,1,430000,SW2021,2015-10-27 15:29:00
000030,000030.SZ,20220101,99991231,20210730,280203,280200,801093.SI,汽车零部件,1,280000,SW2021,2025-01-08 14:36:00
000031,000031.SZ,20220101,99991231,20210730,430102,430100,801181.SI,房地产开发,1,430000,SW2021,2021-07-31 16:18:00
000032,000032.SZ,20220101,20220728,20210730,730206,730200,801102.SI,通信设备,1,730000,SW2021,2021-07-31 16:18:00
000032,000032.SZ,20220729,99991231,20220729,620404,620400,801724.SI,专业工程,1,620000,SW2021,2022-07-29 11:54:00
000033,000033.SZ,20220101,99991231,19940103,460201,460200,,,,,,2015-10-27 15:28:00
000034,000034.SZ,20220101,99991231,20210730,710301,710300,801103.SI,IT服务Ⅱ,1,710000,SW2021,2024-02-19 09:41:00
000035,000035.SZ,20220101,99991231,20210730,760103,760100,801971.SI,环境治理,1,760000,SW2021,2026-04-02 13:26:00
000036,000036.SZ,20220101,99991231,20100108,430101,430100,801181.SI,房地产开发,1,430000,SW2021,2015-10-27 15:29:00
000037,000037.SZ,20220101,20220728,20210730,410104,410100,801161.SI,电力,1,410000,SW2021,2021-07-31 16:18:00
000037,000037.SZ,20220729,99991231,20220729,410101,410100,801161.SI,电力,1,410000,SW2021,2025-10-15 10:57:00
000038,000038.SZ,20220101,99991231,20210730,510101,510100,801231.SI,综合Ⅱ,1,510000,SW2021,2021-07-31 16:18:00
000039,000039.SZ,20220101,99991231,20210730,640108,640100,801072.SI,通用设备,1,640000,SW2021,2025-10-15 10:57:00
000040,000040.SZ,20220101,99991231,20210730,410106,410100,801161.SI,电力,1,410000,SW2021,2022-10-11 14:51:00
000042,000042.SZ,20220101,99991231,19940921,430101,430100,801181.SI,房地产开发,1,430000,SW2021,2015-10-27 15:29:00
000043,000043.SZ,20220101,99991231,20070702,430101,430100,801181.SI,房地产开发,1,430000,SW2021,2015-10-27 15:29:00
000045,000045.SZ,20220101,99991231,20140101,270301,270300,801084.SI,光学光电子,1,270000,SW2021,2015-10-27 15:29:00
000046,000046.SZ,20220101,99991231,20210730,430101,430100,801181.SI,房地产开发,1,430000,SW2021,2021-07-31 16:18:00
000047,000047.SZ,20220101,99991231,19941021,430101,430100,801181.SI,房地产开发,1,430000,SW2021,2015-10-27 15:28:00
000048,000048.SZ,20220101,20250810,20210730,430101,430100,801181.SI,房地产开发,1,430000,SW2021,2024-05-27 10:52:00
000048,000048.SZ,20250811,99991231,20250811,110702,110700,801017.SI,养殖业,1,110000,SW2021,2025-08-11 17:30:00
000049,000049.SZ,20220101,99991231,20210730,630701,630700,801737.SI,电池,1,630000,SW2021,2025-10-15 10:57:00
000050,000050.SZ,20220101,99991231,20100101,270301,270300,801084.SI,光学光电子,1,270000,SW2021,2015-10-27 15:29:00
000055,000055.SZ,20220101,99991231,20210730,610303,610300,801713.SI,装修建材,1,610000,SW2021,2024-01-14 08:47:00
000056,000056.SZ,20220101,99991231,20210730,430301,430300,801183.SI,房地产服务,1,430000,SW2021,2021-07-31 16:18:00
000058,000058.SZ,20220101,99991231,20210730,450304,450300,801203.SI,一般零售,1,450000,SW2021,2021-07-31 16:18:00
000059,000059.SZ,20220101,99991231,20210730,750301,750300,801963.SI,炼化及贸易,1,750000,SW2021,2024-04-01 15:28:00
000060,000060.SZ,20220101,99991231,20140221,240303,240300,801055.SI,工业金属,1,240000,SW2021,2024-09-27 12:41:00
000061,000061.SZ,20220101,99991231,20210730,450304,450300,801203.SI,一般零售,1,450000,SW2021,2021-07-31 16:18:00
000062,000062.SZ,20220101,99991231,20170629,270401,270400,801082.SI,其他电子Ⅱ,1,270000,SW2021,2019-08-09 15:38:00
000063,000063.SZ,20220101,99991231,20210730,730204,730200,801102.SI,通信设备,1,730000,SW2021,2026-06-01 14:47:00
000065,000065.SZ,20220101,99991231,20140221,620403,620400,801724.SI,专业工程,1,620000,SW2021,2024-09-27 12:41:00
000066,000066.SZ,20220101,99991231,20210730,710103,710100,801101.SI,计算机设备,1,710000,SW2021,2025-02-19 17:18:00
000068,000068.SZ,20220101,99991231,20210730,760104,760100,801971.SI,环境治理,1,760000,SW2021,2025-10-15 10:57:00
000069,000069.SZ,20220101,99991231,20210730,430102,430100,801181.SI,房地产开发,1,430000,SW2021,2026-02-26 16:27:00
000070,000070.SZ,20220101,99991231,20210730,730205,730200,801102.SI,通信设备,1,730000,SW2021,2026-06-01 14:47:00
000078,000078.SZ,20220101,99991231,20210730,370402,370400,801154.SI,医药商业,1,370000,SW2021,2021-07-31 16:18:00
000088,000088.SZ,20220101,99991231,20211112,421102,421100,801992.SI,航运港口,1,420000,SW2021,2025-10-15 10:57:00
000089,000089.SZ,20220101,99991231,20210730,421002,421000,801991.SI,航空机场,1,420000,SW2021,2025-10-15 10:57:00
000090,000090.SZ,20220101,99991231,20060901,430101,430100,801181.SI,房地产开发,1,430000,SW2021,2015-10-27 15:29:00
000096,000096.SZ,20220101,99991231,20210730,750302,750300,801963.SI,炼化及贸易,1,750000,SW2021,2021-07-31 16:18:00
000099,000099.SZ,20220101,99991231,20210730,421001,421000,801991.SI,航空机场,1,420000,SW2021,2025-01-08 14:36:00
000100,000100.SZ,20220101,99991231,20190422,270301,270300,801084.SI,光学光电子,1,270000,SW2021,2021-03-03 15:16:00
000150,000150.SZ,20220101,99991231,20210730,370604,370600,801156.SI,医疗服务,1,370000,SW2021,2021-07-31 16:18:00
000151,000151.SZ,20220101,99991231,20101008,450201,450200,801202.SI,贸易Ⅱ,1,450000,SW2021,2019-08-09 15:40:00
000153,000153.SZ,20220101,99991231,20000918,370102,370100,801151.SI,化学制药,1,370000,SW2021,2015-10-27 15:28:00
000155,000155.SZ,20220101,99991231,20210730,410107,410100,801161.SI,电力,1,410000,SW2021,2025-10-15 10:57:00
000156,000156.SZ,20220101,99991231,20210730,721001,721000,801995.SI,电视广播Ⅱ,1,720000,SW2021,2025-10-15 10:57:00
000157,000157.SZ,20220101,99991231,20210730,640601,640600,801077.SI,工程机械,1,640000,SW2021,2025-10-15 10:57:00
000158,000158.SZ,20220101,99991231,20210730,710301,710300,801103.SI,IT服务Ⅱ,1,710000,SW2021,2021-07-31 16:18:00
000159,000159.SZ,20220101,20220728,20210730,750302,750300,801963.SI,炼化及贸易,1,750000,SW2021,2021-07-31 16:18:00
000159,000159.SZ,20220729,20240729,20220729,620401,620400,801724.SI,专业工程,1,620000,SW2021,2022-07-29 11:54:00
000159,000159.SZ,20240730,99991231,20240730,630504,630500,801735.SI,光伏设备,1,630000,SW2021,2025-10-15 10:57:00
000166,000166.SZ,20220101,99991231,20150118,490101,490100,801193.SI,证券Ⅱ,1,490000,SW2021,2015-11-05 14:03:00
000301,000301.SZ,20220101,99991231,20210730,750301,750300,801963.SI,炼化及贸易,1,750000,SW2021,2026-02-26 16:27:00
000333,000333.SZ,20220101,99991231,20130118,330102,330100,801111.SI,白色家电,1,330000,SW2021,2015-10-27 15:29:00
000338,000338.SZ,20220101,99991231,20210730,280203,280200,801093.SI,汽车零部件,1,280000,SW2021,2023-07-01 07:45:00
000400,000400.SZ,20220101,99991231,20210730,630803,630800,801738.SI,电网设备,1,630000,SW2021,2025-11-10 13:33:00
000401,000401.SZ,20220101,99991231,20140221,610101,610100,801711.SI,水泥,1,610000,SW2021,2024-09-27 12:41:00
000402,000402.SZ,20220101,99991231,20210730,430102,430100,801181.SI,房地产开发,1,430000,SW2021,2022-02-09 17:18:00
000403,000403.SZ,20220101,99991231,20210730,370302,370300,801152.SI,生物制品,1,370000,SW2021,2021-07-31 16:18:00
000404,000404.SZ,20220101,99991231,20210730,330601,330600,801116.SI,家电零部件Ⅱ,1,330000,SW2021,2021-07-31 16:18:00
000405,000405.SZ,20220101,99991231,19960620,240101,240100,,,,,,2015-10-27 15:28:00
000406,000406.SZ,20220101,99991231,19960628,210101,210100,,,,,,2015-10-27 15:29:00
000407,000407.SZ,20220101,99991231,20171215,410301,410300,801163.SI,燃气Ⅱ,1,410000,SW2021,2019-08-09 15:39:00
000408,000408.SZ,20220101,20230703,20210730,220804,220800,801038.SI,农化制品,1,220000,SW2021,2021-07-31 16:18:00
000408,000408.SZ,20230704,99991231,20230704,240603,240600,801056.SI,能源金属,1,240000,SW2021,2025-02-24 09:28:00
000409,000409.SZ,20220101,20220728,20170629,510101,510100,801231.SI,综合Ⅱ,1,510000,SW2021,2019-08-09 15:40:00
000409,000409.SZ,20220729,99991231,20220729,710301,710300,801103.SI,IT服务Ⅱ,1,710000,SW2021,2022-10-11 14:51:00
000410,000410.SZ,20220101,99991231,20140221,640101,640100,801072.SI,通用设备,1,640000,SW2021,2024-09-27 12:41:00
000411,000411.SZ,20220101,99991231,20210730,370402,370400,801154.SI,医药商业,1,370000,SW2021,2021-07-31 16:18:00
000412,000412.SZ,20220101,99991231,19960715,510101,510100,801231.SI,综合Ⅱ,1,510000,SW2021,2015-10-27 15:28:00
000413,000413.SZ,20220101,99991231,19960925,270301,270300,801084.SI,光学光电子,1,270000,SW2021,2015-10-27 15:28:00
000415,000415.SZ,20220101,99991231,20210730,490305,490300,801191.SI,多元金融,1,490000,SW2021,2026-04-08 19:56:00
000416,000416.SZ,20220101,99991231,20210730,490302,490300,801191.SI,多元金融,1,490000,SW2021,2021-07-31 16:18:00
000417,000417.SZ,20220101,20230703,20170629,450301,450300,801203.SI,一般零售,1,450000,SW2021,2019-08-09 15:40:00
000417,000417.SZ,20230704,99991231,20230704,450303,450300,801203.SI,一般零售,1,450000,SW2021,2023-07-04 15:14:00
000418,000418.SZ,20220101,99991231,19970328,330103,330100,801111.SI,白色家电,1,330000,SW2021,2015-10-27 15:29:00
000419,000419.SZ,20220101,99991231,20140221,450303,450300,801203.SI,一般零售,1,450000,SW2021,2024-09-27 12:41:00
000420,000420.SZ,20220101,99991231,19960802,220403,220400,801032.SI,化学纤维,1,220000,SW2021,2015-10-27 15:29:00
000421,000421.SZ,20220101,20230703,20171211,410301,410300,801163.SI,燃气Ⅱ,1,410000,SW2021,2024-07-29 11:30:00
000421,000421.SZ,20230704,99991231,20230704,510101,510100,801231.SI,综合Ⅱ,1,510000,SW2021,2024-07-29 11:30:00
000422,000422.SZ,20220101,20220728,20170629,220202,220200,801033.SI,化学原料,1,220000,SW2021,2019-08-09 15:39:00
000422,000422.SZ,20220729,99991231,20220729,220801,220800,801038.SI,农化制品,1,220000,SW2021,2022-07-29 11:54:00
000423,000423.SZ,20220101,99991231,19960729,370201,370200,801155.SI,中药Ⅱ,1,370000,SW2021,2015-10-27 15:28:00
000425,000425.SZ,20220101,99991231,20210730,640601,640600,801077.SI,工程机械,1,640000,SW2021,2025-10-15 10:57:00
000426,000426.SZ,20220101,99991231,20140221,240303,240300,801055.SI,工业金属,1,240000,SW2021,2024-09-27 12:41:00
000428,000428.SZ,20220101,99991231,20210730,460901,460900,801219.SI,酒店餐饮,1,460000,SW2021,2021-07-31 16:18:00
000429,000429.SZ,20220101,99991231,20210730,420901,420900,801179.SI,铁路公路,1,420000,SW2021,2025-10-15 10:57:00
000430,000430.SZ,20220101,99991231,20210730,461003,461000,801993.SI,旅游及景区,1,460000,SW2021,2024-01-19 11:04:00
000488,000488.SZ,20220101,99991231,20210730,360102,360100,801143.SI,造纸,1,360000,SW2021,2024-09-03 15:10:00
000498,000498.SZ,20220101,99991231,20210730,620306,620300,801723.SI,基础建设,1,620000,SW2021,2021-08-25 10:04:00
000501,000501.SZ,20220101,99991231,20170629,450301,450300,801203.SI,一般零售,1,450000,SW2021,2021-03-03 15:31:00
000502,000502.SZ,20220101,99991231,20210730,430301,430300,801183.SI,房地产服务,1,430000,SW2021,2021-07-31 16:18:00
000503,000503.SZ,20220101,99991231,20210730,710401,710400,801104.SI,软件开发,1,710000,SW2021,2021-07-31 16:18:00
000504,000504.SZ,20220101,99991231,20210730,370605,370600,801156.SI,医疗服务,1,370000,SW2021,2021-07-31 16:18:00
000505,000505.SZ,20220101,99991231,20180713,110502,110500,801012.SI,农产品加工,1,110000,SW2021,2019-08-09 15:39:00
000506,000506.SZ,20220101,20220728,20180619,430101,430100,801181.SI,房地产开发,1,430000,SW2021,2020-12-16 15:10:00
000506,000506.SZ,20220729,99991231,20220729,240401,240400,801053.SI,贵金属,1,240000,SW2021,2025-01-08 14:36:00
000507,000507.SZ,20220101,20230703,20210730,421102,421100,801992.SI,航运港口,1,420000,SW2021,2021-08-02 13:18:00
000507,000507.SZ,20230704,99991231,20230704,410107,410100,801161.SI,电力,1,410000,SW2021,2025-10-15 10:57:00
000508,000508.SZ,20220101,99991231,19930130,110601,110600,,,,,,2015-10-26 10:31:00
000509,000509.SZ,20220101,20220728,20210730,370604,370600,801156.SI,医疗服务,1,370000,SW2021,2021-07-31 16:18:00
000509,000509.SZ,20220729,99991231,20220729,270301,270300,801084.SI,光学光电子,1,270000,SW2021,2022-07-29 11:54:00
000510,000510.SZ,20220101,99991231,19930507,220202,220200,801033.SI,化学原料,1,220000,SW2021,2015-10-27 15:28:00
000511,000511.SZ,20220101,99991231,20140101,240203,240200,801051.SI,金属新材料,1,240000,SW2021,2015-10-27 15:29:00
000513,000513.SZ,20220101,99991231,20080102,370102,370100,801151.SI,化学制药,1,370000,SW2021,2015-10-27 15:29:00
000514,000514.SZ,20220101,99991231,19930712,430101,430100,801181.SI,房地产开发,1,430000,SW2021,2015-10-27 15:29:00
000515,000515.SZ,20220101,99991231,19930712,220203,220200,801033.SI,化学原料,1,220000,SW2021,2015-10-27 15:29:00
000516,000516.SZ,20220101,99991231,20210730,370604,370600,801156.SI,医疗服务,1,370000,SW2021,2025-12-26 11:34:00
000517,000517.SZ,20220101,99991231,20100101,430101,430100,801181.SI,房地产开发,1,430000,SW2021,2015-10-27 15:29:00
000518,000518.SZ,20220101,99991231,20210730,370304,370300,801152.SI,生物制品,1,370000,SW2021,2021-07-31 16:18:00
000519,000519.SZ,20220101,99991231,20170629,650301,650300,801743.SI,地面兵装Ⅱ,1,650000,SW2021,2024-06-24 23:01:00
000520,000520.SZ,20220101,99991231,20210730,421101,421100,801992.SI,航运港口,1,420000,SW2021,2025-10-15 10:57:00
000521,000521.SZ,20220101,99991231,20210730,330106,330100,801111.SI,白色家电,1,330000,SW2021,2021-07-31 16:18:00
000522,000522.SZ,20220101,99991231,19931108,370102,370100,801151.SI,化学制药,1,370000,SW2021,2015-10-27 15:28:00
000523,000523.SZ,20220101,20240729,20210730,770102,770100,801981.SI,个护用品,1,770000,SW2021,2021-07-31 16:18:00
000523,000523.SZ,20240730,99991231,20240730,510101,510100,801231.SI,综合Ⅱ,1,510000,SW2021,2025-01-08 14:36:00
000524,000524.SZ,20220101,99991231,20210730,461004,461000,801993.SI,旅游及景区,1,460000,SW2021,2023-02-20 17:31:00
000525,000525.SZ,20220101,99991231,20210730,220803,220800,801038.SI,农化制品,1,220000,SW2021,2021-07-31 16:18:00
000526,000526.SZ,20220101,99991231,20210730,461102,461100,801994.SI,教育,1,460000,SW2021,2021-07-31 16:18:00
000527,000527.SZ,20220101,99991231,19931112,330102,330100,801111.SI,白色家电,1,330000,SW2021,2015-10-27 15:29:00
000528,000528.SZ,20220101,99991231,20210730,640601,640600,801077.SI,工程机械,1,640000,SW2021,2025-10-15 10:57:00
000529,000529.SZ,20220101,20230511,20210730,720901,720900,801769.SI,出版,1,720000,SW2021,2021-07-31 16:18:00
000529,000529.SZ,20230512,99991231,20230512,340401,340400,801124.SI,食品加工,1,340000,SW2021,2023-05-15 13:30:00
000530,000530.SZ,20220101,99991231,20140221,640105,640100,801072.SI,通用设备,1,640000,SW2021,2024-09-27 12:41:00
000531,000531.SZ,20220101,99991231,20170629,410101,410100,801161.SI,电力,1,410000,SW2021,2019-08-09 15:38:00
000532,000532.SZ,20220101,99991231,20210730,490307,490300,801191.SI,多元金融,1,490000,SW2021,2023-04-25 09:31:00
000533,000533.SZ,20220101,99991231,20210730,630801,630800,801738.SI,电网设备,1,630000,SW2021,2025-10-15 10:57:00
000534,000534.SZ,20220101,99991231,20210730,370304,370300,801152.SI,生物制品,1,370000,SW2021,2024-04-01 15:29:00
000535,000535.SZ,20220101,99991231,19931130,230201,230200,,,,,,2015-10-27 15:28:00
000536,000536.SZ,20220101,99991231,20110110,270301,270300,801084.SI,光学光电子,1,270000,SW2021,2015-10-27 15:29:00
000537,000537.SZ,20220101,20220825,20070702,430101,430100,801181.SI,房地产开发,1,430000,SW2021,2015-10-27 15:28:00
000537,000537.SZ,20220826,99991231,20220826,410107,410100,801161.SI,电力,1,410000,SW2021,2025-10-15 10:57:00
000538,000538.SZ,20220101,99991231,19931215,370201,370200,801155.SI,中药Ⅱ,1,370000,SW2021,2015-10-27 15:29:00
000539,000539.SZ,20220101,99991231,19931126,410101,410100,801161.SI,电力,1,410000,SW2021,2015-10-27 15:29:00
000540,000540.SZ,20220101,99991231,20010501,430101,430100,801181.SI,房地产开发,1,430000,SW2021,2015-10-27 15:29:00
000541,000541.SZ,20220101,99991231,20210730,330501,330500,801115.SI,照明设备Ⅱ,1,330000,SW2021,2025-02-10 17:37:00
000542,000542.SZ,20220101,99991231,19931201,320102,320100,,,,,,2015-10-27 15:28:00
000543,000543.SZ,20220101,99991231,19931220,410101,410100,801161.SI,电力,1,410000,SW2021,2015-10-27 15:29:00
000544,000544.SZ,20220101,99991231,20210730,760102,760100,801971.SI,环境治理,1,760000,SW2021,2025-10-15 10:57:00
000545,000545.SZ,20220101,99991231,20210730,220206,220200,801033.SI,化学原料,1,220000,SW2021,2021-07-31 16:18:00
000546,000546.SZ,20220101,20240729,20150701,610101,610100,801711.SI,水泥,1,610000,SW2021,2020-05-18 10:38:00
000546,000546.SZ,20240730,99991231,20240730,760103,760100,801971.SI,环境治理,1,760000,SW2021,2025-10-15 10:57:00
000547,000547.SZ,20220101,99991231,20210730,650501,650500,801745.SI,军工电子Ⅱ,1,650000,SW2021,2025-10-15 10:57:00
000548,000548.SZ,20220101,99991231,20210730,420901,420900,801179.SI,铁路公路,1,420000,SW2021,2025-10-15 10:57:00
000549,000549.SZ,20220101,99991231,19931220,310102,310100,,,,,,2015-10-27 15:28:00
000550,000550.SZ,20220101,99991231,20210730,280601,280600,801096.SI,商用车,1,280000,SW2021,2025-01-08 14:36:00
000551,000551.SZ,20220101,99991231,20210730,760201,760200,801972.SI,环保设备Ⅱ,1,760000,SW2021,2025-10-15 10:57:00
000552,000552.SZ,20220101,99991231,20210730,740101,740100,801951.SI,煤炭开采,1,740000,SW2021,2025-10-15 10:57:00
000553,000553.SZ,20220101,99991231,20210730,220803,220800,801038.SI,农化制品,1,220000,SW2021,2022-09-02 09:37:00
000554,000554.SZ,20220101,99991231,20210730,750302,750300,801963.SI,炼化及贸易,1,750000,SW2021,2021-07-31 16:18:00
000555,000555.SZ,20220101,99991231,20210730,710301,710300,801103.SI,IT服务Ⅱ,1,710000,SW2021,2021-07-31 16:18:00
000556,000556.SZ,20220101,99991231,19940525,510101,510100,801231.SI,综合Ⅱ,1,510000,SW2021,2015-10-27 15:28:00
000557,000557.SZ,20220101,99991231,20210730,420903,420900,801179.SI,铁路公路,1,420000,SW2021,2025-10-15 10:57:00
000558,000558.SZ,20220101,20250306,19940509,430101,430100,801181.SI,房地产开发,1,430000,SW2021,2015-10-27 15:29:00
000558,000558.SZ,20250307,99991231,20250307,461003,461000,801993.SI,旅游及景区,1,460000,SW2021,2025-03-07 12:05:00
000559,000559.SZ,20220101,99991231,20210730,280203,280200,801093.SI,汽车零部件,1,280000,SW2021,2025-01-08 14:36:00
000560,000560.SZ,20220101,99991231,20210730,430302,430300,801183.SI,房地产服务,1,430000,SW2021,2026-05-13 09:13:00
000561,000561.SZ,20220101,99991231,20190724,650201,650200,801742.SI,航空装备Ⅱ,1,650000,SW2021,2019-08-09 15:39:00
000562,000562.SZ,20220101,99991231,20140221,490101,490100,801193.SI,证券Ⅱ,1,490000,SW2021,2024-09-27 12:41:00
000563,000563.SZ,20220101,99991231,20210730,490304,490300,801191.SI,多元金融,1,490000,SW2021,2021-08-25 10:03:00
000564,000564.SZ,20220101,99991231,20140221,450301,450300,801203.SI,一般零售,1,450000,SW2021,2024-09-27 12:41:00
000565,000565.SZ,20220101,99991231,20110110,220305,220300,801034.SI,化学制品,1,220000,SW2021,2015-10-27 15:29:00
000566,000566.SZ,20220101,99991231,20080102,370102,370100,801151.SI,化学制药,1,370000,SW2021,2015-10-27 15:28:00
000567,000567.SZ,20220101,99991231,20210730,490307,490300,801191.SI,多元金融,1,490000,SW2021,2021-07-31 16:18:00
000568,000568.SZ,20220101,99991231,20210730,340501,340500,801125.SI,白酒Ⅱ,1,340000,SW2021,2021-07-31 16:18:00
000569,000569.SZ,20220101,99991231,19940425,230102,230100,,,,,,2015-10-27 15:28:00
000570,000570.SZ,20220101,99991231,20210730,280203,280200,801093.SI,汽车零部件,1,280000,SW2021,2025-01-08 14:36:00
000571,000571.SZ,20220101,99991231,20210730,740101,740100,801951.SI,煤炭开采,1,740000,SW2021,2025-10-15 10:57:00
000572,000572.SZ,20220101,99991231,20210730,280502,280500,801095.SI,乘用车,1,280000,SW2021,2025-01-08 14:36:00
000573,000573.SZ,20220101,99991231,19940815,430101,430100,801181.SI,房地产开发,1,430000,SW2021,2015-10-27 15:29:00
000576,000576.SZ,20220101,99991231,20200622,650301,650300,801743.SI,地面兵装Ⅱ,1,650000,SW2021,2020-06-22 11:20:00
000578,000578.SZ,20220101,99991231,20090601,220306,220300,801034.SI,化学制品,1,220000,SW2021,2015-10-27 15:29:00
000581,000581.SZ,20220101,99991231,20210730,280203,280200,801093.SI,汽车零部件,1,280000,SW2021,2025-01-08 14:36:00
000582,000582.SZ,20220101,99991231,20210730,421102,421100,801992.SI,航运港口,1,420000,SW2021,2025-10-15 10:57:00
000583,000583.SZ,20220101,99991231,19951101,470301,470300,,,,,,2015-10-27 15:28:00
000584,000584.SZ,20220101,99991231,20210730,640701,640700,801078.SI,自动化设备,1,640000,SW2021,2021-07-31 16:18:00
000585,000585.SZ,20220101,99991231,20210730,630801,630800,801738.SI,电网设备,1,630000,SW2021,2021-11-30 13:17:00
000586,000586.SZ,20220101,99991231,20210730,730205,730200,801102.SI,通信设备,1,730000,SW2021,2026-06-01 14:47:00
000587,000587.SZ,20220101,99991231,20210730,350301,350300,801133.SI,饰品,1,350000,SW2021,2021-07-31 16:18:00
000588,000588.SZ,20220101,99991231,19960123,110202,110200,801015.SI,渔业,1,110000,SW2021,2015-10-27 15:28:00
000589,000589.SZ,20220101,99991231,20210730,280204,280200,801093.SI,汽车零部件,1,280000,SW2021,2025-09-26 17:00:00
000590,000590.SZ,20220101,99991231,19960119,370201,370200,801155.SI,中药Ⅱ,1,370000,SW2021,2015-10-27 15:28:00
000591,000591.SZ,20220101,99991231,20210730,410106,410100,801161.SI,电力,1,410000,SW2021,2025-10-15 10:57:00
000592,000592.SZ,20220101,99991231,20140101,110301,110300,801011.SI,林业Ⅱ,0,110000,SW2021,2015-10-27 15:29:00
000593,000593.SZ,20220101,99991231,20180619,410301,410300,801163.SI,燃气Ⅱ,1,410000,SW2021,2019-08-09 15:39:00
000594,000594.SZ,20220101,99991231,20070102,420701,420700,,,,,,2015-10-27 15:28:00
000595,000595.SZ,20220101,99991231,20210730,640108,640100,801072.SI,通用设备,1,640000,SW2021,2025-10-15 10:57:00
000596,000596.SZ,20220101,99991231,20210730,340501,340500,801125.SI,白酒Ⅱ,1,340000,SW2021,2025-06-01 08:45:00
000597,000597.SZ,20220101,99991231,20190724,370102,370100,801151.SI,化学制药,1,370000,SW2021,2020-12-04 14:32:00
000598,000598.SZ,20220101,99991231,20210730,760102,760100,801971.SI,环境治理,1,760000,SW2021,2026-04-02 13:26:00
000599,000599.SZ,20220101,99991231,20210730,280204,280200,801093.SI,汽车零部件,1,280000,SW2021,2025-01-08 14:36:00
000600,000600.SZ,20220101,99991231,20060907,410101,410100,801161.SI,电力,1,410000,SW2021,2015-10-27 15:29:00
000601,000601.SZ,20220101,99991231,20170526,410102,410100,801161.SI,电力,1,410000,SW2021,2018-06-20 15:06:00
000602,000602.SZ,20220101,99991231,20130701,410101,410100,801161.SI,电力,1,410000,SW2021,2015-10-27 15:29:00
000603,000603.SZ,20220101,99991231,20140221,240303,240300,801055.SI,工业金属,1,240000,SW2021,2024-09-27 12:41:00
000605,000605.SZ,20220101,99991231,20210730,760102,760100,801971.SI,环境治理,1,760000,SW2021,2025-10-15 10:57:00
000606,000606.SZ,20220101,99991231,20210730,710301,710300,801103.SI,IT服务Ⅱ,1,710000,SW2021,2021-07-31 16:18:00
000607,000607.SZ,20220101,99991231,20210730,720502,720500,801765.SI,广告营销,1,720000,SW2021,2025-10-15 10:57:00
000608,000608.SZ,20220101,99991231,20210730,430102,430100,801181.SI,房地产开发,1,430000,SW2021,2021-07-31 16:18:00
000609,000609.SZ,20220101,99991231,20070702,430101,430100,801181.SI,房地产开发,1,430000,SW2021,2015-10-27 15:29:00
000610,000610.SZ,20220101,20240729,20210730,460901,460900,801219.SI,酒店餐饮,1,460000,SW2021,2021-07-31 16:18:00
000610,000610.SZ,20240730,99991231,20240730,461004,461000,801993.SI,旅游及景区,1,460000,SW2021,2024-07-30 12:45:00
000611,000611.SZ,20220101,99991231,20210730,740101,740100,801951.SI,煤炭开采,1,740000,SW2021,2021-07-31 16:18:00
000612,000612.SZ,20220101,99991231,20140221,240301,240300,801055.SI,工业金属,1,240000,SW2021,2024-09-27 12:41:00
000613,000613.SZ,20220101,99991231,20210730,460901,460900,801219.SI,酒店餐饮,1,460000,SW2021,2021-07-31 16:18:00
000615,000615.SZ,20220101,99991231,20210730,770302,770300,801983.SI,医疗美容,0,770000,SW2021,2024-01-15 10:32:00
000616,000616.SZ,20220101,20220728,20030501,430101,430100,801181.SI,房地产开发,1,430000,SW2021,2015-10-27 15:28:00
000616,000616.SZ,20220729,99991231,20220729,490307,490300,801191.SI,多元金融,1,490000,SW2021,2022-07-29 11:54:00
000617,000617.SZ,20220101,99991231,20210730,490302,490300,801191.SI,多元金融,1,490000,SW2021,2026-02-26 16:27:00
000618,000618.SZ,20220101,99991231,19961015,220101,220100,,,,,,2015-10-27 15:29:00
000619,000619.SZ,20220101,99991231,20140221,610303,610300,801713.SI,装修建材,1,610000,SW2021,2024-09-27 12:41:00
000620,000620.SZ,20220101,99991231,20120108,430101,430100,801181.SI,房地产开发,1,430000,SW2021,2015-10-27 15:29:00
000621,000621.SZ,20220101,99991231,19961105,470201,470200,,,,,,2015-10-27 15:28:00
000622,000622.SZ,20220101,99991231,20210730,510101,510100,801231.SI,综合Ⅱ,1,510000,SW2021,2024-07-29 11:30:00
000623,000623.SZ,20220101,20220728,20190724,370102,370100,801151.SI,化学制药,1,370000,SW2021,2020-12-04 14:32:00
000623,000623.SZ,20220729,99991231,20220729,370201,370200,801155.SI,中药Ⅱ,1,370000,SW2021,2022-07-29 11:54:00
000625,000625.SZ,20220101,99991231,20210730,280502,280500,801095.SI,乘用车,1,280000,SW2021,2026-02-26 16:27:00
000626,000626.SZ,20220101,99991231,20210730,420802,420800,801178.SI,物流,1,420000,SW2021,2025-10-15 10:57:00
000627,000627.SZ,20220101,99991231,20170629,490201,490200,801194.SI,保险Ⅱ,1,490000,SW2021,2021-03-03 15:31:00
000628,000628.SZ,20220101,99991231,20180713,620101,620100,801721.SI,房屋建设Ⅱ,1,620000,SW2021,2020-07-15 16:29:00
000629,000629.SZ,20220101,99991231,20210730,230302,230300,801043.SI,冶钢原料,1,230000,SW2021,2025-01-24 16:29:00
000630,000630.SZ,20220101,99991231,20140221,240302,240300,801055.SI,工业金属,1,240000,SW2021,2024-09-27 12:41:00
000631,000631.SZ,20220101,99991231,20100101,430101,430100,801181.SI,房地产开发,1,430000,SW2021,2015-10-27 15:29:00
000632,000632.SZ,20220101,99991231,20070702,510101,510100,801231.SI,综合Ⅱ,1,510000,SW2021,2024-07-29 11:30:00
000633,000633.SZ,20220101,99991231,20180619,240201,240200,801051.SI,金属新材料,1,240000,SW2021,2021-01-25 13:35:00
000635,000635.SZ,20220101,99991231,20070702,220202,220200,801033.SI,化学原料,1,220000,SW2021,2015-10-27 15:29:00
000636,000636.SZ,20220101,99991231,20111010,270203,270200,801083.SI,元件,1,270000,SW2021,2015-10-27 15:28:00
000637,000637.SZ,20220101,99991231,20210730,750303,750300,801963.SI,炼化及贸易,1,750000,SW2021,2021-07-31 16:18:00
000638,000638.SZ,20220101,20240107,20210730,710301,710300,801103.SI,IT服务Ⅱ,1,710000,SW2021,2021-07-31 16:18:00
000638,000638.SZ,20240108,99991231,20240108,650501,650500,801745.SI,军工电子Ⅱ,1,650000,SW2021,2025-10-15 10:57:00
000639,000639.SZ,20220101,20240729,20210730,110502,110500,801012.SI,农产品加工,1,110000,SW2021,2021-07-31 16:18:00
000639,000639.SZ,20240730,99991231,20240730,340407,340400,801124.SI,食品加工,1,340000,SW2021,2024-07-30 12:45:00
000650,000650.SZ,20220101,99991231,20070702,370201,370200,801155.SI,中药Ⅱ,1,370000,SW2021,2015-10-27 15:29:00
000651,000651.SZ,20220101,99991231,19961118,330102,330100,801111.SI,白色家电,1,330000,SW2021,2015-10-27 15:28:00
000652,000652.SZ,20220101,99991231,20060901,510101,510100,801231.SI,综合Ⅱ,1,510000,SW2021,2024-07-29 11:30:00
000653,000653.SZ,20220101,99991231,19961126,450201,450200,801202.SI,贸易Ⅱ,1,450000,SW2021,2015-10-27 15:28:00
000655,000655.SZ,20220101,99991231,20210730,230301,230300,801043.SI,冶钢原料,1,230000,SW2021,2025-01-08 14:36:00
000656,000656.SZ,20220101,99991231,20070702,430101,430100,801181.SI,房地产开发,1,430000,SW2021,2015-10-27 15:29:00
000657,000657.SZ,20220101,99991231,20140221,240502,240500,801054.SI,小金属,1,240000,SW2021,2024-09-27 12:41:00
000658,000658.SZ,20220101,99991231,19961218,510101,510100,801231.SI,综合Ⅱ,1,510000,SW2021,2015-10-27 15:28:00
000659,000659.SZ,20220101,99991231,20210730,360204,360200,801141.SI,包装印刷,1,360000,SW2021,2021-07-31 16:18:00
000660,000660.SZ,20220101,99991231,20050701,260404,260400,,,,,,2015-10-27 15:28:00
000661,000661.SZ,20220101,99991231,20210730,370304,370300,801152.SI,生物制品,1,370000,SW2021,2021-07-31 16:18:00
000662,000662.SZ,20220101,99991231,20210730,710401,710400,801104.SI,软件开发,1,710000,SW2021,2021-07-31 16:18:00
000663,000663.SZ,20220101,20220728,20210730,360308,360300,801142.SI,家居用品,1,360000,SW2021,2021-07-31 16:18:00
000663,000663.SZ,20220729,99991231,20220729,110301,110300,801011.SI,林业Ⅱ,0,110000,SW2021,2022-07-29 11:54:00
000665,000665.SZ,20220101,99991231,20210730,721001,721000,801995.SI,电视广播Ⅱ,1,720000,SW2021,2025-10-15 10:57:00
000666,000666.SZ,20220101,99991231,20210730,490304,490300,801191.SI,多元金融,1,490000,SW2021,2021-07-31 16:18:00
000667,000667.SZ,20220101,99991231,20030501,430101,430100,801181.SI,房地产开发,1,430000,SW2021,2015-10-27 15:29:00
000668,000668.SZ,20220101,20220728,20110110,430101,430100,801181.SI,房地产开发,1,430000,SW2021,2015-10-27 15:29:00
000668,000668.SZ,20220729,20240729,20220729,370402,370400,801154.SI,医药商业,1,370000,SW2021,2022-07-29 11:54:00
000668,000668.SZ,20240730,99991231,20240730,430101,430100,801181.SI,房地产开发,1,430000,SW2021,2025-01-08 14:36:00
000669,000669.SZ,20220101,99991231,20130101,410301,410300,801163.SI,燃气Ⅱ,1,410000,SW2021,2015-10-27 15:29:00
000670,000670.SZ,20220101,20220728,20210730,270104,270100,801081.SI,半导体,1,270000,SW2021,2021-07-31 16:18:00
000670,000670.SZ,20220729,99991231,20220729,270401,270400,801082.SI,其他电子Ⅱ,1,270000,SW2021,2023-04-25 09:31:00
000671,000671.SZ,20220101,99991231,20070702,430101,430100,801181.SI,房地产开发,1,430000,SW2021,2015-10-27 15:29:00
000672,000672.SZ,20220101,99991231,20140221,610101,610100,801711.SI,水泥,1,610000,SW2021,2024-09-27 12:41:00
000673,000673.SZ,20220101,99991231,20210730,720601,720600,801766.SI,影视院线,1,720000,SW2021,2021-07-31 16:18:00
000675,000675.SZ,20220101,99991231,19961226,220302,220300,801034.SI,化学制品,1,220000,SW2021,2015-10-27 15:28:00
000676,000676.SZ,20220101,99991231,20210730,720501,720500,801765.SI,广告营销,1,720000,SW2021,2025-10-15 10:57:00
000677,000677.SZ,20220101,99991231,20210730,220403,220400,801032.SI,化学纤维,1,220000,SW2021,2021-07-31 16:18:00
000678,000678.SZ,20220101,99991231,20210730,280203,280200,801093.SI,汽车零部件,1,280000,SW2021,2025-01-08 14:36:00
000679,000679.SZ,20220101,20220728,20210730,450303,450300,801203.SI,一般零售,1,450000,SW2021,2021-07-31 16:18:00
000679,000679.SZ,20220729,99991231,20220729,450301,450300,801203.SI,一般零售,1,450000,SW2021,2022-07-29 11:54:00
000680,000680.SZ,20220101,99991231,20210730,640601,640600,801077.SI,工程机械,1,640000,SW2021,2025-10-15 10:57:00
000681,000681.SZ,20220101,99991231,20210730,720703,720700,801767.SI,数字媒体,1,720000,SW2021,2025-10-15 10:57:00
000682,000682.SZ,20220101,99991231,20210730,630803,630800,801738.SI,电网设备,1,630000,SW2021,2025-10-15 10:57:00
000683,000683.SZ,20220101,99991231,20150701,220201,220200,801033.SI,化学原料,1,220000,SW2021,2015-11-09 13:56:00
000685,000685.SZ,20220101,99991231,20210730,760102,760100,801971.SI,环境治理,1,760000,SW2021,2025-10-15 10:57:00
000686,000686.SZ,20220101,99991231,20140221,490101,490100,801193.SI,证券Ⅱ,1,490000,SW2021,2024-09-27 12:41:00
000687,000687.SZ,20220101,99991231,20190724,650201,650200,801742.SI,航空装备Ⅱ,1,650000,SW2021,2019-08-09 15:39:00
000688,000688.SZ,20220101,99991231,20140221,240303,240300,801055.SI,工业金属,1,240000,SW2021,2024-09-27 12:41:00
000689,000689.SZ,20220101,99991231,19961231,240101,240100,,,,,,2015-10-27 15:28:00
000690,000690.SZ,20220101,99991231,20210730,410101,410100,801161.SI,电力,1,410000,SW2021,2025-10-15 10:57:00
000691,000691.SZ,20220101,20220728,20120108,430101,430100,801181.SI,房地产开发,1,430000,SW2021,2015-10-27 15:29:00
000691,000691.SZ,20220729,99991231,20220729,220204,220200,801033.SI,化学原料,1,220000,SW2021,2022-07-29 11:54:00
000692,000692.SZ,20220101,99991231,19970227,410104,410100,801161.SI,电力,1,410000,SW2021,2015-10-27 15:29:00
000693,000693.SZ,20220101,99991231,20140221,720303,720300,,,,,,2024-09-27 12:41:00
000695,000695.SZ,20220101,20240729,20210730,360202,360200,801141.SI,包装印刷,1,360000,SW2021,2021-07-31 16:18:00
000695,000695.SZ,20240730,99991231,20240730,630702,630700,801737.SI,电池,1,630000,SW2021,2025-10-15 10:57:00
000697,000697.SZ,20220101,99991231,20190724,650201,650200,801742.SI,航空装备Ⅱ,1,650000,SW2021,2019-08-09 15:39:00
000698,000698.SZ,20220101,99991231,20210730,750301,750300,801963.SI,炼化及贸易,1,750000,SW2021,2021-07-31 16:18:00
000699,000699.SZ,20220101,99991231,19970310,360101,360100,801143.SI,造纸,1,360000,SW2021,2015-10-27 15:28:00
000700,000700.SZ,20220101,99991231,20210730,280202,280200,801093.SI,汽车零部件,1,280000,SW2021,2025-01-08 14:36:00
000701,000701.SZ,20220101,20240729,20210730,270401,270400,801082.SI,其他电子Ⅱ,1,270000,SW2021,2023-04-25 09:31:00
000701,000701.SZ,20240730,99991231,20240730,280302,280300,801092.SI,汽车服务,1,280000,SW2021,2025-01-08 14:36:00
000702,000702.SZ,20220101,99991231,20210730,110402,110400,801014.SI,饲料,1,110000,SW2021,2024-05-27 10:52:00
000703,000703.SZ,20220101,99991231,20210730,750301,750300,801963.SI,炼化及贸易,1,750000,SW2021,2025-09-11 15:39:00
000705,000705.SZ,20220101,99991231,20210730,370402,370400,801154.SI,医药商业,1,370000,SW2021,2021-07-31 16:18:00
000707,000707.SZ,20220101,99991231,19970415,220201,220200,801033.SI,化学原料,1,220000,SW2021,2015-10-27 15:29:00
000708,000708.SZ,20220101,99991231,20210730,230501,230500,801045.SI,特钢Ⅱ,1,230000,SW2021,2022-07-05 09:16:00
000709,000709.SZ,20220101,99991231,20210730,230402,230400,801044.SI,普钢,1,230000,SW2021,2025-01-08 14:36:00
000710,000710.SZ,20220101,20220728,20210730,370504,370500,801153.SI,医疗器械,1,370000,SW2021,2021-07-31 16:18:00
000710,000710.SZ,20220729,99991231,20220729,370602,370600,801156.SI,医疗服务,1,370000,SW2021,2022-07-29 11:54:00
000711,000711.SZ,20220101,20220728,20210730,760103,760100,801971.SI,环境治理,1,760000,SW2021,2021-07-31 16:18:00
000711,000711.SZ,20220729,99991231,20220729,760104,760100,801971.SI,环境治理,1,760000,SW2021,2025-10-15 10:57:00
000712,000712.SZ,20220101,99991231,20140221,490101,490100,801193.SI,证券Ⅱ,1,490000,SW2021,2024-09-30 15:34:00
000713,000713.SZ,20220101,99991231,19970422,110101,110100,801016.SI,种植业,1,110000,SW2021,2015-10-27 15:28:00
000715,000715.SZ,20220101,99991231,20140221,450301,450300,801203.SI,一般零售,1,450000,SW2021,2024-09-27 12:41:00
000716,000716.SZ,20220101,20220728,20210730,340802,340800,801128.SI,休闲食品,1,340000,SW2021,2021-07-31 16:18:00
000716,000716.SZ,20220729,99991231,20220729,340801,340800,801128.SI,休闲食品,1,340000,SW2021,2022-07-29 11:54:00
000717,000717.SZ,20220101,99991231,20210730,230401,230400,801044.SI,普钢,1,230000,SW2021,2025-01-08 14:36:00
000718,000718.SZ,20220101,99991231,20060901,430101,430100,801181.SI,房地产开发,1,430000,SW2021,2015-10-27 15:29:00
000719,000719.SZ,20220101,99991231,20210730,720902,720900,801769.SI,出版,1,720000,SW2021,2025-10-15 10:57:00
000720,000720.SZ,20220101,20220728,20210730,430103,430100,801181.SI,房地产开发,1,430000,SW2021,2021-07-31 16:18:00
000720,000720.SZ,20220729,99991231,20220729,630805,630800,801738.SI,电网设备,1,630000,SW2021,2025-10-15 10:57:00
000721,000721.SZ,20220101,99991231,20210730,460902,460900,801219.SI,酒店餐饮,1,460000,SW2021,2021-07-31 16:18:00
000722,000722.SZ,20220101,99991231,20130101,410102,410100,801161.SI,电力,1,410000,SW2021,2015-10-27 15:29:00
000723,000723.SZ,20220101,99991231,20210730,740201,740200,801952.SI,焦炭Ⅱ,1,740000,SW2021,2025-10-15 10:57:00
000725,000725.SZ,20220101,99991231,20010112,270301,270300,801084.SI,光学光电子,1,270000,SW2021,2015-10-27 15:29:00
000726,000726.SZ,20220101,99991231,20001225,350102,350100,801131.SI,纺织制造,1,350000,SW2021,2015-10-27 15:29:00
000727,000727.SZ,20220101,99991231,19970520,270301,270300,801084.SI,光学光电子,1,270000,SW2021,2015-10-27 15:29:00
000728,000728.SZ,20220101,99991231,20140221,490101,490100,801193.SI,证券Ⅱ,1,490000,SW2021,2024-09-27 12:41:00
000729,000729.SZ,20220101,99991231,20210730,340601,340600,801126.SI,非白酒,1,340000,SW2021,2025-09-11 10:52:00
000730,000730.SZ,20220101,99991231,19970522,410401,410400,,,,,,2015-10-27 15:28:00
000731,000731.SZ,20220101,99991231,20210730,220801,220800,801038.SI,农化制品,1,220000,SW2021,2021-07-31 16:18:00
000732,000732.SZ,20220101,99991231,20110110,430101,430100,801181.SI,房地产开发,1,430000,SW2021,2015-10-27 15:29:00
000733,000733.SZ,20220101,99991231,20210730,650501,650500,801745.SI,军工电子Ⅱ,1,650000,SW2021,2025-10-15 10:57:00
000735,000735.SZ,20220101,99991231,20210730,110702,110700,801017.SI,养殖业,1,110000,SW2021,2024-05-27 10:52:00
000736,000736.SZ,20220101,99991231,20070702,430101,430100,801181.SI,房地产开发,1,430000,SW2021,2015-10-27 15:29:00
000737,000737.SZ,20220101,20220728,20210730,220203,220200,801033.SI,化学原料,1,220000,SW2021,2021-07-31 16:18:00
000737,000737.SZ,20220729,99991231,20220729,240302,240300,801055.SI,工业金属,1,240000,SW2021,2025-01-08 14:36:00
000738,000738.SZ,20220101,99991231,20140221,650201,650200,801742.SI,航空装备Ⅱ,1,650000,SW2021,2024-09-27 12:41:00
000739,000739.SZ,20220101,99991231,20020901,370101,370100,801151.SI,化学制药,1,370000,SW2021,2015-10-27 15:29:00
000748,000748.SZ,20220101,99991231,20140221,710101,710100,801101.SI,计算机设备,1,710000,SW2021,2024-09-27 12:41:00
000750,000750.SZ,20220101,99991231,20140221,490101,490100,801193.SI,证券Ⅱ,1,490000,SW2021,2024-09-27 12:41:00
000751,000751.SZ,20220101,99991231,20140221,240303,240300,801055.SI,工业金属,1,240000,SW2021,2024-09-27 12:41:00
000752,000752.SZ,20220101,99991231,20210730,340601,340600,801126.SI,非白酒,1,340000,SW2021,2021-07-31 16:18:00
000753,000753.SZ,20220101,99991231,20210730,510101,510100,801231.SI,综合Ⅱ,1,510000,SW2021,2024-07-29 11:30:00
000755,000755.SZ,20220101,99991231,20210730,420901,420900,801179.SI,铁路公路,1,420000,SW2021,2025-10-15 10:57:00
000756,000756.SZ,20220101,99991231,19970806,370101,370100,801151.SI,化学制药,1,370000,SW2021,2015-10-27 15:29:00
000757,000757.SZ,20220101,99991231,20210730,280303,280300,801092.SI,汽车服务,1,280000,SW2021,2025-01-08 14:36:00
000758,000758.SZ,20220101,99991231,20140221,240303,240300,801055.SI,工业金属,1,240000,SW2021,2024-09-27 12:41:00
000759,000759.SZ,20220101,99991231,20140221,450302,450300,801203.SI,一般零售,1,450000,SW2021,2024-09-27 12:41:00
000760,000760.SZ,20220101,99991231,20210730,280203,280200,801093.SI,汽车零部件,1,280000,SW2021,2021-07-31 16:18:00
000761,000761.SZ,20220101,99991231,20210730,230402,230400,801044.SI,普钢,1,230000,SW2021,2025-01-08 14:36:00
000762,000762.SZ,20220101,99991231,20210730,240603,240600,801056.SI,能源金属,1,240000,SW2021,2025-01-08 14:36:00
000763,000763.SZ,20220101,99991231,19970915,220101,220100,,,,,,2015-10-27 15:29:00
000765,000765.SZ,20220101,99991231,20010501,320201,320200,,,,,,2015-10-27 15:28:00
000766,000766.SZ,20220101,99991231,20190724,370102,370100,801151.SI,化学制药,1,370000,SW2021,2020-12-04 14:32:00
000767,000767.SZ,20220101,99991231,19970609,410101,410100,801161.SI,电力,1,410000,SW2021,2015-10-27 15:29:00
000768,000768.SZ,20220101,99991231,20140221,650201,650200,801742.SI,航空装备Ⅱ,1,650000,SW2021,2024-09-27 12:41:00
000769,000769.SZ,20220101,99991231,20060901,110601,110600,,,,,,2015-10-27 15:28:00
000776,000776.SZ,20220101,99991231,20140221,490101,490100,801193.SI,证券Ⅱ,1,490000,SW2021,2024-09-27 12:41:00
000777,000777.SZ,20220101,99991231,20210730,640108,640100,801072.SI,通用设备,1,640000,SW2021,2025-10-15 10:57:00
000778,000778.SZ,20220101,99991231,20210730,230403,230400,801044.SI,普钢,1,230000,SW2021,2025-01-08 14:36:00
000779,000779.SZ,20220101,99991231,20210730,620601,620600,801726.SI,工程咨询服务Ⅱ,1,620000,SW2021,2021-07-31 16:18:00
000780,000780.SZ,20220101,99991231,20210730,740101,740100,801951.SI,煤炭开采,1,740000,SW2021,2021-07-31 16:18:00
000782,000782.SZ,20220101,99991231,20210730,220406,220400,801032.SI,化学纤维,1,220000,SW2021,2021-07-31 16:18:00
000783,000783.SZ,20220101,99991231,20140221,490101,490100,801193.SI,证券Ⅱ,1,490000,SW2021,2024-09-27 12:41:00
000785,000785.SZ,20220101,99991231,20210730,450304,450300,801203.SI,一般零售,1,450000,SW2021,2023-06-28 21:40:00
000786,000786.SZ,20220101,99991231,20140221,610303,610300,801713.SI,装修建材,1,610000,SW2021,2024-09-27 12:41:00
000787,000787.SZ,20220101,99991231,20080602,470303,470300,,,,,,2015-10-27 15:28:00
000788,000788.SZ,20220101,99991231,20190724,370102,370100,801151.SI,化学制药,1,370000,SW2021,2020-12-04 14:32:00
000789,000789.SZ,20220101,99991231,20140221,610101,610100,801711.SI,水泥,1,610000,SW2021,2024-09-27 12:41:00
000790,000790.SZ,20220101,99991231,19980327,370201,370200,801155.SI,中药Ⅱ,1,370000,SW2021,2015-10-27 15:29:00
000791,000791.SZ,20220101,99991231,20130101,410102,410100,801161.SI,电力,1,410000,SW2021,2015-10-27 15:28:00
000792,000792.SZ,20220101,99991231,20210730,220804,220800,801038.SI,农化制品,1,220000,SW2021,2024-01-19 09:02:00
000793,000793.SZ,20220101,99991231,20210730,720902,720900,801769.SI,出版,1,720000,SW2021,2025-10-15 10:57:00
000795,000795.SZ,20220101,99991231,20080602,240202,240200,801051.SI,金属新材料,1,240000,SW2021,2015-10-27 15:29:00
000796,000796.SZ,20220101,99991231,20210730,461004,461000,801993.SI,旅游及景区,1,460000,SW2021,2023-02-20 17:31:00
000797,000797.SZ,20220101,99991231,20070702,430101,430100,801181.SI,房地产开发,1,430000,SW2021,2015-10-27 15:29:00
000798,000798.SZ,20220101,99991231,19980212,110201,110200,801015.SI,渔业,1,110000,SW2021,2015-10-27 15:29:00
000799,000799.SZ,20220101,99991231,20210730,340501,340500,801125.SI,白酒Ⅱ,1,340000,SW2021,2022-05-09 14:01:00
000800,000800.SZ,20220101,99991231,20210730,280601,280600,801096.SI,商用车,1,280000,SW2021,2024-01-24 14:14:00
000801,000801.SZ,20220101,99991231,19980506,330202,330200,801112.SI,黑色家电,1,330000,SW2021,2024-06-25 07:08:00
000802,000802.SZ,20220101,99991231,20210730,720601,720600,801766.SI,影视院线,1,720000,SW2021,2025-10-15 10:57:00
000803,000803.SZ,20220101,20250810,20210730,410110,410100,801161.SI,电力,1,410000,SW2021,2022-10-11 14:51:00
000803,000803.SZ,20250811,99991231,20250811,760103,760100,801971.SI,环境治理,1,760000,SW2021,2025-10-15 10:57:00
000805,000805.SZ,20220101,99991231,20111010,470401,470400,,,,,,2015-10-27 15:28:00
000806,000806.SZ,20220101,99991231,20210730,630801,630800,801738.SI,电网设备,1,630000,SW2021,2022-10-11 14:51:00
000807,000807.SZ,20220101,99991231,20140221,240301,240300,801055.SI,工业金属,1,240000,SW2021,2024-09-27 12:41:00
000809,000809.SZ,20220101,99991231,20090109,430101,430100,801181.SI,房地产开发,1,430000,SW2021,2015-10-27 15:29:00
000810,000810.SZ,20220101,99991231,20180420,330202,330200,801112.SI,黑色家电,1,330000,SW2021,2019-08-09 15:39:00
000811,000811.SZ,20220101,99991231,20140221,640105,640100,801072.SI,通用设备,1,640000,SW2021,2024-09-27 12:41:00
000812,000812.SZ,20220101,99991231,20210730,360205,360200,801141.SI,包装印刷,1,360000,SW2021,2021-07-31 16:18:00
000813,000813.SZ,20220101,99991231,20190724,370102,370100,801151.SI,化学制药,1,370000,SW2021,2020-12-04 14:32:00
000815,000815.SZ,20220101,20240729,20210730,360102,360100,801143.SI,造纸,1,360000,SW2021,2021-07-31 16:18:00
000815,000815.SZ,20240730,99991231,20240730,710301,710300,801103.SI,IT服务Ⅱ,1,710000,SW2021,2025-01-08 14:36:00
000816,000816.SZ,20220101,99991231,20210730,280203,280200,801093.SI,汽车零部件,1,280000,SW2021,2025-01-08 14:36:00
000817,000817.SZ,20220101,99991231,19980528,210101,210100,,,,,,2015-10-27 15:29:00
000818,000818.SZ,20220101,99991231,20170629,220202,220200,801033.SI,化学原料,1,220000,SW2021,2019-08-09 15:39:00
000819,000819.SZ,20220101,99991231,20210730,750303,750300,801963.SI,炼化及贸易,1,750000,SW2021,2024-04-01 15:29:00
000820,000820.SZ,20220101,20240729,20210730,760103,760100,801971.SI,环境治理,1,760000,SW2021,2022-10-11 14:51:00
000820,000820.SZ,20240730,99991231,20240730,760201,760200,801972.SI,环保设备Ⅱ,1,760000,SW2021,2025-10-15 10:57:00
000821,000821.SZ,20220101,20220728,20140221,640208,640200,801074.SI,专用设备,1,640000,SW2021,2024-09-27 12:41:00
000821,000821.SZ,20220729,99991231,20220729,630505,630500,801735.SI,光伏设备,1,630000,SW2021,2025-10-15 10:57:00
000822,000822.SZ,20220101,99991231,19980703,220201,220200,801033.SI,化学原料,1,220000,SW2021,2015-10-27 15:29:00
000823,000823.SZ,20220101,99991231,20111010,270202,270200,801083.SI,元件,1,270000,SW2021,2015-10-27 15:28:00
000825,000825.SZ,20220101,99991231,20210730,230501,230500,801045.SI,特钢Ⅱ,1,230000,SW2021,2025-01-24 16:29:00
000826,000826.SZ,20220101,99991231,20210730,760104,760100,801971.SI,环境治理,1,760000,SW2021,2025-10-15 10:57:00
000827,000827.SZ,20220101,99991231,20050701,250102,250100,,,,,,2015-10-27 15:28:00
000828,000828.SZ,20220101,99991231,20210730,420901,420900,801179.SI,铁路公路,1,420000,SW2021,2025-10-15 10:57:00
000829,000829.SZ,20220101,99991231,20140221,450401,450400,801204.SI,专业连锁Ⅱ,1,450000,SW2021,2024-09-27 12:41:00
000830,000830.SZ,20220101,99991231,20210730,220205,220200,801033.SI,化学原料,1,220000,SW2021,2024-01-19 09:02:00
000831,000831.SZ,20220101,99991231,20140221,240501,240500,801054.SI,小金属,1,240000,SW2021,2024-09-27 12:41:00
000832,000832.SZ,20220101,99991231,19980825,220401,220400,801032.SI,化学纤维,1,220000,SW2021,2015-10-27 15:28:00
000833,000833.SZ,20220101,99991231,20210730,510101,510100,801231.SI,综合Ⅱ,1,510000,SW2021,2024-07-29 11:30:00
000835,000835.SZ,20220101,99991231,20210730,720401,720400,801764.SI,游戏Ⅱ,1,720000,SW2021,2021-07-31 16:18:00
000836,000836.SZ,20220101,99991231,20210730,730205,730200,801102.SI,通信设备,1,730000,SW2021,2021-07-31 16:18:00
000837,000837.SZ,20220101,99991231,20140221,640101,640100,801072.SI,通用设备,1,640000,SW2021,2024-09-27 12:41:00
000838,000838.SZ,20220101,99991231,20090101,430101,430100,801181.SI,房地产开发,1,430000,SW2021,2015-10-27 15:28:00
000839,000839.SZ,20220101,20220728,20130101,510101,510100,801231.SI,综合Ⅱ,1,510000,SW2021,2015-10-27 15:29:00
000839,000839.SZ,20220729,99991231,20220729,730104,730100,801223.SI,通信服务,1,730000,SW2021,2026-06-01 14:47:00
000848,000848.SZ,20220101,99991231,20210730,340701,340700,801127.SI,饮料乳品,1,340000,SW2021,2025-09-11 10:52:00
000850,000850.SZ,20220101,99991231,19981007,350102,350100,801131.SI,纺织制造,1,350000,SW2021,2015-10-27 15:29:00
000851,000851.SZ,20220101,99991231,20210730,730204,730200,801102.SI,通信设备,1,730000,SW2021,2025-10-15 10:57:00
000852,000852.SZ,20220101,99991231,20140221,640203,640200,801074.SI,专用设备,1,640000,SW2021,2024-09-27 12:41:00
000856,000856.SZ,20220101,99991231,20140221,640209,640200,801074.SI,专用设备,1,640000,SW2021,2024-09-27 12:41:00
000858,000858.SZ,20220101,99991231,20210730,340501,340500,801125.SI,白酒Ⅱ,1,340000,SW2021,2021-07-31 16:18:00
000859,000859.SZ,20220101,99991231,20210730,220505,220500,801036.SI,塑料,1,220000,SW2021,2021-07-31 16:18:00
000860,000860.SZ,20220101,99991231,20210730,340501,340500,801125.SI,白酒Ⅱ,1,340000,SW2021,2026-02-26 16:27:00
000861,000861.SZ,20220101,99991231,20210730,450304,450300,801203.SI,一般零售,1,450000,SW2021,2021-07-31 16:18:00
000862,000862.SZ,20220101,99991231,20210730,410107,410100,801161.SI,电力,1,410000,SW2021,2025-10-15 10:57:00
000863,000863.SZ,20220101,99991231,20190724,430101,430100,801181.SI,房地产开发,1,430000,SW2021,2021-07-01 13:09:00
000866,000866.SZ,20220101,99991231,19980512,220101,220100,,,,,,2015-10-27 15:29:00
000868,000868.SZ,20220101,99991231,20210730,280602,280600,801096.SI,商用车,1,280000,SW2021,2025-01-08 14:36:00
000869,000869.SZ,20220101,99991231,20210730,340602,340600,801126.SI,非白酒,1,340000,SW2021,2021-07-31 16:18:00
000875,000875.SZ,20220101,99991231,20210730,410110,410100,801161.SI,电力,1,410000,SW2021,2025-10-15 10:57:00
000876,000876.SZ,20220101,99991231,20210730,110702,110700,801017.SI,养殖业,1,110000,SW2021,2021-07-31 16:18:00
000877,000877.SZ,20220101,99991231,20140221,610101,610100,801711.SI,水泥,1,610000,SW2021,2024-09-27 12:41:00
000878,000878.SZ,20220101,99991231,20140221,240302,240300,801055.SI,工业金属,1,240000,SW2021,2024-09-27 12:41:00
000880,000880.SZ,20220101,99991231,20210730,280203,280200,801093.SI,汽车零部件,1,280000,SW2021,2025-01-08 14:36:00
000881,000881.SZ,20220101,99991231,20190724,220309,220300,801034.SI,化学制品,1,220000,SW2021,2019-08-09 15:39:00
000882,000882.SZ,20220101,99991231,20210730,450301,450300,801203.SI,一般零售,1,450000,SW2021,2021-07-31 16:18:00
000883,000883.SZ,20220101,99991231,20210730,410110,410100,801161.SI,电力,1,410000,SW2021,2025-10-15 10:57:00
000885,000885.SZ,20220101,20240516,20210730,420901,420900,801179.SI,铁路公路,1,420000,SW2021,2024-07-30 12:45:00
000885,000885.SZ,20240517,99991231,20240517,760103,760100,801971.SI,环境治理,1,760000,SW2021,2026-04-02 13:26:00
000886,000886.SZ,20220101,20220728,20210730,420901,420900,801179.SI,铁路公路,1,420000,SW2021,2021-07-31 16:18:00
000886,000886.SZ,20220729,20250810,20220729,430101,430100,801181.SI,房地产开发,1,430000,SW2021,2022-07-29 11:54:00
000886,000886.SZ,20250811,99991231,20250811,420901,420900,801179.SI,铁路公路,1,420000,SW2021,2025-08-11 17:30:00
000887,000887.SZ,20220101,99991231,20210730,280205,280200,801093.SI,汽车零部件,1,280000,SW2021,2025-02-18 14:09:00
000888,000888.SZ,20220101,99991231,20210730,461003,461000,801993.SI,旅游及景区,1,460000,SW2021,2023-07-04 13:39:00
000889,000889.SZ,20220101,99991231,20210730,730103,730100,801223.SI,通信服务,1,730000,SW2021,2026-06-01 14:47:00
000890,000890.SZ,20220101,20220728,20210730,640108,640100,801072.SI,通用设备,1,640000,SW2021,2021-08-02 13:24:00
000890,000890.SZ,20220729,99991231,20220729,760201,760200,801972.SI,环保设备Ⅱ,1,760000,SW2021,2025-10-15 10:57:00
000892,000892.SZ,20220101,99991231,20210730,720601,720600,801766.SI,影视院线,1,720000,SW2021,2025-10-15 10:57:00
000893,000893.SZ,20220101,99991231,20210730,220804,220800,801038.SI,农化制品,1,220000,SW2021,2024-01-23 13:48:00
000895,000895.SZ,20220101,99991231,20111010,340401,340400,801124.SI,食品加工,1,340000,SW2021,2021-03-03 15:31:00
000897,000897.SZ,20220101,99991231,19990101,430101,430100,801181.SI,房地产开发,1,430000,SW2021,2015-10-27 15:29:00
000898,000898.SZ,20220101,99991231,20210730,230402,230400,801044.SI,普钢,1,230000,SW2021,2025-01-08 14:36:00
000899,000899.SZ,20220101,99991231,19971126,410101,410100,801161.SI,电力,1,410000,SW2021,2015-10-27 15:28:00
000900,000900.SZ,20220101,99991231,20210730,420901,420900,801179.SI,铁路公路,1,420000,SW2021,2025-10-15 10:57:00
000901,000901.SZ,20220101,20220728,20210730,650501,650500,801745.SI,军工电子Ⅱ,1,650000,SW2021,2021-07-31 16:18:00
000901,000901.SZ,20220729,99991231,20220729,280206,280200,801093.SI,汽车零部件,1,280000,SW2021,2025-01-08 14:36:00
000902,000902.SZ,20220101,99991231,20210730,220805,220800,801038.SI,农化制品,1,220000,SW2021,2021-07-31 16:18:00
000903,000903.SZ,20220101,99991231,20210730,280203,280200,801093.SI,汽车零部件,1,280000,SW2021,2025-01-08 14:36:00
000905,000905.SZ,20220101,99991231,20210730,421102,421100,801992.SI,航运港口,1,420000,SW2021,2025-10-15 10:57:00
000906,000906.SZ,20220101,99991231,20210730,420802,420800,801178.SI,物流,1,420000,SW2021,2025-10-15 10:57:00
000908,000908.SZ,20220101,99991231,20150701,370102,370100,801151.SI,化学制药,1,370000,SW2021,2020-12-04 14:32:00
000909,000909.SZ,20220101,99991231,20090101,430101,430100,801181.SI,房地产开发,1,430000,SW2021,2015-10-27 15:29:00
000910,000910.SZ,20220101,99991231,20210730,360306,360300,801142.SI,家居用品,1,360000,SW2021,2024-09-04 08:54:00
000911,000911.SZ,20220101,99991231,20111010,110504,110500,801012.SI,农产品加工,1,110000,SW2021,2019-08-09 15:39:00
000912,000912.SZ,20220101,99991231,20210730,220801,220800,801038.SI,农化制品,1,220000,SW2021,2021-07-31 16:18:00
000913,000913.SZ,20220101,99991231,20210730,280402,280400,801881.SI,摩托车及其他,1,280000,SW2021,2026-04-10 09:38:00
000915,000915.SZ,20220101,99991231,20110110,370102,370100,801151.SI,化学制药,1,370000,SW2021,2015-10-27 15:29:00
000916,000916.SZ,20220101,99991231,19990927,420201,420200,,,,,,2015-10-27 15:29:00
000917,000917.SZ,20220101,99991231,20210730,721001,721000,801995.SI,电视广播Ⅱ,1,720000,SW2021,2025-10-15 10:57:00
000918,000918.SZ,20220101,99991231,20100117,430101,430100,801181.SI,房地产开发,1,430000,SW2021,2015-10-27 15:29:00
000919,000919.SZ,20220101,20220728,20151102,370201,370200,801155.SI,中药Ⅱ,1,370000,SW2021,2020-12-04 14:32:00
000919,000919.SZ,20220729,99991231,20220729,370102,370100,801151.SI,化学制药,1,370000,SW2021,2022-07-29 11:54:00
000920,000920.SZ,20220101,20220728,20210730,760102,760100,801971.SI,环境治理,1,760000,SW2021,2022-06-08 09:12:00
000920,000920.SZ,20220729,99991231,20220729,220505,220500,801036.SI,塑料,1,220000,SW2021,2026-04-27 15:47:00
000921,000921.SZ,20220101,99991231,20210730,330102,330100,801111.SI,白色家电,1,330000,SW2021,2023-01-09 16:19:00
000922,000922.SZ,20220101,99991231,20140221,630101,630100,801731.SI,电机Ⅱ,1,630000,SW2021,2024-09-27 12:41:00
000923,000923.SZ,20220101,99991231,20210730,230301,230300,801043.SI,冶钢原料,1,230000,SW2021,2026-02-26 16:27:00
000925,000925.SZ,20220101,99991231,20150701,640501,640500,801076.SI,轨交设备Ⅱ,1,640000,SW2021,2015-11-05 15:43:00
000926,000926.SZ,20220101,99991231,20100101,430101,430100,801181.SI,房地产开发,1,430000,SW2021,2015-10-27 15:28:00
000927,000927.SZ,20220101,20220324,20210730,280502,280500,801095.SI,乘用车,1,280000,SW2021,2022-03-01 15:49:00
000927,000927.SZ,20220325,99991231,20220325,640501,640500,801076.SI,轨交设备Ⅱ,1,640000,SW2021,2025-10-15 10:57:00
000928,000928.SZ,20220101,99991231,20150701,620403,620400,801724.SI,专业工程,1,620000,SW2021,2015-10-27 15:29:00
000929,000929.SZ,20220101,99991231,20210730,340601,340600,801126.SI,非白酒,1,340000,SW2021,2021-07-31 16:18:00
000930,000930.SZ,20220101,99991231,20111010,110504,110500,801012.SI,农产品加工,1,110000,SW2021,2015-10-27 15:29:00
000931,000931.SZ,20220101,99991231,20190724,370102,370100,801151.SI,化学制药,1,370000,SW2021,2020-12-04 14:32:00
000932,000932.SZ,20220101,99991231,20210730,230402,230400,801044.SI,普钢,1,230000,SW2021,2023-05-04 09:24:00
000933,000933.SZ,20220101,99991231,20180619,240301,240300,801055.SI,工业金属,1,240000,SW2021,2021-01-25 13:35:00
000935,000935.SZ,20220101,20230703,20140221,610101,610100,801711.SI,水泥,1,610000,SW2021,2024-09-27 12:41:00
000935,000935.SZ,20230704,99991231,20230704,490307,490300,801191.SI,多元金融,1,490000,SW2021,2023-07-04 15:14:00
000936,000936.SZ,20220101,99991231,19990810,220401,220400,801032.SI,化学纤维,1,220000,SW2021,2015-10-27 15:29:00
000937,000937.SZ,20220101,99991231,20210730,740102,740100,801951.SI,煤炭开采,1,740000,SW2021,2025-10-15 10:57:00
000938,000938.SZ,20220101,99991231,20210730,710301,710300,801103.SI,IT服务Ⅱ,1,710000,SW2021,2023-06-01 14:03:00
000939,000939.SZ,20220101,99991231,20170520,410105,410100,801161.SI,电力,1,410000,SW2021,2019-08-09 15:38:00
000948,000948.SZ,20220101,99991231,20210730,710401,710400,801104.SI,软件开发,1,710000,SW2021,2021-07-31 16:18:00
000949,000949.SZ,20220101,20240729,20210730,220405,220400,801032.SI,化学纤维,1,220000,SW2021,2021-07-31 16:18:00
000949,000949.SZ,20240730,99991231,20240730,220403,220400,801032.SI,化学纤维,1,220000,SW2021,2024-07-30 12:45:00
000950,000950.SZ,20220101,99991231,20210730,370402,370400,801154.SI,医药商业,1,370000,SW2021,2021-07-31 16:18:00
000951,000951.SZ,20220101,99991231,20210730,280601,280600,801096.SI,商用车,1,280000,SW2021,2024-03-18 15:29:00
000952,000952.SZ,20220101,99991231,19991112,370101,370100,801151.SI,化学制药,1,370000,SW2021,2015-10-27 15:28:00
000953,000953.SZ,20220101,20220728,20210730,220801,220800,801038.SI,农化制品,1,220000,SW2021,2021-07-31 16:18:00
000953,000953.SZ,20220729,99991231,20220729,370101,370100,801151.SI,化学制药,1,370000,SW2021,2022-07-29 11:54:00
000955,000955.SZ,20220101,99991231,20111010,350106,350100,801131.SI,纺织制造,1,350000,SW2021,2019-08-09 15:38:00
000956,000956.SZ,20220101,99991231,19991110,210101,210100,,,,,,2015-10-27 15:29:00
000957,000957.SZ,20220101,99991231,20210730,280602,280600,801096.SI,商用车,1,280000,SW2021,2025-01-08 14:36:00
000958,000958.SZ,20220101,20220728,20210730,410101,410100,801161.SI,电力,1,410000,SW2021,2021-07-31 16:18:00
000958,000958.SZ,20220729,99991231,20220729,490308,490300,801191.SI,多元金融,1,490000,SW2021,2022-10-11 14:51:00
000959,000959.SZ,20220101,99991231,20210730,230402,230400,801044.SI,普钢,1,230000,SW2021,2025-01-08 14:36:00
000960,000960.SZ,20220101,99991231,20140221,240504,240500,801054.SI,小金属,1,240000,SW2021,2024-09-27 12:41:00
000961,000961.SZ,20220101,99991231,20080102,430101,430100,801181.SI,房地产开发,1,430000,SW2021,2015-10-27 15:29:00
000962,000962.SZ,20220101,99991231,20210730,240504,240500,801054.SI,小金属,1,240000,SW2021,2025-01-08 14:36:00
000963,000963.SZ,20220101,99991231,20190724,370102,370100,801151.SI,化学制药,1,370000,SW2021,2021-03-03 15:32:00
000965,000965.SZ,20220101,99991231,20070702,430101,430100,801181.SI,房地产开发,1,430000,SW2021,2015-10-27 15:29:00
000966,000966.SZ,20220101,99991231,20000224,410101,410100,801161.SI,电力,1,410000,SW2021,2015-10-27 15:28:00
000967,000967.SZ,20220101,99991231,20210730,760201,760200,801972.SI,环保设备Ⅱ,1,760000,SW2021,2026-04-27 15:47:00
000968,000968.SZ,20220101,99991231,20210730,750101,750100,801961.SI,油气开采Ⅱ,0,750000,SW2021,2021-07-31 16:18:00
000969,000969.SZ,20220101,99991231,20110110,240201,240200,801051.SI,金属新材料,1,240000,SW2021,2015-10-27 15:28:00
000970,000970.SZ,20220101,99991231,20100101,240202,240200,801051.SI,金属新材料,1,240000,SW2021,2015-10-27 15:29:00
000971,000971.SZ,20220101,99991231,20210730,730104,730100,801223.SI,通信服务,1,730000,SW2021,2021-07-31 16:18:00
000972,000972.SZ,20220101,99991231,20070702,110501,110500,801012.SI,农产品加工,1,110000,SW2021,2015-10-27 15:29:00
000973,000973.SZ,20220101,99991231,20210730,220505,220500,801036.SI,塑料,1,220000,SW2021,2021-07-31 16:18:00
000975,000975.SZ,20220101,99991231,20190724,240401,240400,801053.SI,贵金属,1,240000,SW2021,2021-03-03 15:31:00
000976,000976.SZ,20220101,99991231,20170629,640501,640500,801076.SI,轨交设备Ⅱ,1,640000,SW2021,2019-08-09 15:39:00
000977,000977.SZ,20220101,99991231,20210730,710103,710100,801101.SI,计算机设备,1,710000,SW2021,2021-07-31 16:18:00
000978,000978.SZ,20220101,99991231,20210730,461003,461000,801993.SI,旅游及景区,1,460000,SW2021,2022-05-05 19:27:00
000979,000979.SZ,20220101,99991231,20100117,430101,430100,801181.SI,房地产开发,1,430000,SW2021,2015-10-27 15:29:00
000980,000980.SZ,20220101,99991231,20210730,280206,280200,801093.SI,汽车零部件,1,280000,SW2021,2025-01-08 14:36:00
000981,000981.SZ,20220101,20220728,20110110,430101,430100,801181.SI,房地产开发,1,430000,SW2021,2015-10-27 15:29:00
000981,000981.SZ,20220729,99991231,20220729,280203,280200,801093.SI,汽车零部件,1,280000,SW2021,2025-01-08 14:36:00
000982,000982.SZ,20220101,20230703,20111010,350106,350100,801131.SI,纺织制造,1,350000,SW2021,2015-10-27 15:29:00
000982,000982.SZ,20230704,99991231,20230704,630702,630700,801737.SI,电池,1,630000,SW2021,2023-07-04 15:14:00
000983,000983.SZ,20220101,99991231,20210730,740102,740100,801951.SI,煤炭开采,1,740000,SW2021,2025-10-15 10:57:00
000985,000985.SZ,20220101,99991231,20210730,750303,750300,801963.SI,炼化及贸易,1,750000,SW2021,2021-07-31 16:18:00
000987,000987.SZ,20220101,99991231,20210730,490302,490300,801191.SI,多元金融,1,490000,SW2021,2024-02-01 09:50:00
000988,000988.SZ,20220101,99991231,20210730,640703,640700,801078.SI,自动化设备,1,640000,SW2021,2025-10-15 10:57:00
000989,000989.SZ,20220101,99991231,20000628,370201,370200,801155.SI,中药Ⅱ,1,370000,SW2021,2015-10-27 15:29:00
000990,000990.SZ,20220101,99991231,20210730,220205,220200,801033.SI,化学原料,1,220000,SW2021,2021-07-31 16:18:00
000991,000991.SZ,20220101,99991231,20160823,270301,270300,801084.SI,光学光电子,1,270000,SW2021,2018-06-26 11:13:00
000993,000993.SZ,20220101,99991231,20000731,410102,410100,801161.SI,电力,1,410000,SW2021,2015-10-27 15:29:00
000995,000995.SZ,20220101,99991231,20210730,340501,340500,801125.SI,白酒Ⅱ,1,340000,SW2021,2021-07-31 16:18:00
000996,000996.SZ,20220101,99991231,20210730,280302,280300,801092.SI,汽车服务,1,280000,SW2021,2021-07-31 16:18:00
000997,000997.SZ,20220101,99991231,20210730,710103,710100,801101.SI,计算机设备,1,710000,SW2021,2024-11-12 10:49:00
000998,000998.SZ,20220101,99991231,20000629,110101,110100,801016.SI,种植业,1,110000,SW2021,2015-10-27 15:29:00
000999,000999.SZ,20220101,99991231,20000309,370201,370200,801155.SI,中药Ⅱ,1,370000,SW2021,2015-10-27 15:29:00
001201,001201.SZ,20220101,99991231,20210730,110702,110700,801017.SI,养殖业,1,110000,SW2021,2024-05-27 10:52:00
001202,001202.SZ,20220101,99991231,20210730,420802,420800,801178.SI,物流,1,420000,SW2021,2025-10-15 10:57:00
001203,001203.SZ,20220101,99991231,20210730,230301,230300,801043.SI,冶钢原料,1,230000,SW2021,2025-01-08 14:36:00
001205,001205.SZ,20220101,99991231,20210730,421101,421100,801992.SI,航运港口,1,420000,SW2021,2025-10-15 10:57:00
001206,001206.SZ,20220101,99991231,20210730,770101,770100,801981.SI,个护用品,1,770000,SW2021,2023-06-28 18:50:00
001207,001207.SZ,20220101,99991231,20210606,220603,220600,801037.SI,橡胶,1,220000,SW2021,2021-07-06 09:08:00
001208,001208.SZ,20220101,99991231,20210730,630805,630800,801738.SI,电网设备,1,630000,SW2021,2025-10-15 10:57:00
001209,001209.SZ,20220101,99991231,20210730,350209,350200,801132.SI,服装家纺,1,350000,SW2021,2023-12-01 10:03:00
001210,001210.SZ,20220101,99991231,20210622,410104,410100,801161.SI,电力,1,410000,SW2021,2021-07-06 09:16:00
001211,001211.SZ,20220101,99991231,20210806,360311,360300,801142.SI,家居用品,1,360000,SW2021,2021-09-17 14:13:00
001212,001212.SZ,20220101,99991231,20210723,610303,610300,801713.SI,装修建材,1,610000,SW2021,2021-07-23 11:13:00
001213,001213.SZ,20220101,99991231,20210820,420903,420900,801179.SI,铁路公路,1,420000,SW2021,2025-10-15 10:57:00
001215,001215.SZ,20220101,99991231,20210820,340406,340400,801124.SI,食品加工,1,340000,SW2021,2025-06-01 08:45:00
001216,001216.SZ,20220101,99991231,20210903,360311,360300,801142.SI,家居用品,1,360000,SW2021,2021-09-17 14:13:00
001217,001217.SZ,20220101,99991231,20210910,220204,220200,801033.SI,化学原料,1,220000,SW2021,2021-09-17 14:10:00
001218,001218.SZ,20220101,99991231,20210917,220309,220300,801034.SI,化学制品,1,220000,SW2021,2021-11-18 09:12:00
001219,001219.SZ,20220101,99991231,20210924,340802,340800,801128.SI,休闲食品,1,340000,SW2021,2021-11-18 09:19:00
001220,001220.SZ,20260116,99991231,20260116,420803,420800,801178.SI,物流,1,420000,SW2021,2026-04-27 14:53:00
001221,001221.SZ,20250711,99991231,20250711,360311,360300,801142.SI,家居用品,1,360000,SW2021,2026-02-26 16:27:00
001222,001222.SZ,20220801,99991231,20220801,360502,360500,801145.SI,文娱用品,1,360000,SW2021,2023-06-28 18:49:00
001223,001223.SZ,20221125,99991231,20221125,640704,640700,801078.SI,自动化设备,1,640000,SW2021,2025-10-15 10:57:00
001225,001225.SZ,20230213,99991231,20230213,640203,640200,801074.SI,专用设备,1,640000,SW2021,2025-10-15 10:57:00
001226,001226.SZ,20220520,99991231,20220520,640602,640600,801077.SI,工程机械,1,640000,SW2021,2025-10-15 10:57:00
001227,001227.SZ,20220101,99991231,20211210,480401,480400,801784.SI,城商行Ⅱ,1,480000,SW2021,2021-12-29 14:11:00
001228,001228.SZ,20220415,99991231,20220415,420805,420800,801178.SI,物流,1,420000,SW2021,2025-10-15 10:57:00
001229,001229.SZ,20220725,99991231,20220725,710103,710100,801101.SI,计算机设备,1,710000,SW2021,2023-09-08 10:19:00
001230,001230.SZ,20220701,99991231,20220701,760103,760100,801971.SI,环境治理,1,760000,SW2021,2025-10-15 10:57:00
001231,001231.SZ,20220715,99991231,20220715,220803,220800,801038.SI,农化制品,1,220000,SW2021,2023-09-08 10:19:00
001233,001233.SZ,20251107,99991231,20251107,280204,280200,801093.SI,汽车零部件,1,280000,SW2021,2026-04-27 14:53:00
001234,001234.SZ,20220101,20240729,20211203,350106,350100,801131.SI,纺织制造,1,350000,SW2021,2021-12-29 14:09:00
001234,001234.SZ,20240730,99991231,20240730,350208,350200,801132.SI,服装家纺,1,350000,SW2021,2024-07-30 12:45:00
001235,001235.SZ,20220429,99991231,20220429,630802,630800,801738.SI,电网设备,1,630000,SW2021,2023-09-08 10:19:00
001236,001236.SZ,20220701,99991231,20220701,490303,490300,801191.SI,多元金融,1,490000,SW2021,2023-09-08 10:19:00
001237,001237.SZ,20260430,99991231,20260430,640105,640100,801072.SI,通用设备,1,640000,SW2021,2026-04-30 18:25:00
001238,001238.SZ,20220902,99991231,20220902,360502,360500,801145.SI,文娱用品,1,360000,SW2021,2023-09-08 10:19:00
001239,001239.SZ,20231201,99991231,20231201,640602,640600,801077.SI,工程机械,1,640000,SW2021,2023-12-04 09:54:00
001255,001255.SZ,20220826,99991231,20220826,220504,220500,801036.SI,塑料,1,220000,SW2021,2023-09-08 10:19:00
001256,001256.SZ,20221121,99991231,20221121,640208,640200,801074.SI,专用设备,1,640000,SW2021,2025-10-15 10:57:00
001257,001257.SZ,20260323,99991231,20260323,240505,240500,801054.SI,小金属,1,240000,SW2021,2026-04-27 14:53:00
001258,001258.SZ,20220708,99991231,20220708,410107,410100,801161.SI,电力,1,410000,SW2021,2025-10-15 10:57:00
001259,001259.SZ,20220819,99991231,20220819,330301,330300,801113.SI,小家电,1,330000,SW2021,2023-09-08 10:19:00
001260,001260.SZ,20230213,99991231,20230213,280202,280200,801093.SI,汽车零部件,1,280000,SW2021,2025-01-08 14:36:00
001266,001266.SZ,20220211,99991231,20220211,640702,640700,801078.SI,自动化设备,1,640000,SW2021,2025-10-15 10:57:00
001267,001267.SZ,20220101,99991231,20211117,620307,620300,801723.SI,基础建设,1,620000,SW2021,2021-12-29 14:09:00
001268,001268.SZ,20220617,99991231,20220617,330601,330600,801116.SI,家电零部件Ⅱ,1,330000,SW2021,2023-09-08 10:19:00
001269,001269.SZ,20220826,99991231,20220826,630504,630500,801735.SI,光伏设备,1,630000,SW2021,2025-10-15 10:57:00
001270,001270.SZ,20220520,99991231,20220520,650501,650500,801745.SI,军工电子Ⅱ,1,650000,SW2021,2025-10-15 11:14:00
001277,001277.SZ,20240830,99991231,20240830,640203,640200,801074.SI,专用设备,1,640000,SW2021,2025-10-15 10:57:00
001278,001278.SZ,20230213,99991231,20230213,280202,280200,801093.SI,汽车零部件,1,280000,SW2021,2025-01-08 14:36:00
001279,001279.SZ,20240913,99991231,20240913,360202,360200,801141.SI,包装印刷,1,360000,SW2021,2025-01-08 14:36:00
001280,001280.SZ,20251114,99991231,20251114,240501,240500,801054.SI,小金属,1,240000,SW2021,2025-12-09 09:49:00
001282,001282.SZ,20230504,99991231,20230504,280203,280200,801093.SI,汽车零部件,1,280000,SW2021,2025-01-08 14:36:00
001283,001283.SZ,20220826,99991231,20220826,630701,630700,801737.SI,电池,1,630000,SW2021,2025-10-15 10:57:00
001285,001285.SZ,20250912,99991231,20250912,280203,280200,801093.SI,汽车零部件,1,280000,SW2021,2025-10-15 10:57:00
001286,001286.SZ,20230327,20230503,20230327,740101,740100,801951.SI,煤炭开采,1,740000,SW2021,2023-03-27 16:28:00
001286,001286.SZ,20230504,99991231,20230504,410101,410100,801161.SI,电力,1,410000,SW2021,2025-10-15 10:57:00
001287,001287.SZ,20230327,99991231,20230327,270401,270400,801082.SI,其他电子Ⅱ,1,270000,SW2021,2023-09-08 10:19:00
001288,001288.SZ,20220101,99991231,20211015,640203,640200,801074.SI,专用设备,1,640000,SW2021,2025-10-15 10:57:00
001289,001289.SZ,20220218,99991231,20220218,410107,410100,801161.SI,电力,1,410000,SW2021,2025-10-15 10:57:00
001296,001296.SZ,20220101,99991231,20211119,220901,220900,801039.SI,非金属材料Ⅱ,1,220000,SW2021,2021-12-29 13:59:00
001298,001298.SZ,20220916,99991231,20220916,270401,270400,801082.SI,其他电子Ⅱ,1,270000,SW2021,2023-09-08 10:19:00
001299,001299.SZ,20220923,99991231,20220923,410301,410300,801163.SI,燃气Ⅱ,1,410000,SW2021,2025-10-15 10:57:00
001300,001300.SZ,20220923,99991231,20220923,360502,360500,801145.SI,文娱用品,1,360000,SW2021,2023-09-08 10:19:00
001301,001301.SZ,20221121,99991231,20221121,630702,630700,801737.SI,电池,1,630000,SW2021,2025-10-15 10:57:00
001306,001306.SZ,20231027,99991231,20231027,640108,640100,801072.SI,通用设备,1,640000,SW2021,2025-10-15 10:57:00
001308,001308.SZ,20220304,99991231,20220304,270301,270300,801084.SI,光学光电子,1,270000,SW2021,2023-03-01 10:52:00
001309,001309.SZ,20220624,20240729,20220624,710103,710100,801101.SI,计算机设备,1,710000,SW2021,2024-05-13 16:24:00
001309,001309.SZ,20240730,99991231,20240730,270104,270100,801081.SI,半导体,1,270000,SW2021,2024-07-30 12:45:00
001311,001311.SZ,20230213,99991231,20230213,280205,280200,801093.SI,汽车零部件,1,280000,SW2021,2025-01-08 14:36:00
001312,001312.SZ,20260403,99991231,20260403,350106,350100,801131.SI,纺织制造,1,350000,SW2021,2026-04-27 14:53:00
001313,001313.SZ,20220121,99991231,20220121,110403,110400,801014.SI,饲料,1,110000,SW2021,2023-09-08 10:19:00
001314,001314.SZ,20230120,99991231,20230120,270504,270500,801085.SI,消费电子,1,270000,SW2021,2023-09-08 10:19:00
001316,001316.SZ,20220617,99991231,20220617,750302,750300,801963.SI,炼化及贸易,1,750000,SW2021,2025-10-15 10:57:00
001317,001317.SZ,20220101,99991231,20211022,420903,420900,801179.SI,铁路公路,1,420000,SW2021,2025-10-15 10:57:00
001318,001318.SZ,20220429,99991231,20220429,340702,340700,801127.SI,饮料乳品,1,340000,SW2021,2023-09-08 10:19:00
001319,001319.SZ,20220422,20221201,20220422,640108,640100,801072.SI,通用设备,1,640000,SW2021,2022-04-22 12:39:00
001319,001319.SZ,20221202,99991231,20221202,280202,280200,801093.SI,汽车零部件,1,280000,SW2021,2025-01-08 14:36:00
001322,001322.SZ,20220909,99991231,20220909,360309,360300,801142.SI,家居用品,1,360000,SW2021,2023-09-01 11:10:00
001323,001323.SZ,20220610,20220804,20220610,350206,350200,801132.SI,服装家纺,1,350000,SW2021,2022-06-10 17:27:00
001323,001323.SZ,20220805,99991231,20220805,360307,360300,801142.SI,家居用品,1,360000,SW2021,2024-03-14 10:16:00
001324,001324.SZ,20230504,99991231,20230504,640501,640500,801076.SI,轨交设备Ⅱ,1,640000,SW2021,2025-10-15 10:57:00
001325,001325.SZ,20251212,99991231,20251212,220602,220600,801037.SI,橡胶,1,220000,SW2021,2026-04-27 14:53:00
001326,001326.SZ,20231027,99991231,20231027,330501,330500,801115.SI,照明设备Ⅱ,1,330000,SW2021,2023-10-27 14:02:00
001328,001328.SZ,20230327,99991231,20230327,770102,770100,801981.SI,个护用品,1,770000,SW2021,2024-06-25 14:41:00
001330,001330.SZ,20220805,99991231,20220805,720601,720600,801766.SI,影视院线,1,720000,SW2021,2025-10-15 10:57:00
001331,001331.SZ,20220805,99991231,20220805,410301,410300,801163.SI,燃气Ⅱ,1,410000,SW2021,2025-10-15 10:57:00
001332,001332.SZ,20220909,99991231,20220909,640203,640200,801074.SI,专用设备,1,640000,SW2021,2025-10-15 10:57:00
001333,001333.SZ,20221028,99991231,20221028,220504,220500,801036.SI,塑料,1,220000,SW2021,2023-09-08 10:19:00
001335,001335.SZ,20250321,99991231,20250321,220305,220300,801034.SI,化学制品,1,220000,SW2021,2025-10-15 10:57:00
001336,001336.SZ,20220708,99991231,20220708,760201,760200,801972.SI,环保设备Ⅱ,1,760000,SW2021,2025-10-15 10:57:00
001337,001337.SZ,20230224,99991231,20230224,240401,240400,801053.SI,贵金属,1,240000,SW2021,2025-01-08 14:36:00
001338,001338.SZ,20221028,99991231,20221028,110504,110500,801012.SI,农产品加工,1,110000,SW2021,2023-09-08 10:19:00
001339,001339.SZ,20220805,99991231,20220805,710103,710100,801101.SI,计算机设备,1,710000,SW2021,2023-09-08 10:19:00
001356,001356.SZ,20250103,99991231,20250103,360311,360300,801142.SI,家居用品,1,360000,SW2021,2025-01-08 14:36:00
001358,001358.SZ,20231201,99991231,20231201,220309,220300,801034.SI,化学制品,1,220000,SW2021,2024-07-29 11:30:00
001359,001359.SZ,20240318,99991231,20240318,220505,220500,801036.SI,塑料,1,220000,SW2021,2024-07-29 11:30:00
001360,001360.SZ,20230327,99991231,20230327,640203,640200,801074.SI,专用设备,1,640000,SW2021,2025-10-15 10:57:00
001365,001365.SZ,20260430,99991231,20260430,280206,280200,801093.SI,汽车零部件,1,280000,SW2021,2026-04-30 18:25:00
001366,001366.SZ,20230224,99991231,20230224,110402,110400,801014.SI,饲料,1,110000,SW2021,2023-09-08 10:19:00
001367,001367.SZ,20230327,99991231,20230327,370101,370100,801151.SI,化学制药,1,370000,SW2021,2023-09-08 10:19:00
001368,001368.SZ,20230224,99991231,20230224,360502,360500,801145.SI,文娱用品,1,360000,SW2021,2023-09-08 10:19:00
001369,001369.SZ,20251212,99991231,20251212,220404,220400,801032.SI,化学纤维,1,220000,SW2021,2026-04-27 14:53:00
001373,001373.SZ,20230526,99991231,20230526,270303,270300,801084.SI,光学光电子,1,270000,SW2021,2023-09-08 10:19:00
001376,001376.SZ,20231027,99991231,20231027,410104,410100,801161.SI,电力,1,410000,SW2021,2025-10-15 10:57:00
001378,001378.SZ,20231013,99991231,20231013,220505,220500,801036.SI,塑料,1,220000,SW2021,2023-10-16 10:26:00
001379,001379.SZ,20231229,99991231,20231229,640108,640100,801072.SI,通用设备,1,640000,SW2021,2025-10-15 10:57:00
001380,001380.SZ,20230504,99991231,20230504,280203,280200,801093.SI,汽车零部件,1,280000,SW2021,2025-01-08 14:36:00
001382,001382.SZ,20250228,99991231,20250228,630805,630800,801738.SI,电网设备,1,630000,SW2021,2025-10-15 10:57:00
001386,001386.SZ,20250926,99991231,20250926,360306,360300,801142.SI,家居用品,1,360000,SW2021,2025-10-17 14:23:00
001387,001387.SZ,20231222,99991231,20231222,330106,330100,801111.SI,白色家电,1,330000,SW2021,2024-07-29 11:30:00
001388,001388.SZ,20250620,99991231,20250620,630803,630800,801738.SI,电网设备,1,630000,SW2021,2025-10-15 10:57:00
001389,001389.SZ,20240318,99991231,20240318,270202,270200,801083.SI,元件,1,270000,SW2021,2024-07-29 11:30:00
001390,001390.SZ,20250509,99991231,20250509,350106,350100,801131.SI,纺织制造,1,350000,SW2021,2025-10-15 10:57:00
001391,001391.SZ,20241220,20250102,20241220,421001,421000,801991.SI,航空机场,1,420000,SW2021,2024-12-20 13:24:00
001391,001391.SZ,20250103,99991231,20250103,420805,420800,801178.SI,物流,1,420000,SW2021,2026-02-26 16:27:00
001393,001393.SZ,20260430,99991231,20260430,630801,630800,801738.SI,电网设备,1,630000,SW2021,2026-04-30 18:25:00
001395,001395.SZ,20250110,99991231,20250110,640209,640200,801074.SI,专用设备,1,640000,SW2021,2025-09-03 08:53:00
001396,001396.SZ,20251212,99991231,20251212,620306,620300,801723.SI,基础建设,1,620000,SW2021,2026-04-27 14:53:00
001399,001399.SZ,20260605,99991231,20260605,270301,270300,801084.SI,光学光电子,1,270000,SW2021,2026-06-05 13:08:00
001400,001400.SZ,20250418,99991231,20250418,640209,640200,801074.SI,专用设备,1,640000,SW2021,2025-10-15 10:57:00
001696,001696.SZ,20220101,99991231,20210730,640106,640100,801072.SI,通用设备,1,640000,SW2021,2025-10-15 10:57:00
001872,001872.SZ,20220101,99991231,20210730,421102,421100,801992.SI,航运港口,1,420000,SW2021,2025-10-15 10:57:00
001896,001896.SZ,20220101,99991231,19980122,410101,410100,801161.SI,电力,1,410000,SW2021,2015-10-27 15:29:00
001914,001914.SZ,20220101,99991231,20210730,430301,430300,801183.SI,房地产服务,1,430000,SW2021,2025-01-24 16:29:00
001965,001965.SZ,20220101,99991231,20210730,420901,420900,801179.SI,铁路公路,1,420000,SW2021,2025-10-15 10:57:00
001979,001979.SZ,20220101,99991231,20210730,430102,430100,801181.SI,房地产开发,1,430000,SW2021,2025-02-19 17:18:00
002001,002001.SZ,20220101,20240729,20040618,370101,370100,801151.SI,化学制药,1,370000,SW2021,2015-10-27 15:29:00
002001,002001.SZ,20240730,20240806,20240730,340407,340400,801124.SI,食品加工,1,340000,SW2021,2024-07-30 12:45:00
002001,002001.SZ,20240807,99991231,20240807,220315,220300,801034.SI,化学制品,1,220000,SW2021,2025-11-28 08:40:00
002002,002002.SZ,20220101,99991231,20170629,220202,220200,801033.SI,化学原料,1,220000,SW2021,2019-08-09 15:39:00
002003,002003.SZ,20220101,99991231,20111010,350105,350100,801131.SI,纺织制造,1,350000,SW2021,2019-08-09 15:38:00
002004,002004.SZ,20220101,99991231,20210730,370102,370100,801151.SI,化学制药,1,370000,SW2021,2024-01-15 10:32:00
002005,002005.SZ,20220101,99991231,20210730,330301,330300,801113.SI,小家电,1,330000,SW2021,2023-04-25 09:31:00
002006,002006.SZ,20220101,99991231,20170629,640209,640200,801074.SI,专用设备,1,640000,SW2021,2019-08-09 15:39:00
002007,002007.SZ,20220101,20220728,20210730,370302,370300,801152.SI,生物制品,1,370000,SW2021,2021-07-31 16:18:00
002007,002007.SZ,20220729,99991231,20220729,370303,370300,801152.SI,生物制品,1,370000,SW2021,2022-07-29 11:54:00
002008,002008.SZ,20220101,99991231,20210730,640703,640700,801078.SI,自动化设备,1,640000,SW2021,2025-10-15 10:57:00
002009,002009.SZ,20220101,99991231,20140221,640209,640200,801074.SI,专用设备,1,640000,SW2021,2024-09-27 12:41:00
002010,002010.SZ,20220101,99991231,20210730,420807,420800,801178.SI,物流,1,420000,SW2021,2025-10-15 10:57:00
002011,002011.SZ,20220101,99991231,20210730,330601,330600,801116.SI,家电零部件Ⅱ,1,330000,SW2021,2023-01-09 16:20:00
002012,002012.SZ,20220101,99991231,20210730,360103,360100,801143.SI,造纸,1,360000,SW2021,2021-07-31 16:18:00
002013,002013.SZ,20220101,99991231,20140221,650201,650200,801742.SI,航空装备Ⅱ,1,650000,SW2021,2024-09-27 12:41:00
002014,002014.SZ,20220101,99991231,20210730,360204,360200,801141.SI,包装印刷,1,360000,SW2021,2023-06-27 08:50:00
002015,002015.SZ,20220101,99991231,20200722,410104,410100,801161.SI,电力,1,410000,SW2021,2020-07-22 16:18:00
002016,002016.SZ,20220101,99991231,20100101,430101,430100,801181.SI,房地产开发,1,430000,SW2021,2015-10-27 15:29:00
002017,002017.SZ,20220101,99991231,20210730,730206,730200,801102.SI,通信设备,1,730000,SW2021,2026-06-01 14:47:00
002018,002018.SZ,20220101,99991231,20170629,510101,510100,801231.SI,综合Ⅱ,1,510000,SW2021,2019-08-09 15:40:00
002019,002019.SZ,20220101,99991231,20210730,370102,370100,801151.SI,化学制药,1,370000,SW2021,2021-07-31 16:18:00
002020,002020.SZ,20220101,99991231,20190724,370102,370100,801151.SI,化学制药,1,370000,SW2021,2020-12-04 14:32:00
002021,002021.SZ,20220101,99991231,20140221,640206,640200,801074.SI,专用设备,1,640000,SW2021,2024-09-27 12:41:00
002022,002022.SZ,20220101,99991231,20210730,370504,370500,801153.SI,医疗器械,1,370000,SW2021,2021-07-31 16:18:00
002023,002023.SZ,20220101,99991231,20140221,650201,650200,801742.SI,航空装备Ⅱ,1,650000,SW2021,2024-09-27 12:41:00
002024,002024.SZ,20220101,99991231,20210730,450601,450600,801206.SI,互联网电商,1,450000,SW2021,2022-12-01 15:08:00
002025,002025.SZ,20220101,99991231,20210730,650501,650500,801745.SI,军工电子Ⅱ,1,650000,SW2021,2025-10-15 10:57:00
002026,002026.SZ,20220101,99991231,20210730,640108,640100,801072.SI,通用设备,1,640000,SW2021,2025-10-15 10:57:00
002027,002027.SZ,20220101,99991231,20210730,720502,720500,801765.SI,广告营销,1,720000,SW2021,2025-10-15 10:57:00
002028,002028.SZ,20220101,99991231,20210730,630801,630800,801738.SI,电网设备,1,630000,SW2021,2025-11-10 13:33:00
002029,002029.SZ,20220101,99991231,20210730,350209,350200,801132.SI,服装家纺,1,350000,SW2021,2026-01-26 16:15:00
002030,002030.SZ,20220101,99991231,20210730,370504,370500,801153.SI,医疗器械,1,370000,SW2021,2024-04-01 15:28:00
002031,002031.SZ,20220101,99991231,20170629,640209,640200,801074.SI,专用设备,1,640000,SW2021,2019-08-09 15:39:00
002032,002032.SZ,20220101,99991231,20210730,330301,330300,801113.SI,小家电,1,330000,SW2021,2023-01-09 16:21:00
002033,002033.SZ,20220101,99991231,20210730,461003,461000,801993.SI,旅游及景区,1,460000,SW2021,2023-04-03 15:24:00
002034,002034.SZ,20220101,99991231,20210730,760103,760100,801971.SI,环境治理,1,760000,SW2021,2025-10-15 10:57:00
002035,002035.SZ,20220101,99991231,20210730,330401,330400,801114.SI,厨卫电器,1,330000,SW2021,2023-01-09 15:15:00
002036,002036.SZ,20220101,99991231,20210730,270303,270300,801084.SI,光学光电子,1,270000,SW2021,2025-03-01 09:22:00
002037,002037.SZ,20220101,99991231,20080602,220307,220300,801034.SI,化学制品,1,220000,SW2021,2015-10-27 15:29:00
002038,002038.SZ,20220101,20240729,20210730,370304,370300,801152.SI,生物制品,1,370000,SW2021,2021-07-31 16:18:00
002038,002038.SZ,20240730,99991231,20240730,370102,370100,801151.SI,化学制药,1,370000,SW2021,2024-07-30 12:45:00
002039,002039.SZ,20220101,99991231,20050302,410102,410100,801161.SI,电力,1,410000,SW2021,2015-10-27 15:29:00
002040,002040.SZ,20220101,99991231,20210730,421102,421100,801992.SI,航运港口,1,420000,SW2021,2025-10-15 10:57:00
002041,002041.SZ,20220101,99991231,20050324,110101,110100,801016.SI,种植业,1,110000,SW2021,2015-10-27 15:28:00
002042,002042.SZ,20220101,99991231,20050330,350102,350100,801131.SI,纺织制造,1,350000,SW2021,2015-10-27 15:29:00
002043,002043.SZ,20220101,99991231,20140221,610303,610300,801713.SI,装修建材,1,610000,SW2021,2024-09-27 12:41:00
002044,002044.SZ,20220101,99991231,20210730,370604,370600,801156.SI,医疗服务,1,370000,SW2021,2025-03-03 08:49:00
002045,002045.SZ,20220101,99991231,20210730,270503,270500,801085.SI,消费电子,1,270000,SW2021,2025-03-17 07:47:00
002046,002046.SZ,20220101,20220728,20210730,640108,640100,801072.SI,通用设备,1,640000,SW2021,2021-08-02 13:24:00
002046,002046.SZ,20220729,99991231,20220729,640103,640100,801072.SI,通用设备,1,640000,SW2021,2025-10-15 10:57:00
002047,002047.SZ,20220101,99991231,20140221,620201,620200,801722.SI,装修装饰Ⅱ,1,620000,SW2021,2024-09-27 12:41:00
002048,002048.SZ,20220101,99991231,20210730,280202,280200,801093.SI,汽车零部件,1,280000,SW2021,2025-01-08 14:36:00
002049,002049.SZ,20220101,99991231,20210730,270104,270100,801081.SI,半导体,1,270000,SW2021,2023-04-25 09:31:00
002050,002050.SZ,20220101,99991231,20210730,330601,330600,801116.SI,家电零部件Ⅱ,1,330000,SW2021,2021-07-31 16:18:00
002051,002051.SZ,20220101,99991231,20140221,620403,620400,801724.SI,专业工程,1,620000,SW2021,2024-09-27 12:41:00
002052,002052.SZ,20220101,99991231,20060127,330202,330200,801112.SI,黑色家电,1,330000,SW2021,2015-10-27 15:29:00
002053,002053.SZ,20220101,20241205,20180713,220203,220200,801033.SI,化学原料,1,220000,SW2021,2019-08-09 15:39:00
002053,002053.SZ,20241206,99991231,20241206,410107,410100,801161.SI,电力,1,410000,SW2021,2025-10-15 10:57:00
002054,002054.SZ,20220101,99991231,20080602,220308,220300,801034.SI,化学制品,1,220000,SW2021,2019-08-09 15:39:00
002055,002055.SZ,20220101,99991231,20210730,270504,270500,801085.SI,消费电子,1,270000,SW2021,2023-04-25 09:31:00
002056,002056.SZ,20220101,20230703,20190724,240202,240200,801051.SI,金属新材料,1,240000,SW2021,2021-01-25 13:35:00
002056,002056.SZ,20230704,99991231,20230704,630502,630500,801735.SI,光伏设备,1,630000,SW2021,2025-12-03 14:34:00
002057,002057.SZ,20220101,20230703,20080602,240202,240200,801051.SI,金属新材料,1,240000,SW2021,2021-01-25 13:35:00
002057,002057.SZ,20230704,99991231,20230704,460802,460800,801218.SI,专业服务,1,460000,SW2021,2023-07-04 15:14:00
002058,002058.SZ,20220101,20220728,20210730,630804,630800,801738.SI,电网设备,1,630000,SW2021,2021-11-30 13:17:00
002058,002058.SZ,20220729,99991231,20220729,640107,640100,801072.SI,通用设备,1,640000,SW2021,2025-10-15 10:57:00
002059,002059.SZ,20220101,99991231,20210730,461002,461000,801993.SI,旅游及景区,1,460000,SW2021,2023-02-20 17:31:00
002060,002060.SZ,20220101,20220728,20210730,620306,620300,801723.SI,基础建设,1,620000,SW2021,2022-02-24 12:57:00
002060,002060.SZ,20220729,99991231,20220729,410110,410100,801161.SI,电力,1,410000,SW2021,2025-10-15 10:57:00
002061,002061.SZ,20220101,99991231,20210730,620306,620300,801723.SI,基础建设,1,620000,SW2021,2021-07-31 16:18:00
002062,002062.SZ,20220101,99991231,20210730,620306,620300,801723.SI,基础建设,1,620000,SW2021,2023-05-29 14:32:00
002063,002063.SZ,20220101,99991231,20210730,710401,710400,801104.SI,软件开发,1,710000,SW2021,2024-01-19 11:05:00
002064,002064.SZ,20220101,99991231,20080602,220405,220400,801032.SI,化学纤维,1,220000,SW2021,2015-10-27 15:29:00
002065,002065.SZ,20220101,99991231,20210730,710301,710300,801103.SI,IT服务Ⅱ,1,710000,SW2021,2021-07-31 16:18:00
002066,002066.SZ,20220101,99991231,20140221,610301,610300,801713.SI,装修建材,1,610000,SW2021,2024-09-27 12:41:00
002067,002067.SZ,20220101,99991231,20210730,360102,360100,801143.SI,造纸,1,360000,SW2021,2021-07-31 16:18:00
002068,002068.SZ,20220101,99991231,20111010,220603,220600,801037.SI,橡胶,1,220000,SW2021,2015-10-27 15:29:00
002069,002069.SZ,20220101,99991231,20060919,110202,110200,801015.SI,渔业,1,110000,SW2021,2015-10-27 15:29:00
002070,002070.SZ,20220101,99991231,20170629,240503,240500,801054.SI,小金属,1,240000,SW2021,2018-06-20 15:06:00
002071,002071.SZ,20220101,99991231,20210730,720601,720600,801766.SI,影视院线,1,720000,SW2021,2021-07-31 16:18:00
002072,002072.SZ,20220101,20230703,20210730,510101,510100,801231.SI,综合Ⅱ,1,510000,SW2021,2021-07-31 16:18:00
002072,002072.SZ,20230704,99991231,20230704,450201,450200,801202.SI,贸易Ⅱ,1,450000,SW2021,2023-07-04 15:14:00
002073,002073.SZ,20220101,99991231,20140221,640209,640200,801074.SI,专用设备,1,640000,SW2021,2024-09-27 12:41:00
002074,002074.SZ,20220101,99991231,20210730,630701,630700,801737.SI,电池,1,630000,SW2021,2025-10-15 10:57:00
002075,002075.SZ,20220101,99991231,20210730,230501,230500,801045.SI,特钢Ⅱ,1,230000,SW2021,2025-01-08 14:36:00
002076,002076.SZ,20220101,99991231,20210730,330501,330500,801115.SI,照明设备Ⅱ,1,330000,SW2021,2023-04-25 09:31:00
002077,002077.SZ,20220101,99991231,20210730,270107,270100,801081.SI,半导体,1,270000,SW2021,2023-04-25 09:31:00
002078,002078.SZ,20220101,99991231,20210730,360102,360100,801143.SI,造纸,1,360000,SW2021,2026-02-26 16:27:00
002079,002079.SZ,20220101,20240729,20080602,270102,270100,801081.SI,半导体,1,270000,SW2021,2015-10-27 15:29:00
002079,002079.SZ,20240730,99991231,20240730,630702,630700,801737.SI,电池,1,630000,SW2021,2025-10-15 10:57:00
002080,002080.SZ,20220101,99991231,20210730,610202,610200,801712.SI,玻璃玻纤,1,610000,SW2021,2023-12-07 10:02:00
002081,002081.SZ,20220101,99991231,20140221,620201,620200,801722.SI,装修装饰Ⅱ,1,620000,SW2021,2024-09-27 12:41:00
002082,002082.SZ,20220101,20220728,20210730,240301,240300,801055.SI,工业金属,1,240000,SW2021,2021-07-31 16:18:00
002082,002082.SZ,20220729,99991231,20220729,370201,370200,801155.SI,中药Ⅱ,1,370000,SW2021,2023-12-07 10:03:00
002083,002083.SZ,20220101,99991231,20061121,350102,350100,801131.SI,纺织制造,1,350000,SW2021,2015-10-27 15:28:00
002084,002084.SZ,20220101,99991231,20210730,360309,360300,801142.SI,家居用品,1,360000,SW2021,2025-01-24 16:29:00
002085,002085.SZ,20220101,99991231,20210730,280204,280200,801093.SI,汽车零部件,1,280000,SW2021,2025-01-24 16:29:00
002086,002086.SZ,20220101,20220728,20061127,110202,110200,801015.SI,渔业,1,110000,SW2021,2015-10-27 15:28:00
002086,002086.SZ,20220729,99991231,20220729,370504,370500,801153.SI,医疗器械,1,370000,SW2021,2024-05-27 10:52:00
002087,002087.SZ,20220101,99991231,20061129,350102,350100,801131.SI,纺织制造,1,350000,SW2021,2015-10-27 15:29:00
002088,002088.SZ,20220101,99991231,20140221,610301,610300,801713.SI,装修建材,1,610000,SW2021,2024-09-27 12:41:00
002089,002089.SZ,20220101,99991231,20210730,730204,730200,801102.SI,通信设备,1,730000,SW2021,2021-07-31 16:18:00
002090,002090.SZ,20220101,99991231,20210730,630803,630800,801738.SI,电网设备,1,630000,SW2021,2025-10-15 10:57:00
002091,002091.SZ,20220101,99991231,20070702,450201,450200,801202.SI,贸易Ⅱ,1,450000,SW2021,2015-10-27 15:29:00
002092,002092.SZ,20220101,99991231,20061207,220202,220200,801033.SI,化学原料,1,220000,SW2021,2015-10-27 15:29:00
002093,002093.SZ,20220101,20240729,20210730,730103,730100,801223.SI,通信服务,1,730000,SW2021,2021-07-31 16:18:00
002093,002093.SZ,20240730,99991231,20240730,461101,461100,801994.SI,教育,1,460000,SW2021,2025-01-08 14:36:00
002094,002094.SZ,20220101,99991231,20210730,770201,770200,801982.SI,化妆品,1,770000,SW2021,2021-07-31 16:18:00
002095,002095.SZ,20220101,99991231,20210730,720704,720700,801767.SI,数字媒体,1,720000,SW2021,2025-10-15 10:57:00
002096,002096.SZ,20220101,99991231,20080602,220307,220300,801034.SI,化学制品,1,220000,SW2021,2015-10-27 15:29:00
002097,002097.SZ,20220101,99991231,20210730,640601,640600,801077.SI,工程机械,1,640000,SW2021,2025-10-15 10:57:00
002098,002098.SZ,20220101,99991231,20111010,350105,350100,801131.SI,纺织制造,1,350000,SW2021,2015-10-27 15:29:00
002099,002099.SZ,20220101,99991231,20061226,370101,370100,801151.SI,化学制药,1,370000,SW2021,2015-10-27 15:28:00
002100,002100.SZ,20220101,99991231,20210730,110402,110400,801014.SI,饲料,1,110000,SW2021,2025-12-12 09:00:00
002101,002101.SZ,20220101,99991231,20210730,280205,280200,801093.SI,汽车零部件,1,280000,SW2021,2025-01-08 14:36:00
002102,002102.SZ,20220101,99991231,20171226,370101,370100,801151.SI,化学制药,1,370000,SW2021,2020-12-04 14:32:00
002103,002103.SZ,20220101,20220728,20210730,720501,720500,801765.SI,广告营销,1,720000,SW2021,2021-07-31 16:18:00
002103,002103.SZ,20220729,99991231,20220729,360501,360500,801145.SI,文娱用品,1,360000,SW2021,2025-06-17 11:15:00
002104,002104.SZ,20220101,99991231,20210730,730206,730200,801102.SI,通信设备,1,730000,SW2021,2026-06-01 14:47:00
002105,002105.SZ,20220101,99991231,20140221,280401,280400,801881.SI,摩托车及其他,1,280000,SW2021,2024-09-27 12:41:00
002106,002106.SZ,20220101,99991231,20070112,270301,270300,801084.SI,光学光电子,1,270000,SW2021,2015-10-27 15:29:00
002107,002107.SZ,20220101,99991231,20070124,370201,370200,801155.SI,中药Ⅱ,1,370000,SW2021,2015-10-27 15:29:00
002108,002108.SZ,20220101,99991231,20070124,220501,220500,801036.SI,塑料,1,220000,SW2021,2015-10-27 15:28:00
002109,002109.SZ,20220101,99991231,20210730,220204,220200,801033.SI,化学原料,1,220000,SW2021,2021-07-31 16:18:00
002110,002110.SZ,20220101,99991231,20210730,230401,230400,801044.SI,普钢,1,230000,SW2021,2025-01-08 14:36:00
002111,002111.SZ,20220101,20230703,20140221,640209,640200,801074.SI,专用设备,1,640000,SW2021,2024-09-27 12:41:00
002111,002111.SZ,20230704,99991231,20230704,650201,650200,801742.SI,航空装备Ⅱ,1,650000,SW2021,2025-10-15 10:57:00
002112,002112.SZ,20220101,99991231,20210730,630801,630800,801738.SI,电网设备,1,630000,SW2021,2025-10-15 10:57:00
002113,002113.SZ,20220101,99991231,20210730,720401,720400,801764.SI,游戏Ⅱ,1,720000,SW2021,2021-07-31 16:18:00
002114,002114.SZ,20220101,99991231,20140221,240303,240300,801055.SI,工业金属,1,240000,SW2021,2024-09-27 12:41:00
002115,002115.SZ,20220101,99991231,20210730,730103,730100,801223.SI,通信服务,1,730000,SW2021,2026-06-01 14:47:00
002116,002116.SZ,20220101,99991231,20210730,620404,620400,801724.SI,专业工程,1,620000,SW2021,2021-07-31 16:18:00
002117,002117.SZ,20220101,99991231,20210730,360202,360200,801141.SI,包装印刷,1,360000,SW2021,2025-09-18 13:44:00
002118,002118.SZ,20220101,99991231,20070301,370201,370200,801155.SI,中药Ⅱ,1,370000,SW2021,2015-10-27 15:29:00
002119,002119.SZ,20220101,99991231,20080602,270103,270100,801081.SI,半导体,1,270000,SW2021,2015-10-27 15:29:00
002120,002120.SZ,20220101,99991231,20210730,420804,420800,801178.SI,物流,1,420000,SW2021,2025-10-15 10:57:00
002121,002121.SZ,20220101,99991231,20210730,630804,630800,801738.SI,电网设备,1,630000,SW2021,2025-10-15 10:57:00
002122,002122.SZ,20220101,20220728,20210730,640108,640100,801072.SI,通用设备,1,640000,SW2021,2021-08-02 13:24:00
002122,002122.SZ,20220729,99991231,20220729,640101,640100,801072.SI,通用设备,1,640000,SW2021,2025-10-15 10:57:00
002123,002123.SZ,20220101,99991231,20210730,730104,730100,801223.SI,通信服务,1,730000,SW2021,2026-06-01 14:47:00
002124,002124.SZ,20220101,99991231,20210730,110702,110700,801017.SI,养殖业,1,110000,SW2021,2025-01-24 16:29:00
002125,002125.SZ,20220101,20220728,20070402,220203,220200,801033.SI,化学原料,1,220000,SW2021,2015-10-27 15:29:00
002125,002125.SZ,20220729,99991231,20220729,630702,630700,801737.SI,电池,1,630000,SW2021,2025-10-15 10:57:00
002126,002126.SZ,20220101,99991231,20210730,280203,280200,801093.SI,汽车零部件,1,280000,SW2021,2023-06-28 18:50:00
002127,002127.SZ,20220101,99991231,20210730,450603,450600,801206.SI,互联网电商,1,450000,SW2021,2024-01-24 15:43:00
002128,002128.SZ,20220101,99991231,20210730,740101,740100,801951.SI,煤炭开采,1,740000,SW2021,2025-10-15 10:57:00
002129,002129.SZ,20220101,99991231,20210730,630501,630500,801735.SI,光伏设备,1,630000,SW2021,2025-12-10 10:16:00
002130,002130.SZ,20220101,99991231,20210730,270401,270400,801082.SI,其他电子Ⅱ,1,270000,SW2021,2021-07-31 16:18:00
002131,002131.SZ,20220101,20230703,20210730,720501,720500,801765.SI,广告营销,1,720000,SW2021,2021-07-31 16:18:00
002131,002131.SZ,20230704,99991231,20230704,640108,640100,801072.SI,通用设备,1,640000,SW2021,2025-10-15 10:57:00
002132,002132.SZ,20220101,99991231,20210730,640108,640100,801072.SI,通用设备,1,640000,SW2021,2025-10-15 10:57:00
002133,002133.SZ,20220101,99991231,20070427,430101,430100,801181.SI,房地产开发,1,430000,SW2021,2015-10-27 15:28:00
002134,002134.SZ,20220101,99991231,20111010,270202,270200,801083.SI,元件,1,270000,SW2021,2015-10-27 15:29:00
002135,002135.SZ,20220101,99991231,20140221,620401,620400,801724.SI,专业工程,1,620000,SW2021,2024-09-27 12:41:00
002136,002136.SZ,20220101,99991231,20210730,220206,220200,801033.SI,化学原料,1,220000,SW2021,2021-07-31 16:18:00
002137,002137.SZ,20220101,20220728,20210730,720501,720500,801765.SI,广告营销,1,720000,SW2021,2021-07-31 16:18:00
002137,002137.SZ,20220729,99991231,20220729,270302,270300,801084.SI,光学光电子,1,270000,SW2021,2022-07-29 11:54:00
002138,002138.SZ,20220101,99991231,20111010,270203,270200,801083.SI,元件,1,270000,SW2021,2015-10-27 15:29:00
002139,002139.SZ,20220101,99991231,20210730,270504,270500,801085.SI,消费电子,1,270000,SW2021,2023-04-25 09:31:00
002140,002140.SZ,20220101,99991231,20140221,620402,620400,801724.SI,专业工程,1,620000,SW2021,2024-09-27 12:41:00
002141,002141.SZ,20220101,20240729,20070719,270401,270400,801082.SI,其他电子Ⅱ,1,270000,SW2021,2015-10-27 15:29:00
002141,002141.SZ,20240730,99991231,20240730,110801,110800,801018.SI,动物保健Ⅱ,1,110000,SW2021,2025-01-08 14:43:00
002142,002142.SZ,20220101,99991231,20210730,480401,480400,801784.SI,城商行Ⅱ,1,480000,SW2021,2021-07-31 16:18:00
002143,002143.SZ,20220101,99991231,20210730,720501,720500,801765.SI,广告营销,1,720000,SW2021,2021-07-31 16:18:00
002144,002144.SZ,20220101,99991231,20111010,350106,350100,801131.SI,纺织制造,1,350000,SW2021,2019-08-09 15:38:00
002145,002145.SZ,20220101,99991231,20210730,220206,220200,801033.SI,化学原料,1,220000,SW2021,2021-07-31 16:18:00
002146,002146.SZ,20220101,99991231,20070807,430101,430100,801181.SI,房地产开发,1,430000,SW2021,2015-10-27 15:29:00
002147,002147.SZ,20220101,99991231,20210730,640106,640100,801072.SI,通用设备,1,640000,SW2021,2021-07-31 16:18:00
002148,002148.SZ,20220101,20220728,20210730,730104,730100,801223.SI,通信服务,1,730000,SW2021,2021-07-31 16:18:00
002148,002148.SZ,20220729,20220804,20220729,430103,430100,801181.SI,房地产开发,1,430000,SW2021,2022-07-29 11:54:00
002148,002148.SZ,20220805,99991231,20220805,730104,730100,801223.SI,通信服务,1,730000,SW2021,2026-06-01 14:47:00
002149,002149.SZ,20220101,99991231,20190724,240504,240500,801054.SI,小金属,1,240000,SW2021,2024-06-25 07:08:00
002150,002150.SZ,20220101,99991231,20210730,640108,640100,801072.SI,通用设备,1,640000,SW2021,2025-10-15 10:57:00
002151,002151.SZ,20220101,99991231,20210730,650501,650500,801745.SI,军工电子Ⅱ,1,650000,SW2021,2025-10-15 10:57:00
002152,002152.SZ,20220101,99991231,20210730,710103,710100,801101.SI,计算机设备,1,710000,SW2021,2023-04-03 14:29:00
002153,002153.SZ,20220101,99991231,20210730,710401,710400,801104.SI,软件开发,1,710000,SW2021,2021-07-31 16:18:00
002154,002154.SZ,20220101,99991231,20210730,350209,350200,801132.SI,服装家纺,1,350000,SW2021,2025-01-24 16:29:00
002155,002155.SZ,20220101,99991231,20140221,240401,240400,801053.SI,贵金属,1,240000,SW2021,2024-09-27 12:41:00
002156,002156.SZ,20220101,99991231,20210730,270107,270100,801081.SI,半导体,1,270000,SW2021,2022-03-31 17:40:00
002157,002157.SZ,20220101,99991231,20210730,110702,110700,801017.SI,养殖业,1,110000,SW2021,2026-03-24 13:15:00
002158,002158.SZ,20220101,99991231,20140221,640105,640100,801072.SI,通用设备,1,640000,SW2021,2024-09-27 12:41:00
002159,002159.SZ,20220101,99991231,20210730,461003,461000,801993.SI,旅游及景区,1,460000,SW2021,2022-02-08 15:57:00
002160,002160.SZ,20220101,99991231,20140221,240301,240300,801055.SI,工业金属,1,240000,SW2021,2024-09-27 12:41:00
002161,002161.SZ,20220101,99991231,20090101,270401,270400,801082.SI,其他电子Ⅱ,1,270000,SW2021,2015-10-27 15:29:00
002162,002162.SZ,20220101,99991231,20210730,360306,360300,801142.SI,家居用品,1,360000,SW2021,2023-12-07 10:03:00
002163,002163.SZ,20220101,20220728,20210730,610201,610200,801712.SI,玻璃玻纤,1,610000,SW2021,2021-08-04 10:42:00
002163,002163.SZ,20220729,99991231,20220729,620201,620200,801722.SI,装修装饰Ⅱ,1,620000,SW2021,2024-01-14 08:47:00
002164,002164.SZ,20220101,99991231,20210730,640108,640100,801072.SI,通用设备,1,640000,SW2021,2025-10-15 10:57:00
002165,002165.SZ,20220101,99991231,20140221,220313,220300,801034.SI,化学制品,1,220000,SW2021,2024-09-27 12:41:00
002166,002166.SZ,20220101,20220728,20210730,370201,370200,801155.SI,中药Ⅱ,1,370000,SW2021,2021-07-31 16:18:00
002166,002166.SZ,20220729,99991231,20220729,220315,220300,801034.SI,化学制品,1,220000,SW2021,2022-07-29 11:54:00
002167,002167.SZ,20220101,99991231,20140221,240504,240500,801054.SI,小金属,1,240000,SW2021,2024-09-27 12:41:00
002168,002168.SZ,20220101,20230703,20210730,720401,720400,801764.SI,游戏Ⅱ,1,720000,SW2021,2021-07-31 16:18:00
002168,002168.SZ,20230704,99991231,20230704,630802,630800,801738.SI,电网设备,1,630000,SW2021,2025-10-15 10:57:00
002169,002169.SZ,20220101,99991231,20210730,630803,630800,801738.SI,电网设备,1,630000,SW2021,2025-10-15 10:57:00
002170,002170.SZ,20220101,99991231,20210730,220805,220800,801038.SI,农化制品,1,220000,SW2021,2021-07-31 16:18:00
002171,002171.SZ,20220101,99991231,20140221,240302,240300,801055.SI,工业金属,1,240000,SW2021,2024-09-27 12:41:00
002172,002172.SZ,20220101,20220728,20070920,220403,220400,801032.SI,化学纤维,1,220000,SW2021,2015-10-27 15:28:00
002172,002172.SZ,20220729,99991231,20220729,370604,370600,801156.SI,医疗服务,1,370000,SW2021,2022-07-29 11:54:00
002173,002173.SZ,20220101,99991231,20210730,370604,370600,801156.SI,医疗服务,1,370000,SW2021,2021-07-31 16:18:00
002174,002174.SZ,20220101,99991231,20210730,720401,720400,801764.SI,游戏Ⅱ,1,720000,SW2021,2025-10-15 10:57:00
002175,002175.SZ,20220101,20220728,20210730,510101,510100,801231.SI,综合Ⅱ,1,510000,SW2021,2021-07-31 16:18:00
002175,002175.SZ,20220729,99991231,20220729,640107,640100,801072.SI,通用设备,1,640000,SW2021,2025-10-15 10:57:00
002176,002176.SZ,20220101,20220728,20140221,630101,630100,801731.SI,电机Ⅱ,1,630000,SW2021,2024-09-27 12:41:00
002176,002176.SZ,20220729,20240729,20220729,240603,240600,801056.SI,能源金属,1,240000,SW2021,2022-10-11 14:51:00
002176,002176.SZ,20240730,99991231,20240730,630101,630100,801731.SI,电机Ⅱ,1,630000,SW2021,2025-10-15 10:57:00
002177,002177.SZ,20220101,99991231,20210730,710103,710100,801101.SI,计算机设备,1,710000,SW2021,2021-07-31 16:18:00
002178,002178.SZ,20220101,99991231,20210730,710401,710400,801104.SI,软件开发,1,710000,SW2021,2021-07-31 16:18:00
002179,002179.SZ,20220101,99991231,20210730,650501,650500,801745.SI,军工电子Ⅱ,1,650000,SW2021,2025-10-15 10:57:00
002180,002180.SZ,20220101,20230316,20210730,270104,270100,801081.SI,半导体,1,270000,SW2021,2022-03-28 11:47:00
002180,002180.SZ,20230317,99991231,20230317,710103,710100,801101.SI,计算机设备,1,710000,SW2021,2023-03-20 11:17:00
002181,002181.SZ,20220101,99991231,20210730,720902,720900,801769.SI,出版,1,720000,SW2021,2025-10-15 10:57:00
002182,002182.SZ,20220101,99991231,20210730,240504,240500,801054.SI,小金属,1,240000,SW2021,2025-01-24 16:29:00
002183,002183.SZ,20220101,20240729,20210730,420803,420800,801178.SI,物流,1,420000,SW2021,2021-07-31 16:18:00
002183,002183.SZ,20240730,99991231,20240730,450201,450200,801202.SI,贸易Ⅱ,1,450000,SW2021,2025-01-08 14:36:00
002184,002184.SZ,20220101,99991231,20210730,640702,640700,801078.SI,自动化设备,1,640000,SW2021,2025-10-15 10:57:00
002185,002185.SZ,20220101,99991231,20210730,270107,270100,801081.SI,半导体,1,270000,SW2021,2025-08-04 15:51:00
002186,002186.SZ,20220101,99991231,20210730,460902,460900,801219.SI,酒店餐饮,1,460000,SW2021,2022-10-19 11:28:00
002187,002187.SZ,20220101,99991231,20140221,450301,450300,801203.SI,一般零售,1,450000,SW2021,2024-09-27 12:41:00
002188,002188.SZ,20220101,20220728,20210730,720501,720500,801765.SI,广告营销,1,720000,SW2021,2021-07-31 16:18:00
002188,002188.SZ,20220729,99991231,20220729,430301,430300,801183.SI,房地产服务,1,430000,SW2021,2022-07-29 11:54:00
002189,002189.SZ,20220101,99991231,20210730,650501,650500,801745.SI,军工电子Ⅱ,1,650000,SW2021,2025-10-15 10:57:00
002190,002190.SZ,20220101,20220728,20140701,650201,650200,801742.SI,航空装备Ⅱ,1,650000,SW2021,2019-08-09 15:39:00
002190,002190.SZ,20220729,99991231,20220729,280205,280200,801093.SI,汽车零部件,1,280000,SW2021,2025-01-08 14:36:00
002191,002191.SZ,20220101,99991231,20210730,360205,360200,801141.SI,包装印刷,1,360000,SW2021,2024-09-04 08:53:00
002192,002192.SZ,20220101,20220331,20210730,630703,630700,801737.SI,电池,1,630000,SW2021,2021-07-31 16:18:00
002192,002192.SZ,20220401,99991231,20220401,240603,240600,801056.SI,能源金属,1,240000,SW2021,2025-01-08 14:36:00
002193,002193.SZ,20220101,20240729,20210730,350106,350100,801131.SI,纺织制造,1,350000,SW2021,2021-07-31 16:18:00
002193,002193.SZ,20240730,99991231,20240730,350209,350200,801132.SI,服装家纺,1,350000,SW2021,2024-07-30 12:45:00
002194,002194.SZ,20220101,99991231,20210730,730204,730200,801102.SI,通信设备,1,730000,SW2021,2026-06-01 14:47:00
002195,002195.SZ,20220101,99991231,20210730,710301,710300,801103.SI,IT服务Ⅱ,1,710000,SW2021,2021-07-31 16:18:00
002196,002196.SZ,20220101,99991231,20140221,630101,630100,801731.SI,电机Ⅱ,1,630000,SW2021,2024-09-27 12:41:00
002197,002197.SZ,20220101,99991231,20210730,710103,710100,801101.SI,计算机设备,1,710000,SW2021,2021-07-31 16:18:00
002198,002198.SZ,20220101,99991231,20071217,370201,370200,801155.SI,中药Ⅱ,1,370000,SW2021,2015-10-27 15:29:00
002199,002199.SZ,20220101,99991231,20111010,270203,270200,801083.SI,元件,1,270000,SW2021,2015-10-27 15:28:00
002200,002200.SZ,20220101,99991231,20210730,620307,620300,801723.SI,基础建设,1,620000,SW2021,2021-08-02 13:20:00
002201,002201.SZ,20220101,99991231,20210730,610202,610200,801712.SI,玻璃玻纤,1,610000,SW2021,2021-08-04 10:42:00
002202,002202.SZ,20220101,99991231,20210730,630601,630600,801736.SI,风电设备,1,630000,SW2021,2025-10-15 10:57:00
002203,002203.SZ,20220101,99991231,20140221,240302,240300,801055.SI,工业金属,1,240000,SW2021,2024-09-27 12:41:00
002204,002204.SZ,20220101,99991231,20210730,640203,640200,801074.SI,专用设备,1,640000,SW2021,2025-10-15 10:57:00
002205,002205.SZ,20220101,20220728,20210730,760104,760100,801971.SI,环境治理,1,760000,SW2021,2021-07-31 16:18:00
002205,002205.SZ,20220729,20230703,20220729,610302,610300,801713.SI,装修建材,1,610000,SW2021,2022-10-11 14:51:00
002205,002205.SZ,20230704,99991231,20230704,610102,610100,801711.SI,水泥,1,610000,SW2021,2023-07-04 15:14:00
002206,002206.SZ,20220101,99991231,20080102,220401,220400,801032.SI,化学纤维,1,220000,SW2021,2015-10-27 15:28:00
002207,002207.SZ,20220101,99991231,20210730,750201,750200,801962.SI,油服工程,1,750000,SW2021,2023-10-23 16:18:00
002208,002208.SZ,20220101,99991231,20080102,430101,430100,801181.SI,房地产开发,1,430000,SW2021,2015-10-27 15:29:00
002209,002209.SZ,20220101,99991231,20140221,640208,640200,801074.SI,专用设备,1,640000,SW2021,2024-09-27 12:41:00
002210,002210.SZ,20220101,20220728,20210730,420802,420800,801178.SI,物流,1,420000,SW2021,2021-07-31 16:18:00
002210,002210.SZ,20220729,99991231,20220729,760103,760100,801971.SI,环境治理,1,760000,SW2021,2025-10-15 10:57:00
002211,002211.SZ,20220101,99991231,20210730,220316,220300,801034.SI,化学制品,1,220000,SW2021,2021-07-31 16:18:00
002212,002212.SZ,20220101,99991231,20210730,710402,710400,801104.SI,软件开发,1,710000,SW2021,2023-06-01 14:03:00
002213,002213.SZ,20220101,20220728,20210730,280203,280200,801093.SI,汽车零部件,1,280000,SW2021,2021-07-31 16:18:00
002213,002213.SZ,20220729,20230703,20220729,510101,510100,801231.SI,综合Ⅱ,1,510000,SW2021,2022-07-29 11:54:00
002213,002213.SZ,20230704,99991231,20230704,270104,270100,801081.SI,半导体,1,270000,SW2021,2023-07-04 15:14:00
002214,002214.SZ,20220101,99991231,20210730,650501,650500,801745.SI,军工电子Ⅱ,1,650000,SW2021,2025-10-15 10:57:00
002215,002215.SZ,20220101,20250508,20210730,220803,220800,801038.SI,农化制品,1,220000,SW2021,2024-12-09 12:30:00
002215,002215.SZ,20250509,99991231,20250509,110103,110100,801016.SI,种植业,1,110000,SW2021,2025-05-09 11:32:00
002216,002216.SZ,20220101,99991231,20210730,340406,340400,801124.SI,食品加工,1,340000,SW2021,2025-06-01 08:45:00
002217,002217.SZ,20220101,99991231,20151031,270301,270300,801084.SI,光学光电子,1,270000,SW2021,2015-11-05 16:32:00
002218,002218.SZ,20220101,20240729,20210730,630504,630500,801735.SI,光伏设备,1,630000,SW2021,2022-07-11 13:29:00
002218,002218.SZ,20240730,99991231,20240730,410106,410100,801161.SI,电力,1,410000,SW2021,2025-10-15 10:57:00
002219,002219.SZ,20220101,99991231,20210730,370604,370600,801156.SI,医疗服务,1,370000,SW2021,2021-07-31 16:18:00
002220,002220.SZ,20220101,99991231,20111010,110504,110500,801012.SI,农产品加工,1,110000,SW2021,2019-08-09 15:39:00
002221,002221.SZ,20220101,99991231,20210730,750303,750300,801963.SI,炼化及贸易,1,750000,SW2021,2025-09-11 15:39:00
002222,002222.SZ,20220101,99991231,20210730,270303,270300,801084.SI,光学光电子,1,270000,SW2021,2026-03-02 17:17:00
002223,002223.SZ,20220101,99991231,20210730,370502,370500,801153.SI,医疗器械,1,370000,SW2021,2024-06-06 08:39:00
002224,002224.SZ,20220101,99991231,20080602,220602,220600,801037.SI,橡胶,1,220000,SW2021,2015-10-27 15:29:00
002225,002225.SZ,20220101,99991231,20140221,610301,610300,801713.SI,装修建材,1,610000,SW2021,2024-09-27 12:41:00
002226,002226.SZ,20220101,99991231,20080602,220307,220300,801034.SI,化学制品,1,220000,SW2021,2015-10-27 15:29:00
002227,002227.SZ,20220101,20220728,20210730,630304,630300,801733.SI,其他电源设备Ⅱ,1,630000,SW2021,2021-11-30 13:17:00
002227,002227.SZ,20220729,99991231,20220729,630306,630300,801733.SI,其他电源设备Ⅱ,1,630000,SW2021,2025-10-15 10:57:00
002228,002228.SZ,20220101,99991231,20210730,360205,360200,801141.SI,包装印刷,1,360000,SW2021,2024-02-08 18:50:00
002229,002229.SZ,20220101,99991231,20210730,360202,360200,801141.SI,包装印刷,1,360000,SW2021,2021-07-31 16:18:00
002230,002230.SZ,20220101,99991231,20210730,710402,710400,801104.SI,软件开发,1,710000,SW2021,2025-02-19 17:18:00
002231,002231.SZ,20220101,99991231,20211029,650501,650500,801745.SI,军工电子Ⅱ,1,650000,SW2021,2025-10-15 10:57:00
002232,002232.SZ,20220101,99991231,20210730,710301,710300,801103.SI,IT服务Ⅱ,1,710000,SW2021,2021-07-31 16:18:00
002233,002233.SZ,20220101,99991231,20140221,610101,610100,801711.SI,水泥,1,610000,SW2021,2024-09-27 12:41:00
002234,002234.SZ,20220101,99991231,20210730,110703,110700,801017.SI,养殖业,1,110000,SW2021,2024-05-27 10:52:00
002235,002235.SZ,20220101,99991231,20210730,360103,360100,801143.SI,造纸,1,360000,SW2021,2021-07-31 16:18:00
002236,002236.SZ,20220101,99991231,20210730,710102,710100,801101.SI,计算机设备,1,710000,SW2021,2025-02-19 17:18:00
002237,002237.SZ,20220101,99991231,20140221,240401,240400,801053.SI,贵金属,1,240000,SW2021,2024-09-27 12:41:00
002238,002238.SZ,20220101,99991231,20210730,721001,721000,801995.SI,电视广播Ⅱ,1,720000,SW2021,2025-10-15 10:57:00
002239,002239.SZ,20220101,99991231,20210730,280206,280200,801093.SI,汽车零部件,1,280000,SW2021,2025-01-08 14:36:00
002240,002240.SZ,20220101,99991231,20210730,240603,240600,801056.SI,能源金属,1,240000,SW2021,2025-01-08 14:36:00
002241,002241.SZ,20220101,99991231,20210730,270504,270500,801085.SI,消费电子,1,270000,SW2021,2025-09-09 10:17:00
002242,002242.SZ,20220101,99991231,20210730,330301,330300,801113.SI,小家电,1,330000,SW2021,2023-01-09 16:23:00
002243,002243.SZ,20220101,20250810,20210730,770201,770200,801982.SI,化妆品,1,770000,SW2021,2021-07-31 16:18:00
002243,002243.SZ,20250811,99991231,20250811,460804,460800,801218.SI,专业服务,1,460000,SW2021,2025-08-11 17:30:00
002244,002244.SZ,20220101,99991231,20080108,430101,430100,801181.SI,房地产开发,1,430000,SW2021,2015-10-27 15:28:00
002245,002245.SZ,20220101,99991231,20210730,630701,630700,801737.SI,电池,1,630000,SW2021,2025-10-15 10:57:00
002246,002246.SZ,20220101,99991231,20170629,220307,220300,801034.SI,化学制品,1,220000,SW2021,2019-08-09 15:39:00
002247,002247.SZ,20220101,20220728,20210730,720501,720500,801765.SI,广告营销,1,720000,SW2021,2021-07-31 16:18:00
002247,002247.SZ,20220729,99991231,20220729,610303,610300,801713.SI,装修建材,1,610000,SW2021,2022-07-29 11:54:00
002248,002248.SZ,20220101,99991231,20140221,640101,640100,801072.SI,通用设备,1,640000,SW2021,2024-09-27 12:41:00
002249,002249.SZ,20220101,99991231,20140221,630101,630100,801731.SI,电机Ⅱ,1,630000,SW2021,2024-09-27 12:41:00
002250,002250.SZ,20220101,99991231,20210730,220803,220800,801038.SI,农化制品,1,220000,SW2021,2024-03-19 09:07:00
002251,002251.SZ,20220101,99991231,20140221,450302,450300,801203.SI,一般零售,1,450000,SW2021,2024-09-27 12:41:00
002252,002252.SZ,20220101,99991231,20210730,370302,370300,801152.SI,生物制品,1,370000,SW2021,2024-09-18 16:59:00
002253,002253.SZ,20220101,99991231,20210730,710401,710400,801104.SI,软件开发,1,710000,SW2021,2021-07-31 16:18:00
002254,002254.SZ,20220101,20230703,20080605,220405,220400,801032.SI,化学纤维,1,220000,SW2021,2015-10-27 15:29:00
002254,002254.SZ,20230704,99991231,20230704,220404,220400,801032.SI,化学纤维,1,220000,SW2021,2023-07-04 15:14:00
002255,002255.SZ,20220101,99991231,20210730,630304,630300,801733.SI,其他电源设备Ⅱ,1,630000,SW2021,2025-10-15 10:57:00
002256,002256.SZ,20220101,99991231,20210730,410106,410100,801161.SI,电力,1,410000,SW2021,2025-10-15 10:57:00
002258,002258.SZ,20220101,99991231,20210730,220803,220800,801038.SI,农化制品,1,220000,SW2021,2025-09-29 07:04:00
002259,002259.SZ,20220101,99991231,20180713,410301,410300,801163.SI,燃气Ⅱ,1,410000,SW2021,2019-08-09 15:39:00
002260,002260.SZ,20220101,99991231,20210730,330301,330300,801113.SI,小家电,1,330000,SW2021,2021-07-31 16:18:00
002261,002261.SZ,20220101,20220120,20210730,461103,461100,801994.SI,教育,1,460000,SW2021,2021-07-31 16:18:00
002261,002261.SZ,20220121,99991231,20220121,710401,710400,801104.SI,软件开发,1,710000,SW2021,2022-01-21 17:02:00
002262,002262.SZ,20220101,99991231,20081007,370102,370100,801151.SI,化学制药,1,370000,SW2021,2015-10-27 15:28:00
002263,002263.SZ,20220101,99991231,20210730,220505,220500,801036.SI,塑料,1,220000,SW2021,2021-07-31 16:18:00
002264,002264.SZ,20220101,20230730,20140221,450302,450300,801203.SI,一般零售,1,450000,SW2021,2024-09-27 12:41:00
002264,002264.SZ,20230731,20231207,20230731,450603,450600,801206.SI,互联网电商,1,450000,SW2021,2023-07-31 17:08:00
002264,002264.SZ,20231208,99991231,20231208,720501,720500,801765.SI,广告营销,1,720000,SW2021,2025-10-15 10:57:00
002265,002265.SZ,20220101,99991231,20210730,280203,280200,801093.SI,汽车零部件,1,280000,SW2021,2025-10-15 10:57:00
002266,002266.SZ,20220101,99991231,20210730,760103,760100,801971.SI,环境治理,1,760000,SW2021,2026-04-27 15:47:00
002267,002267.SZ,20220101,99991231,20080122,410301,410300,801163.SI,燃气Ⅱ,1,410000,SW2021,2015-10-27 15:29:00
002268,002268.SZ,20220101,99991231,20210730,710103,710100,801101.SI,计算机设备,1,710000,SW2021,2021-07-31 16:18:00
002269,002269.SZ,20220101,99991231,20210730,350209,350200,801132.SI,服装家纺,1,350000,SW2021,2021-07-31 16:18:00
002270,002270.SZ,20220101,99991231,20210730,630801,630800,801738.SI,电网设备,1,630000,SW2021,2025-10-15 10:57:00
002271,002271.SZ,20220101,99991231,20210730,610304,610300,801713.SI,装修建材,1,610000,SW2021,2023-12-07 10:02:00
002272,002272.SZ,20220101,20220728,20210730,640602,640600,801077.SI,工程机械,1,640000,SW2021,2021-07-31 16:18:00
002272,002272.SZ,20220729,20230703,20220729,630602,630600,801736.SI,风电设备,1,630000,SW2021,2022-07-29 11:54:00
002272,002272.SZ,20230704,99991231,20230704,640106,640100,801072.SI,通用设备,1,640000,SW2021,2025-10-15 10:57:00
002273,002273.SZ,20220101,99991231,20111010,270303,270300,801084.SI,光学光电子,1,270000,SW2021,2015-10-27 15:29:00
002274,002274.SZ,20220101,20220728,20210730,220805,220800,801038.SI,农化制品,1,220000,SW2021,2021-07-31 16:18:00
002274,002274.SZ,20220729,99991231,20220729,220205,220200,801033.SI,化学原料,1,220000,SW2021,2022-07-29 11:54:00
002275,002275.SZ,20220101,99991231,20090129,370201,370200,801155.SI,中药Ⅱ,1,370000,SW2021,2015-10-27 15:28:00
002276,002276.SZ,20220101,99991231,20210730,630805,630800,801738.SI,电网设备,1,630000,SW2021,2025-10-15 10:57:00
002277,002277.SZ,20220101,99991231,20140221,450301,450300,801203.SI,一般零售,1,450000,SW2021,2024-09-27 12:41:00
002278,002278.SZ,20220101,99991231,20140221,640203,640200,801074.SI,专用设备,1,640000,SW2021,2024-09-27 12:41:00
002279,002279.SZ,20220101,99991231,20210730,710402,710400,801104.SI,软件开发,1,710000,SW2021,2021-07-31 16:18:00
002280,002280.SZ,20220101,99991231,20210730,450602,450600,801206.SI,互联网电商,1,450000,SW2021,2021-07-31 16:18:00
002281,002281.SZ,20220101,99991231,20210730,730204,730200,801102.SI,通信设备,1,730000,SW2021,2026-06-01 14:47:00
002282,002282.SZ,20220101,99991231,20140221,640103,640100,801072.SI,通用设备,1,640000,SW2021,2024-09-27 12:41:00
002283,002283.SZ,20220101,99991231,20210730,280203,280200,801093.SI,汽车零部件,1,280000,SW2021,2025-01-08 14:36:00
002284,002284.SZ,20220101,99991231,20210730,280203,280200,801093.SI,汽车零部件,1,280000,SW2021,2025-01-08 14:36:00
002285,002285.SZ,20220101,99991231,20210730,430302,430300,801183.SI,房地产服务,1,430000,SW2021,2021-07-31 16:18:00
002286,002286.SZ,20220101,99991231,20111010,110504,110500,801012.SI,农产品加工,1,110000,SW2021,2015-10-27 15:28:00
002287,002287.SZ,20220101,99991231,20090112,370201,370200,801155.SI,中药Ⅱ,1,370000,SW2021,2015-10-27 15:29:00
002288,002288.SZ,20220101,99991231,20111010,270202,270200,801083.SI,元件,1,270000,SW2021,2015-10-27 15:28:00
002289,002289.SZ,20220101,99991231,20090117,270301,270300,801084.SI,光学光电子,1,270000,SW2021,2015-10-27 15:29:00
002290,002290.SZ,20220101,99991231,20210730,330601,330600,801116.SI,家电零部件Ⅱ,1,330000,SW2021,2021-07-31 16:18:00
002291,002291.SZ,20220101,99991231,20210730,720501,720500,801765.SI,广告营销,1,720000,SW2021,2025-10-15 10:57:00
002292,002292.SZ,20220101,99991231,20210730,720601,720600,801766.SI,影视院线,1,720000,SW2021,2025-10-15 10:57:00
002293,002293.SZ,20220101,99991231,20111010,350206,350200,801132.SI,服装家纺,1,350000,SW2021,2021-04-07 10:39:00
002294,002294.SZ,20220101,99991231,20110110,370102,370100,801151.SI,化学制药,1,370000,SW2021,2015-10-27 15:29:00
002295,002295.SZ,20220101,99991231,20140221,240302,240300,801055.SI,工业金属,1,240000,SW2021,2024-09-27 12:41:00
002296,002296.SZ,20220101,99991231,20210730,730204,730200,801102.SI,通信设备,1,730000,SW2021,2026-06-01 14:47:00
002297,002297.SZ,20220101,99991231,20140221,650201,650200,801742.SI,航空装备Ⅱ,1,650000,SW2021,2024-09-27 12:41:00
002298,002298.SZ,20220101,99991231,20210730,710401,710400,801104.SI,软件开发,1,710000,SW2021,2021-07-31 16:18:00
002299,002299.SZ,20220101,99991231,20210730,110703,110700,801017.SI,养殖业,1,110000,SW2021,2021-07-31 16:18:00
002300,002300.SZ,20220101,99991231,20210730,630805,630800,801738.SI,电网设备,1,630000,SW2021,2025-10-15 10:57:00
002301,002301.SZ,20220101,99991231,20210730,360501,360500,801145.SI,文娱用品,1,360000,SW2021,2024-09-03 19:49:00
002302,002302.SZ,20220101,99991231,20210730,610102,610100,801711.SI,水泥,1,610000,SW2021,2023-12-07 10:03:00
002303,002303.SZ,20220101,99991231,20210730,360205,360200,801141.SI,包装印刷,1,360000,SW2021,2026-04-10 09:38:00
002304,002304.SZ,20220101,99991231,20210730,340501,340500,801125.SI,白酒Ⅱ,1,340000,SW2021,2021-07-31 16:18:00
002305,002305.SZ,20220101,99991231,20210730,430102,430100,801181.SI,房地产开发,1,430000,SW2021,2021-07-31 16:18:00
002306,002306.SZ,20220101,20220728,20210730,460902,460900,801219.SI,酒店餐饮,1,460000,SW2021,2021-07-31 16:18:00
002306,002306.SZ,20220729,20230703,20220729,720401,720400,801764.SI,游戏Ⅱ,1,720000,SW2021,2022-07-29 11:54:00
002306,002306.SZ,20230704,99991231,20230704,460902,460900,801219.SI,酒店餐饮,1,460000,SW2021,2023-07-04 15:14:00
002307,002307.SZ,20220101,99991231,20210730,620306,620300,801723.SI,基础建设,1,620000,SW2021,2021-07-31 16:18:00
002308,002308.SZ,20220101,99991231,20210730,710103,710100,801101.SI,计算机设备,1,710000,SW2021,2022-10-11 14:51:00
002309,002309.SZ,20220101,20220728,20210730,630502,630500,801735.SI,光伏设备,1,630000,SW2021,2022-07-11 13:29:00
002309,002309.SZ,20220729,99991231,20220729,630805,630800,801738.SI,电网设备,1,630000,SW2021,2025-10-15 10:57:00
002310,002310.SZ,20220101,99991231,20210730,620307,620300,801723.SI,基础建设,1,620000,SW2021,2021-08-02 13:20:00
002311,002311.SZ,20220101,99991231,20210730,110403,110400,801014.SI,饲料,1,110000,SW2021,2021-07-31 16:18:00
002312,002312.SZ,20220101,99991231,20210730,220802,220800,801038.SI,农化制品,1,220000,SW2021,2024-04-01 15:28:00
002313,002313.SZ,20220101,99991231,20210730,730206,730200,801102.SI,通信设备,1,730000,SW2021,2026-06-01 14:47:00
002314,002314.SZ,20220101,99991231,20180713,430101,430100,801181.SI,房地产开发,1,430000,SW2021,2021-03-03 15:31:00
002315,002315.SZ,20220101,99991231,20210730,450602,450600,801206.SI,互联网电商,1,450000,SW2021,2025-10-15 10:57:00
002316,002316.SZ,20220101,99991231,20210730,490306,490300,801191.SI,多元金融,1,490000,SW2021,2021-07-31 16:18:00
002317,002317.SZ,20220101,99991231,20090123,370201,370200,801155.SI,中药Ⅱ,1,370000,SW2021,2015-10-27 15:29:00
002318,002318.SZ,20220101,99991231,20210730,230501,230500,801045.SI,特钢Ⅱ,1,230000,SW2021,2025-01-24 16:29:00
002319,002319.SZ,20220101,99991231,20090123,220305,220300,801034.SI,化学制品,1,220000,SW2021,2015-10-27 15:29:00
002320,002320.SZ,20220101,99991231,20210730,421101,421100,801992.SI,航运港口,1,420000,SW2021,2025-10-15 10:57:00
002321,002321.SZ,20220101,99991231,20210730,110704,110700,801017.SI,养殖业,1,110000,SW2021,2024-05-27 10:52:00
002322,002322.SZ,20220101,99991231,20210730,710401,710400,801104.SI,软件开发,1,710000,SW2021,2023-04-03 11:22:00
002323,002323.SZ,20220101,20220630,20160525,610303,610300,801713.SI,装修建材,1,610000,SW2021,2019-08-09 15:39:00
002323,002323.SZ,20220701,99991231,20220701,620404,620400,801724.SI,专业工程,1,620000,SW2021,2022-07-01 17:22:00
002324,002324.SZ,20220101,99991231,20111010,220503,220500,801036.SI,塑料,1,220000,SW2021,2019-08-09 15:39:00
002325,002325.SZ,20220101,99991231,20140221,620201,620200,801722.SI,装修装饰Ⅱ,1,620000,SW2021,2024-09-27 12:41:00
002326,002326.SZ,20220101,99991231,20111010,220311,220300,801034.SI,化学制品,1,220000,SW2021,2019-08-09 15:39:00
002327,002327.SZ,20220101,99991231,20111010,350206,350200,801132.SI,服装家纺,1,350000,SW2021,2021-04-07 10:39:00
002328,002328.SZ,20220101,99991231,20210730,280205,280200,801093.SI,汽车零部件,1,280000,SW2021,2025-01-08 14:36:00
002329,002329.SZ,20220101,99991231,20210730,340702,340700,801127.SI,饮料乳品,1,340000,SW2021,2021-07-31 16:18:00
002330,002330.SZ,20220101,99991231,20111010,340401,340400,801124.SI,食品加工,1,340000,SW2021,2019-08-09 15:40:00
002331,002331.SZ,20220101,99991231,20210730,710301,710300,801103.SI,IT服务Ⅱ,1,710000,SW2021,2021-07-31 16:18:00
002332,002332.SZ,20220101,20220728,20110110,370102,370100,801151.SI,化学制药,1,370000,SW2021,2015-10-27 15:29:00
002332,002332.SZ,20220729,99991231,20220729,370101,370100,801151.SI,化学制药,1,370000,SW2021,2022-07-29 11:54:00
002333,002333.SZ,20220101,99991231,20140221,610303,610300,801713.SI,装修建材,1,610000,SW2021,2024-09-27 12:41:00
002334,002334.SZ,20220101,99991231,20210730,640702,640700,801078.SI,自动化设备,1,640000,SW2021,2025-10-15 10:57:00
002335,002335.SZ,20220101,99991231,20210730,630306,630300,801733.SI,其他电源设备Ⅱ,1,630000,SW2021,2025-10-15 10:57:00
002336,002336.SZ,20220101,99991231,20140221,450302,450300,801203.SI,一般零售,1,450000,SW2021,2024-09-27 12:41:00
002337,002337.SZ,20220101,99991231,20140221,640209,640200,801074.SI,专用设备,1,640000,SW2021,2024-09-27 12:41:00
002338,002338.SZ,20220101,99991231,20210730,650501,650500,801745.SI,军工电子Ⅱ,1,650000,SW2021,2025-10-15 10:57:00
002339,002339.SZ,20220101,99991231,20210730,630803,630800,801738.SI,电网设备,1,630000,SW2021,2025-10-15 10:57:00
002340,002340.SZ,20220101,99991231,20210730,630702,630700,801737.SI,电池,1,630000,SW2021,2025-01-24 16:29:00
002341,002341.SZ,20220101,99991231,20210730,220505,220500,801036.SI,塑料,1,220000,SW2021,2021-07-31 16:18:00
002342,002342.SZ,20220101,99991231,20210730,640108,640100,801072.SI,通用设备,1,640000,SW2021,2025-10-15 10:57:00
002343,002343.SZ,20220101,99991231,20210730,720601,720600,801766.SI,影视院线,1,720000,SW2021,2025-10-15 10:57:00
002344,002344.SZ,20220101,99991231,20210730,450304,450300,801203.SI,一般零售,1,450000,SW2021,2021-07-31 16:18:00
002345,002345.SZ,20220101,99991231,20210730,350301,350300,801133.SI,饰品,1,350000,SW2021,2023-06-28 18:51:00
002346,002346.SZ,20220101,20220728,20210730,630801,630800,801738.SI,电网设备,1,630000,SW2021,2021-11-30 13:17:00
002346,002346.SZ,20220729,99991231,20220729,630802,630800,801738.SI,电网设备,1,630000,SW2021,2025-10-15 10:57:00
002347,002347.SZ,20220101,99991231,20210730,640108,640100,801072.SI,通用设备,1,640000,SW2021,2025-10-15 10:57:00
002348,002348.SZ,20220101,99991231,20210730,360502,360500,801145.SI,文娱用品,1,360000,SW2021,2021-07-31 16:18:00
002349,002349.SZ,20220101,99991231,20100114,370201,370200,801155.SI,中药Ⅱ,1,370000,SW2021,2015-10-27 15:29:00
002350,002350.SZ,20220101,99991231,20210730,630802,630800,801738.SI,电网设备,1,630000,SW2021,2025-10-15 10:57:00
002351,002351.SZ,20220101,99991231,20210730,270503,270500,801085.SI,消费电子,1,270000,SW2021,2023-04-25 09:31:00
002352,002352.SZ,20220101,99991231,20210730,420804,420800,801178.SI,物流,1,420000,SW2021,2025-10-15 10:57:00
002353,002353.SZ,20220101,99991231,20140221,640203,640200,801074.SI,专用设备,1,640000,SW2021,2024-09-27 12:41:00
002354,002354.SZ,20220101,20230703,20210730,720401,720400,801764.SI,游戏Ⅱ,1,720000,SW2021,2021-07-31 16:18:00
002354,002354.SZ,20230704,99991231,20230704,720501,720500,801765.SI,广告营销,1,720000,SW2021,2025-10-15 10:57:00
002355,002355.SZ,20220101,99991231,20210730,280204,280200,801093.SI,汽车零部件,1,280000,SW2021,2025-01-08 14:36:00
002356,002356.SZ,20220101,99991231,20210730,450303,450300,801203.SI,一般零售,1,450000,SW2021,2021-07-31 16:18:00
002357,002357.SZ,20220101,99991231,20210730,420902,420900,801179.SI,铁路公路,1,420000,SW2021,2025-09-23 13:43:00
002358,002358.SZ,20220101,99991231,20210730,630801,630800,801738.SI,电网设备,1,630000,SW2021,2025-10-15 10:57:00
002359,002359.SZ,20220101,99991231,20210730,730102,730100,801223.SI,通信服务,1,730000,SW2021,2021-07-31 16:18:00
002360,002360.SZ,20220101,99991231,20100103,220307,220300,801034.SI,化学制品,1,220000,SW2021,2015-10-27 15:29:00
002361,002361.SZ,20220101,99991231,20210730,220504,220500,801036.SI,塑料,1,220000,SW2021,2023-12-07 10:03:00
002362,002362.SZ,20220101,99991231,20210730,710401,710400,801104.SI,软件开发,1,710000,SW2021,2021-07-31 16:18:00
002363,002363.SZ,20220101,99991231,20210730,280203,280200,801093.SI,汽车零部件,1,280000,SW2021,2025-01-08 14:36:00
002364,002364.SZ,20220101,99991231,20210730,630306,630300,801733.SI,其他电源设备Ⅱ,1,630000,SW2021,2025-10-15 10:57:00
002365,002365.SZ,20220101,99991231,20100109,370101,370100,801151.SI,化学制药,1,370000,SW2021,2015-10-27 15:29:00
002366,002366.SZ,20220101,99991231,20210730,630306,630300,801733.SI,其他电源设备Ⅱ,1,630000,SW2021,2025-10-15 10:57:00
002367,002367.SZ,20220101,99991231,20140221,640204,640200,801074.SI,专用设备,1,640000,SW2021,2024-09-27 12:41:00
002368,002368.SZ,20220101,99991231,20210730,710301,710300,801103.SI,IT服务Ⅱ,1,710000,SW2021,2024-01-24 12:31:00
002369,002369.SZ,20220101,99991231,20210730,270504,270500,801085.SI,消费电子,1,270000,SW2021,2023-04-25 09:31:00
002370,002370.SZ,20220101,99991231,20100123,370102,370100,801151.SI,化学制药,1,370000,SW2021,2015-10-27 15:29:00
002371,002371.SZ,20220101,99991231,20210730,270108,270100,801081.SI,半导体,1,270000,SW2021,2025-10-28 10:25:00
002372,002372.SZ,20220101,99991231,20140221,610302,610300,801713.SI,装修建材,1,610000,SW2021,2024-09-27 12:41:00
002373,002373.SZ,20220101,99991231,20210730,710301,710300,801103.SI,IT服务Ⅱ,1,710000,SW2021,2023-04-03 14:29:00
002374,002374.SZ,20220101,99991231,20210730,360203,360200,801141.SI,包装印刷,1,360000,SW2021,2021-07-31 16:18:00
002375,002375.SZ,20220101,99991231,20140221,620201,620200,801722.SI,装修装饰Ⅱ,1,620000,SW2021,2024-09-27 12:41:00
002376,002376.SZ,20220101,99991231,20210730,710103,710100,801101.SI,计算机设备,1,710000,SW2021,2021-07-31 16:18:00
002377,002377.SZ,20220101,20240729,20210730,430302,430300,801183.SI,房地产服务,1,430000,SW2021,2021-07-31 16:18:00
002377,002377.SZ,20240730,99991231,20240730,750303,750300,801963.SI,炼化及贸易,1,750000,SW2021,2025-01-08 14:36:00
002378,002378.SZ,20220101,99991231,20140221,240502,240500,801054.SI,小金属,1,240000,SW2021,2024-09-27 12:41:00
002379,002379.SZ,20220101,99991231,20140221,240301,240300,801055.SI,工业金属,1,240000,SW2021,2024-09-27 12:41:00
002380,002380.SZ,20220101,99991231,20210730,710301,710300,801103.SI,IT服务Ⅱ,1,710000,SW2021,2024-01-15 10:32:00
002381,002381.SZ,20220101,99991231,20100117,220602,220600,801037.SI,橡胶,1,220000,SW2021,2015-10-27 15:29:00
002382,002382.SZ,20220101,99991231,20210730,370503,370500,801153.SI,医疗器械,1,370000,SW2021,2021-07-31 16:18:00
002383,002383.SZ,20220101,99991231,20210730,650501,650500,801745.SI,军工电子Ⅱ,1,650000,SW2021,2025-10-15 10:57:00
002384,002384.SZ,20220101,99991231,20190724,270202,270200,801083.SI,元件,1,270000,SW2021,2021-03-03 15:32:00
002385,002385.SZ,20220101,99991231,20210730,110402,110400,801014.SI,饲料,1,110000,SW2021,2022-10-26 17:13:00
002386,002386.SZ,20220101,99991231,20100122,220202,220200,801033.SI,化学原料,1,220000,SW2021,2015-10-27 15:29:00
002387,002387.SZ,20220101,99991231,20190724,270301,270300,801084.SI,光学光电子,1,270000,SW2021,2019-08-09 15:38:00
002388,002388.SZ,20220101,99991231,20100123,270401,270400,801082.SI,其他电子Ⅱ,1,270000,SW2021,2015-10-27 15:29:00
002389,002389.SZ,20220101,99991231,20190724,650201,650200,801742.SI,航空装备Ⅱ,1,650000,SW2021,2021-06-24 09:36:00
002390,002390.SZ,20220101,99991231,20150701,370201,370200,801155.SI,中药Ⅱ,1,370000,SW2021,2015-10-27 15:29:00
002391,002391.SZ,20220101,99991231,20210730,220803,220800,801038.SI,农化制品,1,220000,SW2021,2022-07-01 14:04:00
002392,002392.SZ,20220101,99991231,20140221,610301,610300,801713.SI,装修建材,1,610000,SW2021,2024-09-27 12:41:00
002393,002393.SZ,20220101,99991231,20100106,370102,370100,801151.SI,化学制药,1,370000,SW2021,2015-10-27 15:29:00
002394,002394.SZ,20220101,99991231,20100106,350102,350100,801131.SI,纺织制造,1,350000,SW2021,2015-10-27 15:29:00
002395,002395.SZ,20220101,99991231,20210730,220504,220500,801036.SI,塑料,1,220000,SW2021,2021-07-31 16:18:00
002396,002396.SZ,20220101,99991231,20210730,730204,730200,801102.SI,通信设备,1,730000,SW2021,2026-06-01 14:47:00
002397,002397.SZ,20220101,99991231,20111010,350206,350200,801132.SI,服装家纺,1,350000,SW2021,2015-10-27 15:29:00
002398,002398.SZ,20220101,99991231,20140221,610303,610300,801713.SI,装修建材,1,610000,SW2021,2024-09-27 12:41:00
002399,002399.SZ,20220101,20240729,20120102,370101,370100,801151.SI,化学制药,1,370000,SW2021,2015-10-27 15:28:00
002399,002399.SZ,20240730,99991231,20240730,370102,370100,801151.SI,化学制药,1,370000,SW2021,2024-07-30 12:45:00
002400,002400.SZ,20220101,99991231,20210730,720501,720500,801765.SI,广告营销,1,720000,SW2021,2025-10-15 10:57:00
002401,002401.SZ,20220101,99991231,20210730,710301,710300,801103.SI,IT服务Ⅱ,1,710000,SW2021,2021-07-31 16:18:00
002402,002402.SZ,20220101,20240729,20210730,270504,270500,801085.SI,消费电子,1,270000,SW2021,2021-07-31 16:18:00
002402,002402.SZ,20240730,20250810,20240730,330601,330600,801116.SI,家电零部件Ⅱ,1,330000,SW2021,2024-07-30 12:45:00
002402,002402.SZ,20250811,99991231,20250811,270504,270500,801085.SI,消费电子,1,270000,SW2021,2025-10-15 10:57:00
002403,002403.SZ,20220101,99991231,20210730,330301,330300,801113.SI,小家电,1,330000,SW2021,2021-07-31 16:18:00
002404,002404.SZ,20220101,20240729,20210730,350106,350100,801131.SI,纺织制造,1,350000,SW2021,2021-07-31 16:18:00
002404,002404.SZ,20240730,99991231,20240730,350209,350200,801132.SI,服装家纺,1,350000,SW2021,2024-07-30 12:45:00
002405,002405.SZ,20220101,99991231,20210730,710401,710400,801104.SI,软件开发,1,710000,SW2021,2025-01-24 16:29:00
002406,002406.SZ,20220101,99991231,20210730,280203,280200,801093.SI,汽车零部件,1,280000,SW2021,2025-01-08 14:36:00
002407,002407.SZ,20220101,99991231,20111010,220311,220300,801034.SI,化学制品,1,220000,SW2021,2019-08-09 15:39:00
002408,002408.SZ,20220101,99991231,20210730,750303,750300,801963.SI,炼化及贸易,1,750000,SW2021,2021-07-31 16:18:00
002409,002409.SZ,20220101,99991231,20200608,270103,270100,801081.SI,半导体,1,270000,SW2021,2021-03-03 15:31:00
002410,002410.SZ,20220101,99991231,20210730,710401,710400,801104.SI,软件开发,1,710000,SW2021,2021-07-31 16:18:00
002411,002411.SZ,20220101,20230703,20210730,370402,370400,801154.SI,医药商业,1,370000,SW2021,2021-07-31 16:18:00
002411,002411.SZ,20230704,99991231,20230704,630702,630700,801737.SI,电池,1,630000,SW2021,2023-07-04 15:14:00
002412,002412.SZ,20220101,99991231,20100112,370201,370200,801155.SI,中药Ⅱ,1,370000,SW2021,2015-10-27 15:29:00
002413,002413.SZ,20220101,99991231,20210730,650501,650500,801745.SI,军工电子Ⅱ,1,650000,SW2021,2025-10-15 10:57:00
002414,002414.SZ,20220101,99991231,20210730,650501,650500,801745.SI,军工电子Ⅱ,1,650000,SW2021,2025-10-15 10:57:00
002415,002415.SZ,20220101,99991231,20210730,710102,710100,801101.SI,计算机设备,1,710000,SW2021,2025-02-19 17:18:00
002416,002416.SZ,20220101,99991231,20140221,450401,450400,801204.SI,专业连锁Ⅱ,1,450000,SW2021,2024-09-27 12:41:00
002417,002417.SZ,20220101,99991231,20210730,710301,710300,801103.SI,IT服务Ⅱ,1,710000,SW2021,2021-07-31 16:18:00
002418,002418.SZ,20220101,99991231,20210730,330601,330600,801116.SI,家电零部件Ⅱ,1,330000,SW2021,2021-07-31 16:18:00
002419,002419.SZ,20220101,99991231,20170629,450301,450300,801203.SI,一般零售,1,450000,SW2021,2021-03-03 15:31:00
002420,002420.SZ,20220101,99991231,20210730,330601,330600,801116.SI,家电零部件Ⅱ,1,330000,SW2021,2021-07-31 16:18:00
002421,002421.SZ,20220101,99991231,20210730,710301,710300,801103.SI,IT服务Ⅱ,1,710000,SW2021,2021-07-31 16:18:00
002422,002422.SZ,20220101,99991231,20100120,370102,370100,801151.SI,化学制药,1,370000,SW2021,2015-10-27 15:29:00
002423,002423.SZ,20220101,99991231,20210730,490302,490300,801191.SI,多元金融,1,490000,SW2021,2021-07-31 16:18:00
002424,002424.SZ,20220101,99991231,20100120,370201,370200,801155.SI,中药Ⅱ,1,370000,SW2021,2015-10-27 15:28:00
002425,002425.SZ,20220101,99991231,20210730,720401,720400,801764.SI,游戏Ⅱ,1,720000,SW2021,2025-10-15 10:57:00
002426,002426.SZ,20220101,20220728,20210730,640108,640100,801072.SI,通用设备,1,640000,SW2021,2021-08-02 13:24:00
002426,002426.SZ,20220729,99991231,20220729,270504,270500,801085.SI,消费电子,1,270000,SW2021,2022-07-29 11:54:00
002427,002427.SZ,20220101,99991231,20100107,220401,220400,801032.SI,化学纤维,1,220000,SW2021,2015-10-27 15:29:00
002428,002428.SZ,20220101,99991231,20140221,240504,240500,801054.SI,小金属,1,240000,SW2021,2024-09-27 12:41:00
002429,002429.SZ,20220101,99991231,20110110,330201,330200,801112.SI,黑色家电,1,330000,SW2021,2017-05-26 10:00:00
002430,002430.SZ,20220101,20240729,20140221,640209,640200,801074.SI,专用设备,1,640000,SW2021,2024-09-27 12:41:00
002430,002430.SZ,20240730,99991231,20240730,220309,220300,801034.SI,化学制品,1,220000,SW2021,2025-10-15 10:57:00
002431,002431.SZ,20220101,99991231,20210730,620307,620300,801723.SI,基础建设,1,620000,SW2021,2021-08-02 13:20:00
002432,002432.SZ,20220101,20220728,20210730,370502,370500,801153.SI,医疗器械,1,370000,SW2021,2021-07-31 16:18:00
002432,002432.SZ,20220729,99991231,20220729,370504,370500,801153.SI,医疗器械,1,370000,SW2021,2022-07-29 11:54:00
002433,002433.SZ,20220101,99991231,20100128,370201,370200,801155.SI,中药Ⅱ,1,370000,SW2021,2015-10-27 15:29:00
002434,002434.SZ,20220101,99991231,20210730,280203,280200,801093.SI,汽车零部件,1,280000,SW2021,2025-01-08 14:36:00
002435,002435.SZ,20220101,99991231,20180713,370102,370100,801151.SI,化学制药,1,370000,SW2021,2020-12-04 14:32:00
002436,002436.SZ,20220101,99991231,20111010,270202,270200,801083.SI,元件,1,270000,SW2021,2015-10-27 15:29:00
002437,002437.SZ,20220101,99991231,20100101,370102,370100,801151.SI,化学制药,1,370000,SW2021,2015-10-27 15:29:00
002438,002438.SZ,20220101,99991231,20210730,640108,640100,801072.SI,通用设备,1,640000,SW2021,2025-10-15 10:57:00
002439,002439.SZ,20220101,99991231,20210730,710402,710400,801104.SI,软件开发,1,710000,SW2021,2023-06-01 14:03:00
002440,002440.SZ,20220101,99991231,20100110,220308,220300,801034.SI,化学制品,1,220000,SW2021,2015-10-27 15:29:00
002441,002441.SZ,20220101,99991231,20210730,630802,630800,801738.SI,电网设备,1,630000,SW2021,2025-10-15 10:57:00
002442,002442.SZ,20220101,99991231,20111010,220603,220600,801037.SI,橡胶,1,220000,SW2021,2019-08-09 15:39:00
002443,002443.SZ,20220101,99991231,20210730,230501,230500,801045.SI,特钢Ⅱ,1,230000,SW2021,2025-01-08 14:36:00
002444,002444.SZ,20220101,99991231,20140221,640106,640100,801072.SI,通用设备,1,640000,SW2021,2024-09-27 12:41:00
002445,002445.SZ,20220101,20220728,20210730,720401,720400,801764.SI,游戏Ⅱ,1,720000,SW2021,2021-07-31 16:18:00
002445,002445.SZ,20220729,99991231,20220729,640108,640100,801072.SI,通用设备,1,640000,SW2021,2025-10-15 10:57:00
002446,002446.SZ,20220101,99991231,20210730,650501,650500,801745.SI,军工电子Ⅱ,1,650000,SW2021,2025-10-15 10:57:00
002447,002447.SZ,20220101,99991231,20210730,720401,720400,801764.SI,游戏Ⅱ,1,720000,SW2021,2021-07-31 16:18:00
002448,002448.SZ,20220101,99991231,20210730,280203,280200,801093.SI,汽车零部件,1,280000,SW2021,2025-01-08 14:36:00
002449,002449.SZ,20220101,99991231,20111010,270302,270300,801084.SI,光学光电子,1,270000,SW2021,2015-10-27 15:28:00
002450,002450.SZ,20220101,99991231,20210730,220505,220500,801036.SI,塑料,1,220000,SW2021,2021-07-31 16:18:00
002451,002451.SZ,20220101,99991231,20210730,630805,630800,801738.SI,电网设备,1,630000,SW2021,2025-10-15 10:57:00
002452,002452.SZ,20220101,99991231,20210730,630801,630800,801738.SI,电网设备,1,630000,SW2021,2025-10-15 10:57:00
002453,002453.SZ,20220101,99991231,20100116,220309,220300,801034.SI,化学制品,1,220000,SW2021,2015-10-27 15:29:00
002454,002454.SZ,20220101,99991231,20210730,280206,280200,801093.SI,汽车零部件,1,280000,SW2021,2025-01-08 14:36:00
002455,002455.SZ,20220101,99991231,20100102,220309,220300,801034.SI,化学制品,1,220000,SW2021,2015-10-27 15:28:00
002456,002456.SZ,20220101,99991231,20111010,270303,270300,801084.SI,光学光电子,1,270000,SW2021,2015-10-27 15:29:00
002457,002457.SZ,20220101,99991231,20140221,610302,610300,801713.SI,装修建材,1,610000,SW2021,2024-09-27 12:41:00
002458,002458.SZ,20220101,99991231,20210730,110703,110700,801017.SI,养殖业,1,110000,SW2021,2022-11-17 08:30:00
002459,002459.SZ,20220101,99991231,20210730,630502,630500,801735.SI,光伏设备,1,630000,SW2021,2025-10-15 10:57:00
002460,002460.SZ,20220101,99991231,20210730,240603,240600,801056.SI,能源金属,1,240000,SW2021,2022-01-11 15:15:00
002461,002461.SZ,20220101,99991231,20210730,340601,340600,801126.SI,非白酒,1,340000,SW2021,2025-09-11 10:52:00
002462,002462.SZ,20220101,99991231,20210730,370402,370400,801154.SI,医药商业,1,370000,SW2021,2021-07-31 16:18:00
002463,002463.SZ,20220101,99991231,20111010,270202,270200,801083.SI,元件,1,270000,SW2021,2015-10-27 15:29:00
002464,002464.SZ,20220101,99991231,20210730,720401,720400,801764.SI,游戏Ⅱ,1,720000,SW2021,2021-07-31 16:18:00
002465,002465.SZ,20220101,99991231,20210730,650501,650500,801745.SI,军工电子Ⅱ,1,650000,SW2021,2025-10-15 10:57:00
002466,002466.SZ,20220101,99991231,20210730,240603,240600,801056.SI,能源金属,1,240000,SW2021,2026-02-26 16:27:00
002467,002467.SZ,20220101,99991231,20210730,730104,730100,801223.SI,通信服务,1,730000,SW2021,2026-06-01 14:47:00
002468,002468.SZ,20220101,99991231,20210730,420804,420800,801178.SI,物流,1,420000,SW2021,2025-10-15 10:57:00
002469,002469.SZ,20220101,99991231,20140221,620402,620400,801724.SI,专业工程,1,620000,SW2021,2024-09-27 12:41:00
002470,002470.SZ,20220101,99991231,20210730,220805,220800,801038.SI,农化制品,1,220000,SW2021,2021-07-31 16:18:00
002471,002471.SZ,20220101,99991231,20210730,630805,630800,801738.SI,电网设备,1,630000,SW2021,2025-10-15 10:57:00
002472,002472.SZ,20220101,99991231,20210730,280203,280200,801093.SI,汽车零部件,1,280000,SW2021,2023-07-24 13:01:00
002473,002473.SZ,20220101,99991231,20210730,330301,330300,801113.SI,小家电,1,330000,SW2021,2021-07-31 16:18:00
002474,002474.SZ,20220101,99991231,20210730,710301,710300,801103.SI,IT服务Ⅱ,1,710000,SW2021,2021-07-31 16:18:00
002475,002475.SZ,20220101,99991231,20210730,270504,270500,801085.SI,消费电子,1,270000,SW2021,2023-04-25 09:31:00
002476,002476.SZ,20220101,99991231,20210730,750303,750300,801963.SI,炼化及贸易,1,750000,SW2021,2021-07-31 16:18:00
002477,002477.SZ,20220101,99991231,20111010,110701,110700,801017.SI,养殖业,1,110000,SW2021,2015-10-27 15:28:00
002478,002478.SZ,20220101,99991231,20210730,230501,230500,801045.SI,特钢Ⅱ,1,230000,SW2021,2025-01-08 14:36:00
002479,002479.SZ,20220101,99991231,20210730,410104,410100,801161.SI,电力,1,410000,SW2021,2025-10-15 10:57:00
002480,002480.SZ,20220101,20230703,20210730,640108,640100,801072.SI,通用设备,1,640000,SW2021,2021-08-02 13:24:00
002480,002480.SZ,20230704,99991231,20230704,410106,410100,801161.SI,电力,1,410000,SW2021,2025-10-15 10:57:00
002481,002481.SZ,20220101,99991231,20210730,110504,110500,801012.SI,农产品加工,1,110000,SW2021,2023-07-04 13:39:00
002482,002482.SZ,20220101,99991231,20140221,620201,620200,801722.SI,装修装饰Ⅱ,1,620000,SW2021,2024-09-27 12:41:00
002483,002483.SZ,20220101,99991231,20210730,640203,640200,801074.SI,专用设备,1,640000,SW2021,2025-10-15 10:57:00
002484,002484.SZ,20220101,99991231,20111010,270203,270200,801083.SI,元件,1,270000,SW2021,2015-10-27 15:29:00
002485,002485.SZ,20220101,20250810,20210730,350209,350200,801132.SI,服装家纺,1,350000,SW2021,2021-07-31 16:18:00
002485,002485.SZ,20250811,99991231,20250811,420802,420800,801178.SI,物流,1,420000,SW2021,2025-08-11 17:30:00
002486,002486.SZ,20220101,20240729,20210730,350106,350100,801131.SI,纺织制造,1,350000,SW2021,2021-07-31 16:18:00
002486,002486.SZ,20240730,99991231,20240730,350208,350200,801132.SI,服装家纺,1,350000,SW2021,2024-07-30 12:45:00
002487,002487.SZ,20220101,99991231,20210730,630602,630600,801736.SI,风电设备,1,630000,SW2021,2025-10-15 10:57:00
002488,002488.SZ,20220101,99991231,20210730,280204,280200,801093.SI,汽车零部件,1,280000,SW2021,2025-01-08 14:36:00
002489,002489.SZ,20220101,99991231,20210730,360307,360300,801142.SI,家居用品,1,360000,SW2021,2021-07-31 16:18:00
002490,002490.SZ,20220101,99991231,20140221,640203,640200,801074.SI,专用设备,1,640000,SW2021,2024-09-27 12:41:00
002491,002491.SZ,20220101,99991231,20210730,730205,730200,801102.SI,通信设备,1,730000,SW2021,2026-06-01 14:47:00
002492,002492.SZ,20220101,99991231,20210730,420806,420800,801178.SI,物流,1,420000,SW2021,2025-10-15 10:57:00
002493,002493.SZ,20220101,99991231,20210730,750301,750300,801963.SI,炼化及贸易,1,750000,SW2021,2026-02-26 16:27:00
002494,002494.SZ,20220101,99991231,20210730,350209,350200,801132.SI,服装家纺,1,350000,SW2021,2021-07-31 16:18:00
002495,002495.SZ,20220101,99991231,20210730,340901,340900,801129.SI,调味发酵品Ⅱ,1,340000,SW2021,2021-07-31 16:18:00
002496,002496.SZ,20220101,99991231,20210730,220803,220800,801038.SI,农化制品,1,220000,SW2021,2021-07-31 16:18:00
002497,002497.SZ,20220101,20220728,20100127,220307,220300,801034.SI,化学制品,1,220000,SW2021,2015-10-27 15:29:00
002497,002497.SZ,20220729,20240729,20220729,240603,240600,801056.SI,能源金属,1,240000,SW2021,2022-07-29 11:54:00
002497,002497.SZ,20240730,99991231,20240730,220307,220300,801034.SI,化学制品,1,220000,SW2021,2025-09-09 10:17:00
002498,002498.SZ,20220101,99991231,20210730,630805,630800,801738.SI,电网设备,1,630000,SW2021,2025-10-15 10:57:00
002499,002499.SZ,20220101,20220728,20210730,410106,410100,801161.SI,电力,1,410000,SW2021,2021-07-31 16:18:00
002499,002499.SZ,20220729,99991231,20220729,450603,450600,801206.SI,互联网电商,1,450000,SW2021,2022-10-11 14:52:00
002500,002500.SZ,20220101,99991231,20140221,490101,490100,801193.SI,证券Ⅱ,1,490000,SW2021,2024-09-27 12:41:00
002501,002501.SZ,20220101,99991231,20140221,240301,240300,801055.SI,工业金属,1,240000,SW2021,2024-09-27 12:41:00
002502,002502.SZ,20220101,20220728,20210730,720601,720600,801766.SI,影视院线,1,720000,SW2021,2021-07-31 16:18:00
002502,002502.SZ,20220729,20230703,20220729,720401,720400,801764.SI,游戏Ⅱ,1,720000,SW2021,2022-07-29 11:54:00
002502,002502.SZ,20230704,99991231,20230704,240504,240500,801054.SI,小金属,1,240000,SW2021,2023-07-04 15:14:00
002503,002503.SZ,20220101,99991231,20210730,350209,350200,801132.SI,服装家纺,1,350000,SW2021,2021-07-31 16:18:00
002504,002504.SZ,20220101,99991231,20150701,620201,620200,801722.SI,装修装饰Ⅱ,1,620000,SW2021,2015-10-27 15:29:00
002505,002505.SZ,20220101,99991231,20210730,110704,110700,801017.SI,养殖业,1,110000,SW2021,2021-07-31 16:18:00
002506,002506.SZ,20220101,99991231,20210730,630502,630500,801735.SI,光伏设备,1,630000,SW2021,2025-10-15 10:57:00
002507,002507.SZ,20220101,99991231,20210730,340901,340900,801129.SI,调味发酵品Ⅱ,1,340000,SW2021,2025-06-01 08:45:00
002508,002508.SZ,20220101,99991231,20210730,330401,330400,801114.SI,厨卫电器,1,330000,SW2021,2023-01-09 15:15:00
002509,002509.SZ,20220101,99991231,20140221,640204,640200,801074.SI,专用设备,1,640000,SW2021,2024-09-27 12:41:00
002510,002510.SZ,20220101,99991231,20210730,280205,280200,801093.SI,汽车零部件,1,280000,SW2021,2025-01-08 14:36:00
002511,002511.SZ,20220101,99991231,20210730,770101,770100,801981.SI,个护用品,1,770000,SW2021,2024-02-08 18:50:00
002512,002512.SZ,20220101,99991231,20210730,710103,710100,801101.SI,计算机设备,1,710000,SW2021,2021-07-31 16:18:00
002513,002513.SZ,20220101,99991231,20210730,220803,220800,801038.SI,农化制品,1,220000,SW2021,2021-07-31 16:18:00
002514,002514.SZ,20220101,99991231,20210730,640108,640100,801072.SI,通用设备,1,640000,SW2021,2025-10-15 10:57:00
002515,002515.SZ,20220101,99991231,20111010,340401,340400,801124.SI,食品加工,1,340000,SW2021,2019-08-09 15:40:00
002516,002516.SZ,20220101,99991231,20210730,280202,280200,801093.SI,汽车零部件,1,280000,SW2021,2025-01-08 14:36:00
002517,002517.SZ,20220101,99991231,20210730,720401,720400,801764.SI,游戏Ⅱ,1,720000,SW2021,2025-10-15 10:57:00
002518,002518.SZ,20220101,99991231,20210730,630306,630300,801733.SI,其他电源设备Ⅱ,1,630000,SW2021,2025-12-03 11:07:00
002519,002519.SZ,20220101,20230820,20100124,330202,330200,801112.SI,黑色家电,1,330000,SW2021,2024-07-04 08:54:00
002519,002519.SZ,20230821,99991231,20230821,650301,650300,801743.SI,地面兵装Ⅱ,1,650000,SW2021,2025-10-15 10:57:00
002520,002520.SZ,20220101,99991231,20140221,640101,640100,801072.SI,通用设备,1,640000,SW2021,2024-09-27 12:41:00
002521,002521.SZ,20220101,99991231,20210730,360103,360100,801143.SI,造纸,1,360000,SW2021,2021-10-08 10:30:00
002522,002522.SZ,20220101,99991231,20210730,220505,220500,801036.SI,塑料,1,220000,SW2021,2021-07-31 16:18:00
002523,002523.SZ,20220101,99991231,20210730,640203,640200,801074.SI,专用设备,1,640000,SW2021,2025-10-15 10:57:00
002524,002524.SZ,20220101,99991231,20210730,370604,370600,801156.SI,医疗服务,1,370000,SW2021,2021-07-31 16:18:00
002525,002525.SZ,20220101,99991231,20100108,340303,340300,,,,,,2015-10-27 15:29:00
002526,002526.SZ,20220101,99991231,20140221,640203,640200,801074.SI,专用设备,1,640000,SW2021,2024-09-27 12:41:00
002527,002527.SZ,20220101,20240729,20210730,640701,640700,801078.SI,自动化设备,1,640000,SW2021,2024-01-02 14:12:00
002527,002527.SZ,20240730,99991231,20240730,640204,640200,801074.SI,专用设备,1,640000,SW2021,2025-10-15 10:57:00
002528,002528.SZ,20220101,99991231,20210730,710102,710100,801101.SI,计算机设备,1,710000,SW2021,2021-07-31 16:18:00
002529,002529.SZ,20220101,99991231,20140221,640209,640200,801074.SI,专用设备,1,640000,SW2021,2024-09-27 12:41:00
002530,002530.SZ,20220101,20240729,20210730,710301,710300,801103.SI,IT服务Ⅱ,1,710000,SW2021,2021-07-31 16:18:00
002530,002530.SZ,20240730,99991231,20240730,640209,640200,801074.SI,专用设备,1,640000,SW2021,2025-10-15 10:57:00
002531,002531.SZ,20220101,99991231,20210730,630602,630600,801736.SI,风电设备,1,630000,SW2021,2025-10-15 10:57:00
002532,002532.SZ,20220101,99991231,20210730,240301,240300,801055.SI,工业金属,1,240000,SW2021,2024-09-12 09:21:00
002533,002533.SZ,20220101,99991231,20210730,630805,630800,801738.SI,电网设备,1,630000,SW2021,2025-10-15 10:57:00
002534,002534.SZ,20220101,99991231,20210730,630304,630300,801733.SI,其他电源设备Ⅱ,1,630000,SW2021,2025-12-12 14:50:00
002535,002535.SZ,20220101,99991231,20140221,640203,640200,801074.SI,专用设备,1,640000,SW2021,2024-09-27 12:41:00
002536,002536.SZ,20220101,99991231,20210730,280203,280200,801093.SI,汽车零部件,1,280000,SW2021,2025-01-08 14:36:00
002537,002537.SZ,20220101,99991231,20210730,280202,280200,801093.SI,汽车零部件,1,280000,SW2021,2025-01-08 14:36:00
002538,002538.SZ,20220101,99991231,20210730,220805,220800,801038.SI,农化制品,1,220000,SW2021,2021-07-31 16:18:00
002539,002539.SZ,20220101,99991231,20210730,220805,220800,801038.SI,农化制品,1,220000,SW2021,2022-05-19 11:18:00
002540,002540.SZ,20220101,99991231,20140221,240301,240300,801055.SI,工业金属,1,240000,SW2021,2024-09-27 12:41:00
002541,002541.SZ,20220101,99991231,20140221,620401,620400,801724.SI,专业工程,1,620000,SW2021,2024-09-27 12:41:00
002542,002542.SZ,20220101,99991231,20140221,620404,620400,801724.SI,专业工程,1,620000,SW2021,2024-09-27 12:41:00
002543,002543.SZ,20220101,99991231,20210730,330402,330400,801114.SI,厨卫电器,1,330000,SW2021,2025-01-24 16:29:00
002544,002544.SZ,20220101,99991231,20210730,730103,730100,801223.SI,通信服务,1,730000,SW2021,2025-10-15 10:57:00
002545,002545.SZ,20220101,20220728,20210730,620401,620400,801724.SI,专业工程,1,620000,SW2021,2021-07-31 16:18:00
002545,002545.SZ,20220729,99991231,20220729,220804,220800,801038.SI,农化制品,1,220000,SW2021,2022-07-29 11:54:00
002546,002546.SZ,20220101,99991231,20210730,630804,630800,801738.SI,电网设备,1,630000,SW2021,2025-10-15 10:57:00
002547,002547.SZ,20220101,20220728,20210730,270504,270500,801085.SI,消费电子,1,270000,SW2021,2021-07-31 16:18:00
002547,002547.SZ,20220729,99991231,20220729,280205,280200,801093.SI,汽车零部件,1,280000,SW2021,2025-01-08 14:36:00
002548,002548.SZ,20220101,99991231,20210730,110402,110400,801014.SI,饲料,1,110000,SW2021,2024-05-27 10:52:00
002549,002549.SZ,20220101,99991231,20111010,220309,220300,801034.SI,化学制品,1,220000,SW2021,2019-08-09 15:39:00
002550,002550.SZ,20220101,99991231,20190724,370102,370100,801151.SI,化学制药,1,370000,SW2021,2020-12-04 14:32:00
002551,002551.SZ,20220101,99991231,20210730,370503,370500,801153.SI,医疗器械,1,370000,SW2021,2021-07-31 16:18:00
002552,002552.SZ,20220101,99991231,20210730,640108,640100,801072.SI,通用设备,1,640000,SW2021,2025-10-15 10:57:00
002553,002553.SZ,20220101,99991231,20210730,280203,280200,801093.SI,汽车零部件,1,280000,SW2021,2025-01-08 14:36:00
002554,002554.SZ,20220101,99991231,20210730,750202,750200,801962.SI,油服工程,1,750000,SW2021,2022-08-01 16:29:00
002555,002555.SZ,20220101,99991231,20210730,720401,720400,801764.SI,游戏Ⅱ,1,720000,SW2021,2025-10-15 10:57:00
002556,002556.SZ,20220101,99991231,20210730,110901,110900,801019.SI,农业综合Ⅱ,0,110000,SW2021,2021-07-31 16:18:00
002557,002557.SZ,20220101,99991231,20210730,340801,340800,801128.SI,休闲食品,1,340000,SW2021,2025-09-11 10:52:00
002558,002558.SZ,20220101,99991231,20210730,720401,720400,801764.SI,游戏Ⅱ,1,720000,SW2021,2025-10-15 10:57:00
002559,002559.SZ,20220101,99991231,20140221,640101,640100,801072.SI,通用设备,1,640000,SW2021,2024-09-27 12:41:00
002560,002560.SZ,20220101,99991231,20210730,630805,630800,801738.SI,电网设备,1,630000,SW2021,2025-10-15 10:57:00
002561,002561.SZ,20220101,99991231,20140221,450301,450300,801203.SI,一般零售,1,450000,SW2021,2024-09-27 12:41:00
002562,002562.SZ,20220101,99991231,20210730,220315,220300,801034.SI,化学制品,1,220000,SW2021,2021-07-31 16:18:00
002563,002563.SZ,20220101,99991231,20210730,350209,350200,801132.SI,服装家纺,1,350000,SW2021,2025-01-24 16:29:00
002564,002564.SZ,20220101,20220728,20140221,640203,640200,801074.SI,专用设备,1,640000,SW2021,2024-09-27 12:41:00
002564,002564.SZ,20220729,99991231,20220729,620404,620400,801724.SI,专业工程,1,620000,SW2021,2022-07-29 11:54:00
002565,002565.SZ,20220101,99991231,20210730,360205,360200,801141.SI,包装印刷,1,360000,SW2021,2021-07-31 16:18:00
002566,002566.SZ,20220101,99991231,20110109,370201,370200,801155.SI,中药Ⅱ,1,370000,SW2021,2015-10-27 15:29:00
002567,002567.SZ,20220101,99991231,20210730,110402,110400,801014.SI,饲料,1,110000,SW2021,2024-05-27 10:52:00
002568,002568.SZ,20220101,99991231,20210730,340602,340600,801126.SI,非白酒,1,340000,SW2021,2022-05-09 13:59:00
002569,002569.SZ,20220101,99991231,20210730,350209,350200,801132.SI,服装家纺,1,350000,SW2021,2022-06-02 10:30:00
002570,002570.SZ,20220101,99991231,20210730,340702,340700,801127.SI,饮料乳品,1,340000,SW2021,2021-07-31 16:18:00
002571,002571.SZ,20220101,99991231,20210730,360311,360300,801142.SI,家居用品,1,360000,SW2021,2021-07-31 16:18:00
002572,002572.SZ,20220101,99991231,20210730,360308,360300,801142.SI,家居用品,1,360000,SW2021,2024-03-14 10:16:00
002573,002573.SZ,20220101,20230703,20210730,760101,760100,801971.SI,环境治理,1,760000,SW2021,2021-07-31 16:18:00
002573,002573.SZ,20230704,99991231,20230704,760102,760100,801971.SI,环境治理,1,760000,SW2021,2025-10-15 10:57:00
002574,002574.SZ,20220101,99991231,20210730,350301,350300,801133.SI,饰品,1,350000,SW2021,2021-07-31 16:18:00
002575,002575.SZ,20220101,99991231,20210730,360502,360500,801145.SI,文娱用品,1,360000,SW2021,2021-07-31 16:18:00
002576,002576.SZ,20220101,99991231,20140221,630101,630100,801731.SI,电机Ⅱ,1,630000,SW2021,2024-09-27 12:41:00
002577,002577.SZ,20220101,99991231,20210730,710103,710100,801101.SI,计算机设备,1,710000,SW2021,2021-07-31 16:18:00
002578,002578.SZ,20220101,99991231,20140221,240301,240300,801055.SI,工业金属,1,240000,SW2021,2024-09-27 12:41:00
002579,002579.SZ,20220101,99991231,20111010,270202,270200,801083.SI,元件,1,270000,SW2021,2015-10-27 15:29:00
002580,002580.SZ,20220101,99991231,20210730,630705,630700,801737.SI,电池,1,630000,SW2021,2025-10-15 10:57:00
002581,002581.SZ,20220101,99991231,20210730,370304,370300,801152.SI,生物制品,1,370000,SW2021,2021-07-31 16:18:00
002582,002582.SZ,20220101,99991231,20210730,340801,340800,801128.SI,休闲食品,1,340000,SW2021,2021-07-31 16:18:00
002583,002583.SZ,20220101,99991231,20210730,730204,730200,801102.SI,通信设备,1,730000,SW2021,2025-10-15 10:57:00
002584,002584.SZ,20220101,99991231,20210730,270601,270600,801086.SI,电子化学品Ⅱ,1,270000,SW2021,2021-07-31 16:18:00
002585,002585.SZ,20220101,99991231,20210730,220505,220500,801036.SI,塑料,1,220000,SW2021,2021-07-31 16:18:00
002586,002586.SZ,20220101,99991231,20210730,620306,620300,801723.SI,基础建设,1,620000,SW2021,2021-07-31 16:18:00
002587,002587.SZ,20220101,99991231,20111010,270302,270300,801084.SI,光学光电子,1,270000,SW2021,2015-10-27 15:28:00
002588,002588.SZ,20220101,99991231,20210730,220805,220800,801038.SI,农化制品,1,220000,SW2021,2024-04-01 15:29:00
002589,002589.SZ,20220101,99991231,20210730,370402,370400,801154.SI,医药商业,1,370000,SW2021,2021-07-31 16:18:00
002590,002590.SZ,20220101,99991231,20210730,280203,280200,801093.SI,汽车零部件,1,280000,SW2021,2025-01-08 14:36:00
002591,002591.SZ,20220101,20220728,20210730,720501,720500,801765.SI,广告营销,1,720000,SW2021,2021-07-31 16:18:00
002591,002591.SZ,20220729,99991231,20220729,220309,220300,801034.SI,化学制品,1,220000,SW2021,2022-07-29 11:54:00
002592,002592.SZ,20220101,99991231,20210730,280203,280200,801093.SI,汽车零部件,1,280000,SW2021,2025-01-08 14:36:00
002593,002593.SZ,20220101,99991231,20190724,620401,620400,801724.SI,专业工程,1,620000,SW2021,2019-08-09 15:39:00
002594,002594.SZ,20220101,99991231,20210730,280501,280500,801095.SI,乘用车,1,280000,SW2021,2021-07-31 16:18:00
002595,002595.SZ,20220101,99991231,20170629,640209,640200,801074.SI,专用设备,1,640000,SW2021,2021-05-07 09:10:00
002596,002596.SZ,20220101,99991231,20210730,610102,610100,801711.SI,水泥,1,610000,SW2021,2024-01-14 08:47:00
002597,002597.SZ,20220101,99991231,20210730,220315,220300,801034.SI,化学制品,1,220000,SW2021,2024-01-19 10:58:00
002598,002598.SZ,20220101,99991231,20140221,640106,640100,801072.SI,通用设备,1,640000,SW2021,2024-09-27 12:41:00
002599,002599.SZ,20220101,99991231,20210730,360202,360200,801141.SI,包装印刷,1,360000,SW2021,2021-07-31 16:18:00
002600,002600.SZ,20220101,99991231,20210730,270504,270500,801085.SI,消费电子,1,270000,SW2021,2025-03-17 07:48:00
002601,002601.SZ,20220101,99991231,20210730,220206,220200,801033.SI,化学原料,1,220000,SW2021,2022-03-21 19:17:00
002602,002602.SZ,20220101,99991231,20210730,720401,720400,801764.SI,游戏Ⅱ,1,720000,SW2021,2026-02-26 16:27:00
002603,002603.SZ,20220101,99991231,20110119,370201,370200,801155.SI,中药Ⅱ,1,370000,SW2021,2015-10-27 15:29:00
002604,002604.SZ,20220101,99991231,20111010,110504,110500,801012.SI,农产品加工,1,110000,SW2021,2019-08-09 15:39:00
002605,002605.SZ,20220101,99991231,20210917,720401,720400,801764.SI,游戏Ⅱ,1,720000,SW2021,2025-10-15 10:57:00
002606,002606.SZ,20220101,99991231,20210730,630805,630800,801738.SI,电网设备,1,630000,SW2021,2025-10-15 10:57:00
002607,002607.SZ,20220101,99991231,20210730,461102,461100,801994.SI,教育,1,460000,SW2021,2025-10-15 10:57:00
002608,002608.SZ,20220101,99991231,20180713,410101,410100,801161.SI,电力,1,410000,SW2021,2021-03-03 15:51:00
002609,002609.SZ,20220101,99991231,20210730,710301,710300,801103.SI,IT服务Ⅱ,1,710000,SW2021,2021-07-31 16:18:00
002610,002610.SZ,20220101,99991231,20210730,630504,630500,801735.SI,光伏设备,1,630000,SW2021,2024-06-26 13:11:00
002611,002611.SZ,20220101,99991231,20200617,640208,640200,801074.SI,专用设备,1,640000,SW2021,2020-06-17 18:34:00
002612,002612.SZ,20220101,99991231,20210730,350209,350200,801132.SI,服装家纺,1,350000,SW2021,2026-01-26 16:15:00
002613,002613.SZ,20220101,99991231,20210730,610201,610200,801712.SI,玻璃玻纤,1,610000,SW2021,2021-08-04 10:42:00
002614,002614.SZ,20220101,99991231,20210730,330701,330700,801117.SI,其他家电Ⅱ,0,330000,SW2021,2023-01-09 16:27:00
002615,002615.SZ,20220101,99991231,20210730,360311,360300,801142.SI,家居用品,1,360000,SW2021,2021-07-31 16:18:00
002616,002616.SZ,20220101,99991231,20210730,410109,410100,801161.SI,电力,1,410000,SW2021,2025-10-15 10:57:00
002617,002617.SZ,20220101,99991231,20210730,410106,410100,801161.SI,电力,1,410000,SW2021,2025-10-15 10:57:00
002618,002618.SZ,20220101,99991231,20111010,270202,270200,801083.SI,元件,1,270000,SW2021,2020-12-04 14:41:00
002619,002619.SZ,20220101,99991231,20210730,720401,720400,801764.SI,游戏Ⅱ,1,720000,SW2021,2021-07-31 16:18:00
002620,002620.SZ,20220101,99991231,20140221,620201,620200,801722.SI,装修装饰Ⅱ,1,620000,SW2021,2024-09-27 12:41:00
002621,002621.SZ,20220101,99991231,20210730,461102,461100,801994.SI,教育,1,460000,SW2021,2022-05-10 15:09:00
002622,002622.SZ,20220101,20230703,20210730,630801,630800,801738.SI,电网设备,1,630000,SW2021,2022-10-11 14:52:00
002622,002622.SZ,20230704,99991231,20230704,370604,370600,801156.SI,医疗服务,1,370000,SW2021,2023-07-04 15:14:00
002623,002623.SZ,20220101,99991231,20210730,630504,630500,801735.SI,光伏设备,1,630000,SW2021,2025-10-15 10:57:00
002624,002624.SZ,20220101,99991231,20210730,720401,720400,801764.SI,游戏Ⅱ,1,720000,SW2021,2026-04-02 13:26:00
002625,002625.SZ,20220101,99991231,20210730,650201,650200,801742.SI,航空装备Ⅱ,1,650000,SW2021,2025-10-15 10:57:00
002626,002626.SZ,20220101,99991231,20210730,340407,340400,801124.SI,食品加工,1,340000,SW2021,2021-07-31 16:18:00
002627,002627.SZ,20220101,20250925,20210730,420902,420900,801179.SI,铁路公路,1,420000,SW2021,2025-09-18 17:27:00
002627,002627.SZ,20250926,99991231,20250926,461004,461000,801993.SI,旅游及景区,1,460000,SW2021,2025-10-17 14:23:00
002628,002628.SZ,20220101,99991231,20210730,620306,620300,801723.SI,基础建设,1,620000,SW2021,2021-07-31 16:18:00
002629,002629.SZ,20220101,99991231,20210730,750201,750200,801962.SI,油服工程,1,750000,SW2021,2023-10-23 16:18:00
002630,002630.SZ,20220101,99991231,20140221,630304,630300,801733.SI,其他电源设备Ⅱ,1,630000,SW2021,2024-09-27 12:41:00
002631,002631.SZ,20220101,20250810,20210730,360308,360300,801142.SI,家居用品,1,360000,SW2021,2021-07-31 16:18:00
002631,002631.SZ,20250811,99991231,20250811,360306,360300,801142.SI,家居用品,1,360000,SW2021,2025-08-11 17:30:00
002632,002632.SZ,20220101,99991231,20210730,220505,220500,801036.SI,塑料,1,220000,SW2021,2022-01-01 15:33:00
002633,002633.SZ,20220101,99991231,20210730,640108,640100,801072.SI,通用设备,1,640000,SW2021,2025-10-15 10:57:00
002634,002634.SZ,20220101,20240729,20210730,350205,350200,801132.SI,服装家纺,1,350000,SW2021,2021-07-31 16:18:00
002634,002634.SZ,20240730,99991231,20240730,350209,350200,801132.SI,服装家纺,1,350000,SW2021,2024-07-30 12:45:00
002635,002635.SZ,20220101,99991231,20210730,270504,270500,801085.SI,消费电子,1,270000,SW2021,2023-04-25 09:31:00
002636,002636.SZ,20220101,99991231,20111116,270202,270200,801083.SI,元件,1,270000,SW2021,2015-10-27 15:29:00
002637,002637.SZ,20220101,99991231,20210730,220309,220300,801034.SI,化学制品,1,220000,SW2021,2025-09-26 17:00:00
002638,002638.SZ,20220101,20240729,20210730,461102,461100,801994.SI,教育,1,460000,SW2021,2022-10-11 14:52:00
002638,002638.SZ,20240730,99991231,20240730,330501,330500,801115.SI,照明设备Ⅱ,1,330000,SW2021,2025-01-08 14:36:00
002639,002639.SZ,20220101,99991231,20140221,640105,640100,801072.SI,通用设备,1,640000,SW2021,2024-09-27 12:41:00
002640,002640.SZ,20220101,99991231,20210730,450602,450600,801206.SI,互联网电商,1,450000,SW2021,2021-07-31 16:18:00
002641,002641.SZ,20220101,99991231,20140221,610302,610300,801713.SI,装修建材,1,610000,SW2021,2024-09-27 12:41:00
002642,002642.SZ,20220101,99991231,20210730,710301,710300,801103.SI,IT服务Ⅱ,1,710000,SW2021,2021-07-31 16:18:00
002643,002643.SZ,20220101,99991231,20210730,270601,270600,801086.SI,电子化学品Ⅱ,1,270000,SW2021,2025-12-31 11:32:00
002644,002644.SZ,20220101,99991231,20110113,370201,370200,801155.SI,中药Ⅱ,1,370000,SW2021,2015-10-27 15:28:00
002645,002645.SZ,20220101,99991231,20210730,760201,760200,801972.SI,环保设备Ⅱ,1,760000,SW2021,2025-10-15 10:57:00
002646,002646.SZ,20220101,99991231,20210730,340501,340500,801125.SI,白酒Ⅱ,1,340000,SW2021,2021-07-31 16:18:00
002647,002647.SZ,20220101,99991231,20210730,490306,490300,801191.SI,多元金融,1,490000,SW2021,2021-07-31 16:18:00
002648,002648.SZ,20220101,20220728,20211203,220309,220300,801034.SI,化学制品,1,220000,SW2021,2022-07-16 10:18:00
002648,002648.SZ,20220729,99991231,20220729,220204,220200,801033.SI,化学原料,1,220000,SW2021,2025-09-11 15:39:00
002649,002649.SZ,20220101,99991231,20210730,710301,710300,801103.SI,IT服务Ⅱ,1,710000,SW2021,2021-07-31 16:18:00
002650,002650.SZ,20220101,99991231,20210730,340901,340900,801129.SI,调味发酵品Ⅱ,1,340000,SW2021,2021-07-31 16:18:00
002651,002651.SZ,20220101,20220728,20140221,640203,640200,801074.SI,专用设备,1,640000,SW2021,2024-09-27 12:41:00
002651,002651.SZ,20220729,99991231,20220729,650201,650200,801742.SI,航空装备Ⅱ,1,650000,SW2021,2025-10-15 10:57:00
002652,002652.SZ,20220101,99991231,20140221,610303,610300,801713.SI,装修建材,1,610000,SW2021,2024-09-27 12:41:00
002653,002653.SZ,20220101,99991231,20120109,370102,370100,801151.SI,化学制药,1,370000,SW2021,2015-10-27 15:28:00
002654,002654.SZ,20220101,99991231,20210730,270302,270300,801084.SI,光学光电子,1,270000,SW2021,2021-07-31 16:18:00
002655,002655.SZ,20220101,99991231,20210730,270504,270500,801085.SI,消费电子,1,270000,SW2021,2023-04-25 09:31:00
002656,002656.SZ,20220101,99991231,20210730,350209,350200,801132.SI,服装家纺,1,350000,SW2021,2021-07-31 16:18:00
002657,002657.SZ,20220101,99991231,20210730,710301,710300,801103.SI,IT服务Ⅱ,1,710000,SW2021,2021-07-31 16:18:00
002658,002658.SZ,20220101,99991231,20210730,760201,760200,801972.SI,环保设备Ⅱ,1,760000,SW2021,2026-04-02 13:26:00
002659,002659.SZ,20220101,99991231,20210730,461101,461100,801994.SI,教育,1,460000,SW2021,2022-10-11 14:52:00
002660,002660.SZ,20220101,99991231,20210730,270504,270500,801085.SI,消费电子,1,270000,SW2021,2023-04-25 09:31:00
002661,002661.SZ,20220101,20230330,20210730,110504,110500,801012.SI,农产品加工,1,110000,SW2021,2021-12-01 08:56:00
002661,002661.SZ,20230331,99991231,20230331,340406,340400,801124.SI,食品加工,1,340000,SW2021,2023-04-03 11:04:00
002662,002662.SZ,20220101,99991231,20210730,280202,280200,801093.SI,汽车零部件,1,280000,SW2021,2025-01-08 14:36:00
002663,002663.SZ,20220101,99991231,20210730,620307,620300,801723.SI,基础建设,1,620000,SW2021,2021-08-02 13:20:00
002664,002664.SZ,20220101,99991231,20210730,280206,280200,801093.SI,汽车零部件,1,280000,SW2021,2025-01-08 14:36:00
002665,002665.SZ,20220101,99991231,20210730,630306,630300,801733.SI,其他电源设备Ⅱ,1,630000,SW2021,2022-10-11 14:52:00
002666,002666.SZ,20220101,99991231,20120114,220309,220300,801034.SI,化学制品,1,220000,SW2021,2015-10-27 15:28:00
002667,002667.SZ,20220101,99991231,20140221,640203,640200,801074.SI,专用设备,1,640000,SW2021,2024-09-27 12:41:00
002668,002668.SZ,20220101,99991231,20210730,330106,330100,801111.SI,白色家电,1,330000,SW2021,2021-07-31 16:18:00
002669,002669.SZ,20220101,99991231,20210730,220317,220300,801034.SI,化学制品,1,220000,SW2021,2021-07-31 16:18:00
002670,002670.SZ,20220101,99991231,20170629,490101,490100,801193.SI,证券Ⅱ,1,490000,SW2021,2021-03-03 15:36:00
002671,002671.SZ,20220101,99991231,20210730,610102,610100,801711.SI,水泥,1,610000,SW2021,2023-12-07 10:03:00
002672,002672.SZ,20220101,99991231,20210730,760103,760100,801971.SI,环境治理,1,760000,SW2021,2025-10-15 10:57:00
002673,002673.SZ,20220101,99991231,20140221,490101,490100,801193.SI,证券Ⅱ,1,490000,SW2021,2024-09-27 12:41:00
002674,002674.SZ,20220101,99991231,20120702,350105,350100,801131.SI,纺织制造,1,350000,SW2021,2019-08-09 15:38:00
002675,002675.SZ,20220101,99991231,20170629,370102,370100,801151.SI,化学制药,1,370000,SW2021,2020-12-04 14:32:00
002676,002676.SZ,20220101,99991231,20210730,330601,330600,801116.SI,家电零部件Ⅱ,1,330000,SW2021,2021-07-31 16:18:00
002677,002677.SZ,20220101,99991231,20210730,330401,330400,801114.SI,厨卫电器,1,330000,SW2021,2023-01-09 15:15:00
002678,002678.SZ,20220101,99991231,20210730,360502,360500,801145.SI,文娱用品,1,360000,SW2021,2025-01-24 16:29:00
002679,002679.SZ,20220101,99991231,20120123,110301,110300,801011.SI,林业Ⅱ,0,110000,SW2021,2015-10-27 15:28:00
002680,002680.SZ,20220101,99991231,20170520,370301,370300,801152.SI,生物制品,1,370000,SW2021,2019-08-09 15:40:00
002681,002681.SZ,20220101,99991231,20210730,270504,270500,801085.SI,消费电子,1,270000,SW2021,2023-04-25 09:31:00
002682,002682.SZ,20220101,99991231,20210730,420807,420800,801178.SI,物流,1,420000,SW2021,2025-10-15 10:57:00
002683,002683.SZ,20220101,99991231,20120130,220307,220300,801034.SI,化学制品,1,220000,SW2021,2015-10-27 15:29:00
002684,002684.SZ,20220101,99991231,20210730,280303,280300,801092.SI,汽车服务,1,280000,SW2021,2021-07-31 16:18:00
002685,002685.SZ,20220101,20240729,20190724,640101,640100,801072.SI,通用设备,1,640000,SW2021,2019-08-09 15:39:00
002685,002685.SZ,20240730,99991231,20240730,640601,640600,801077.SI,工程机械,1,640000,SW2021,2025-10-15 10:57:00
002686,002686.SZ,20220101,99991231,20210730,640105,640100,801072.SI,通用设备,1,640000,SW2021,2025-10-15 10:57:00
002687,002687.SZ,20220101,99991231,20210730,350209,350200,801132.SI,服装家纺,1,350000,SW2021,2021-07-31 16:18:00
002688,002688.SZ,20220101,99991231,20120105,110801,110800,801018.SI,动物保健Ⅱ,1,110000,SW2021,2015-10-27 15:29:00
002689,002689.SZ,20220101,99991231,20140221,640204,640200,801074.SI,专用设备,1,640000,SW2021,2024-09-27 12:41:00
002690,002690.SZ,20220101,99991231,20140221,640209,640200,801074.SI,专用设备,1,640000,SW2021,2024-09-27 12:41:00
002691,002691.SZ,20220101,99991231,20140221,640203,640200,801074.SI,专用设备,1,640000,SW2021,2024-09-27 12:41:00
002692,002692.SZ,20220101,99991231,20210730,630805,630800,801738.SI,电网设备,1,630000,SW2021,2025-10-15 10:57:00
002693,002693.SZ,20220101,20220728,20210730,370304,370300,801152.SI,生物制品,1,370000,SW2021,2021-07-31 16:18:00
002693,002693.SZ,20220729,99991231,20220729,370102,370100,801151.SI,化学制药,1,370000,SW2021,2022-07-29 11:54:00
002694,002694.SZ,20220101,99991231,20140221,610302,610300,801713.SI,装修建材,1,610000,SW2021,2024-09-27 12:41:00
002695,002695.SZ,20220101,99991231,20210730,340803,340800,801128.SI,休闲食品,1,340000,SW2021,2021-12-01 08:56:00
002696,002696.SZ,20220101,20220728,20120127,110202,110200,801015.SI,渔业,1,110000,SW2021,2015-10-27 15:28:00
002696,002696.SZ,20220729,99991231,20220729,110403,110400,801014.SI,饲料,1,110000,SW2021,2024-05-27 10:52:00
002697,002697.SZ,20220101,99991231,20140221,450302,450300,801203.SI,一般零售,1,450000,SW2021,2024-09-27 12:41:00
002698,002698.SZ,20220101,99991231,20210730,640701,640700,801078.SI,自动化设备,1,640000,SW2021,2025-10-15 10:57:00
002699,002699.SZ,20220101,99991231,20210730,720601,720600,801766.SI,影视院线,1,720000,SW2021,2021-07-31 16:18:00
002700,002700.SZ,20220101,99991231,20120111,410301,410300,801163.SI,燃气Ⅱ,1,410000,SW2021,2015-10-27 15:29:00
002701,002701.SZ,20220101,99991231,20210730,360203,360200,801141.SI,包装印刷,1,360000,SW2021,2024-03-14 10:17:00
002702,002702.SZ,20220101,99991231,20210730,340406,340400,801124.SI,食品加工,1,340000,SW2021,2021-07-31 16:18:00
002703,002703.SZ,20220101,99991231,20210730,280203,280200,801093.SI,汽车零部件,1,280000,SW2021,2025-01-08 14:36:00
002705,002705.SZ,20220101,99991231,20210730,330301,330300,801113.SI,小家电,1,330000,SW2021,2023-01-09 16:21:00
002706,002706.SZ,20220101,99991231,20210730,630802,630800,801738.SI,电网设备,1,630000,SW2021,2025-10-15 10:57:00
002707,002707.SZ,20220101,99991231,20210730,461004,461000,801993.SI,旅游及景区,1,460000,SW2021,2024-04-01 15:29:00
002708,002708.SZ,20220101,99991231,20210730,280203,280200,801093.SI,汽车零部件,1,280000,SW2021,2025-01-08 14:36:00
002709,002709.SZ,20220101,99991231,20210730,630702,630700,801737.SI,电池,1,630000,SW2021,2025-12-03 14:34:00
002710,002710.SZ,20220101,99991231,20140108,370601,370600,801156.SI,医疗服务,1,370000,SW2021,2015-10-27 15:28:00
002711,002711.SZ,20220101,99991231,20210730,420802,420800,801178.SI,物流,1,420000,SW2021,2021-07-31 16:18:00
002712,002712.SZ,20220101,99991231,20210730,720501,720500,801765.SI,广告营销,1,720000,SW2021,2025-10-15 10:57:00
002713,002713.SZ,20220101,99991231,20140221,620201,620200,801722.SI,装修装饰Ⅱ,1,620000,SW2021,2024-10-08 14:20:00
002714,002714.SZ,20220101,99991231,20210730,110702,110700,801017.SI,养殖业,1,110000,SW2021,2021-07-31 16:18:00
002715,002715.SZ,20220101,99991231,20210730,280203,280200,801093.SI,汽车零部件,1,280000,SW2021,2025-01-08 14:36:00
002716,002716.SZ,20220101,99991231,20210730,240402,240400,801053.SI,贵金属,1,240000,SW2021,2025-01-08 14:36:00
002717,002717.SZ,20220101,99991231,20210730,620307,620300,801723.SI,基础建设,1,620000,SW2021,2021-08-02 13:20:00
002718,002718.SZ,20220101,99991231,20140221,610303,610300,801713.SI,装修建材,1,610000,SW2021,2024-10-08 14:21:00
002719,002719.SZ,20220101,20240729,20210730,340702,340700,801127.SI,饮料乳品,1,340000,SW2021,2021-07-31 16:18:00
002719,002719.SZ,20240730,99991231,20240730,340802,340800,801128.SI,休闲食品,1,340000,SW2021,2024-07-30 12:45:00
002720,002720.SZ,20220101,99991231,20140122,350105,350100,801131.SI,纺织制造,1,350000,SW2021,2015-10-27 15:29:00
002721,002721.SZ,20220101,99991231,20210730,350301,350300,801133.SI,饰品,1,350000,SW2021,2026-01-26 16:15:00
002722,002722.SZ,20220101,20240729,20210730,350106,350100,801131.SI,纺织制造,1,350000,SW2021,2021-07-31 16:18:00
002722,002722.SZ,20240730,99991231,20240730,640206,640200,801074.SI,专用设备,1,640000,SW2021,2025-10-15 10:57:00
002723,002723.SZ,20220101,99991231,20210730,330501,330500,801115.SI,照明设备Ⅱ,1,330000,SW2021,2021-07-31 16:18:00
002724,002724.SZ,20220101,20240729,20140124,270401,270400,801082.SI,其他电子Ⅱ,1,270000,SW2021,2015-10-27 15:28:00
002724,002724.SZ,20240730,99991231,20240730,330501,330500,801115.SI,照明设备Ⅱ,1,330000,SW2021,2025-01-08 14:36:00
002725,002725.SZ,20220101,99991231,20210730,280204,280200,801093.SI,汽车零部件,1,280000,SW2021,2025-01-08 14:36:00
002726,002726.SZ,20220101,99991231,20140120,340401,340400,801124.SI,食品加工,1,340000,SW2021,2015-10-27 15:29:00
002727,002727.SZ,20220101,99991231,20210730,370403,370400,801154.SI,医药商业,1,370000,SW2021,2021-07-31 16:18:00
002728,002728.SZ,20220101,99991231,20190724,370201,370200,801155.SI,中药Ⅱ,1,370000,SW2021,2020-12-04 14:32:00
002729,002729.SZ,20220101,99991231,20140116,270401,270400,801082.SI,其他电子Ⅱ,1,270000,SW2021,2015-10-27 15:29:00
002730,002730.SZ,20220101,99991231,20140221,640203,640200,801074.SI,专用设备,1,640000,SW2021,2024-10-08 14:22:00
002731,002731.SZ,20220101,99991231,20210730,350301,350300,801133.SI,饰品,1,350000,SW2021,2021-07-31 16:18:00
002732,002732.SZ,20220101,99991231,20210730,340702,340700,801127.SI,饮料乳品,1,340000,SW2021,2021-07-31 16:18:00
002733,002733.SZ,20220101,99991231,20210730,630705,630700,801737.SI,电池,1,630000,SW2021,2025-10-15 10:57:00
002734,002734.SZ,20220101,99991231,20210730,220803,220800,801038.SI,农化制品,1,220000,SW2021,2024-03-19 09:07:00
002735,002735.SZ,20220101,99991231,20210730,360204,360200,801141.SI,包装印刷,1,360000,SW2021,2021-07-31 16:18:00
002736,002736.SZ,20220101,99991231,20140221,490101,490100,801193.SI,证券Ⅱ,1,490000,SW2021,2024-10-08 14:23:00
002737,002737.SZ,20220101,99991231,20140119,370201,370200,801155.SI,中药Ⅱ,1,370000,SW2021,2015-10-27 15:29:00
002738,002738.SZ,20220101,99991231,20210730,240504,240500,801054.SI,小金属,1,240000,SW2021,2025-12-03 14:34:00
002739,002739.SZ,20220101,99991231,20210730,720602,720600,801766.SI,影视院线,1,720000,SW2021,2025-10-15 10:57:00
002740,002740.SZ,20220101,99991231,20210730,350301,350300,801133.SI,饰品,1,350000,SW2021,2021-07-31 16:18:00
002741,002741.SZ,20220101,99991231,20210730,270601,270600,801086.SI,电子化学品Ⅱ,1,270000,SW2021,2024-01-19 11:02:00
002742,002742.SZ,20220101,20220728,20210730,610102,610100,801711.SI,水泥,1,610000,SW2021,2021-08-04 10:41:00
002742,002742.SZ,20220729,99991231,20220729,370102,370100,801151.SI,化学制药,1,370000,SW2021,2023-12-07 10:03:00
002743,002743.SZ,20220101,99991231,20150115,620401,620400,801724.SI,专业工程,1,620000,SW2021,2015-11-05 14:02:00
002745,002745.SZ,20220101,99991231,20150115,270302,270300,801084.SI,光学光电子,1,270000,SW2021,2015-11-05 14:02:00
002746,002746.SZ,20220101,99991231,20210730,110703,110700,801017.SI,养殖业,1,110000,SW2021,2023-02-07 11:50:00
002747,002747.SZ,20220101,99991231,20210730,640701,640700,801078.SI,自动化设备,1,640000,SW2021,2025-10-15 10:57:00
002748,002748.SZ,20220101,99991231,20210730,220202,220200,801033.SI,化学原料,1,220000,SW2021,2021-07-31 16:18:00
002749,002749.SZ,20220101,99991231,20210730,220803,220800,801038.SI,农化制品,1,220000,SW2021,2021-07-31 16:18:00
002750,002750.SZ,20220101,99991231,20150116,370201,370200,801155.SI,中药Ⅱ,1,370000,SW2021,2015-11-05 14:02:00
002751,002751.SZ,20220101,99991231,20210730,460803,460800,801218.SI,专业服务,1,460000,SW2021,2021-07-31 16:18:00
002752,002752.SZ,20220101,99991231,20210730,360203,360200,801141.SI,包装印刷,1,360000,SW2021,2021-07-31 16:18:00
002753,002753.SZ,20220101,99991231,20150106,220603,220600,801037.SI,橡胶,1,220000,SW2021,2015-11-05 14:02:00
002755,002755.SZ,20220101,99991231,20190724,370102,370100,801151.SI,化学制药,1,370000,SW2021,2024-07-19 08:52:00
002756,002756.SZ,20220101,20220728,20210730,230501,230500,801045.SI,特钢Ⅱ,1,230000,SW2021,2022-07-05 09:16:00
002756,002756.SZ,20220729,99991231,20220729,240603,240600,801056.SI,能源金属,1,240000,SW2021,2022-07-29 11:54:00
002757,002757.SZ,20220101,99991231,20150125,640209,640200,801074.SI,专用设备,1,640000,SW2021,2015-11-05 14:02:00
002758,002758.SZ,20220101,20220728,20210730,370402,370400,801154.SI,医药商业,1,370000,SW2021,2024-07-29 11:30:00
002758,002758.SZ,20220729,20230703,20220729,280302,280300,801092.SI,汽车服务,1,280000,SW2021,2024-07-29 11:30:00
002758,002758.SZ,20230704,20251130,20230704,510101,510100,801231.SI,综合Ⅱ,1,510000,SW2021,2024-07-29 11:30:00
002758,002758.SZ,20251201,99991231,20251201,220805,220800,801038.SI,农化制品,1,220000,SW2021,2025-12-01 14:00:00
002759,002759.SZ,20220101,99991231,20210730,630702,630700,801737.SI,电池,1,630000,SW2021,2025-10-15 10:57:00
002760,002760.SZ,20220101,99991231,20170629,640103,640100,801072.SI,通用设备,1,640000,SW2021,2019-08-09 15:39:00
002761,002761.SZ,20220101,99991231,20200903,620101,620100,801721.SI,房屋建设Ⅱ,1,620000,SW2021,2020-09-03 08:55:00
002762,002762.SZ,20220101,99991231,20210730,350209,350200,801132.SI,服装家纺,1,350000,SW2021,2021-07-31 16:18:00
002763,002763.SZ,20220101,20240729,20210730,350205,350200,801132.SI,服装家纺,1,350000,SW2021,2021-07-31 16:18:00
002763,002763.SZ,20240730,99991231,20240730,350209,350200,801132.SI,服装家纺,1,350000,SW2021,2024-07-30 12:45:00
002765,002765.SZ,20220101,20250810,20210730,270301,270300,801084.SI,光学光电子,1,270000,SW2021,2024-01-02 17:01:00
002765,002765.SZ,20250811,99991231,20250811,280205,280200,801093.SI,汽车零部件,1,280000,SW2021,2025-08-11 17:30:00
002766,002766.SZ,20220101,99991231,20210730,280206,280200,801093.SI,汽车零部件,1,280000,SW2021,2025-01-08 14:36:00
002767,002767.SZ,20220101,99991231,20210730,640107,640100,801072.SI,通用设备,1,640000,SW2021,2025-10-15 10:57:00
002768,002768.SZ,20220101,99991231,20150118,220503,220500,801036.SI,塑料,1,220000,SW2021,2020-04-20 20:16:00
002769,002769.SZ,20220101,99991231,20210730,420803,420800,801178.SI,物流,1,420000,SW2021,2025-10-15 10:57:00
002770,002770.SZ,20220101,99991231,20210730,340702,340700,801127.SI,饮料乳品,1,340000,SW2021,2021-07-31 16:18:00
002771,002771.SZ,20220101,99991231,20210730,710301,710300,801103.SI,IT服务Ⅱ,1,710000,SW2021,2021-07-31 16:18:00
002772,002772.SZ,20220101,99991231,20210730,110104,110100,801016.SI,种植业,1,110000,SW2021,2024-05-27 10:52:00
002773,002773.SZ,20220101,20240729,20150618,370102,370100,801151.SI,化学制药,1,370000,SW2021,2015-10-27 15:29:00
002773,002773.SZ,20240730,99991231,20240730,370304,370300,801152.SI,生物制品,1,370000,SW2021,2024-07-30 12:45:00
002774,002774.SZ,20220101,99991231,20170310,640204,640200,801074.SI,专用设备,1,640000,SW2021,2019-08-09 15:39:00
002775,002775.SZ,20220101,99991231,20210730,620307,620300,801723.SI,基础建设,1,620000,SW2021,2021-08-02 13:20:00
002776,002776.SZ,20220101,99991231,20210730,350209,350200,801132.SI,服装家纺,1,350000,SW2021,2021-07-31 16:18:00
002777,002777.SZ,20220101,99991231,20210730,710301,710300,801103.SI,IT服务Ⅱ,1,710000,SW2021,2023-01-03 10:31:00
002778,002778.SZ,20220101,20220728,20210730,750303,750300,801963.SI,炼化及贸易,1,750000,SW2021,2021-07-31 16:18:00
002778,002778.SZ,20220729,20240729,20220729,760104,760100,801971.SI,环境治理,1,760000,SW2021,2022-07-29 11:54:00
002778,002778.SZ,20240730,99991231,20240730,760102,760100,801971.SI,环境治理,1,760000,SW2021,2025-10-15 10:57:00
002779,002779.SZ,20220101,99991231,20170629,640209,640200,801074.SI,专用设备,1,640000,SW2021,2019-08-09 15:39:00
002780,002780.SZ,20220101,99991231,20210730,350208,350200,801132.SI,服装家纺,1,350000,SW2021,2021-11-01 14:27:00
002781,002781.SZ,20220101,99991231,20151105,620201,620200,801722.SI,装修装饰Ⅱ,1,620000,SW2021,2019-08-09 15:39:00
002782,002782.SZ,20220101,20220728,20210730,270504,270500,801085.SI,消费电子,1,270000,SW2021,2021-07-31 16:18:00
002782,002782.SZ,20220729,99991231,20220729,270401,270400,801082.SI,其他电子Ⅱ,1,270000,SW2021,2023-04-25 09:31:00
002783,002783.SZ,20220101,99991231,20151215,220307,220300,801034.SI,化学制品,1,220000,SW2021,2015-12-22 17:10:00
002785,002785.SZ,20220101,99991231,20151224,610303,610300,801713.SI,装修建材,1,610000,SW2021,2019-08-09 15:39:00
002786,002786.SZ,20220101,99991231,20170629,640209,640200,801074.SI,专用设备,1,640000,SW2021,2019-08-09 15:39:00
002787,002787.SZ,20220101,99991231,20210730,360203,360200,801141.SI,包装印刷,1,360000,SW2021,2021-07-31 16:18:00
002788,002788.SZ,20220101,99991231,20210730,370402,370400,801154.SI,医药商业,1,370000,SW2021,2021-07-31 16:18:00
002789,002789.SZ,20220101,99991231,20160323,620201,620200,801722.SI,装修装饰Ⅱ,1,620000,SW2021,2020-12-04 14:41:00
002790,002790.SZ,20220101,99991231,20210730,360309,360300,801142.SI,家居用品,1,360000,SW2021,2026-02-26 16:27:00
002791,002791.SZ,20220101,99991231,20160418,610303,610300,801713.SI,装修建材,1,610000,SW2021,2021-03-03 15:31:00
002792,002792.SZ,20220101,99991231,20210730,730204,730200,801102.SI,通信设备,1,730000,SW2021,2026-06-01 14:47:00
002793,002793.SZ,20220101,99991231,20200601,370102,370100,801151.SI,化学制药,1,370000,SW2021,2020-06-01 15:39:00
002795,002795.SZ,20220101,99991231,20210730,640108,640100,801072.SI,通用设备,1,640000,SW2021,2025-10-15 10:57:00
002796,002796.SZ,20220101,20220728,20190724,640204,640200,801074.SI,专用设备,1,640000,SW2021,2019-08-09 15:39:00
002796,002796.SZ,20220729,99991231,20220729,730204,730200,801102.SI,通信设备,1,730000,SW2021,2026-06-01 14:47:00
002797,002797.SZ,20220101,99991231,20160426,490101,490100,801193.SI,证券Ⅱ,1,490000,SW2021,2021-03-03 15:36:00
002798,002798.SZ,20220101,99991231,20210730,360306,360300,801142.SI,家居用品,1,360000,SW2021,2024-04-01 15:29:00
002799,002799.SZ,20220101,99991231,20210730,360205,360200,801141.SI,包装印刷,1,360000,SW2021,2021-07-31 16:18:00
002800,002800.SZ,20220101,99991231,20210730,420807,420800,801178.SI,物流,1,420000,SW2021,2025-10-15 10:57:00
002801,002801.SZ,20220101,99991231,20160624,630101,630100,801731.SI,电机Ⅱ,1,630000,SW2021,2020-12-04 14:32:00
002802,002802.SZ,20220101,99991231,20160624,220309,220300,801034.SI,化学制品,1,220000,SW2021,2019-08-09 15:39:00
002803,002803.SZ,20220101,99991231,20210730,450602,450600,801206.SI,互联网电商,1,450000,SW2021,2024-04-01 15:29:00
002805,002805.SZ,20220101,20220728,20160624,220204,220200,801033.SI,化学原料,1,220000,SW2021,2019-08-09 15:39:00
002805,002805.SZ,20220729,99991231,20220729,630702,630700,801737.SI,电池,1,630000,SW2021,2025-10-15 10:57:00
002806,002806.SZ,20220101,20230703,20160718,240301,240300,801055.SI,工业金属,1,240000,SW2021,2021-01-25 13:35:00
002806,002806.SZ,20230704,99991231,20230704,280203,280200,801093.SI,汽车零部件,1,280000,SW2021,2025-01-08 14:36:00
002807,002807.SZ,20220101,99991231,20210730,480501,480500,801785.SI,农商行Ⅱ,1,480000,SW2021,2022-03-08 13:05:00
002808,002808.SZ,20220101,99991231,20170629,270303,270300,801084.SI,光学光电子,1,270000,SW2021,2021-04-12 13:47:00
002809,002809.SZ,20220101,99991231,20160823,220309,220300,801034.SI,化学制品,1,220000,SW2021,2019-08-09 15:39:00
002810,002810.SZ,20220101,99991231,20160823,220309,220300,801034.SI,化学制品,1,220000,SW2021,2021-07-01 09:35:00
002811,002811.SZ,20220101,99991231,20160823,620201,620200,801722.SI,装修装饰Ⅱ,1,620000,SW2021,2020-12-04 14:41:00
002812,002812.SZ,20220101,99991231,20210730,630702,630700,801737.SI,电池,1,630000,SW2021,2025-10-15 10:57:00
002813,002813.SZ,20220101,99991231,20210730,280206,280200,801093.SI,汽车零部件,1,280000,SW2021,2025-01-08 14:36:00
002815,002815.SZ,20220101,99991231,20161012,270202,270200,801083.SI,元件,1,270000,SW2021,2018-06-20 15:07:00
002816,002816.SZ,20220101,99991231,20161017,640209,640200,801074.SI,专用设备,1,640000,SW2021,2019-08-09 15:39:00
002817,002817.SZ,20220101,20220728,20210730,370503,370500,801153.SI,医疗器械,1,370000,SW2021,2021-07-31 16:18:00
002817,002817.SZ,20220729,99991231,20220729,370101,370100,801151.SI,化学制药,1,370000,SW2021,2022-07-29 11:54:00
002818,002818.SZ,20220101,99991231,20210730,450304,450300,801203.SI,一般零售,1,450000,SW2021,2022-05-10 15:09:00
002819,002819.SZ,20220101,99991231,20210730,640107,640100,801072.SI,通用设备,1,640000,SW2021,2025-10-15 10:57:00
002820,002820.SZ,20220101,99991231,20210730,340802,340800,801128.SI,休闲食品,1,340000,SW2021,2021-07-31 16:18:00
002821,002821.SZ,20220101,99991231,20210730,370603,370600,801156.SI,医疗服务,1,370000,SW2021,2025-09-09 10:17:00
002822,002822.SZ,20220101,99991231,20161201,620201,620200,801722.SI,装修装饰Ⅱ,1,620000,SW2021,2020-12-04 14:41:00
002823,002823.SZ,20220101,99991231,20161201,630101,630100,801731.SI,电机Ⅱ,1,630000,SW2021,2020-12-04 14:32:00
002824,002824.SZ,20220101,99991231,20161225,240301,240300,801055.SI,工业金属,1,240000,SW2021,2020-08-10 09:17:00
002825,002825.SZ,20220101,99991231,20161219,220501,220500,801036.SI,塑料,1,220000,SW2021,2019-08-09 15:39:00
002826,002826.SZ,20220101,99991231,20210730,370102,370100,801151.SI,化学制药,1,370000,SW2021,2021-07-31 16:18:00
002827,002827.SZ,20220101,99991231,20161201,220307,220300,801034.SI,化学制品,1,220000,SW2021,2019-08-09 15:39:00
002828,002828.SZ,20220101,99991231,20210730,750201,750200,801962.SI,油服工程,1,750000,SW2021,2023-10-23 16:18:00
002829,002829.SZ,20220101,99991231,20161211,650101,650100,801741.SI,航天装备Ⅱ,1,650000,SW2021,2024-07-22 08:20:00
002830,002830.SZ,20220101,99991231,20161211,620201,620200,801722.SI,装修装饰Ⅱ,1,620000,SW2021,2019-08-09 15:39:00
002831,002831.SZ,20220101,99991231,20210730,360205,360200,801141.SI,包装印刷,1,360000,SW2021,2024-03-14 10:16:00
002832,002832.SZ,20220101,99991231,20210730,350209,350200,801132.SI,服装家纺,1,350000,SW2021,2025-01-24 16:29:00
002833,002833.SZ,20220101,99991231,20161211,640209,640200,801074.SI,专用设备,1,640000,SW2021,2021-03-20 11:14:00
002835,002835.SZ,20220101,99991231,20210730,710102,710100,801101.SI,计算机设备,1,710000,SW2021,2021-07-31 16:18:00
002836,002836.SZ,20220101,99991231,20210730,360205,360200,801141.SI,包装印刷,1,360000,SW2021,2021-07-31 16:18:00
002837,002837.SZ,20220101,99991231,20161219,640209,640200,801074.SI,专用设备,1,640000,SW2021,2019-08-09 15:39:00
002838,002838.SZ,20220101,99991231,20161219,220503,220500,801036.SI,塑料,1,220000,SW2021,2019-08-09 15:39:00
002839,002839.SZ,20220101,99991231,20210730,480501,480500,801785.SI,农商行Ⅱ,1,480000,SW2021,2021-09-17 09:09:00
002840,002840.SZ,20220101,99991231,20161219,340401,340400,801124.SI,食品加工,1,340000,SW2021,2019-08-09 15:40:00
002841,002841.SZ,20220101,20220728,20210730,461103,461100,801994.SI,教育,1,460000,SW2021,2022-02-17 10:14:00
002841,002841.SZ,20220729,99991231,20220729,270503,270500,801085.SI,消费电子,1,270000,SW2021,2025-10-15 10:57:00
002842,002842.SZ,20220101,99991231,20161228,240502,240500,801054.SI,小金属,1,240000,SW2021,2021-01-25 13:35:00
002843,002843.SZ,20220101,99991231,20210730,640108,640100,801072.SI,通用设备,1,640000,SW2021,2023-09-09 16:24:00
002845,002845.SZ,20220101,99991231,20170114,270301,270300,801084.SI,光学光电子,1,270000,SW2021,2019-08-09 15:38:00
002846,002846.SZ,20220101,99991231,20210730,360203,360200,801141.SI,包装印刷,1,360000,SW2021,2021-07-31 16:18:00
002847,002847.SZ,20220101,99991231,20210730,340801,340800,801128.SI,休闲食品,1,340000,SW2021,2025-04-01 13:55:00
002848,002848.SZ,20220101,20240729,20170119,330202,330200,801112.SI,黑色家电,1,330000,SW2021,2019-08-09 15:39:00
002848,002848.SZ,20240730,99991231,20240730,330201,330200,801112.SI,黑色家电,1,330000,SW2021,2024-07-30 12:45:00
002849,002849.SZ,20220101,99991231,20210730,640107,640100,801072.SI,通用设备,1,640000,SW2021,2025-10-15 10:57:00
002850,002850.SZ,20220101,99991231,20210730,630701,630700,801737.SI,电池,1,630000,SW2021,2025-10-15 10:57:00
002851,002851.SZ,20220101,99991231,20170224,630306,630300,801733.SI,其他电源设备Ⅱ,1,630000,SW2021,2020-03-10 10:45:00
002852,002852.SZ,20220101,99991231,20170224,110502,110500,801012.SI,农产品加工,1,110000,SW2021,2019-08-09 15:39:00
002853,002853.SZ,20220101,99991231,20210730,360308,360300,801142.SI,家居用品,1,360000,SW2021,2021-07-31 16:18:00
002855,002855.SZ,20220101,99991231,20210730,270504,270500,801085.SI,消费电子,1,270000,SW2021,2023-04-25 09:31:00
002856,002856.SZ,20220101,99991231,20170301,620201,620200,801722.SI,装修装饰Ⅱ,1,620000,SW2021,2020-12-04 14:41:00
002857,002857.SZ,20220101,99991231,20210730,630804,630800,801738.SI,电网设备,1,630000,SW2021,2025-10-15 10:57:00
002858,002858.SZ,20220101,99991231,20210730,460601,460600,801216.SI,体育Ⅱ,0,460000,SW2021,2021-07-31 16:18:00
002859,002859.SZ,20220101,99991231,20210730,270401,270400,801082.SI,其他电子Ⅱ,1,270000,SW2021,2022-08-09 09:00:00
002860,002860.SZ,20220101,99991231,20210730,330601,330600,801116.SI,家电零部件Ⅱ,1,330000,SW2021,2021-07-31 16:18:00
002861,002861.SZ,20220101,99991231,20210730,270504,270500,801085.SI,消费电子,1,270000,SW2021,2023-04-25 09:31:00
002862,002862.SZ,20220101,99991231,20210730,360502,360500,801145.SI,文娱用品,1,360000,SW2021,2021-07-31 16:18:00
002863,002863.SZ,20220101,99991231,20210730,280204,280200,801093.SI,汽车零部件,1,280000,SW2021,2025-01-08 14:36:00
002864,002864.SZ,20220101,99991231,20171108,370201,370200,801155.SI,中药Ⅱ,1,370000,SW2021,2020-12-04 14:32:00
002865,002865.SZ,20220101,20220728,20210730,280202,280200,801093.SI,汽车零部件,1,280000,SW2021,2021-07-31 16:18:00
002865,002865.SZ,20220729,99991231,20220729,630502,630500,801735.SI,光伏设备,1,630000,SW2021,2025-12-10 10:17:00
002866,002866.SZ,20220101,99991231,20210730,270504,270500,801085.SI,消费电子,1,270000,SW2021,2023-04-25 09:31:00
002867,002867.SZ,20220101,99991231,20210730,350301,350300,801133.SI,饰品,1,350000,SW2021,2024-12-04 10:24:00
002868,002868.SZ,20220101,99991231,20170419,110801,110800,801018.SI,动物保健Ⅱ,1,110000,SW2021,2019-08-09 15:39:00
002869,002869.SZ,20220101,20240729,20190724,270401,270400,801082.SI,其他电子Ⅱ,1,270000,SW2021,2019-08-09 15:38:00
002869,002869.SZ,20240730,99991231,20240730,710103,710100,801101.SI,计算机设备,1,710000,SW2021,2025-01-08 14:36:00
002870,002870.SZ,20220101,20220728,20210730,640107,640100,801072.SI,通用设备,1,640000,SW2021,2021-08-02 13:23:00
002870,002870.SZ,20220729,99991231,20220729,280206,280200,801093.SI,汽车零部件,1,280000,SW2021,2025-01-08 14:36:00
002871,002871.SZ,20220101,99991231,20210730,640108,640100,801072.SI,通用设备,1,640000,SW2021,2025-10-15 10:57:00
002872,002872.SZ,20220101,20220728,20210730,370402,370400,801154.SI,医药商业,1,370000,SW2021,2021-07-31 16:18:00
002872,002872.SZ,20220729,99991231,20220729,370102,370100,801151.SI,化学制药,1,370000,SW2021,2022-07-29 11:54:00
002873,002873.SZ,20220101,99991231,20170511,370201,370200,801155.SI,中药Ⅱ,1,370000,SW2021,2020-12-04 14:32:00
002875,002875.SZ,20220101,99991231,20210730,350209,350200,801132.SI,服装家纺,1,350000,SW2021,2022-07-01 14:06:00
002876,002876.SZ,20220101,99991231,20170522,270301,270300,801084.SI,光学光电子,1,270000,SW2021,2018-06-20 15:07:00
002877,002877.SZ,20220101,99991231,20210730,640108,640100,801072.SI,通用设备,1,640000,SW2021,2025-10-15 10:57:00
002878,002878.SZ,20220101,20220728,20210730,460803,460800,801218.SI,专业服务,1,460000,SW2021,2021-07-31 16:18:00
002878,002878.SZ,20220729,99991231,20220729,720501,720500,801765.SI,广告营销,1,720000,SW2021,2025-10-15 10:57:00
002879,002879.SZ,20220101,99991231,20210730,630805,630800,801738.SI,电网设备,1,630000,SW2021,2025-10-15 10:57:00
002880,002880.SZ,20220101,99991231,20210730,370302,370300,801152.SI,生物制品,1,370000,SW2021,2021-07-31 16:18:00
002881,002881.SZ,20220101,20240729,20210730,270504,270500,801085.SI,消费电子,1,270000,SW2021,2024-05-08 14:16:00
002881,002881.SZ,20240730,99991231,20240730,730206,730200,801102.SI,通信设备,1,730000,SW2021,2026-06-01 14:47:00
002882,002882.SZ,20220101,99991231,20210730,630805,630800,801738.SI,电网设备,1,630000,SW2021,2025-10-15 10:57:00
002883,002883.SZ,20220101,99991231,20210730,620601,620600,801726.SI,工程咨询服务Ⅱ,1,620000,SW2021,2021-07-31 16:18:00
002884,002884.SZ,20220101,99991231,20170712,640106,640100,801072.SI,通用设备,1,640000,SW2021,2024-06-27 21:29:00
002885,002885.SZ,20220101,20220728,20210730,270504,270500,801085.SI,消费电子,1,270000,SW2021,2021-07-31 16:18:00
002885,002885.SZ,20220729,99991231,20220729,270401,270400,801082.SI,其他电子Ⅱ,1,270000,SW2021,2023-04-25 09:31:00
002886,002886.SZ,20220101,99991231,20170620,220503,220500,801036.SI,塑料,1,220000,SW2021,2019-08-09 15:39:00
002887,002887.SZ,20220101,99991231,20210730,760104,760100,801971.SI,环境治理,1,760000,SW2021,2025-10-15 10:57:00
002888,002888.SZ,20220101,99991231,20210730,270503,270500,801085.SI,消费电子,1,270000,SW2021,2023-04-25 09:31:00
002889,002889.SZ,20220101,99991231,20210730,420803,420800,801178.SI,物流,1,420000,SW2021,2025-10-15 10:57:00
002890,002890.SZ,20220101,99991231,20170726,640207,640200,801074.SI,专用设备,1,640000,SW2021,2019-08-09 15:39:00
002891,002891.SZ,20220101,99991231,20210730,110404,110400,801014.SI,饲料,1,110000,SW2021,2023-01-17 13:05:00
002892,002892.SZ,20220101,99991231,20170807,630101,630100,801731.SI,电机Ⅱ,1,630000,SW2021,2020-12-04 14:32:00
002893,002893.SZ,20220101,99991231,20170815,410104,410100,801161.SI,电力,1,410000,SW2021,2019-08-09 15:38:00
002895,002895.SZ,20220101,99991231,20210730,220802,220800,801038.SI,农化制品,1,220000,SW2021,2024-01-19 10:59:00
002896,002896.SZ,20220101,99991231,20210730,640108,640100,801072.SI,通用设备,1,640000,SW2021,2025-10-15 10:57:00
002897,002897.SZ,20220101,99991231,20210730,730204,730200,801102.SI,通信设备,1,730000,SW2021,2026-06-01 14:47:00
002898,002898.SZ,20220101,99991231,20170826,370102,370100,801151.SI,化学制药,1,370000,SW2021,2020-12-04 14:32:00
002899,002899.SZ,20220101,99991231,20210730,360502,360500,801145.SI,文娱用品,1,360000,SW2021,2021-11-01 14:28:00
002900,002900.SZ,20220101,99991231,20170907,370102,370100,801151.SI,化学制药,1,370000,SW2021,2020-12-04 14:32:00
002901,002901.SZ,20220101,99991231,20210730,370503,370500,801153.SI,医疗器械,1,370000,SW2021,2021-07-31 16:18:00
002902,002902.SZ,20220101,99991231,20210730,730204,730200,801102.SI,通信设备,1,730000,SW2021,2026-06-01 14:47:00
002903,002903.SZ,20220101,99991231,20170925,640101,640100,801072.SI,通用设备,1,640000,SW2021,2019-08-09 15:39:00
002905,002905.SZ,20220101,99991231,20210730,720602,720600,801766.SI,影视院线,1,720000,SW2021,2025-10-15 10:57:00
002906,002906.SZ,20220101,99991231,20210730,280206,280200,801093.SI,汽车零部件,1,280000,SW2021,2026-04-14 11:02:00
002907,002907.SZ,20220101,99991231,20171010,370201,370200,801155.SI,中药Ⅱ,1,370000,SW2021,2020-12-04 14:32:00
002908,002908.SZ,20220101,20230521,20210730,730206,730200,801102.SI,通信设备,1,730000,SW2021,2021-07-31 16:18:00
002908,002908.SZ,20230522,99991231,20230522,710301,710300,801103.SI,IT服务Ⅱ,1,710000,SW2021,2023-06-20 18:08:00
002909,002909.SZ,20220101,99991231,20210730,220316,220300,801034.SI,化学制品,1,220000,SW2021,2021-07-31 16:18:00
002910,002910.SZ,20220101,99991231,20210730,340702,340700,801127.SI,饮料乳品,1,340000,SW2021,2021-07-31 16:18:00
002911,002911.SZ,20220101,99991231,20171108,410301,410300,801163.SI,燃气Ⅱ,1,410000,SW2021,2019-08-09 15:39:00
002912,002912.SZ,20220101,99991231,20210730,710103,710100,801101.SI,计算机设备,1,710000,SW2021,2026-06-01 14:47:00
002913,002913.SZ,20220101,99991231,20171121,270202,270200,801083.SI,元件,1,270000,SW2021,2019-08-09 15:38:00
002915,002915.SZ,20220101,99991231,20171121,220311,220300,801034.SI,化学制品,1,220000,SW2021,2019-08-09 15:39:00
002916,002916.SZ,20220101,99991231,20171208,270202,270200,801083.SI,元件,1,270000,SW2021,2021-03-03 15:32:00
002917,002917.SZ,20220101,99991231,20171208,220307,220300,801034.SI,化学制品,1,220000,SW2021,2019-08-09 15:39:00
002918,002918.SZ,20220101,99991231,20210730,360306,360300,801142.SI,家居用品,1,360000,SW2021,2025-01-24 16:29:00
002919,002919.SZ,20220101,20230914,20210730,770102,770100,801981.SI,个护用品,1,770000,SW2021,2021-07-31 16:18:00
002919,002919.SZ,20230915,99991231,20230915,720401,720400,801764.SI,游戏Ⅱ,1,720000,SW2021,2025-10-15 10:57:00
002920,002920.SZ,20220101,99991231,20210730,710401,710400,801104.SI,软件开发,1,710000,SW2021,2023-04-03 14:29:00
002921,002921.SZ,20220101,99991231,20210730,280205,280200,801093.SI,汽车零部件,1,280000,SW2021,2025-01-08 14:36:00
002922,002922.SZ,20220101,99991231,20210730,270401,270400,801082.SI,其他电子Ⅱ,1,270000,SW2021,2023-04-25 09:31:00
002923,002923.SZ,20220101,99991231,20171220,370102,370100,801151.SI,化学制药,1,370000,SW2021,2020-12-04 14:32:00
002925,002925.SZ,20220101,99991231,20210730,270504,270500,801085.SI,消费电子,1,270000,SW2021,2023-04-25 09:31:00
002926,002926.SZ,20220101,99991231,20180129,490101,490100,801193.SI,证券Ⅱ,1,490000,SW2021,2021-03-03 15:36:00
002927,002927.SZ,20220101,99991231,20210730,630802,630800,801738.SI,电网设备,1,630000,SW2021,2025-10-15 10:57:00
002928,002928.SZ,20220101,99991231,20210730,421001,421000,801991.SI,航空机场,1,420000,SW2021,2025-10-15 10:57:00
002929,002929.SZ,20220101,99991231,20210730,730103,730100,801223.SI,通信服务,1,730000,SW2021,2026-06-01 14:47:00
002930,002930.SZ,20220101,99991231,20210730,420806,420800,801178.SI,物流,1,420000,SW2021,2025-10-15 10:57:00
002931,002931.SZ,20220101,99991231,20210730,640108,640100,801072.SI,通用设备,1,640000,SW2021,2025-10-15 10:57:00
002932,002932.SZ,20220101,99991231,20210730,370504,370500,801153.SI,医疗器械,1,370000,SW2021,2021-07-31 16:18:00
002933,002933.SZ,20220101,99991231,20180809,650201,650200,801742.SI,航空装备Ⅱ,1,650000,SW2021,2019-08-09 15:39:00
002935,002935.SZ,20220101,99991231,20210730,650501,650500,801745.SI,军工电子Ⅱ,1,650000,SW2021,2025-10-15 10:57:00
002936,002936.SZ,20220101,99991231,20210730,480401,480400,801784.SI,城商行Ⅱ,1,480000,SW2021,2021-07-31 16:18:00
002937,002937.SZ,20220101,20240729,20210730,270504,270500,801085.SI,消费电子,1,270000,SW2021,2023-04-25 09:31:00
002937,002937.SZ,20240730,99991231,20240730,280206,280200,801093.SI,汽车零部件,1,280000,SW2021,2025-01-08 14:36:00
002938,002938.SZ,20220101,99991231,20180918,270202,270200,801083.SI,元件,1,270000,SW2021,2021-03-03 15:32:00
002939,002939.SZ,20220101,99991231,20180918,490101,490100,801193.SI,证券Ⅱ,1,490000,SW2021,2021-03-03 15:36:00
002940,002940.SZ,20220101,99991231,20181012,370102,370100,801151.SI,化学制药,1,370000,SW2021,2020-12-04 14:32:00
002941,002941.SZ,20220101,99991231,20210730,620306,620300,801723.SI,基础建设,1,620000,SW2021,2021-07-31 16:18:00
002942,002942.SZ,20220101,99991231,20210730,220803,220800,801038.SI,农化制品,1,220000,SW2021,2021-07-31 16:18:00
002943,002943.SZ,20220101,99991231,20181128,640101,640100,801072.SI,通用设备,1,640000,SW2021,2019-08-09 15:39:00
002945,002945.SZ,20220101,99991231,20181211,490101,490100,801193.SI,证券Ⅱ,1,490000,SW2021,2021-03-03 15:36:00
002946,002946.SZ,20220101,99991231,20210730,340702,340700,801127.SI,饮料乳品,1,340000,SW2021,2025-09-11 10:52:00
002947,002947.SZ,20220101,99991231,20210730,270504,270500,801085.SI,消费电子,1,270000,SW2021,2023-04-25 09:31:00
002948,002948.SZ,20220101,99991231,20210730,480401,480400,801784.SI,城商行Ⅱ,1,480000,SW2021,2021-07-31 16:18:00
002949,002949.SZ,20220101,99991231,20210730,620601,620600,801726.SI,工程咨询服务Ⅱ,1,620000,SW2021,2023-05-29 14:32:00
002950,002950.SZ,20220101,99991231,20210730,370503,370500,801153.SI,医疗器械,1,370000,SW2021,2021-07-31 16:18:00
002951,002951.SZ,20220101,20250810,20210730,360205,360200,801141.SI,包装印刷,1,360000,SW2021,2021-07-31 16:18:00
002951,002951.SZ,20250811,99991231,20250811,630306,630300,801733.SI,其他电源设备Ⅱ,1,630000,SW2021,2025-08-11 17:30:00
002952,002952.SZ,20220101,99991231,20190318,270301,270300,801084.SI,光学光电子,1,270000,SW2021,2019-08-09 15:38:00
002953,002953.SZ,20220101,99991231,20210730,630805,630800,801738.SI,电网设备,1,630000,SW2021,2025-10-15 10:57:00
002955,002955.SZ,20220101,99991231,20190506,270301,270300,801084.SI,光学光电子,1,270000,SW2021,2020-09-30 09:59:00
002956,002956.SZ,20220101,99991231,20210730,340802,340800,801128.SI,休闲食品,1,340000,SW2021,2021-07-31 16:18:00
002957,002957.SZ,20220101,99991231,20210730,640702,640700,801078.SI,自动化设备,1,640000,SW2021,2025-10-15 10:57:00
002958,002958.SZ,20220101,99991231,20210730,480501,480500,801785.SI,农商行Ⅱ,1,480000,SW2021,2021-07-31 16:18:00
002959,002959.SZ,20220101,99991231,20210730,330301,330300,801113.SI,小家电,1,330000,SW2021,2023-01-09 16:22:00
002960,002960.SZ,20220101,99991231,20190724,640204,640200,801074.SI,专用设备,1,640000,SW2021,2019-08-02 14:22:00
002961,002961.SZ,20220101,99991231,20210730,490303,490300,801191.SI,多元金融,1,490000,SW2021,2021-07-31 16:18:00
002962,002962.SZ,20220101,99991231,20190902,270303,270300,801084.SI,光学光电子,1,270000,SW2021,2019-09-06 14:57:00
002963,002963.SZ,20220101,99991231,20190919,620201,620200,801722.SI,装修装饰Ⅱ,1,620000,SW2021,2019-10-17 14:29:00
002965,002965.SZ,20220101,20220728,20210730,640108,640100,801072.SI,通用设备,1,640000,SW2021,2022-07-21 08:34:00
002965,002965.SZ,20220729,99991231,20220729,280205,280200,801093.SI,汽车零部件,1,280000,SW2021,2025-01-08 14:36:00
002966,002966.SZ,20220101,99991231,20210730,480401,480400,801784.SI,城商行Ⅱ,1,480000,SW2021,2024-01-23 13:19:00
002967,002967.SZ,20220101,99991231,20210730,460802,460800,801218.SI,专业服务,1,460000,SW2021,2025-10-15 10:57:00
002968,002968.SZ,20220101,99991231,20210730,430301,430300,801183.SI,房地产服务,1,430000,SW2021,2025-01-24 16:29:00
002969,002969.SZ,20220101,99991231,20210730,360203,360200,801141.SI,包装印刷,1,360000,SW2021,2021-07-31 16:18:00
002970,002970.SZ,20220101,99991231,20210730,710103,710100,801101.SI,计算机设备,1,710000,SW2021,2026-02-24 11:45:00
002971,002971.SZ,20220101,99991231,20191205,220309,220300,801034.SI,化学制品,1,220000,SW2021,2020-01-09 09:25:00
002972,002972.SZ,20220101,99991231,20191212,640501,640500,801076.SI,轨交设备Ⅱ,1,640000,SW2021,2020-01-09 09:26:00
002973,002973.SZ,20220101,99991231,20210730,760103,760100,801971.SI,环境治理,1,760000,SW2021,2025-10-15 10:57:00
002975,002975.SZ,20220101,99991231,20210730,640702,640700,801078.SI,自动化设备,1,640000,SW2021,2025-10-15 10:57:00
002976,002976.SZ,20220101,20220630,20210730,270504,270500,801085.SI,消费电子,1,270000,SW2021,2021-07-31 16:18:00
002976,002976.SZ,20220701,99991231,20220701,280205,280200,801093.SI,汽车零部件,1,280000,SW2021,2022-07-01 17:22:00
002977,002977.SZ,20220101,99991231,20210730,650501,650500,801745.SI,军工电子Ⅱ,1,650000,SW2021,2025-10-15 10:57:00
002978,002978.SZ,20220101,99991231,20210730,240504,240500,801054.SI,小金属,1,240000,SW2021,2025-01-08 14:36:00
002979,002979.SZ,20220101,99991231,20210730,640701,640700,801078.SI,自动化设备,1,640000,SW2021,2025-10-15 10:57:00
002980,002980.SZ,20220101,99991231,20210730,630804,630800,801738.SI,电网设备,1,630000,SW2021,2025-10-15 10:57:00
002981,002981.SZ,20220101,99991231,20210730,270504,270500,801085.SI,消费电子,1,270000,SW2021,2023-04-25 09:31:00
002982,002982.SZ,20220101,99991231,20210730,110703,110700,801017.SI,养殖业,1,110000,SW2021,2025-01-24 16:29:00
002983,002983.SZ,20220101,99991231,20200413,270302,270300,801084.SI,光学光电子,1,270000,SW2021,2020-05-18 11:01:00
002984,002984.SZ,20220101,99991231,20210730,280204,280200,801093.SI,汽车零部件,1,280000,SW2021,2025-09-26 17:00:00
002985,002985.SZ,20220101,99991231,20200413,650201,650200,801742.SI,航空装备Ⅱ,1,650000,SW2021,2020-05-18 10:58:00
002986,002986.SZ,20220101,99991231,20210730,750303,750300,801963.SI,炼化及贸易,1,750000,SW2021,2023-09-01 11:13:00
002987,002987.SZ,20220101,99991231,20210730,710401,710400,801104.SI,软件开发,1,710000,SW2021,2021-07-31 16:18:00
002988,002988.SZ,20220101,99991231,20200505,240301,240300,801055.SI,工业金属,1,240000,SW2021,2020-05-18 11:00:00
002989,002989.SZ,20220101,99991231,20200505,620201,620200,801722.SI,装修装饰Ⅱ,1,620000,SW2021,2020-05-18 11:02:00
002990,002990.SZ,20220101,99991231,20210730,710103,710100,801101.SI,计算机设备,1,710000,SW2021,2021-07-31 16:18:00
002991,002991.SZ,20220101,99991231,20210730,340801,340800,801128.SI,休闲食品,1,340000,SW2021,2025-09-11 10:52:00
002992,002992.SZ,20220101,20220728,20200721,270301,270300,801084.SI,光学光电子,1,270000,SW2021,2020-08-17 10:48:00
002992,002992.SZ,20220729,99991231,20220729,270302,270300,801084.SI,光学光电子,1,270000,SW2021,2023-04-25 09:31:00
002993,002993.SZ,20220101,99991231,20210730,270504,270500,801085.SI,消费电子,1,270000,SW2021,2023-11-18 22:01:00
002995,002995.SZ,20220101,99991231,20210730,720501,720500,801765.SI,广告营销,1,720000,SW2021,2025-10-15 10:57:00
002996,002996.SZ,20220101,99991231,20200814,240301,240300,801055.SI,工业金属,1,240000,SW2021,2020-08-17 10:59:00
002997,002997.SZ,20220101,99991231,20210730,280205,280200,801093.SI,汽车零部件,1,280000,SW2021,2025-01-08 14:36:00
002998,002998.SZ,20220101,99991231,20200821,220401,220400,801032.SI,化学纤维,1,220000,SW2021,2020-09-08 13:05:00
002999,002999.SZ,20220101,99991231,20210730,220805,220800,801038.SI,农化制品,1,220000,SW2021,2021-07-31 16:18:00
003000,003000.SZ,20220101,99991231,20210730,340801,340800,801128.SI,休闲食品,1,340000,SW2021,2025-01-06 17:44:00
003001,003001.SZ,20220101,99991231,20200831,620404,620400,801724.SI,专业工程,1,620000,SW2021,2020-09-08 13:11:00
003002,003002.SZ,20220101,99991231,20200904,220307,220300,801034.SI,化学制品,1,220000,SW2021,2020-09-08 13:05:00
003003,003003.SZ,20220101,99991231,20210730,360206,360200,801141.SI,包装印刷,1,360000,SW2021,2021-07-31 16:18:00
003004,003004.SZ,20220101,99991231,20210730,710102,710100,801101.SI,计算机设备,1,710000,SW2021,2021-07-31 16:18:00
003005,003005.SZ,20220101,99991231,20210730,710301,710300,801103.SI,IT服务Ⅱ,1,710000,SW2021,2021-07-31 16:18:00
003006,003006.SZ,20220101,99991231,20210730,770101,770100,801981.SI,个护用品,1,770000,SW2021,2023-06-28 18:51:00
003007,003007.SZ,20220101,99991231,20210730,710401,710400,801104.SI,软件开发,1,710000,SW2021,2021-07-31 16:18:00
003008,003008.SZ,20220101,99991231,20210730,460802,460800,801218.SI,专业服务,1,460000,SW2021,2022-10-11 14:52:00
003009,003009.SZ,20220101,99991231,20200909,650101,650100,801741.SI,航天装备Ⅱ,1,650000,SW2021,2020-09-25 15:09:00
003010,003010.SZ,20220101,99991231,20210730,450603,450600,801206.SI,互联网电商,1,450000,SW2021,2026-01-26 16:15:00
003011,003011.SZ,20220101,99991231,20210730,360306,360300,801142.SI,家居用品,1,360000,SW2021,2021-07-31 16:18:00
003012,003012.SZ,20220101,99991231,20210730,360306,360300,801142.SI,家居用品,1,360000,SW2021,2025-01-24 17:36:00
003013,003013.SZ,20220101,99991231,20210730,620601,620600,801726.SI,工程咨询服务Ⅱ,1,620000,SW2021,2021-07-31 16:18:00
003015,003015.SZ,20220101,99991231,20200930,270303,270300,801084.SI,光学光电子,1,270000,SW2021,2020-11-02 15:25:00
003016,003016.SZ,20220101,99991231,20210730,350209,350200,801132.SI,服装家纺,1,350000,SW2021,2025-01-24 16:29:00
003017,003017.SZ,20220101,99991231,20201016,220203,220200,801033.SI,化学原料,1,220000,SW2021,2020-11-02 15:24:00
003018,003018.SZ,20220101,99991231,20210730,360204,360200,801141.SI,包装印刷,1,360000,SW2021,2021-07-31 16:18:00
003019,003019.SZ,20220101,99991231,20201029,270301,270300,801084.SI,光学光电子,1,270000,SW2021,2020-11-02 15:25:00
003020,003020.SZ,20220101,99991231,20201110,370102,370100,801151.SI,化学制药,1,370000,SW2021,2021-07-20 13:04:00
003021,003021.SZ,20220101,99991231,20201125,630101,630100,801731.SI,电机Ⅱ,1,630000,SW2021,2021-06-02 09:58:00
003022,003022.SZ,20220101,99991231,20210730,630504,630500,801735.SI,光伏设备,1,630000,SW2021,2025-10-15 10:57:00
003023,003023.SZ,20220101,20240729,20210730,330301,330300,801113.SI,小家电,1,330000,SW2021,2021-07-31 16:18:00
003023,003023.SZ,20240730,99991231,20240730,330303,330300,801113.SI,小家电,1,330000,SW2021,2024-07-30 12:45:00
003025,003025.SZ,20220101,99991231,20201201,640101,640100,801072.SI,通用设备,1,640000,SW2021,2021-06-05 15:11:00
003026,003026.SZ,20220101,99991231,20201205,270103,270100,801081.SI,半导体,1,270000,SW2021,2020-12-31 09:49:00
003027,003027.SZ,20220101,99991231,20210730,760101,760100,801971.SI,环境治理,1,760000,SW2021,2025-10-15 10:57:00
003028,003028.SZ,20220101,20240729,20210730,270504,270500,801085.SI,消费电子,1,270000,SW2021,2023-04-25 09:31:00
003028,003028.SZ,20240730,99991231,20240730,330601,330600,801116.SI,家电零部件Ⅱ,1,330000,SW2021,2025-01-08 14:36:00
003029,003029.SZ,20220101,99991231,20210730,710401,710400,801104.SI,软件开发,1,710000,SW2021,2021-07-31 16:18:00
003030,003030.SZ,20220101,99991231,20210730,110504,110500,801012.SI,农产品加工,1,110000,SW2021,2021-07-31 16:18:00
003031,003031.SZ,20220101,99991231,20210730,730206,730200,801102.SI,通信设备,1,730000,SW2021,2026-06-01 14:47:00
003032,003032.SZ,20220101,99991231,20210730,461102,461100,801994.SI,教育,1,460000,SW2021,2022-05-10 15:08:00
003033,003033.SZ,20220101,99991231,20210730,280402,280400,801881.SI,摩托车及其他,1,280000,SW2021,2025-01-08 14:36:00
003035,003035.SZ,20220101,99991231,20210730,410110,410100,801161.SI,电力,1,410000,SW2021,2025-10-15 10:57:00
003036,003036.SZ,20220101,99991231,20210204,640206,640200,801074.SI,专用设备,1,640000,SW2021,2021-03-04 13:03:00
003037,003037.SZ,20220101,20220728,20210125,610302,610300,801713.SI,装修建材,1,610000,SW2021,2021-03-04 13:13:00
003037,003037.SZ,20220729,99991231,20220729,610102,610100,801711.SI,水泥,1,610000,SW2021,2023-12-07 10:03:00
003038,003038.SZ,20220101,99991231,20210129,240301,240300,801055.SI,工业金属,1,240000,SW2021,2021-03-04 13:15:00
003039,003039.SZ,20220101,99991231,20210730,760102,760100,801971.SI,环境治理,1,760000,SW2021,2025-10-15 10:57:00
003040,003040.SZ,20220101,99991231,20210730,730206,730200,801102.SI,通信设备,1,730000,SW2021,2026-06-01 14:47:00
003041,003041.SZ,20220101,99991231,20210320,350206,350200,801132.SI,服装家纺,1,350000,SW2021,2021-04-12 13:56:00
003042,003042.SZ,20220101,99991231,20210730,220803,220800,801038.SI,农化制品,1,220000,SW2021,2021-07-31 16:18:00
003043,003043.SZ,20220101,99991231,20210730,270108,270100,801081.SI,半导体,1,270000,SW2021,2023-04-25 09:31:00
003816,003816.SZ,20220101,99991231,20210730,410108,410100,801161.SI,电力,1,410000,SW2021,2025-10-15 10:57:00
300001,300001.SZ,20220101,99991231,20210730,630801,630800,801738.SI,电网设备,1,630000,SW2021,2025-10-15 10:57:00
300002,300002.SZ,20220101,99991231,20210730,720401,720400,801764.SI,游戏Ⅱ,1,720000,SW2021,2026-04-02 13:26:00
300003,300003.SZ,20220101,99991231,20210730,370503,370500,801153.SI,医疗器械,1,370000,SW2021,2021-07-31 16:18:00
300004,300004.SZ,20220101,99991231,20140221,640209,640200,801074.SI,专用设备,1,640000,SW2021,2024-09-27 12:41:00
300005,300005.SZ,20220101,99991231,20210730,350208,350200,801132.SI,服装家纺,1,350000,SW2021,2026-01-26 16:15:00
300006,300006.SZ,20220101,99991231,20090122,370102,370100,801151.SI,化学制药,1,370000,SW2021,2015-10-27 15:29:00
300007,300007.SZ,20220101,99991231,20210730,640107,640100,801072.SI,通用设备,1,640000,SW2021,2025-10-15 10:57:00
300008,300008.SZ,20220101,99991231,20140221,650401,650400,801744.SI,航海装备Ⅱ,1,650000,SW2021,2024-09-27 12:41:00
300009,300009.SZ,20220101,99991231,20210730,370304,370300,801152.SI,生物制品,1,370000,SW2021,2021-07-31 16:18:00
300010,300010.SZ,20220101,20220728,20210730,461102,461100,801994.SI,教育,1,460000,SW2021,2021-07-31 16:18:00
300010,300010.SZ,20220729,99991231,20220729,461103,461100,801994.SI,教育,1,460000,SW2021,2024-04-01 15:29:00
300011,300011.SZ,20220101,99991231,20210730,640501,640500,801076.SI,轨交设备Ⅱ,1,640000,SW2021,2025-10-15 10:57:00
300012,300012.SZ,20220101,99991231,20210730,460802,460800,801218.SI,专业服务,1,460000,SW2021,2025-10-15 10:57:00
300013,300013.SZ,20220101,99991231,20210730,420803,420800,801178.SI,物流,1,420000,SW2021,2025-10-15 10:57:00
300014,300014.SZ,20220101,99991231,20210730,630701,630700,801737.SI,电池,1,630000,SW2021,2025-10-15 10:57:00
300015,300015.SZ,20220101,99991231,20210730,370604,370600,801156.SI,医疗服务,1,370000,SW2021,2021-07-31 16:18:00
300016,300016.SZ,20220101,99991231,20090112,370102,370100,801151.SI,化学制药,1,370000,SW2021,2015-10-27 15:28:00
300017,300017.SZ,20220101,99991231,20210730,710301,710300,801103.SI,IT服务Ⅱ,1,710000,SW2021,2026-06-01 14:47:00
300018,300018.SZ,20220101,99991231,20210730,630803,630800,801738.SI,电网设备,1,630000,SW2021,2025-10-15 10:57:00
300019,300019.SZ,20220101,99991231,20210730,220316,220300,801034.SI,化学制品,1,220000,SW2021,2021-07-31 16:18:00
300020,300020.SZ,20220101,99991231,20210730,710301,710300,801103.SI,IT服务Ⅱ,1,710000,SW2021,2021-07-31 16:18:00
300021,300021.SZ,20220101,99991231,20210730,110901,110900,801019.SI,农业综合Ⅱ,0,110000,SW2021,2024-05-27 10:52:00
300022,300022.SZ,20220101,99991231,20140221,450401,450400,801204.SI,专业连锁Ⅱ,1,450000,SW2021,2024-09-27 12:41:00
300023,300023.SZ,20220101,99991231,20210730,490302,490300,801191.SI,多元金融,1,490000,SW2021,2021-07-31 16:18:00
300024,300024.SZ,20220101,99991231,20210730,640701,640700,801078.SI,自动化设备,1,640000,SW2021,2025-10-15 10:57:00
300025,300025.SZ,20220101,99991231,20210730,730103,730100,801223.SI,通信服务,1,730000,SW2021,2026-06-01 14:47:00
300026,300026.SZ,20220101,99991231,20170629,370201,370200,801155.SI,中药Ⅱ,1,370000,SW2021,2020-12-04 14:32:00
300027,300027.SZ,20220101,99991231,20210730,720601,720600,801766.SI,影视院线,1,720000,SW2021,2025-10-15 10:57:00
300028,300028.SZ,20220101,99991231,20140221,730201,730200,801102.SI,通信设备,1,730000,SW2021,2024-09-27 12:41:00
300029,300029.SZ,20220101,20220728,20210730,630505,630500,801735.SI,光伏设备,1,630000,SW2021,2022-07-11 13:29:00
300029,300029.SZ,20220729,99991231,20220729,620404,620400,801724.SI,专业工程,1,620000,SW2021,2022-07-29 11:54:00
300030,300030.SZ,20220101,99991231,20210730,370502,370500,801153.SI,医疗器械,1,370000,SW2021,2021-07-31 16:18:00
300031,300031.SZ,20220101,99991231,20210730,720401,720400,801764.SI,游戏Ⅱ,1,720000,SW2021,2025-10-15 10:57:00
300032,300032.SZ,20220101,99991231,20210730,270504,270500,801085.SI,消费电子,1,270000,SW2021,2023-04-25 09:31:00
300033,300033.SZ,20220101,99991231,20210730,710401,710400,801104.SI,软件开发,1,710000,SW2021,2021-07-31 16:18:00
300034,300034.SZ,20220101,99991231,20210730,650201,650200,801742.SI,航空装备Ⅱ,1,650000,SW2021,2025-10-21 15:46:00
300035,300035.SZ,20220101,99991231,20210730,630702,630700,801737.SI,电池,1,630000,SW2021,2025-10-15 10:57:00
300036,300036.SZ,20220101,99991231,20210730,710402,710400,801104.SI,软件开发,1,710000,SW2021,2026-02-26 16:27:00
300037,300037.SZ,20220101,99991231,20210730,630702,630700,801737.SI,电池,1,630000,SW2021,2024-01-19 09:02:00
300038,300038.SZ,20220101,99991231,20210730,720501,720500,801765.SI,广告营销,1,720000,SW2021,2021-07-31 16:18:00
300039,300039.SZ,20220101,99991231,20090125,370201,370200,801155.SI,中药Ⅱ,1,370000,SW2021,2015-10-27 15:29:00
300040,300040.SZ,20220101,20240729,20210730,630803,630800,801738.SI,电网设备,1,630000,SW2021,2022-10-11 14:52:00
300040,300040.SZ,20240730,99991231,20240730,410110,410100,801161.SI,电力,1,410000,SW2021,2025-10-15 10:57:00
300041,300041.SZ,20220101,99991231,20210730,220316,220300,801034.SI,化学制品,1,220000,SW2021,2021-07-31 16:18:00
300042,300042.SZ,20220101,99991231,20210730,710103,710100,801101.SI,计算机设备,1,710000,SW2021,2021-07-31 16:18:00
300043,300043.SZ,20220101,99991231,20210730,720401,720400,801764.SI,游戏Ⅱ,1,720000,SW2021,2025-10-15 10:57:00
300044,300044.SZ,20220101,99991231,20210730,710301,710300,801103.SI,IT服务Ⅱ,1,710000,SW2021,2021-07-31 16:18:00
300045,300045.SZ,20220101,99991231,20210730,650501,650500,801745.SI,军工电子Ⅱ,1,650000,SW2021,2025-10-15 10:57:00
300046,300046.SZ,20220101,99991231,20110110,270102,270100,801081.SI,半导体,1,270000,SW2021,2015-10-27 15:29:00
300047,300047.SZ,20220101,99991231,20210730,710401,710400,801104.SI,软件开发,1,710000,SW2021,2021-07-31 16:18:00
300048,300048.SZ,20220101,99991231,20210730,640702,640700,801078.SI,自动化设备,1,640000,SW2021,2025-10-15 10:57:00
300049,300049.SZ,20220101,99991231,20210730,370502,370500,801153.SI,医疗器械,1,370000,SW2021,2025-09-28 10:23:00
300050,300050.SZ,20220101,99991231,20210730,730103,730100,801223.SI,通信服务,1,730000,SW2021,2026-06-01 14:47:00
300051,300051.SZ,20220101,20240407,20210730,720401,720400,801764.SI,游戏Ⅱ,1,720000,SW2021,2021-07-31 16:18:00
300051,300051.SZ,20240408,99991231,20240408,630502,630500,801735.SI,光伏设备,1,630000,SW2021,2025-10-15 10:57:00
300052,300052.SZ,20220101,99991231,20210730,720401,720400,801764.SI,游戏Ⅱ,1,720000,SW2021,2025-10-15 10:57:00
300053,300053.SZ,20220101,20220728,20210730,270104,270100,801081.SI,半导体,1,270000,SW2021,2021-07-31 16:18:00
300053,300053.SZ,20220729,20240729,20220729,730103,730100,801223.SI,通信服务,1,730000,SW2021,2023-04-25 09:31:00
300053,300053.SZ,20240730,99991231,20240730,270104,270100,801081.SI,半导体,1,270000,SW2021,2025-01-08 14:36:00
300054,300054.SZ,20220101,99991231,20210730,270601,270600,801086.SI,电子化学品Ⅱ,1,270000,SW2021,2024-01-19 09:01:00
300055,300055.SZ,20220101,20240729,20210730,760102,760100,801971.SI,环境治理,1,760000,SW2021,2021-07-31 16:18:00
300055,300055.SZ,20240730,99991231,20240730,750303,750300,801963.SI,炼化及贸易,1,750000,SW2021,2025-01-08 14:36:00
300056,300056.SZ,20220101,99991231,20210730,760101,760100,801971.SI,环境治理,1,760000,SW2021,2025-10-15 10:57:00
300057,300057.SZ,20220101,99991231,20210730,240301,240300,801055.SI,工业金属,1,240000,SW2021,2025-01-08 14:36:00
300058,300058.SZ,20220101,99991231,20210730,720501,720500,801765.SI,广告营销,1,720000,SW2021,2025-10-15 10:57:00
300059,300059.SZ,20220101,99991231,20200723,490101,490100,801193.SI,证券Ⅱ,1,490000,SW2021,2021-03-03 15:32:00
300061,300061.SZ,20220101,99991231,20210730,720501,720500,801765.SI,广告营销,1,720000,SW2021,2025-10-15 10:57:00
300062,300062.SZ,20220101,99991231,20210730,630801,630800,801738.SI,电网设备,1,630000,SW2021,2025-10-15 10:57:00
300063,300063.SZ,20220101,99991231,20210730,720501,720500,801765.SI,广告营销,1,720000,SW2021,2025-10-15 10:57:00
300064,300064.SZ,20220101,99991231,20140221,640103,640100,801072.SI,通用设备,1,640000,SW2021,2024-09-27 12:41:00
300065,300065.SZ,20220101,99991231,20190724,650401,650400,801744.SI,航海装备Ⅱ,1,650000,SW2021,2021-03-04 13:26:00
300066,300066.SZ,20220101,99991231,20210730,640107,640100,801072.SI,通用设备,1,640000,SW2021,2025-10-15 10:57:00
300067,300067.SZ,20220101,99991231,20100109,220308,220300,801034.SI,化学制品,1,220000,SW2021,2015-10-27 15:28:00
300068,300068.SZ,20220101,99991231,20210730,630705,630700,801737.SI,电池,1,630000,SW2021,2025-10-15 10:57:00
300069,300069.SZ,20220101,99991231,20210730,630805,630800,801738.SI,电网设备,1,630000,SW2021,2025-10-15 10:57:00
300070,300070.SZ,20220101,99991231,20210730,760102,760100,801971.SI,环境治理,1,760000,SW2021,2025-10-15 10:57:00
300071,300071.SZ,20220101,99991231,20210730,720501,720500,801765.SI,广告营销,1,720000,SW2021,2025-10-15 10:57:00
300072,300072.SZ,20220101,20230820,20210730,760101,760100,801971.SI,环境治理,1,760000,SW2021,2021-07-31 16:18:00
300072,300072.SZ,20230821,99991231,20230821,220309,220300,801034.SI,化学制品,1,220000,SW2021,2023-08-21 11:01:00
300073,300073.SZ,20220101,99991231,20210730,630702,630700,801737.SI,电池,1,630000,SW2021,2025-10-15 10:57:00
300074,300074.SZ,20220101,99991231,20210730,710401,710400,801104.SI,软件开发,1,710000,SW2021,2021-07-31 16:18:00
300075,300075.SZ,20220101,99991231,20210730,710401,710400,801104.SI,软件开发,1,710000,SW2021,2021-07-31 16:18:00
300076,300076.SZ,20220101,99991231,20100122,270301,270300,801084.SI,光学光电子,1,270000,SW2021,2015-10-27 15:28:00
300077,300077.SZ,20220101,99991231,20210730,270104,270100,801081.SI,半导体,1,270000,SW2021,2023-04-25 09:31:00
300078,300078.SZ,20220101,99991231,20210730,710301,710300,801103.SI,IT服务Ⅱ,1,710000,SW2021,2021-07-31 16:18:00
300079,300079.SZ,20220101,99991231,20210730,710301,710300,801103.SI,IT服务Ⅱ,1,710000,SW2021,2021-07-31 16:18:00
300080,300080.SZ,20220101,20230703,20140221,640103,640100,801072.SI,通用设备,1,640000,SW2021,2024-09-27 12:41:00
300080,300080.SZ,20230704,99991231,20230704,630502,630500,801735.SI,光伏设备,1,630000,SW2021,2025-10-15 10:57:00
300081,300081.SZ,20220101,99991231,20210730,730104,730100,801223.SI,通信服务,1,730000,SW2021,2026-06-01 14:47:00
300082,300082.SZ,20220101,99991231,20210730,220204,220200,801033.SI,化学原料,1,220000,SW2021,2021-07-31 16:18:00
300083,300083.SZ,20220101,99991231,20210730,640702,640700,801078.SI,自动化设备,1,640000,SW2021,2025-10-15 10:57:00
300084,300084.SZ,20220101,99991231,20150701,640203,640200,801074.SI,专用设备,1,640000,SW2021,2019-08-09 15:39:00
300085,300085.SZ,20220101,99991231,20210730,710401,710400,801104.SI,软件开发,1,710000,SW2021,2021-07-31 16:18:00
300086,300086.SZ,20220101,99991231,20100112,370102,370100,801151.SI,化学制药,1,370000,SW2021,2015-10-27 15:29:00
300087,300087.SZ,20220101,99991231,20100112,110101,110100,801016.SI,种植业,1,110000,SW2021,2015-10-27 15:29:00
300088,300088.SZ,20220101,99991231,20100125,270301,270300,801084.SI,光学光电子,1,270000,SW2021,2015-10-27 15:28:00
300089,300089.SZ,20220101,99991231,20210730,461102,461100,801994.SI,教育,1,460000,SW2021,2021-07-31 16:18:00
300090,300090.SZ,20220101,99991231,20130101,410401,410400,,,,,,2015-10-27 15:29:00
300091,300091.SZ,20220101,99991231,20140221,640106,640100,801072.SI,通用设备,1,640000,SW2021,2024-09-27 12:41:00
300092,300092.SZ,20220101,20240729,20210730,640108,640100,801072.SI,通用设备,1,640000,SW2021,2021-12-01 10:37:00
300092,300092.SZ,20240730,99991231,20240730,640203,640200,801074.SI,专用设备,1,640000,SW2021,2025-10-15 10:57:00
300093,300093.SZ,20220101,20240729,20140221,610201,610200,801712.SI,玻璃玻纤,1,610000,SW2021,2024-09-27 12:41:00
300093,300093.SZ,20240730,99991231,20240730,630502,630500,801735.SI,光伏设备,1,630000,SW2021,2025-10-15 10:57:00
300094,300094.SZ,20220101,99991231,20100129,110202,110200,801015.SI,渔业,1,110000,SW2021,2015-10-27 15:28:00
300095,300095.SZ,20220101,20220728,20210730,640108,640100,801072.SI,通用设备,1,640000,SW2021,2021-08-02 13:24:00
300095,300095.SZ,20220729,99991231,20220729,640203,640200,801074.SI,专用设备,1,640000,SW2021,2025-10-15 10:57:00
300096,300096.SZ,20220101,99991231,20210730,710301,710300,801103.SI,IT服务Ⅱ,1,710000,SW2021,2021-07-31 16:18:00
300097,300097.SZ,20220101,99991231,20210730,640704,640700,801078.SI,自动化设备,1,640000,SW2021,2025-10-15 10:57:00
300098,300098.SZ,20220101,20240729,20210730,710401,710400,801104.SI,软件开发,1,710000,SW2021,2021-07-31 16:18:00
300098,300098.SZ,20240730,99991231,20240730,730204,730200,801102.SI,通信设备,1,730000,SW2021,2026-06-01 14:47:00
300099,300099.SZ,20220101,99991231,20140221,640203,640200,801074.SI,专用设备,1,640000,SW2021,2024-09-27 12:41:00
300100,300100.SZ,20220101,99991231,20210730,280202,280200,801093.SI,汽车零部件,1,280000,SW2021,2025-01-08 14:36:00
300101,300101.SZ,20220101,99991231,20210730,650501,650500,801745.SI,军工电子Ⅱ,1,650000,SW2021,2025-10-15 10:57:00
300102,300102.SZ,20220101,99991231,20111010,270302,270300,801084.SI,光学光电子,1,270000,SW2021,2024-08-12 08:36:00
300103,300103.SZ,20220101,99991231,20140221,640209,640200,801074.SI,专用设备,1,640000,SW2021,2024-09-27 12:41:00
300104,300104.SZ,20220101,99991231,20140221,720301,720300,,,,,,2024-09-27 12:41:00
300105,300105.SZ,20220101,20250508,20140221,630304,630300,801733.SI,其他电源设备Ⅱ,1,630000,SW2021,2024-09-27 12:41:00
300105,300105.SZ,20250509,99991231,20250509,760201,760200,801972.SI,环保设备Ⅱ,1,760000,SW2021,2025-10-15 10:57:00
300106,300106.SZ,20220101,99991231,20210730,340702,340700,801127.SI,饮料乳品,1,340000,SW2021,2024-05-27 10:52:00
300107,300107.SZ,20220101,99991231,20210730,220308,220300,801034.SI,化学制品,1,220000,SW2021,2021-07-31 16:18:00
300108,300108.SZ,20220101,99991231,20170629,370201,370200,801155.SI,中药Ⅱ,1,370000,SW2021,2020-12-04 14:32:00
300109,300109.SZ,20220101,99991231,20100109,220309,220300,801034.SI,化学制品,1,220000,SW2021,2015-10-27 15:29:00
300110,300110.SZ,20220101,99991231,20100110,370102,370100,801151.SI,化学制药,1,370000,SW2021,2015-10-27 15:29:00
300111,300111.SZ,20220101,20220728,20210730,630502,630500,801735.SI,光伏设备,1,630000,SW2021,2022-07-11 13:29:00
300111,300111.SZ,20220729,99991231,20220729,370102,370100,801151.SI,化学制药,1,370000,SW2021,2022-07-29 11:54:00
300112,300112.SZ,20220101,99991231,20210730,640107,640100,801072.SI,通用设备,1,640000,SW2021,2025-10-15 10:57:00
300113,300113.SZ,20220101,99991231,20210730,720401,720400,801764.SI,游戏Ⅱ,1,720000,SW2021,2025-10-15 10:57:00
300114,300114.SZ,20220101,99991231,20210730,650501,650500,801745.SI,军工电子Ⅱ,1,650000,SW2021,2025-01-24 17:33:00
300115,300115.SZ,20220101,99991231,20210730,270504,270500,801085.SI,消费电子,1,270000,SW2021,2023-04-25 09:31:00
300116,300116.SZ,20220101,99991231,20210730,630701,630700,801737.SI,电池,1,630000,SW2021,2022-07-11 13:29:00
300117,300117.SZ,20220101,99991231,20210730,620404,620400,801724.SI,专业工程,1,620000,SW2021,2023-12-07 10:03:00
300118,300118.SZ,20220101,99991231,20210730,630502,630500,801735.SI,光伏设备,1,630000,SW2021,2025-12-11 07:09:00
300119,300119.SZ,20220101,99991231,20111010,110801,110800,801018.SI,动物保健Ⅱ,1,110000,SW2021,2020-03-06 13:55:00
300120,300120.SZ,20220101,99991231,20190724,270301,270300,801084.SI,光学光电子,1,270000,SW2021,2019-08-09 15:38:00
300121,300121.SZ,20220101,99991231,20210730,220604,220600,801037.SI,橡胶,1,220000,SW2021,2025-01-24 16:29:00
300122,300122.SZ,20220101,99991231,20210730,370303,370300,801152.SI,生物制品,1,370000,SW2021,2021-07-31 16:18:00
300123,300123.SZ,20220101,99991231,20210730,650501,650500,801745.SI,军工电子Ⅱ,1,650000,SW2021,2025-10-15 10:57:00
300124,300124.SZ,20220101,99991231,20210730,640702,640700,801078.SI,自动化设备,1,640000,SW2021,2025-10-15 10:57:00
300125,300125.SZ,20220101,99991231,20210730,410106,410100,801161.SI,电力,1,410000,SW2021,2025-10-15 10:57:00
300126,300126.SZ,20220101,99991231,20140221,640106,640100,801072.SI,通用设备,1,640000,SW2021,2024-09-27 12:41:00
300127,300127.SZ,20220101,99991231,20100130,240202,240200,801051.SI,金属新材料,1,240000,SW2021,2015-10-27 15:29:00
300128,300128.SZ,20220101,20240729,20100120,270301,270300,801084.SI,光学光电子,1,270000,SW2021,2015-10-27 15:29:00
300128,300128.SZ,20240730,99991231,20240730,630703,630700,801737.SI,电池,1,630000,SW2021,2025-10-15 10:57:00
300129,300129.SZ,20220101,99991231,20210730,630602,630600,801736.SI,风电设备,1,630000,SW2021,2025-10-15 10:57:00
300130,300130.SZ,20220101,99991231,20210730,710103,710100,801101.SI,计算机设备,1,710000,SW2021,2025-02-07 10:19:00
300131,300131.SZ,20220101,20220728,20210730,270504,270500,801085.SI,消费电子,1,270000,SW2021,2021-07-31 16:18:00
300131,300131.SZ,20220729,99991231,20220729,270401,270400,801082.SI,其他电子Ⅱ,1,270000,SW2021,2023-04-25 09:31:00
300132,300132.SZ,20220101,99991231,20210730,770201,770200,801982.SI,化妆品,1,770000,SW2021,2024-01-26 14:59:00
300133,300133.SZ,20220101,99991231,20210730,720601,720600,801766.SI,影视院线,1,720000,SW2021,2025-10-15 10:57:00
300134,300134.SZ,20220101,99991231,20210730,730204,730200,801102.SI,通信设备,1,730000,SW2021,2026-06-01 14:47:00
300135,300135.SZ,20220101,99991231,20210730,750303,750300,801963.SI,炼化及贸易,1,750000,SW2021,2021-07-31 16:18:00
300136,300136.SZ,20220101,99991231,20210730,270504,270500,801085.SI,消费电子,1,270000,SW2021,2023-04-25 09:31:00
300137,300137.SZ,20220101,99991231,20210730,760201,760200,801972.SI,环保设备Ⅱ,1,760000,SW2021,2025-10-15 10:57:00
300138,300138.SZ,20220101,99991231,20111010,110504,110500,801012.SI,农产品加工,1,110000,SW2021,2015-10-27 15:28:00
300139,300139.SZ,20220101,20220728,20210730,410106,410100,801161.SI,电力,1,410000,SW2021,2021-07-31 16:18:00
300139,300139.SZ,20220729,99991231,20220729,240401,240400,801053.SI,贵金属,1,240000,SW2021,2025-01-08 14:36:00
300140,300140.SZ,20220101,20220728,20210730,760201,760200,801972.SI,环保设备Ⅱ,1,760000,SW2021,2021-07-31 16:18:00
300140,300140.SZ,20220729,20240729,20220729,630801,630800,801738.SI,电网设备,1,630000,SW2021,2022-10-11 14:52:00
300140,300140.SZ,20240730,99991231,20240730,760103,760100,801971.SI,环境治理,1,760000,SW2021,2025-10-15 10:57:00
300141,300141.SZ,20220101,99991231,20210730,630802,630800,801738.SI,电网设备,1,630000,SW2021,2025-10-15 10:57:00
300142,300142.SZ,20220101,99991231,20210730,370303,370300,801152.SI,生物制品,1,370000,SW2021,2025-09-17 18:40:00
300143,300143.SZ,20220101,99991231,20210730,370604,370600,801156.SI,医疗服务,1,370000,SW2021,2021-07-31 16:18:00
300144,300144.SZ,20220101,99991231,20210730,461002,461000,801993.SI,旅游及景区,1,460000,SW2021,2024-01-23 17:12:00
300145,300145.SZ,20220101,99991231,20140221,640106,640100,801072.SI,通用设备,1,640000,SW2021,2024-09-27 12:41:00
300146,300146.SZ,20220101,99991231,20210730,340407,340400,801124.SI,食品加工,1,340000,SW2021,2026-02-26 16:27:00
300147,300147.SZ,20220101,99991231,20100106,370201,370200,801155.SI,中药Ⅱ,1,370000,SW2021,2015-10-27 15:29:00
300148,300148.SZ,20220101,20230703,20210730,720401,720400,801764.SI,游戏Ⅱ,1,720000,SW2021,2021-07-31 16:18:00
300148,300148.SZ,20230704,99991231,20230704,720901,720900,801769.SI,出版,1,720000,SW2021,2025-10-15 10:57:00
300149,300149.SZ,20220101,99991231,20210730,370603,370600,801156.SI,医疗服务,1,370000,SW2021,2021-07-31 16:18:00
300150,300150.SZ,20220101,99991231,20210730,710301,710300,801103.SI,IT服务Ⅱ,1,710000,SW2021,2021-07-31 16:18:00
300151,300151.SZ,20220101,99991231,20170629,640209,640200,801074.SI,专用设备,1,640000,SW2021,2019-08-09 15:39:00
300152,300152.SZ,20220101,99991231,20210730,760104,760100,801971.SI,环境治理,1,760000,SW2021,2025-10-15 10:57:00
300153,300153.SZ,20220101,99991231,20190724,630306,630300,801733.SI,其他电源设备Ⅱ,1,630000,SW2021,2020-12-04 14:32:00
300154,300154.SZ,20220101,99991231,20140221,640106,640100,801072.SI,通用设备,1,640000,SW2021,2024-09-27 12:41:00
300155,300155.SZ,20220101,99991231,20210730,710102,710100,801101.SI,计算机设备,1,710000,SW2021,2021-07-31 16:18:00
300156,300156.SZ,20220101,99991231,20100127,410401,410400,,,,,,2015-10-27 15:29:00
300157,300157.SZ,20220101,20230703,20210730,750202,750200,801962.SI,油服工程,1,750000,SW2021,2023-01-03 10:32:00
300157,300157.SZ,20230704,99991231,20230704,640106,640100,801072.SI,通用设备,1,640000,SW2021,2025-10-15 10:57:00
300158,300158.SZ,20220101,20230703,20180713,370102,370100,801151.SI,化学制药,1,370000,SW2021,2020-12-04 14:32:00
300158,300158.SZ,20230704,99991231,20230704,370201,370200,801155.SI,中药Ⅱ,1,370000,SW2021,2023-07-04 15:14:00
300159,300159.SZ,20220101,20220728,20170629,650201,650200,801742.SI,航空装备Ⅱ,1,650000,SW2021,2019-08-09 15:39:00
300159,300159.SZ,20220729,99991231,20220729,640207,640200,801074.SI,专用设备,1,640000,SW2021,2025-10-15 10:57:00
300160,300160.SZ,20220101,99991231,20210730,330601,330600,801116.SI,家电零部件Ⅱ,1,330000,SW2021,2021-07-31 16:18:00
300161,300161.SZ,20220101,99991231,20140221,640101,640100,801072.SI,通用设备,1,640000,SW2021,2024-09-27 12:41:00
300162,300162.SZ,20220101,99991231,20111010,270302,270300,801084.SI,光学光电子,1,270000,SW2021,2015-10-27 15:29:00
300163,300163.SZ,20220101,99991231,20140101,220309,220300,801034.SI,化学制品,1,220000,SW2021,2019-08-09 15:39:00
300164,300164.SZ,20220101,99991231,20210730,750202,750200,801962.SI,油服工程,1,750000,SW2021,2022-08-01 16:32:00
300165,300165.SZ,20220101,99991231,20210730,640107,640100,801072.SI,通用设备,1,640000,SW2021,2025-10-15 10:57:00
300166,300166.SZ,20220101,99991231,20210730,710301,710300,801103.SI,IT服务Ⅱ,1,710000,SW2021,2023-06-01 14:03:00
300167,300167.SZ,20220101,99991231,20210730,710301,710300,801103.SI,IT服务Ⅱ,1,710000,SW2021,2021-07-31 16:18:00
300168,300168.SZ,20220101,99991231,20210730,710301,710300,801103.SI,IT服务Ⅱ,1,710000,SW2021,2024-04-01 15:28:00
300169,300169.SZ,20220101,99991231,20140101,220309,220300,801034.SI,化学制品,1,220000,SW2021,2015-10-27 15:29:00
300170,300170.SZ,20220101,99991231,20210730,710301,710300,801103.SI,IT服务Ⅱ,1,710000,SW2021,2023-06-01 14:03:00
300171,300171.SZ,20220101,99991231,20210730,370502,370500,801153.SI,医疗器械,1,370000,SW2021,2021-07-31 16:18:00
300172,300172.SZ,20220101,99991231,20210730,760102,760100,801971.SI,环境治理,1,760000,SW2021,2025-10-15 10:57:00
300173,300173.SZ,20220101,20220728,20210730,640702,640700,801078.SI,自动化设备,1,640000,SW2021,2022-01-28 13:23:00
300173,300173.SZ,20220729,99991231,20220729,630703,630700,801737.SI,电池,1,630000,SW2021,2025-10-15 10:57:00
300174,300174.SZ,20220101,99991231,20110124,220309,220300,801034.SI,化学制品,1,220000,SW2021,2015-10-27 15:29:00
300175,300175.SZ,20220101,99991231,20110127,110501,110500,801012.SI,农产品加工,1,110000,SW2021,2015-10-27 15:29:00
300176,300176.SZ,20220101,99991231,20210730,280203,280200,801093.SI,汽车零部件,1,280000,SW2021,2025-01-08 14:36:00
300177,300177.SZ,20220101,99991231,20210730,650501,650500,801745.SI,军工电子Ⅱ,1,650000,SW2021,2025-10-15 10:57:00
300178,300178.SZ,20220101,99991231,20210730,461004,461000,801993.SI,旅游及景区,1,460000,SW2021,2022-02-08 15:57:00
300179,300179.SZ,20220101,99991231,20140221,640103,640100,801072.SI,通用设备,1,640000,SW2021,2024-09-27 12:41:00
300180,300180.SZ,20220101,99991231,20210730,220501,220500,801036.SI,塑料,1,220000,SW2021,2021-07-31 16:18:00
300181,300181.SZ,20220101,99991231,20110110,370201,370200,801155.SI,中药Ⅱ,1,370000,SW2021,2024-08-12 08:35:00
300182,300182.SZ,20220101,99991231,20210730,720601,720600,801766.SI,影视院线,1,720000,SW2021,2025-10-15 10:57:00
300183,300183.SZ,20220101,99991231,20210730,730207,730200,801102.SI,通信设备,1,730000,SW2021,2026-06-01 14:47:00
300184,300184.SZ,20220101,99991231,20110110,270401,270400,801082.SI,其他电子Ⅱ,1,270000,SW2021,2015-10-27 15:29:00
300185,300185.SZ,20220101,99991231,20210730,630602,630600,801736.SI,风电设备,1,630000,SW2021,2025-10-15 10:57:00
300186,300186.SZ,20220101,99991231,20111010,110801,110800,801018.SI,动物保健Ⅱ,1,110000,SW2021,2015-10-27 15:28:00
300187,300187.SZ,20220101,20220728,20210730,760103,760100,801971.SI,环境治理,1,760000,SW2021,2021-07-31 16:18:00
300187,300187.SZ,20220729,99991231,20220729,760104,760100,801971.SI,环境治理,1,760000,SW2021,2025-10-15 10:57:00
300188,300188.SZ,20220101,99991231,20210730,710401,710400,801104.SI,软件开发,1,710000,SW2021,2021-07-31 16:18:00
300189,300189.SZ,20220101,99991231,20110107,110101,110100,801016.SI,种植业,1,110000,SW2021,2015-10-27 15:29:00
300190,300190.SZ,20220101,99991231,20210730,760104,760100,801971.SI,环境治理,1,760000,SW2021,2025-10-15 10:57:00
300191,300191.SZ,20220101,99991231,20210730,750202,750200,801962.SI,油服工程,1,750000,SW2021,2023-10-23 16:18:00
300192,300192.SZ,20220101,99991231,20210730,461102,461100,801994.SI,教育,1,460000,SW2021,2021-07-31 16:18:00
300193,300193.SZ,20220101,99991231,20140221,640106,640100,801072.SI,通用设备,1,640000,SW2021,2024-09-27 12:41:00
300194,300194.SZ,20220101,99991231,20110114,370102,370100,801151.SI,化学制药,1,370000,SW2021,2015-10-27 15:28:00
300195,300195.SZ,20220101,99991231,20140221,640208,640200,801074.SI,专用设备,1,640000,SW2021,2024-09-27 12:41:00
300196,300196.SZ,20220101,99991231,20210730,610202,610200,801712.SI,玻璃玻纤,1,610000,SW2021,2021-08-04 10:42:00
300197,300197.SZ,20220101,99991231,20210730,620307,620300,801723.SI,基础建设,1,620000,SW2021,2021-08-25 10:04:00
300198,300198.SZ,20220101,99991231,20140221,610302,610300,801713.SI,装修建材,1,610000,SW2021,2024-09-27 12:41:00
300199,300199.SZ,20220101,99991231,20110128,370102,370100,801151.SI,化学制药,1,370000,SW2021,2015-10-27 15:29:00
300200,300200.SZ,20220101,99991231,20140221,220313,220300,801034.SI,化学制品,1,220000,SW2021,2024-09-27 12:41:00
300201,300201.SZ,20220101,99991231,20210730,640601,640600,801077.SI,工程机械,1,640000,SW2021,2025-10-15 10:57:00
300202,300202.SZ,20220101,99991231,20210730,710103,710100,801101.SI,计算机设备,1,710000,SW2021,2021-07-31 16:18:00
300203,300203.SZ,20220101,20220728,20210730,760104,760100,801971.SI,环境治理,1,760000,SW2021,2021-07-31 16:18:00
300203,300203.SZ,20220729,99991231,20220729,760201,760200,801972.SI,环保设备Ⅱ,1,760000,SW2021,2025-10-15 10:57:00
300204,300204.SZ,20220101,20220728,20210730,370304,370300,801152.SI,生物制品,1,370000,SW2021,2021-07-31 16:18:00
300204,300204.SZ,20220729,99991231,20220729,370102,370100,801151.SI,化学制药,1,370000,SW2021,2022-07-29 11:54:00
300205,300205.SZ,20220101,99991231,20210730,730206,730200,801102.SI,通信设备,1,730000,SW2021,2026-06-01 14:47:00
300206,300206.SZ,20220101,99991231,20210730,370502,370500,801153.SI,医疗器械,1,370000,SW2021,2021-07-31 16:18:00
300207,300207.SZ,20220101,99991231,20210730,630701,630700,801737.SI,电池,1,630000,SW2021,2025-10-15 10:57:00
300208,300208.SZ,20220101,99991231,20210730,510101,510100,801231.SI,综合Ⅱ,1,510000,SW2021,2024-07-29 11:30:00
300209,300209.SZ,20220101,99991231,20210730,710401,710400,801104.SI,软件开发,1,710000,SW2021,2022-06-02 10:30:00
300210,300210.SZ,20220101,99991231,20210730,760201,760200,801972.SI,环保设备Ⅱ,1,760000,SW2021,2025-10-15 10:57:00
300211,300211.SZ,20220101,99991231,20210730,730103,730100,801223.SI,通信服务,1,730000,SW2021,2026-06-01 14:47:00
300212,300212.SZ,20220101,99991231,20210730,710301,710300,801103.SI,IT服务Ⅱ,1,710000,SW2021,2024-04-01 15:27:00
300213,300213.SZ,20220101,99991231,20210730,730207,730200,801102.SI,通信设备,1,730000,SW2021,2026-06-01 14:47:00
300214,300214.SZ,20220101,20220728,20210730,220501,220500,801036.SI,塑料,1,220000,SW2021,2022-02-21 09:16:00
300214,300214.SZ,20220729,99991231,20220729,220309,220300,801034.SI,化学制品,1,220000,SW2021,2024-03-01 09:48:00
300215,300215.SZ,20220101,99991231,20210730,460802,460800,801218.SI,专业服务,1,460000,SW2021,2022-01-28 13:23:00
300216,300216.SZ,20220101,99991231,20190724,640209,640200,801074.SI,专用设备,1,640000,SW2021,2019-08-09 15:39:00
300217,300217.SZ,20220101,99991231,20210730,330601,330600,801116.SI,家电零部件Ⅱ,1,330000,SW2021,2021-07-31 16:18:00
300218,300218.SZ,20220101,99991231,20210730,220501,220500,801036.SI,塑料,1,220000,SW2021,2021-07-31 16:18:00
300219,300219.SZ,20220101,99991231,20111010,270302,270300,801084.SI,光学光电子,1,270000,SW2021,2015-10-27 15:29:00
300220,300220.SZ,20220101,20220728,20210730,640703,640700,801078.SI,自动化设备,1,640000,SW2021,2022-07-01 14:10:00
300220,300220.SZ,20220729,99991231,20220729,360502,360500,801145.SI,文娱用品,1,360000,SW2021,2022-07-29 11:54:00
300221,300221.SZ,20220101,99991231,20111010,220503,220500,801036.SI,塑料,1,220000,SW2021,2019-08-09 15:39:00
300222,300222.SZ,20220101,99991231,20210730,630803,630800,801738.SI,电网设备,1,630000,SW2021,2025-10-15 10:57:00
300223,300223.SZ,20220101,99991231,20210730,270104,270100,801081.SI,半导体,1,270000,SW2021,2022-06-01 12:49:00
300224,300224.SZ,20220101,99991231,20110123,240202,240200,801051.SI,金属新材料,1,240000,SW2021,2015-10-27 15:29:00
300225,300225.SZ,20220101,99991231,20110123,220305,220300,801034.SI,化学制品,1,220000,SW2021,2015-10-27 15:29:00
300226,300226.SZ,20220101,99991231,20210730,710401,710400,801104.SI,软件开发,1,710000,SW2021,2026-02-26 16:27:00
300227,300227.SZ,20220101,99991231,20210730,640703,640700,801078.SI,自动化设备,1,640000,SW2021,2025-10-15 10:57:00
300228,300228.SZ,20220101,99991231,20210730,640108,640100,801072.SI,通用设备,1,640000,SW2021,2025-10-15 10:57:00
300229,300229.SZ,20220101,99991231,20210730,710401,710400,801104.SI,软件开发,1,710000,SW2021,2021-07-31 16:18:00
300230,300230.SZ,20220101,99991231,20110107,220501,220500,801036.SI,塑料,1,220000,SW2021,2015-10-27 15:29:00
300231,300231.SZ,20220101,99991231,20210730,710301,710300,801103.SI,IT服务Ⅱ,1,710000,SW2021,2021-07-31 16:18:00
300232,300232.SZ,20220101,99991231,20111010,270302,270300,801084.SI,光学光电子,1,270000,SW2021,2015-10-27 15:29:00
300233,300233.SZ,20220101,99991231,20190724,370102,370100,801151.SI,化学制药,1,370000,SW2021,2020-12-04 14:32:00
300234,300234.SZ,20220101,99991231,20140221,610303,610300,801713.SI,装修建材,1,610000,SW2021,2024-09-27 12:41:00
300235,300235.SZ,20220101,99991231,20210730,710401,710400,801104.SI,软件开发,1,710000,SW2021,2021-07-31 16:18:00
300236,300236.SZ,20220101,99991231,20210730,270601,270600,801086.SI,电子化学品Ⅱ,1,270000,SW2021,2021-07-31 16:18:00
300237,300237.SZ,20220101,20220728,20210730,620307,620300,801723.SI,基础建设,1,620000,SW2021,2021-08-02 13:20:00
300237,300237.SZ,20220729,99991231,20220729,280205,280200,801093.SI,汽车零部件,1,280000,SW2021,2025-01-08 14:36:00
300238,300238.SZ,20220101,99991231,20210730,370503,370500,801153.SI,医疗器械,1,370000,SW2021,2021-07-31 16:18:00
300239,300239.SZ,20220101,99991231,20210730,370304,370300,801152.SI,生物制品,1,370000,SW2021,2021-07-31 16:18:00
300240,300240.SZ,20220101,99991231,20210730,420803,420800,801178.SI,物流,1,420000,SW2021,2025-10-15 10:57:00
300241,300241.SZ,20220101,99991231,20111010,270302,270300,801084.SI,光学光电子,1,270000,SW2021,2015-10-27 15:29:00
300242,300242.SZ,20220101,99991231,20210730,720501,720500,801765.SI,广告营销,1,720000,SW2021,2025-10-15 10:57:00
300243,300243.SZ,20220101,99991231,20210730,220501,220500,801036.SI,塑料,1,220000,SW2021,2021-07-31 16:18:00
300244,300244.SZ,20220101,99991231,20210730,370602,370600,801156.SI,医疗服务,1,370000,SW2021,2021-07-31 16:18:00
300245,300245.SZ,20220101,99991231,20210730,710301,710300,801103.SI,IT服务Ⅱ,1,710000,SW2021,2021-07-31 16:18:00
300246,300246.SZ,20220101,99991231,20210730,370502,370500,801153.SI,医疗器械,1,370000,SW2021,2021-07-31 16:18:00
300247,300247.SZ,20220101,99991231,20210730,330701,330700,801117.SI,其他家电Ⅱ,0,330000,SW2021,2021-07-31 16:18:00
300248,300248.SZ,20220101,99991231,20210730,710103,710100,801101.SI,计算机设备,1,710000,SW2021,2021-07-31 16:18:00
300249,300249.SZ,20220101,99991231,20210730,710103,710100,801101.SI,计算机设备,1,710000,SW2021,2021-07-31 16:18:00
300250,300250.SZ,20220101,99991231,20210730,710301,710300,801103.SI,IT服务Ⅱ,1,710000,SW2021,2021-07-31 16:18:00
300251,300251.SZ,20220101,99991231,20210730,720601,720600,801766.SI,影视院线,1,720000,SW2021,2025-10-15 10:57:00
300252,300252.SZ,20220101,99991231,20210730,650501,650500,801745.SI,军工电子Ⅱ,1,650000,SW2021,2025-10-15 10:57:00
300253,300253.SZ,20220101,99991231,20210730,710401,710400,801104.SI,软件开发,1,710000,SW2021,2021-07-31 16:18:00
300254,300254.SZ,20220101,99991231,20110108,370102,370100,801151.SI,化学制药,1,370000,SW2021,2015-10-27 15:29:00
300255,300255.SZ,20220101,99991231,20210730,370102,370100,801151.SI,化学制药,1,370000,SW2021,2021-07-31 16:18:00
300256,300256.SZ,20220101,99991231,20210730,270504,270500,801085.SI,消费电子,1,270000,SW2021,2023-04-25 09:32:00
300257,300257.SZ,20220101,99991231,20140221,640106,640100,801072.SI,通用设备,1,640000,SW2021,2024-09-27 12:41:00
300258,300258.SZ,20220101,99991231,20210730,280203,280200,801093.SI,汽车零部件,1,280000,SW2021,2025-01-24 16:29:00
300259,300259.SZ,20220101,99991231,20210730,640107,640100,801072.SI,通用设备,1,640000,SW2021,2025-10-15 10:57:00
300260,300260.SZ,20220101,99991231,20210730,640108,640100,801072.SI,通用设备,1,640000,SW2021,2025-10-15 10:57:00
300261,300261.SZ,20220101,99991231,20210730,220803,220800,801038.SI,农化制品,1,220000,SW2021,2021-07-31 16:18:00
300262,300262.SZ,20220101,99991231,20210730,760102,760100,801971.SI,环境治理,1,760000,SW2021,2022-10-11 14:52:00
300263,300263.SZ,20220101,99991231,20210730,640106,640100,801072.SI,通用设备,1,640000,SW2021,2025-10-15 10:57:00
300264,300264.SZ,20220101,99991231,20210730,710301,710300,801103.SI,IT服务Ⅱ,1,710000,SW2021,2021-07-31 16:18:00
300265,300265.SZ,20220101,99991231,20210730,630805,630800,801738.SI,电网设备,1,630000,SW2021,2025-10-15 10:57:00
300266,300266.SZ,20220101,99991231,20210730,760102,760100,801971.SI,环境治理,1,760000,SW2021,2025-10-15 10:57:00
300267,300267.SZ,20220101,99991231,20110115,370101,370100,801151.SI,化学制药,1,370000,SW2021,2015-10-27 15:28:00
300268,300268.SZ,20220101,99991231,20111010,110504,110500,801012.SI,农产品加工,1,110000,SW2021,2019-08-09 15:39:00
300269,300269.SZ,20220101,20220728,20210730,720501,720500,801765.SI,广告营销,1,720000,SW2021,2021-07-31 16:18:00
300269,300269.SZ,20220729,99991231,20220729,270302,270300,801084.SI,光学光电子,1,270000,SW2021,2022-07-29 11:54:00
300270,300270.SZ,20220101,99991231,20210730,710102,710100,801101.SI,计算机设备,1,710000,SW2021,2021-07-31 16:18:00
300271,300271.SZ,20220101,99991231,20210730,710301,710300,801103.SI,IT服务Ⅱ,1,710000,SW2021,2023-02-20 17:14:00
300272,300272.SZ,20220101,20240516,20210730,330301,330300,801113.SI,小家电,1,330000,SW2021,2023-08-03 13:40:00
300272,300272.SZ,20240517,99991231,20240517,330302,330300,801113.SI,小家电,1,330000,SW2021,2024-05-17 13:15:00
300273,300273.SZ,20220101,99991231,20210730,370502,370500,801153.SI,医疗器械,1,370000,SW2021,2021-07-31 16:18:00
300274,300274.SZ,20220101,99991231,20210730,630503,630500,801735.SI,光伏设备,1,630000,SW2021,2025-10-15 10:57:00
300275,300275.SZ,20220101,20220728,20140221,640203,640200,801074.SI,专用设备,1,640000,SW2021,2024-09-27 12:41:00
300275,300275.SZ,20220729,99991231,20220729,710102,710100,801101.SI,计算机设备,1,710000,SW2021,2023-07-04 13:40:00
300276,300276.SZ,20220101,99991231,20210730,640701,640700,801078.SI,自动化设备,1,640000,SW2021,2025-10-15 10:57:00
300277,300277.SZ,20220101,99991231,20210730,710301,710300,801103.SI,IT服务Ⅱ,1,710000,SW2021,2026-06-01 14:22:00
300278,300278.SZ,20220101,99991231,20210730,640702,640700,801078.SI,自动化设备,1,640000,SW2021,2025-10-15 10:57:00
300279,300279.SZ,20220101,20240729,20210730,270504,270500,801085.SI,消费电子,1,270000,SW2021,2023-04-25 09:32:00
300279,300279.SZ,20240730,99991231,20240730,330601,330600,801116.SI,家电零部件Ⅱ,1,330000,SW2021,2025-01-08 14:36:00
300280,300280.SZ,20220101,99991231,20210730,720502,720500,801765.SI,广告营销,1,720000,SW2021,2021-07-31 16:18:00
300281,300281.SZ,20220101,99991231,20140221,640209,640200,801074.SI,专用设备,1,640000,SW2021,2024-09-27 12:41:00
300282,300282.SZ,20220101,99991231,20210730,461103,461100,801994.SI,教育,1,460000,SW2021,2021-07-31 16:18:00
300283,300283.SZ,20220101,99991231,20210730,630802,630800,801738.SI,电网设备,1,630000,SW2021,2025-10-15 10:57:00
300284,300284.SZ,20220101,99991231,20210730,620601,620600,801726.SI,工程咨询服务Ⅱ,1,620000,SW2021,2022-07-01 14:10:00
300285,300285.SZ,20220101,20220728,20210730,220309,220300,801034.SI,化学制品,1,220000,SW2021,2021-07-31 16:18:00
300285,300285.SZ,20220729,99991231,20220729,270601,270600,801086.SI,电子化学品Ⅱ,1,270000,SW2021,2025-12-31 11:31:00
300286,300286.SZ,20220101,99991231,20210730,630804,630800,801738.SI,电网设备,1,630000,SW2021,2025-10-15 10:57:00
300287,300287.SZ,20220101,99991231,20210730,710301,710300,801103.SI,IT服务Ⅱ,1,710000,SW2021,2021-07-31 16:18:00
300288,300288.SZ,20220101,99991231,20210730,710301,710300,801103.SI,IT服务Ⅱ,1,710000,SW2021,2021-07-31 16:18:00
300289,300289.SZ,20220101,99991231,20210730,370504,370500,801153.SI,医疗器械,1,370000,SW2021,2021-07-31 16:18:00
300290,300290.SZ,20220101,99991231,20210730,710301,710300,801103.SI,IT服务Ⅱ,1,710000,SW2021,2021-07-31 16:18:00
300291,300291.SZ,20220101,99991231,20210730,720601,720600,801766.SI,影视院线,1,720000,SW2021,2025-10-15 10:57:00
300292,300292.SZ,20220101,99991231,20210730,730104,730100,801223.SI,通信服务,1,730000,SW2021,2026-06-01 14:47:00
300293,300293.SZ,20220101,99991231,20140221,640209,640200,801074.SI,专用设备,1,640000,SW2021,2024-09-27 12:41:00
300294,300294.SZ,20220101,99991231,20210730,370302,370300,801152.SI,生物制品,1,370000,SW2021,2021-07-31 16:18:00
300295,300295.SZ,20220101,99991231,20210730,720704,720700,801767.SI,数字媒体,1,720000,SW2021,2025-10-15 10:57:00
300296,300296.SZ,20220101,99991231,20120105,270302,270300,801084.SI,光学光电子,1,270000,SW2021,2015-10-27 15:29:00
300297,300297.SZ,20220101,99991231,20210730,710301,710300,801103.SI,IT服务Ⅱ,1,710000,SW2021,2021-07-31 16:18:00
300298,300298.SZ,20220101,99991231,20210730,370502,370500,801153.SI,医疗器械,1,370000,SW2021,2023-06-13 14:45:00
300299,300299.SZ,20220101,99991231,20210730,720401,720400,801764.SI,游戏Ⅱ,1,720000,SW2021,2025-10-15 10:57:00
300300,300300.SZ,20220101,99991231,20210730,710301,710300,801103.SI,IT服务Ⅱ,1,710000,SW2021,2021-07-31 16:18:00
300301,300301.SZ,20220101,99991231,20120112,270302,270300,801084.SI,光学光电子,1,270000,SW2021,2015-10-27 15:28:00
300302,300302.SZ,20220101,99991231,20210730,710103,710100,801101.SI,计算机设备,1,710000,SW2021,2021-07-31 16:18:00
300303,300303.SZ,20220101,99991231,20120109,270302,270300,801084.SI,光学光电子,1,270000,SW2021,2015-10-27 15:29:00
300304,300304.SZ,20220101,99991231,20210730,280206,280200,801093.SI,汽车零部件,1,280000,SW2021,2025-01-08 14:36:00
300305,300305.SZ,20220101,99991231,20210730,220505,220500,801036.SI,塑料,1,220000,SW2021,2021-07-31 16:18:00
300306,300306.SZ,20220101,99991231,20210730,640107,640100,801072.SI,通用设备,1,640000,SW2021,2025-10-15 10:57:00
300307,300307.SZ,20220101,99991231,20140221,640206,640200,801074.SI,专用设备,1,640000,SW2021,2024-09-27 12:41:00
300308,300308.SZ,20220101,99991231,20210730,730204,730200,801102.SI,通信设备,1,730000,SW2021,2026-06-01 14:47:00
300309,300309.SZ,20220101,99991231,20210730,490307,490300,801191.SI,多元金融,1,490000,SW2021,2021-07-31 16:18:00
300310,300310.SZ,20220101,99991231,20210730,730103,730100,801223.SI,通信服务,1,730000,SW2021,2026-06-01 14:47:00
300311,300311.SZ,20220101,99991231,20210730,710402,710400,801104.SI,软件开发,1,710000,SW2021,2021-07-31 16:18:00
300312,300312.SZ,20220101,99991231,20210730,730204,730200,801102.SI,通信设备,1,730000,SW2021,2021-07-31 16:18:00
300313,300313.SZ,20220101,99991231,20210730,110704,110700,801017.SI,养殖业,1,110000,SW2021,2024-05-27 10:52:00
300314,300314.SZ,20220101,99991231,20210730,370502,370500,801153.SI,医疗器械,1,370000,SW2021,2021-07-31 16:18:00
300315,300315.SZ,20220101,99991231,20210730,720401,720400,801764.SI,游戏Ⅱ,1,720000,SW2021,2026-04-02 13:26:00
300316,300316.SZ,20220101,99991231,20210730,630505,630500,801735.SI,光伏设备,1,630000,SW2021,2025-10-15 10:57:00
300317,300317.SZ,20220101,99991231,20210730,410106,410100,801161.SI,电力,1,410000,SW2021,2025-10-15 10:57:00
300318,300318.SZ,20220101,20240729,20210730,370504,370500,801153.SI,医疗器械,1,370000,SW2021,2021-07-31 16:18:00
300318,300318.SZ,20240730,99991231,20240730,370302,370300,801152.SI,生物制品,1,370000,SW2021,2024-07-30 12:45:00
300319,300319.SZ,20220101,99991231,20210730,270203,270200,801083.SI,元件,1,270000,SW2021,2023-04-25 09:32:00
300320,300320.SZ,20220101,99991231,20120124,220602,220600,801037.SI,橡胶,1,220000,SW2021,2015-10-27 15:28:00
300321,300321.SZ,20220101,99991231,20210730,220313,220300,801034.SI,化学制品,1,220000,SW2021,2021-07-31 16:18:00
300322,300322.SZ,20220101,99991231,20210730,270504,270500,801085.SI,消费电子,1,270000,SW2021,2023-04-25 09:32:00
300323,300323.SZ,20220101,99991231,20120122,270302,270300,801084.SI,光学光电子,1,270000,SW2021,2015-10-27 15:29:00
300324,300324.SZ,20220101,99991231,20210730,710103,710100,801101.SI,计算机设备,1,710000,SW2021,2021-07-31 16:18:00
300325,300325.SZ,20220101,99991231,20120122,220501,220500,801036.SI,塑料,1,220000,SW2021,2015-10-27 15:28:00
300326,300326.SZ,20220101,99991231,20210730,370503,370500,801153.SI,医疗器械,1,370000,SW2021,2021-07-31 16:18:00
300327,300327.SZ,20220101,99991231,20210730,270104,270100,801081.SI,半导体,1,270000,SW2021,2025-01-24 16:29:00
300328,300328.SZ,20220101,20220728,20210730,240504,240500,801054.SI,小金属,1,240000,SW2021,2021-07-31 16:18:00
300328,300328.SZ,20220729,99991231,20220729,240301,240300,801055.SI,工业金属,1,240000,SW2021,2025-01-08 14:36:00
300329,300329.SZ,20220101,99991231,20210730,360502,360500,801145.SI,文娱用品,1,360000,SW2021,2021-07-31 16:18:00
300330,300330.SZ,20220101,99991231,20210730,710103,710100,801101.SI,计算机设备,1,710000,SW2021,2021-07-31 16:18:00
300331,300331.SZ,20220101,20220728,20120115,270301,270300,801084.SI,光学光电子,1,270000,SW2021,2015-10-27 15:29:00
300331,300331.SZ,20220729,99991231,20220729,270303,270300,801084.SI,光学光电子,1,270000,SW2021,2022-07-29 11:54:00
300332,300332.SZ,20220101,99991231,20210730,410301,410300,801163.SI,燃气Ⅱ,1,410000,SW2021,2025-10-15 10:57:00
300333,300333.SZ,20220101,99991231,20210730,710103,710100,801101.SI,计算机设备,1,710000,SW2021,2021-07-31 16:18:00
300334,300334.SZ,20220101,99991231,20210730,760102,760100,801971.SI,环境治理,1,760000,SW2021,2025-10-15 10:57:00
300335,300335.SZ,20220101,99991231,20210730,410104,410100,801161.SI,电力,1,410000,SW2021,2025-10-15 10:57:00
300336,300336.SZ,20220101,99991231,20210730,720502,720500,801765.SI,广告营销,1,720000,SW2021,2021-07-31 16:18:00
300337,300337.SZ,20220101,99991231,20140221,240301,240300,801055.SI,工业金属,1,240000,SW2021,2024-09-27 12:41:00
300338,300338.SZ,20220101,99991231,20210730,461102,461100,801994.SI,教育,1,460000,SW2021,2021-07-31 16:18:00
300339,300339.SZ,20220101,99991231,20210730,710301,710300,801103.SI,IT服务Ⅱ,1,710000,SW2021,2021-07-31 16:18:00
300340,300340.SZ,20220101,99991231,20210730,630702,630700,801737.SI,电池,1,630000,SW2021,2025-10-15 10:57:00
300341,300341.SZ,20220101,20220728,20210730,630801,630800,801738.SI,电网设备,1,630000,SW2021,2021-07-31 16:18:00
300341,300341.SZ,20220729,20230703,20220729,640107,640100,801072.SI,通用设备,1,640000,SW2021,2022-07-29 11:54:00
300341,300341.SZ,20230704,99991231,20230704,370502,370500,801153.SI,医疗器械,1,370000,SW2021,2023-07-04 15:14:00
300342,300342.SZ,20220101,99991231,20210730,330601,330600,801116.SI,家电零部件Ⅱ,1,330000,SW2021,2021-07-31 16:18:00
300343,300343.SZ,20220101,20230703,20210730,720501,720500,801765.SI,广告营销,1,720000,SW2021,2021-07-31 16:18:00
300343,300343.SZ,20230704,99991231,20230704,220311,220300,801034.SI,化学制品,1,220000,SW2021,2023-07-04 15:14:00
300344,300344.SZ,20220101,99991231,20210730,710401,710400,801104.SI,软件开发,1,710000,SW2021,2021-07-31 16:18:00
300345,300345.SZ,20220101,20240729,20170629,640103,640100,801072.SI,通用设备,1,640000,SW2021,2019-08-09 15:39:00
300345,300345.SZ,20240730,99991231,20240730,630501,630500,801735.SI,光伏设备,1,630000,SW2021,2025-10-15 10:57:00
300346,300346.SZ,20220101,99991231,20210730,270601,270600,801086.SI,电子化学品Ⅱ,1,270000,SW2021,2023-12-25 17:15:00
300347,300347.SZ,20220101,99991231,20210730,370603,370600,801156.SI,医疗服务,1,370000,SW2021,2025-09-17 18:36:00
300348,300348.SZ,20220101,99991231,20210730,710401,710400,801104.SI,软件开发,1,710000,SW2021,2023-04-03 14:29:00
300349,300349.SZ,20220101,99991231,20210730,640107,640100,801072.SI,通用设备,1,640000,SW2021,2025-10-15 10:57:00
300350,300350.SZ,20220101,99991231,20210730,420803,420800,801178.SI,物流,1,420000,SW2021,2025-10-15 10:57:00
300351,300351.SZ,20220101,99991231,20140221,640501,640500,801076.SI,轨交设备Ⅱ,1,640000,SW2021,2024-09-27 12:41:00
300352,300352.SZ,20220101,99991231,20210730,710401,710400,801104.SI,软件开发,1,710000,SW2021,2021-07-31 16:18:00
300353,300353.SZ,20220101,99991231,20210730,730207,730200,801102.SI,通信设备,1,730000,SW2021,2026-06-01 14:47:00
300354,300354.SZ,20220101,99991231,20210730,640107,640100,801072.SI,通用设备,1,640000,SW2021,2025-10-15 10:57:00
300355,300355.SZ,20220101,99991231,20210730,620307,620300,801723.SI,基础建设,1,620000,SW2021,2021-08-02 13:20:00
300356,300356.SZ,20220101,99991231,20210730,630804,630800,801738.SI,电网设备,1,630000,SW2021,2022-10-11 14:52:00
300357,300357.SZ,20220101,99991231,20210730,370304,370300,801152.SI,生物制品,1,370000,SW2021,2025-10-17 15:50:00
300358,300358.SZ,20220101,99991231,20210730,370502,370500,801153.SI,医疗器械,1,370000,SW2021,2021-07-31 16:18:00
300359,300359.SZ,20220101,99991231,20210730,461102,461100,801994.SI,教育,1,460000,SW2021,2021-07-31 16:18:00
300360,300360.SZ,20220101,99991231,20210730,630804,630800,801738.SI,电网设备,1,630000,SW2021,2025-10-15 10:57:00
300361,300361.SZ,20220101,99991231,20140108,370102,370100,801151.SI,化学制药,1,370000,SW2021,2024-07-19 08:52:00
300362,300362.SZ,20220101,99991231,20210730,760102,760100,801971.SI,环境治理,1,760000,SW2021,2021-07-31 16:18:00
300363,300363.SZ,20220101,99991231,20210730,370603,370600,801156.SI,医疗服务,1,370000,SW2021,2025-09-17 18:36:00
300364,300364.SZ,20220101,99991231,20210730,720902,720900,801769.SI,出版,1,720000,SW2021,2025-10-15 10:57:00
300365,300365.SZ,20220101,99991231,20210730,710401,710400,801104.SI,软件开发,1,710000,SW2021,2021-07-31 16:18:00
300366,300366.SZ,20220101,99991231,20210730,710401,710400,801104.SI,软件开发,1,710000,SW2021,2021-07-31 16:18:00
300367,300367.SZ,20220101,99991231,20210730,710102,710100,801101.SI,计算机设备,1,710000,SW2021,2021-07-31 16:18:00
300368,300368.SZ,20220101,99991231,20210730,710103,710100,801101.SI,计算机设备,1,710000,SW2021,2021-07-31 16:18:00
300369,300369.SZ,20220101,99991231,20210730,710402,710400,801104.SI,软件开发,1,710000,SW2021,2025-01-24 16:29:00
300370,300370.SZ,20220101,99991231,20210730,640107,640100,801072.SI,通用设备,1,640000,SW2021,2025-10-15 10:57:00
300371,300371.SZ,20220101,99991231,20210730,640107,640100,801072.SI,通用设备,1,640000,SW2021,2025-10-15 10:57:00
300372,300372.SZ,20220101,99991231,20140221,630306,630300,801733.SI,其他电源设备Ⅱ,1,630000,SW2021,2024-10-08 16:38:00
300373,300373.SZ,20220101,99991231,20140108,270102,270100,801081.SI,半导体,1,270000,SW2021,2015-10-27 15:29:00
300374,300374.SZ,20220101,99991231,20150109,610301,610300,801713.SI,装修建材,1,610000,SW2021,2015-11-05 14:02:00
300375,300375.SZ,20220101,99991231,20210730,280203,280200,801093.SI,汽车零部件,1,280000,SW2021,2025-01-08 14:36:00
300376,300376.SZ,20220101,99991231,20210730,630306,630300,801733.SI,其他电源设备Ⅱ,1,630000,SW2021,2025-10-15 10:57:00
300377,300377.SZ,20220101,99991231,20210730,710401,710400,801104.SI,软件开发,1,710000,SW2021,2021-07-31 16:18:00
300378,300378.SZ,20220101,99991231,20210730,710402,710400,801104.SI,软件开发,1,710000,SW2021,2024-05-29 20:27:00
300379,300379.SZ,20220101,99991231,20210730,710401,710400,801104.SI,软件开发,1,710000,SW2021,2021-07-31 16:18:00
300380,300380.SZ,20220101,99991231,20210730,710401,710400,801104.SI,软件开发,1,710000,SW2021,2021-07-31 16:18:00
300381,300381.SZ,20220101,99991231,20210730,370101,370100,801151.SI,化学制药,1,370000,SW2021,2021-07-31 16:18:00
300382,300382.SZ,20220101,99991231,20140221,640209,640200,801074.SI,专用设备,1,640000,SW2021,2024-10-08 16:41:00
300383,300383.SZ,20220101,20230703,20210730,710301,710300,801103.SI,IT服务Ⅱ,1,710000,SW2021,2021-07-31 16:18:00
300383,300383.SZ,20230704,99991231,20230704,730104,730100,801223.SI,通信服务,1,730000,SW2021,2026-06-01 14:47:00
300384,300384.SZ,20220101,99991231,20190724,620402,620400,801724.SI,专业工程,1,620000,SW2021,2019-08-09 15:39:00
300385,300385.SZ,20220101,99991231,20210730,760101,760100,801971.SI,环境治理,1,760000,SW2021,2025-10-15 10:57:00
300386,300386.SZ,20220101,99991231,20210730,710103,710100,801101.SI,计算机设备,1,710000,SW2021,2021-07-31 16:18:00
300387,300387.SZ,20220101,99991231,20210730,220805,220800,801038.SI,农化制品,1,220000,SW2021,2021-07-31 16:18:00
300388,300388.SZ,20220101,99991231,20210730,760102,760100,801971.SI,环境治理,1,760000,SW2021,2025-10-15 10:57:00
300389,300389.SZ,20220101,99991231,20140131,270302,270300,801084.SI,光学光电子,1,270000,SW2021,2015-10-27 15:28:00
300390,300390.SZ,20220101,20220728,20140131,270401,270400,801082.SI,其他电子Ⅱ,1,270000,SW2021,2015-10-27 15:29:00
300390,300390.SZ,20220729,20230914,20220729,240603,240600,801056.SI,能源金属,1,240000,SW2021,2023-04-25 09:32:00
300390,300390.SZ,20230915,99991231,20230915,630702,630700,801737.SI,电池,1,630000,SW2021,2025-10-15 10:57:00
300391,300391.SZ,20220101,20220728,20210730,280203,280200,801093.SI,汽车零部件,1,280000,SW2021,2021-07-31 16:18:00
300391,300391.SZ,20220729,99991231,20220729,370201,370200,801155.SI,中药Ⅱ,1,370000,SW2021,2022-07-29 11:54:00
300392,300392.SZ,20220101,99991231,20210730,720501,720500,801765.SI,广告营销,1,720000,SW2021,2021-07-31 16:18:00
300393,300393.SZ,20220101,99991231,20210730,630502,630500,801735.SI,光伏设备,1,630000,SW2021,2025-10-15 10:57:00
300394,300394.SZ,20220101,99991231,20210730,730204,730200,801102.SI,通信设备,1,730000,SW2021,2026-06-01 14:47:00
300395,300395.SZ,20220101,99991231,20210730,650201,650200,801742.SI,航空装备Ⅱ,1,650000,SW2021,2025-12-29 16:37:00
300396,300396.SZ,20220101,99991231,20210730,370504,370500,801153.SI,医疗器械,1,370000,SW2021,2021-07-31 16:18:00
300397,300397.SZ,20220101,20220728,20170629,650201,650200,801742.SI,航空装备Ⅱ,1,650000,SW2021,2019-08-09 15:39:00
300397,300397.SZ,20220729,99991231,20220729,650501,650500,801745.SI,军工电子Ⅱ,1,650000,SW2021,2025-10-15 10:57:00
300398,300398.SZ,20220101,99991231,20210730,270601,270600,801086.SI,电子化学品Ⅱ,1,270000,SW2021,2022-10-12 12:03:00
300399,300399.SZ,20220101,99991231,20210730,710301,710300,801103.SI,IT服务Ⅱ,1,710000,SW2021,2021-07-31 16:18:00
300400,300400.SZ,20220101,99991231,20210730,640704,640700,801078.SI,自动化设备,1,640000,SW2021,2025-10-15 10:57:00
300401,300401.SZ,20220101,99991231,20140126,370101,370100,801151.SI,化学制药,1,370000,SW2021,2015-10-27 15:29:00
300402,300402.SZ,20220101,99991231,20210730,640108,640100,801072.SI,通用设备,1,640000,SW2021,2025-10-15 10:57:00
300403,300403.SZ,20220101,99991231,20210730,330601,330600,801116.SI,家电零部件Ⅱ,1,330000,SW2021,2021-07-31 16:18:00
300404,300404.SZ,20220101,99991231,20210730,370603,370600,801156.SI,医疗服务,1,370000,SW2021,2021-07-31 16:18:00
300405,300405.SZ,20220101,99991231,20140124,220309,220300,801034.SI,化学制品,1,220000,SW2021,2015-10-27 15:29:00
300406,300406.SZ,20220101,99991231,20210730,370504,370500,801153.SI,医疗器械,1,370000,SW2021,2021-07-31 16:18:00
300407,300407.SZ,20220101,99991231,20210730,630803,630800,801738.SI,电网设备,1,630000,SW2021,2025-10-15 10:57:00
300408,300408.SZ,20220101,99991231,20140125,270203,270200,801083.SI,元件,1,270000,SW2021,2015-10-27 15:29:00
300409,300409.SZ,20220101,99991231,20210730,630702,630700,801737.SI,电池,1,630000,SW2021,2025-10-15 10:57:00
300410,300410.SZ,20220101,20220728,20210730,640107,640100,801072.SI,通用设备,1,640000,SW2021,2021-08-02 13:23:00
300410,300410.SZ,20220729,99991231,20220729,630703,630700,801737.SI,电池,1,630000,SW2021,2025-10-15 10:57:00
300411,300411.SZ,20220101,99991231,20140221,640209,640200,801074.SI,专用设备,1,640000,SW2021,2024-10-08 16:46:00
300412,300412.SZ,20220101,99991231,20190724,640209,640200,801074.SI,专用设备,1,640000,SW2021,2019-08-09 15:39:00
300413,300413.SZ,20220101,99991231,20210730,720701,720700,801767.SI,数字媒体,1,720000,SW2021,2025-10-15 10:57:00
300414,300414.SZ,20220101,99991231,20210730,730207,730200,801102.SI,通信设备,1,730000,SW2021,2026-06-01 14:47:00
300415,300415.SZ,20220101,99991231,20150115,640209,640200,801074.SI,专用设备,1,640000,SW2021,2015-10-27 15:29:00
300416,300416.SZ,20220101,20220728,20210730,640107,640100,801072.SI,通用设备,1,640000,SW2021,2021-08-02 13:23:00
300416,300416.SZ,20220729,99991231,20220729,460802,460800,801218.SI,专业服务,1,460000,SW2021,2025-10-15 10:57:00
300417,300417.SZ,20220101,99991231,20210730,640107,640100,801072.SI,通用设备,1,640000,SW2021,2025-10-15 10:57:00
300418,300418.SZ,20220101,99991231,20210730,720401,720400,801764.SI,游戏Ⅱ,1,720000,SW2021,2026-04-02 13:26:00
300419,300419.SZ,20220101,99991231,20210730,710301,710300,801103.SI,IT服务Ⅱ,1,710000,SW2021,2021-07-31 16:18:00
300420,300420.SZ,20220101,99991231,20150115,640106,640100,801072.SI,通用设备,1,640000,SW2021,2015-10-28 09:05:00
300421,300421.SZ,20220101,99991231,20210730,640108,640100,801072.SI,通用设备,1,640000,SW2021,2025-10-15 10:57:00
300422,300422.SZ,20220101,99991231,20210730,760102,760100,801971.SI,环境治理,1,760000,SW2021,2025-10-15 10:57:00
300423,300423.SZ,20220101,99991231,20210730,630801,630800,801738.SI,电网设备,1,630000,SW2021,2025-10-15 10:57:00
300424,300424.SZ,20220101,99991231,20150413,650201,650200,801742.SI,航空装备Ⅱ,1,650000,SW2021,2015-10-27 15:29:00
300425,300425.SZ,20220101,20230223,20210730,760102,760100,801971.SI,环境治理,1,760000,SW2021,2022-10-11 14:52:00
300425,300425.SZ,20230224,20240729,20230224,760201,760200,801972.SI,环保设备Ⅱ,1,760000,SW2021,2023-02-27 16:51:00
300425,300425.SZ,20240730,99991231,20240730,760102,760100,801971.SI,环境治理,1,760000,SW2021,2025-10-15 10:57:00
300426,300426.SZ,20220101,99991231,20210730,720601,720600,801766.SI,影视院线,1,720000,SW2021,2025-10-15 10:57:00
300427,300427.SZ,20220101,99991231,20210730,630803,630800,801738.SI,电网设备,1,630000,SW2021,2025-10-15 10:57:00
300428,300428.SZ,20220101,99991231,20210730,280204,280200,801093.SI,汽车零部件,1,280000,SW2021,2025-01-08 14:36:00
300429,300429.SZ,20220101,99991231,20210730,270601,270600,801086.SI,电子化学品Ⅱ,1,270000,SW2021,2023-12-25 16:34:00
300430,300430.SZ,20220101,99991231,20150309,640106,640100,801072.SI,通用设备,1,640000,SW2021,2015-10-27 15:28:00
300431,300431.SZ,20220101,99991231,20150309,720301,720300,,,,,,2015-10-27 15:28:00
300432,300432.SZ,20220101,20230703,20210730,280203,280200,801093.SI,汽车零部件,1,280000,SW2021,2021-07-31 16:18:00
300432,300432.SZ,20230704,99991231,20230704,630702,630700,801737.SI,电池,1,630000,SW2021,2025-10-15 10:57:00
300433,300433.SZ,20220101,99991231,20210730,270504,270500,801085.SI,消费电子,1,270000,SW2021,2023-04-25 09:32:00
300434,300434.SZ,20220101,99991231,20180713,370102,370100,801151.SI,化学制药,1,370000,SW2021,2020-12-04 14:32:00
300435,300435.SZ,20220101,99991231,20200224,410301,410300,801163.SI,燃气Ⅱ,1,410000,SW2021,2020-02-24 14:41:00
300436,300436.SZ,20220101,99991231,20170629,370102,370100,801151.SI,化学制药,1,370000,SW2021,2020-12-04 14:32:00
300437,300437.SZ,20220101,99991231,20210730,760102,760100,801971.SI,环境治理,1,760000,SW2021,2025-10-15 10:57:00
300438,300438.SZ,20220101,99991231,20210730,630701,630700,801737.SI,电池,1,630000,SW2021,2025-10-15 10:57:00
300439,300439.SZ,20220101,99991231,20210730,370504,370500,801153.SI,医疗器械,1,370000,SW2021,2021-07-31 16:18:00
300440,300440.SZ,20220101,99991231,20210730,710301,710300,801103.SI,IT服务Ⅱ,1,710000,SW2021,2021-07-31 16:18:00
300441,300441.SZ,20220101,99991231,20150413,640106,640100,801072.SI,通用设备,1,640000,SW2021,2015-10-27 15:28:00
300442,300442.SZ,20220101,20230703,20150413,640208,640200,801074.SI,专用设备,1,640000,SW2021,2019-08-09 15:39:00
300442,300442.SZ,20230704,99991231,20230704,730104,730100,801223.SI,通信服务,1,730000,SW2021,2025-10-15 10:57:00
300443,300443.SZ,20220101,99991231,20210730,630602,630600,801736.SI,风电设备,1,630000,SW2021,2025-12-10 10:16:00
300444,300444.SZ,20220101,99991231,20210730,630801,630800,801738.SI,电网设备,1,630000,SW2021,2025-10-15 10:57:00
300445,300445.SZ,20220101,99991231,20210730,640107,640100,801072.SI,通用设备,1,640000,SW2021,2025-10-15 10:57:00
300446,300446.SZ,20220101,20240729,20210730,270601,270600,801086.SI,电子化学品Ⅱ,1,270000,SW2021,2021-07-31 16:18:00
300446,300446.SZ,20240730,99991231,20240730,280202,280200,801093.SI,汽车零部件,1,280000,SW2021,2025-01-08 14:36:00
300447,300447.SZ,20220101,99991231,20210730,650501,650500,801745.SI,军工电子Ⅱ,1,650000,SW2021,2025-10-15 10:57:00
300448,300448.SZ,20220101,99991231,20210730,710301,710300,801103.SI,IT服务Ⅱ,1,710000,SW2021,2021-07-31 16:18:00
300449,300449.SZ,20220101,99991231,20210730,710102,710100,801101.SI,计算机设备,1,710000,SW2021,2021-07-31 16:18:00
300450,300450.SZ,20220101,99991231,20210730,630703,630700,801737.SI,电池,1,630000,SW2021,2025-10-15 10:57:00
300451,300451.SZ,20220101,99991231,20210730,710401,710400,801104.SI,软件开发,1,710000,SW2021,2024-04-01 15:29:00
300452,300452.SZ,20220101,99991231,20150106,370101,370100,801151.SI,化学制药,1,370000,SW2021,2015-11-05 14:02:00
300453,300453.SZ,20220101,99991231,20210730,370503,370500,801153.SI,医疗器械,1,370000,SW2021,2021-07-31 16:18:00
300454,300454.SZ,20220101,99991231,20210730,710402,710400,801104.SI,软件开发,1,710000,SW2021,2023-06-01 14:03:00
300455,300455.SZ,20220101,99991231,20210730,710103,710100,801101.SI,计算机设备,1,710000,SW2021,2025-10-15 10:57:00
300456,300456.SZ,20220101,99991231,20210730,270106,270100,801081.SI,半导体,1,270000,SW2021,2023-03-01 10:53:00
300457,300457.SZ,20220101,99991231,20210730,630703,630700,801737.SI,电池,1,630000,SW2021,2025-10-15 10:57:00
300458,300458.SZ,20220101,99991231,20210730,270104,270100,801081.SI,半导体,1,270000,SW2021,2023-04-25 09:32:00
300459,300459.SZ,20220101,99991231,20210730,720401,720400,801764.SI,游戏Ⅱ,1,720000,SW2021,2025-10-15 10:57:00
300460,300460.SZ,20220101,99991231,20150106,270203,270200,801083.SI,元件,1,270000,SW2021,2015-11-05 14:02:00
300461,300461.SZ,20220101,99991231,20210730,640704,640700,801078.SI,自动化设备,1,640000,SW2021,2025-10-15 10:57:00
300462,300462.SZ,20220101,99991231,20210730,710103,710100,801101.SI,计算机设备,1,710000,SW2021,2021-07-31 16:18:00
300463,300463.SZ,20220101,99991231,20210730,370504,370500,801153.SI,医疗器械,1,370000,SW2021,2024-04-01 15:28:00
300464,300464.SZ,20220101,99991231,20210730,450602,450600,801206.SI,互联网电商,1,450000,SW2021,2022-06-02 10:30:00
300465,300465.SZ,20220101,99991231,20210730,710401,710400,801104.SI,软件开发,1,710000,SW2021,2021-07-31 16:18:00
300466,300466.SZ,20220101,20220728,20210730,630804,630800,801738.SI,电网设备,1,630000,SW2021,2021-11-30 13:18:00
300466,300466.SZ,20220729,20240729,20220729,640106,640100,801072.SI,通用设备,1,640000,SW2021,2022-10-11 14:52:00
300466,300466.SZ,20240730,99991231,20240730,640107,640100,801072.SI,通用设备,1,640000,SW2021,2025-10-15 10:57:00
300467,300467.SZ,20220101,99991231,20210730,720401,720400,801764.SI,游戏Ⅱ,1,720000,SW2021,2025-10-15 10:57:00
300468,300468.SZ,20220101,99991231,20210730,710401,710400,801104.SI,软件开发,1,710000,SW2021,2021-07-31 16:18:00
300469,300469.SZ,20220101,99991231,20210730,710401,710400,801104.SI,软件开发,1,710000,SW2021,2021-07-31 16:18:00
300470,300470.SZ,20220101,99991231,20150115,640106,640100,801072.SI,通用设备,1,640000,SW2021,2015-11-05 14:02:00
300471,300471.SZ,20220101,99991231,20150615,640209,640200,801074.SI,专用设备,1,640000,SW2021,2019-08-09 15:39:00
300472,300472.SZ,20220101,99991231,20150115,640209,640200,801074.SI,专用设备,1,640000,SW2021,2015-10-28 09:05:00
300473,300473.SZ,20220101,99991231,20210730,280205,280200,801093.SI,汽车零部件,1,280000,SW2021,2025-01-08 14:36:00
300474,300474.SZ,20220101,99991231,20210730,650501,650500,801745.SI,军工电子Ⅱ,1,650000,SW2021,2025-10-15 10:57:00
300475,300475.SZ,20220101,20220519,20210730,330601,330600,801116.SI,家电零部件Ⅱ,1,330000,SW2021,2021-07-31 16:18:00
300475,300475.SZ,20220520,99991231,20220520,270401,270400,801082.SI,其他电子Ⅱ,1,270000,SW2021,2022-05-20 17:34:00
300476,300476.SZ,20220101,99991231,20150115,270202,270200,801083.SI,元件,1,270000,SW2021,2015-11-05 14:02:00
300477,300477.SZ,20220101,20230703,20210730,630801,630800,801738.SI,电网设备,1,630000,SW2021,2022-10-11 14:52:00
300477,300477.SZ,20230704,99991231,20230704,630702,630700,801737.SI,电池,1,630000,SW2021,2025-10-15 10:57:00
300478,300478.SZ,20220101,99991231,20210730,220503,220500,801036.SI,塑料,1,220000,SW2021,2021-07-31 16:18:00
300479,300479.SZ,20220101,99991231,20210730,710103,710100,801101.SI,计算机设备,1,710000,SW2021,2021-07-31 16:18:00
300480,300480.SZ,20220101,99991231,20150118,640203,640200,801074.SI,专用设备,1,640000,SW2021,2015-11-05 14:02:00
300481,300481.SZ,20220101,99991231,20210730,270601,270600,801086.SI,电子化学品Ⅱ,1,270000,SW2021,2025-12-30 17:34:00
300482,300482.SZ,20220101,99991231,20210730,370504,370500,801153.SI,医疗器械,1,370000,SW2021,2024-04-01 15:28:00
300483,300483.SZ,20220101,99991231,20210730,410301,410300,801163.SI,燃气Ⅱ,1,410000,SW2021,2025-10-15 10:57:00
300484,300484.SZ,20220101,99991231,20210730,640702,640700,801078.SI,自动化设备,1,640000,SW2021,2025-10-15 10:57:00
300485,300485.SZ,20220101,99991231,20210730,370304,370300,801152.SI,生物制品,1,370000,SW2021,2021-07-31 16:18:00
300486,300486.SZ,20220101,99991231,20210730,640704,640700,801078.SI,自动化设备,1,640000,SW2021,2025-10-15 10:57:00
300487,300487.SZ,20220101,99991231,20210730,220504,220500,801036.SI,塑料,1,220000,SW2021,2024-01-19 09:04:00
300488,300488.SZ,20220101,99991231,20210730,640108,640100,801072.SI,通用设备,1,640000,SW2021,2025-10-15 10:57:00
300489,300489.SZ,20220101,20220728,20210730,240301,240300,801055.SI,工业金属,1,240000,SW2021,2021-07-31 16:18:00
300489,300489.SZ,20220729,20240602,20220729,640703,640700,801078.SI,自动化设备,1,640000,SW2021,2022-07-29 11:54:00
300489,300489.SZ,20240603,99991231,20240603,270303,270300,801084.SI,光学光电子,1,270000,SW2021,2025-01-08 14:36:00
300490,300490.SZ,20220101,20230703,20210730,630803,630800,801738.SI,电网设备,1,630000,SW2021,2022-10-11 14:52:00
300490,300490.SZ,20230704,99991231,20230704,630703,630700,801737.SI,电池,1,630000,SW2021,2025-10-15 10:57:00
300491,300491.SZ,20220101,99991231,20210730,630306,630300,801733.SI,其他电源设备Ⅱ,1,630000,SW2021,2025-10-15 10:57:00
300492,300492.SZ,20220101,99991231,20210730,620601,620600,801726.SI,工程咨询服务Ⅱ,1,620000,SW2021,2025-10-15 10:57:00
300493,300493.SZ,20220101,99991231,20210730,270401,270400,801082.SI,其他电子Ⅱ,1,270000,SW2021,2023-04-25 09:32:00
300494,300494.SZ,20220101,99991231,20210730,720401,720400,801764.SI,游戏Ⅱ,1,720000,SW2021,2025-10-15 10:57:00
300495,300495.SZ,20220101,99991231,20210730,620307,620300,801723.SI,基础建设,1,620000,SW2021,2021-08-02 13:20:00
300496,300496.SZ,20220101,99991231,20210730,710301,710300,801103.SI,IT服务Ⅱ,1,710000,SW2021,2023-04-03 14:29:00
300497,300497.SZ,20220101,99991231,20151224,370101,370100,801151.SI,化学制药,1,370000,SW2021,2020-12-04 14:32:00
300498,300498.SZ,20220101,99991231,20210730,110702,110700,801017.SI,养殖业,1,110000,SW2021,2021-07-31 16:18:00
300499,300499.SZ,20220101,99991231,20160203,640209,640200,801074.SI,专用设备,1,640000,SW2021,2019-08-09 15:39:00
300500,300500.SZ,20220101,99991231,20210730,620601,620600,801726.SI,工程咨询服务Ⅱ,1,620000,SW2021,2021-07-31 16:18:00
300501,300501.SZ,20220101,99991231,20210730,360206,360200,801141.SI,包装印刷,1,360000,SW2021,2021-07-31 16:18:00
300502,300502.SZ,20220101,99991231,20210730,730204,730200,801102.SI,通信设备,1,730000,SW2021,2026-06-01 14:47:00
300503,300503.SZ,20220101,99991231,20160304,640106,640100,801072.SI,通用设备,1,640000,SW2021,2019-08-09 15:39:00
300504,300504.SZ,20220101,99991231,20210730,730206,730200,801102.SI,通信设备,1,730000,SW2021,2026-06-01 14:47:00
300505,300505.SZ,20220101,99991231,20210730,220802,220800,801038.SI,农化制品,1,220000,SW2021,2021-07-31 16:18:00
300506,300506.SZ,20220101,99991231,20160418,620201,620200,801722.SI,装修装饰Ⅱ,1,620000,SW2021,2019-08-09 15:39:00
300507,300507.SZ,20220101,99991231,20210730,280203,280200,801093.SI,汽车零部件,1,280000,SW2021,2025-01-08 14:36:00
300508,300508.SZ,20220101,99991231,20210730,710103,710100,801101.SI,计算机设备,1,710000,SW2021,2021-07-31 16:18:00
300509,300509.SZ,20220101,99991231,20160418,640208,640200,801074.SI,专用设备,1,640000,SW2021,2019-08-09 15:39:00
300510,300510.SZ,20220101,99991231,20210730,630803,630800,801738.SI,电网设备,1,630000,SW2021,2025-10-15 10:57:00
300511,300511.SZ,20220101,99991231,20210730,110104,110100,801016.SI,种植业,1,110000,SW2021,2025-01-08 14:43:00
300512,300512.SZ,20220101,99991231,20160509,640208,640200,801074.SI,专用设备,1,640000,SW2021,2016-05-09 17:08:00
300513,300513.SZ,20220101,99991231,20210730,730103,730100,801223.SI,通信服务,1,730000,SW2021,2026-06-01 14:47:00
300514,300514.SZ,20220101,99991231,20210730,630804,630800,801738.SI,电网设备,1,630000,SW2021,2025-10-15 10:57:00
300515,300515.SZ,20220101,99991231,20210730,640107,640100,801072.SI,通用设备,1,640000,SW2021,2025-10-15 10:57:00
300516,300516.SZ,20220101,99991231,20160525,270401,270400,801082.SI,其他电子Ⅱ,1,270000,SW2021,2019-08-09 15:38:00
300517,300517.SZ,20220101,99991231,20160624,620401,620400,801724.SI,专业工程,1,620000,SW2021,2020-12-04 14:41:00
300518,300518.SZ,20220101,20220728,20210730,720401,720400,801764.SI,游戏Ⅱ,1,720000,SW2021,2021-07-31 16:18:00
300518,300518.SZ,20220729,99991231,20220729,450603,450600,801206.SI,互联网电商,1,450000,SW2021,2022-07-29 11:54:00
300519,300519.SZ,20220101,99991231,20160624,370201,370200,801155.SI,中药Ⅱ,1,370000,SW2021,2020-12-04 14:32:00
300520,300520.SZ,20220101,99991231,20210730,710401,710400,801104.SI,软件开发,1,710000,SW2021,2021-07-31 16:18:00
300521,300521.SZ,20220101,99991231,20160624,640208,640200,801074.SI,专用设备,1,640000,SW2021,2019-08-09 15:39:00
300522,300522.SZ,20220101,99991231,20180713,220305,220300,801034.SI,化学制品,1,220000,SW2021,2019-08-09 15:39:00
300523,300523.SZ,20220101,99991231,20210730,710301,710300,801103.SI,IT服务Ⅱ,1,710000,SW2021,2021-07-31 16:18:00
300525,300525.SZ,20220101,99991231,20210730,710401,710400,801104.SI,软件开发,1,710000,SW2021,2024-06-20 21:00:00
300526,300526.SZ,20220101,99991231,20210730,350205,350200,801132.SI,服装家纺,1,350000,SW2021,2021-07-31 16:18:00
300527,300527.SZ,20220101,99991231,20180713,650301,650300,801743.SI,地面兵装Ⅱ,1,650000,SW2021,2019-08-09 15:39:00
300528,300528.SZ,20220101,99991231,20210730,720602,720600,801766.SI,影视院线,1,720000,SW2021,2025-10-15 10:57:00
300529,300529.SZ,20220101,99991231,20210730,370503,370500,801153.SI,医疗器械,1,370000,SW2021,2021-07-31 16:18:00
300530,300530.SZ,20220101,99991231,20160804,220309,220300,801034.SI,化学制品,1,220000,SW2021,2019-08-09 15:39:00
300531,300531.SZ,20220101,99991231,20210730,710103,710100,801101.SI,计算机设备,1,710000,SW2021,2021-07-31 16:18:00
300532,300532.SZ,20220101,99991231,20210730,710301,710300,801103.SI,IT服务Ⅱ,1,710000,SW2021,2021-07-31 16:18:00
300533,300533.SZ,20220101,99991231,20210730,720401,720400,801764.SI,游戏Ⅱ,1,720000,SW2021,2025-10-15 10:57:00
300534,300534.SZ,20220101,99991231,20160907,370201,370200,801155.SI,中药Ⅱ,1,370000,SW2021,2020-12-04 14:32:00
300535,300535.SZ,20220101,99991231,20210730,220309,220300,801034.SI,化学制品,1,220000,SW2021,2021-07-31 16:18:00
300536,300536.SZ,20220101,99991231,20210730,620307,620300,801723.SI,基础建设,1,620000,SW2021,2021-08-02 13:20:00
300537,300537.SZ,20220101,99991231,20210730,270601,270600,801086.SI,电子化学品Ⅱ,1,270000,SW2021,2025-10-15 10:57:00
300538,300538.SZ,20220101,99991231,20180713,220503,220500,801036.SI,塑料,1,220000,SW2021,2019-08-09 15:39:00
300539,300539.SZ,20220101,99991231,20170629,220501,220500,801036.SI,塑料,1,220000,SW2021,2019-08-09 15:39:00
300540,300540.SZ,20220101,99991231,20170629,640209,640200,801074.SI,专用设备,1,640000,SW2021,2019-08-09 15:39:00
300541,300541.SZ,20220101,99991231,20210730,710301,710300,801103.SI,IT服务Ⅱ,1,710000,SW2021,2021-07-31 16:18:00
300542,300542.SZ,20220101,99991231,20210730,710401,710400,801104.SI,软件开发,1,710000,SW2021,2021-07-31 16:18:00
300543,300543.SZ,20220101,20240729,20210730,270504,270500,801085.SI,消费电子,1,270000,SW2021,2023-04-25 09:32:00
300543,300543.SZ,20240730,99991231,20240730,330601,330600,801116.SI,家电零部件Ⅱ,1,330000,SW2021,2025-01-08 14:36:00
300545,300545.SZ,20220101,99991231,20161012,270301,270300,801084.SI,光学光电子,1,270000,SW2021,2019-08-09 15:38:00
300546,300546.SZ,20220101,99991231,20210730,710103,710100,801101.SI,计算机设备,1,710000,SW2021,2021-07-31 16:18:00
300547,300547.SZ,20220101,99991231,20210730,280203,280200,801093.SI,汽车零部件,1,280000,SW2021,2025-01-08 14:36:00
300548,300548.SZ,20220101,99991231,20210730,730204,730200,801102.SI,通信设备,1,730000,SW2021,2026-06-01 14:47:00
300549,300549.SZ,20220101,99991231,20170629,640209,640200,801074.SI,专用设备,1,640000,SW2021,2019-08-09 15:39:00
300550,300550.SZ,20220101,99991231,20210730,710401,710400,801104.SI,软件开发,1,710000,SW2021,2023-06-01 14:46:00
300551,300551.SZ,20220101,99991231,20210730,710103,710100,801101.SI,计算机设备,1,710000,SW2021,2021-07-31 16:18:00
300552,300552.SZ,20220101,99991231,20210730,710103,710100,801101.SI,计算机设备,1,710000,SW2021,2021-07-31 16:18:00
300553,300553.SZ,20220101,99991231,20210730,640107,640100,801072.SI,通用设备,1,640000,SW2021,2025-10-15 10:57:00
300554,300554.SZ,20220101,99991231,20170419,640103,640100,801072.SI,通用设备,1,640000,SW2021,2020-03-06 13:55:00
300555,300555.SZ,20220101,99991231,20210730,730206,730200,801102.SI,通信设备,1,730000,SW2021,2026-06-01 14:47:00
300556,300556.SZ,20220101,99991231,20210730,710401,710400,801104.SI,软件开发,1,710000,SW2021,2021-07-31 16:18:00
300557,300557.SZ,20220101,99991231,20210730,640107,640100,801072.SI,通用设备,1,640000,SW2021,2025-10-15 10:57:00
300558,300558.SZ,20220101,99991231,20161028,370102,370100,801151.SI,化学制药,1,370000,SW2021,2021-03-03 15:32:00
300559,300559.SZ,20220101,99991231,20210730,710401,710400,801104.SI,软件开发,1,710000,SW2021,2025-10-15 10:57:00
300560,300560.SZ,20220101,99991231,20210730,730103,730100,801223.SI,通信服务,1,730000,SW2021,2026-06-01 14:47:00
300561,300561.SZ,20220101,99991231,20210730,710401,710400,801104.SI,软件开发,1,710000,SW2021,2021-07-31 16:18:00
300562,300562.SZ,20220101,99991231,20210730,370502,370500,801153.SI,医疗器械,1,370000,SW2021,2023-02-02 10:26:00
300563,300563.SZ,20220101,99991231,20210730,730205,730200,801102.SI,通信设备,1,730000,SW2021,2026-06-01 14:47:00
300564,300564.SZ,20220101,99991231,20210730,620601,620600,801726.SI,工程咨询服务Ⅱ,1,620000,SW2021,2021-07-31 16:18:00
300565,300565.SZ,20220101,99991231,20210730,730204,730200,801102.SI,通信设备,1,730000,SW2021,2026-06-01 14:47:00
300566,300566.SZ,20220101,99991231,20170629,270303,270300,801084.SI,光学光电子,1,270000,SW2021,2020-03-06 13:55:00
300567,300567.SZ,20220101,99991231,20210730,640107,640100,801072.SI,通用设备,1,640000,SW2021,2025-10-15 10:57:00
300568,300568.SZ,20220101,99991231,20210730,630702,630700,801737.SI,电池,1,630000,SW2021,2025-01-24 16:29:00
300569,300569.SZ,20220101,99991231,20210730,630602,630600,801736.SI,风电设备,1,630000,SW2021,2025-10-15 10:57:00
300570,300570.SZ,20220101,99991231,20210730,730204,730200,801102.SI,通信设备,1,730000,SW2021,2026-06-01 14:47:00
300571,300571.SZ,20220101,99991231,20210730,730104,730100,801223.SI,通信服务,1,730000,SW2021,2026-06-01 14:47:00
300572,300572.SZ,20220101,99991231,20210730,460802,460800,801218.SI,专业服务,1,460000,SW2021,2023-02-02 10:26:00
300573,300573.SZ,20220101,99991231,20180713,370102,370100,801151.SI,化学制药,1,370000,SW2021,2020-12-04 14:32:00
300575,300575.SZ,20220101,99991231,20210730,220803,220800,801038.SI,农化制品,1,220000,SW2021,2022-10-27 07:58:00
300576,300576.SZ,20220101,99991231,20210730,270601,270600,801086.SI,电子化学品Ⅱ,1,270000,SW2021,2023-12-25 16:35:00
300577,300577.SZ,20220101,99991231,20210730,350205,350200,801132.SI,服装家纺,1,350000,SW2021,2026-01-22 08:48:00
300578,300578.SZ,20220101,99991231,20210730,730104,730100,801223.SI,通信服务,1,730000,SW2021,2026-06-01 14:47:00
300579,300579.SZ,20220101,99991231,20210730,710401,710400,801104.SI,软件开发,1,710000,SW2021,2021-07-31 16:18:00
300580,300580.SZ,20220101,99991231,20210730,280203,280200,801093.SI,汽车零部件,1,280000,SW2021,2025-01-24 15:45:00
300581,300581.SZ,20220101,99991231,20170629,650201,650200,801742.SI,航空装备Ⅱ,1,650000,SW2021,2019-08-09 15:39:00
300582,300582.SZ,20220101,99991231,20161211,270302,270300,801084.SI,光学光电子,1,270000,SW2021,2019-08-09 15:38:00
300583,300583.SZ,20220101,99991231,20161225,370101,370100,801151.SI,化学制药,1,370000,SW2021,2020-12-04 14:32:00
300584,300584.SZ,20220101,99991231,20170105,370102,370100,801151.SI,化学制药,1,370000,SW2021,2020-12-04 14:32:00
300585,300585.SZ,20220101,99991231,20210730,280203,280200,801093.SI,汽车零部件,1,280000,SW2021,2025-01-08 14:36:00
300586,300586.SZ,20220101,99991231,20210730,220503,220500,801036.SI,塑料,1,220000,SW2021,2021-07-31 16:18:00
300587,300587.SZ,20220101,99991231,20161219,220602,220600,801037.SI,橡胶,1,220000,SW2021,2019-08-09 15:39:00
300588,300588.SZ,20220101,99991231,20210730,710102,710100,801101.SI,计算机设备,1,710000,SW2021,2021-07-31 16:18:00
300589,300589.SZ,20220101,99991231,20170105,650401,650400,801744.SI,航海装备Ⅱ,1,650000,SW2021,2019-08-09 15:39:00
300590,300590.SZ,20220101,99991231,20210730,730206,730200,801102.SI,通信设备,1,730000,SW2021,2026-06-01 14:47:00
300591,300591.SZ,20220101,99991231,20161225,350205,350200,801132.SI,服装家纺,1,350000,SW2021,2019-08-09 15:38:00
300592,300592.SZ,20220101,20220707,20170105,620201,620200,801722.SI,装修装饰Ⅱ,1,620000,SW2021,2020-12-04 14:41:00
300592,300592.SZ,20220708,99991231,20220708,450602,450600,801206.SI,互联网电商,1,450000,SW2021,2022-07-08 16:58:00
300593,300593.SZ,20220101,99991231,20210730,630306,630300,801733.SI,其他电源设备Ⅱ,1,630000,SW2021,2025-12-26 14:23:00
300594,300594.SZ,20220101,99991231,20190606,640501,640500,801076.SI,轨交设备Ⅱ,1,640000,SW2021,2019-08-09 15:39:00
300595,300595.SZ,20220101,99991231,20210730,370503,370500,801153.SI,医疗器械,1,370000,SW2021,2024-04-01 15:28:00
300596,300596.SZ,20220101,20220728,20210730,220501,220500,801036.SI,塑料,1,220000,SW2021,2021-07-31 16:18:00
300596,300596.SZ,20220729,99991231,20220729,220309,220300,801034.SI,化学制品,1,220000,SW2021,2022-10-12 12:03:00
300597,300597.SZ,20220101,99991231,20210730,730103,730100,801223.SI,通信服务,1,730000,SW2021,2026-06-01 14:47:00
300598,300598.SZ,20220101,99991231,20210730,710401,710400,801104.SI,软件开发,1,710000,SW2021,2021-07-31 16:18:00
300599,300599.SZ,20220101,99991231,20170114,610302,610300,801713.SI,装修建材,1,610000,SW2021,2019-08-09 15:39:00
300600,300600.SZ,20220101,99991231,20170627,650401,650400,801744.SI,航海装备Ⅱ,1,650000,SW2021,2019-08-09 15:39:00
300601,300601.SZ,20220101,99991231,20210730,370303,370300,801152.SI,生物制品,1,370000,SW2021,2021-07-31 16:18:00
300602,300602.SZ,20220101,99991231,20210730,270504,270500,801085.SI,消费电子,1,270000,SW2021,2023-04-25 09:32:00
300603,300603.SZ,20220101,20220728,20210730,730104,730100,801223.SI,通信服务,1,730000,SW2021,2021-07-31 16:18:00
300603,300603.SZ,20220729,99991231,20220729,730103,730100,801223.SI,通信服务,1,730000,SW2021,2026-06-01 14:47:00
300604,300604.SZ,20220101,99991231,20210730,270108,270100,801081.SI,半导体,1,270000,SW2021,2023-11-01 17:15:00
300605,300605.SZ,20220101,99991231,20210730,710401,710400,801104.SI,软件开发,1,710000,SW2021,2021-07-31 16:18:00
300606,300606.SZ,20220101,99991231,20170114,640103,640100,801072.SI,通用设备,1,640000,SW2021,2019-08-09 15:39:00
300607,300607.SZ,20220101,99991231,20210730,640701,640700,801078.SI,自动化设备,1,640000,SW2021,2025-10-15 10:57:00
300608,300608.SZ,20220101,99991231,20210730,710401,710400,801104.SI,软件开发,1,710000,SW2021,2021-07-31 16:18:00
300609,300609.SZ,20220101,99991231,20210730,710301,710300,801103.SI,IT服务Ⅱ,1,710000,SW2021,2021-07-31 16:18:00
300610,300610.SZ,20220101,20220728,20210730,220501,220500,801036.SI,塑料,1,220000,SW2021,2021-07-31 16:18:00
300610,300610.SZ,20220729,99991231,20220729,220309,220300,801034.SI,化学制品,1,220000,SW2021,2022-07-29 11:54:00
300611,300611.SZ,20220101,99991231,20210730,280203,280200,801093.SI,汽车零部件,1,280000,SW2021,2025-01-08 14:36:00
300612,300612.SZ,20220101,99991231,20210730,720501,720500,801765.SI,广告营销,1,720000,SW2021,2025-10-15 10:57:00
300613,300613.SZ,20220101,99991231,20210730,270104,270100,801081.SI,半导体,1,270000,SW2021,2023-04-25 09:32:00
300614,300614.SZ,20220101,99991231,20210730,760103,760100,801971.SI,环境治理,1,760000,SW2021,2025-10-15 10:57:00
300615,300615.SZ,20220101,99991231,20210730,730206,730200,801102.SI,通信设备,1,730000,SW2021,2026-06-01 14:47:00
300616,300616.SZ,20220101,99991231,20210730,360308,360300,801142.SI,家居用品,1,360000,SW2021,2026-02-26 16:27:00
300617,300617.SZ,20220101,20240729,20210730,630805,630800,801738.SI,电网设备,1,630000,SW2021,2024-02-29 13:19:00
300617,300617.SZ,20240730,99991231,20240730,630801,630800,801738.SI,电网设备,1,630000,SW2021,2025-11-10 13:32:00
300618,300618.SZ,20220101,99991231,20210730,240601,240600,801056.SI,能源金属,1,240000,SW2021,2025-01-08 14:36:00
300619,300619.SZ,20220101,99991231,20210730,630703,630700,801737.SI,电池,1,630000,SW2021,2025-10-15 10:57:00
300620,300620.SZ,20220101,99991231,20210730,730204,730200,801102.SI,通信设备,1,730000,SW2021,2026-06-01 14:47:00
300621,300621.SZ,20220101,99991231,20170224,620201,620200,801722.SI,装修装饰Ⅱ,1,620000,SW2021,2020-12-04 14:41:00
300622,300622.SZ,20220101,99991231,20170224,450401,450400,801204.SI,专业连锁Ⅱ,1,450000,SW2021,2019-11-26 09:53:00
300623,300623.SZ,20220101,99991231,20170224,270102,270100,801081.SI,半导体,1,270000,SW2021,2019-08-09 15:38:00
300624,300624.SZ,20220101,99991231,20210730,710402,710400,801104.SI,软件开发,1,710000,SW2021,2024-01-24 12:32:00
300625,300625.SZ,20220101,99991231,20210730,330501,330500,801115.SI,照明设备Ⅱ,1,330000,SW2021,2023-04-25 09:32:00
300626,300626.SZ,20220101,99991231,20170310,630101,630100,801731.SI,电机Ⅱ,1,630000,SW2021,2020-12-04 14:32:00
300627,300627.SZ,20220101,99991231,20211203,730206,730200,801102.SI,通信设备,1,730000,SW2021,2025-10-15 10:57:00
300628,300628.SZ,20220101,99991231,20210730,730206,730200,801102.SI,通信设备,1,730000,SW2021,2026-06-01 14:47:00
300629,300629.SZ,20220101,20220728,20170310,640103,640100,801072.SI,通用设备,1,640000,SW2021,2024-07-04 08:53:00
300629,300629.SZ,20220729,99991231,20220729,650501,650500,801745.SI,军工电子Ⅱ,1,650000,SW2021,2025-10-15 10:57:00
300630,300630.SZ,20220101,99991231,20170310,370102,370100,801151.SI,化学制药,1,370000,SW2021,2020-12-04 14:32:00
300631,300631.SZ,20220101,99991231,20210730,760201,760200,801972.SI,环保设备Ⅱ,1,760000,SW2021,2025-10-15 10:57:00
300632,300632.SZ,20220101,99991231,20170318,270302,270300,801084.SI,光学光电子,1,270000,SW2021,2019-08-09 15:38:00
300633,300633.SZ,20220101,99991231,20210730,370502,370500,801153.SI,医疗器械,1,370000,SW2021,2025-01-14 13:12:00
300634,300634.SZ,20220101,99991231,20210730,710301,710300,801103.SI,IT服务Ⅱ,1,710000,SW2021,2021-07-31 16:18:00
300635,300635.SZ,20220101,99991231,20210730,620601,620600,801726.SI,工程咨询服务Ⅱ,1,620000,SW2021,2021-07-31 16:18:00
300636,300636.SZ,20220101,99991231,20170318,370101,370100,801151.SI,化学制药,1,370000,SW2021,2020-12-04 14:32:00
300637,300637.SZ,20220101,20220728,20210730,270601,270600,801086.SI,电子化学品Ⅱ,1,270000,SW2021,2021-07-31 16:18:00
300637,300637.SZ,20220729,99991231,20220729,220309,220300,801034.SI,化学制品,1,220000,SW2021,2022-07-29 11:54:00
300638,300638.SZ,20220101,99991231,20210730,730206,730200,801102.SI,通信设备,1,730000,SW2021,2025-10-15 10:57:00
300639,300639.SZ,20220101,99991231,20210730,370504,370500,801153.SI,医疗器械,1,370000,SW2021,2021-07-31 16:18:00
300640,300640.SZ,20220101,99991231,20210730,360311,360300,801142.SI,家居用品,1,360000,SW2021,2021-07-31 16:18:00
300641,300641.SZ,20220101,99991231,20170330,220309,220300,801034.SI,化学制品,1,220000,SW2021,2019-08-09 15:39:00
300642,300642.SZ,20220101,99991231,20210730,370504,370500,801153.SI,医疗器械,1,370000,SW2021,2021-07-31 16:18:00
300643,300643.SZ,20220101,99991231,20210730,280205,280200,801093.SI,汽车零部件,1,280000,SW2021,2025-01-08 14:36:00
300644,300644.SZ,20220101,99991231,20180129,220503,220500,801036.SI,塑料,1,220000,SW2021,2019-08-09 15:39:00
300645,300645.SZ,20220101,99991231,20210730,710103,710100,801101.SI,计算机设备,1,710000,SW2021,2021-07-31 16:18:00
300646,300646.SZ,20220101,99991231,20170419,220309,220300,801034.SI,化学制品,1,220000,SW2021,2019-08-09 15:39:00
300647,300647.SZ,20220101,99991231,20210730,270504,270500,801085.SI,消费电子,1,270000,SW2021,2023-04-25 09:32:00
300648,300648.SZ,20220101,99991231,20210730,630703,630700,801737.SI,电池,1,630000,SW2021,2025-10-15 10:57:00
300649,300649.SZ,20220101,99991231,20210730,620307,620300,801723.SI,基础建设,1,620000,SW2021,2021-08-02 13:20:00
300650,300650.SZ,20220101,20220728,20170504,270302,270300,801084.SI,光学光电子,1,270000,SW2021,2019-08-09 15:38:00
300650,300650.SZ,20220729,99991231,20220729,270401,270400,801082.SI,其他电子Ⅱ,1,270000,SW2021,2023-04-25 09:32:00
300651,300651.SZ,20220101,20230703,20210730,460601,460600,801216.SI,体育Ⅱ,0,460000,SW2021,2021-11-01 14:27:00
300651,300651.SZ,20230704,99991231,20230704,360502,360500,801145.SI,文娱用品,1,360000,SW2021,2023-07-04 15:14:00
300652,300652.SZ,20220101,99991231,20210730,280204,280200,801093.SI,汽车零部件,1,280000,SW2021,2026-01-26 08:53:00
300653,300653.SZ,20220101,99991231,20210730,370503,370500,801153.SI,医疗器械,1,370000,SW2021,2021-07-31 16:18:00
300654,300654.SZ,20220101,99991231,20210730,720901,720900,801769.SI,出版,1,720000,SW2021,2025-10-15 10:57:00
300655,300655.SZ,20220101,99991231,20210730,270601,270600,801086.SI,电子化学品Ⅱ,1,270000,SW2021,2025-12-30 17:34:00
300656,300656.SZ,20220101,99991231,20170511,270401,270400,801082.SI,其他电子Ⅱ,1,270000,SW2021,2019-08-09 15:38:00
300657,300657.SZ,20220101,99991231,20180713,270202,270200,801083.SI,元件,1,270000,SW2021,2020-03-06 13:55:00
300658,300658.SZ,20220101,99991231,20210730,770101,770100,801981.SI,个护用品,1,770000,SW2021,2025-09-22 08:09:00
300659,300659.SZ,20220101,99991231,20210730,710103,710100,801101.SI,计算机设备,1,710000,SW2021,2021-07-31 16:18:00
300660,300660.SZ,20220101,99991231,20170522,630101,630100,801731.SI,电机Ⅱ,1,630000,SW2021,2020-12-04 14:32:00
300661,300661.SZ,20220101,99991231,20210730,270105,270100,801081.SI,半导体,1,270000,SW2021,2024-01-26 13:55:00
300662,300662.SZ,20220101,99991231,20210730,460801,460800,801218.SI,专业服务,1,460000,SW2021,2026-02-26 16:27:00
300663,300663.SZ,20220101,99991231,20210730,710401,710400,801104.SI,软件开发,1,710000,SW2021,2021-07-31 16:18:00
300664,300664.SZ,20220101,99991231,20210730,760102,760100,801971.SI,环境治理,1,760000,SW2021,2025-10-15 10:57:00
300665,300665.SZ,20220101,99991231,20170605,220305,220300,801034.SI,化学制品,1,220000,SW2021,2019-08-09 15:39:00
300666,300666.SZ,20220101,99991231,20190724,270103,270100,801081.SI,半导体,1,270000,SW2021,2019-07-24 16:59:00
300667,300667.SZ,20220101,99991231,20210730,640107,640100,801072.SI,通用设备,1,640000,SW2021,2025-10-15 10:57:00
300668,300668.SZ,20220101,99991231,20210730,620601,620600,801726.SI,工程咨询服务Ⅱ,1,620000,SW2021,2021-07-31 16:18:00
300669,300669.SZ,20220101,99991231,20170615,640204,640200,801074.SI,专用设备,1,640000,SW2021,2019-08-09 15:39:00
300670,300670.SZ,20220101,99991231,20210730,630802,630800,801738.SI,电网设备,1,630000,SW2021,2025-10-15 10:57:00
300671,300671.SZ,20220101,99991231,20210730,270105,270100,801081.SI,半导体,1,270000,SW2021,2023-04-25 09:32:00
300672,300672.SZ,20220101,99991231,20210730,270104,270100,801081.SI,半导体,1,270000,SW2021,2023-04-25 09:32:00
300673,300673.SZ,20220101,99991231,20210730,110404,110400,801014.SI,饲料,1,110000,SW2021,2026-02-26 16:27:00
300674,300674.SZ,20220101,99991231,20210730,710301,710300,801103.SI,IT服务Ⅱ,1,710000,SW2021,2024-06-03 09:54:00
300675,300675.SZ,20220101,99991231,20210730,620601,620600,801726.SI,工程咨询服务Ⅱ,1,620000,SW2021,2021-07-31 16:18:00
300676,300676.SZ,20220101,20220728,20210730,370504,370500,801153.SI,医疗器械,1,370000,SW2021,2021-07-31 16:18:00
300676,300676.SZ,20220729,99991231,20220729,370602,370600,801156.SI,医疗服务,1,370000,SW2021,2024-04-01 15:27:00
300677,300677.SZ,20220101,99991231,20210730,370503,370500,801153.SI,医疗器械,1,370000,SW2021,2024-01-15 10:32:00
300678,300678.SZ,20220101,99991231,20210730,710301,710300,801103.SI,IT服务Ⅱ,1,710000,SW2021,2021-07-31 16:18:00
300679,300679.SZ,20220101,99991231,20210730,270504,270500,801085.SI,消费电子,1,270000,SW2021,2025-10-15 10:57:00
300680,300680.SZ,20220101,99991231,20210730,280203,280200,801093.SI,汽车零部件,1,280000,SW2021,2025-07-30 08:44:00
300681,300681.SZ,20220101,99991231,20210730,280206,280200,801093.SI,汽车零部件,1,280000,SW2021,2025-01-24 16:29:00
300682,300682.SZ,20220101,99991231,20210730,710301,710300,801103.SI,IT服务Ⅱ,1,710000,SW2021,2023-06-01 14:03:00
300683,300683.SZ,20220101,20240729,20210730,370304,370300,801152.SI,生物制品,1,370000,SW2021,2021-07-31 16:18:00
300683,300683.SZ,20240730,99991231,20240730,370603,370600,801156.SI,医疗服务,1,370000,SW2021,2024-07-30 12:45:00
300684,300684.SZ,20220101,20220728,20210730,270504,270500,801085.SI,消费电子,1,270000,SW2021,2021-07-31 16:18:00
300684,300684.SZ,20220729,99991231,20220729,270601,270600,801086.SI,电子化学品Ⅱ,1,270000,SW2021,2023-04-25 09:32:00
300685,300685.SZ,20220101,99991231,20210730,370504,370500,801153.SI,医疗器械,1,370000,SW2021,2021-07-31 16:18:00
300686,300686.SZ,20220101,99991231,20210730,270504,270500,801085.SI,消费电子,1,270000,SW2021,2023-04-25 09:32:00
300687,300687.SZ,20220101,99991231,20210730,710301,710300,801103.SI,IT服务Ⅱ,1,710000,SW2021,2023-03-19 19:20:00
300688,300688.SZ,20220101,99991231,20210730,461102,461100,801994.SI,教育,1,460000,SW2021,2021-07-31 16:18:00
300689,300689.SZ,20220101,99991231,20210730,730206,730200,801102.SI,通信设备,1,730000,SW2021,2026-06-01 14:47:00
300690,300690.SZ,20220101,99991231,20210730,630602,630600,801736.SI,风电设备,1,630000,SW2021,2025-10-15 10:57:00
300691,300691.SZ,20220101,99991231,20210730,710102,710100,801101.SI,计算机设备,1,710000,SW2021,2023-10-10 10:40:00
300692,300692.SZ,20220101,99991231,20210730,760102,760100,801971.SI,环境治理,1,760000,SW2021,2025-10-15 10:57:00
300693,300693.SZ,20220101,99991231,20210730,630306,630300,801733.SI,其他电源设备Ⅱ,1,630000,SW2021,2025-12-08 13:07:00
300694,300694.SZ,20220101,99991231,20210730,280203,280200,801093.SI,汽车零部件,1,280000,SW2021,2025-01-08 14:36:00
300695,300695.SZ,20220101,99991231,20210730,280204,280200,801093.SI,汽车零部件,1,280000,SW2021,2025-01-08 14:36:00
300696,300696.SZ,20220101,99991231,20170815,650201,650200,801742.SI,航空装备Ⅱ,1,650000,SW2021,2021-06-24 09:36:00
300697,300697.SZ,20220101,99991231,20170826,240302,240300,801055.SI,工业金属,1,240000,SW2021,2021-01-25 13:36:00
300698,300698.SZ,20220101,99991231,20210730,730204,730200,801102.SI,通信设备,1,730000,SW2021,2026-06-01 14:47:00
300699,300699.SZ,20220101,99991231,20210730,650201,650200,801742.SI,航空装备Ⅱ,1,650000,SW2021,2025-10-15 10:57:00
300700,300700.SZ,20220101,99991231,20170826,640103,640100,801072.SI,通用设备,1,640000,SW2021,2019-08-09 15:39:00
300701,300701.SZ,20220101,99991231,20170907,270303,270300,801084.SI,光学光电子,1,270000,SW2021,2019-08-09 15:38:00
300702,300702.SZ,20220101,99991231,20210730,370101,370100,801151.SI,化学制药,1,370000,SW2021,2021-07-31 16:18:00
300703,300703.SZ,20220101,99991231,20210730,360501,360500,801145.SI,文娱用品,1,360000,SW2021,2025-03-24 13:57:00
300705,300705.SZ,20220101,99991231,20170921,370102,370100,801151.SI,化学制药,1,370000,SW2021,2020-12-04 14:32:00
300706,300706.SZ,20220101,99991231,20190724,270103,270100,801081.SI,半导体,1,270000,SW2021,2019-08-09 15:38:00
300707,300707.SZ,20220101,99991231,20210730,280205,280200,801093.SI,汽车零部件,1,280000,SW2021,2025-01-08 14:36:00
300708,300708.SZ,20220101,99991231,20170925,270302,270300,801084.SI,光学光电子,1,270000,SW2021,2019-08-09 15:38:00
300709,300709.SZ,20220101,99991231,20210730,270504,270500,801085.SI,消费电子,1,270000,SW2021,2025-09-09 10:17:00
300710,300710.SZ,20220101,99991231,20210730,730204,730200,801102.SI,通信设备,1,730000,SW2021,2026-06-01 14:47:00
300711,300711.SZ,20220101,99991231,20210730,730207,730200,801102.SI,通信设备,1,730000,SW2021,2026-06-01 14:47:00
300712,300712.SZ,20220101,99991231,20210730,620404,620400,801724.SI,专业工程,1,620000,SW2021,2021-07-31 16:18:00
300713,300713.SZ,20220101,99991231,20210730,630306,630300,801733.SI,其他电源设备Ⅱ,1,630000,SW2021,2025-10-15 10:57:00
300715,300715.SZ,20220101,99991231,20210730,610304,610300,801713.SI,装修建材,1,610000,SW2021,2023-12-07 10:03:00
300716,300716.SZ,20220101,20250810,20171030,220503,220500,801036.SI,塑料,1,220000,SW2021,2019-08-09 15:39:00
300716,300716.SZ,20250811,99991231,20250811,630502,630500,801735.SI,光伏设备,1,630000,SW2021,2025-08-11 17:30:00
300717,300717.SZ,20220101,99991231,20171108,220501,220500,801036.SI,塑料,1,220000,SW2021,2019-08-09 15:39:00
300718,300718.SZ,20220101,20240729,20210730,640602,640600,801077.SI,工程机械,1,640000,SW2021,2023-06-01 14:46:00
300718,300718.SZ,20240730,99991231,20240730,640108,640100,801072.SI,通用设备,1,640000,SW2021,2025-10-15 10:57:00
300719,300719.SZ,20220101,99991231,20171030,650201,650200,801742.SI,航空装备Ⅱ,1,650000,SW2021,2020-10-19 09:20:00
300720,300720.SZ,20220101,99991231,20210730,640107,640100,801072.SI,通用设备,1,640000,SW2021,2025-10-15 10:57:00
300721,300721.SZ,20220101,99991231,20171108,220309,220300,801034.SI,化学制品,1,220000,SW2021,2019-08-09 15:39:00
300722,300722.SZ,20220101,99991231,20171108,650101,650100,801741.SI,航天装备Ⅱ,1,650000,SW2021,2019-08-09 15:39:00
300723,300723.SZ,20220101,99991231,20171108,370102,370100,801151.SI,化学制药,1,370000,SW2021,2020-12-04 14:32:00
300724,300724.SZ,20220101,99991231,20210730,630505,630500,801735.SI,光伏设备,1,630000,SW2021,2025-10-15 10:57:00
300725,300725.SZ,20220101,99991231,20210730,370603,370600,801156.SI,医疗服务,1,370000,SW2021,2021-07-31 16:18:00
300726,300726.SZ,20220101,99991231,20210730,650501,650500,801745.SI,军工电子Ⅱ,1,650000,SW2021,2025-10-15 10:57:00
300727,300727.SZ,20220101,99991231,20210730,220316,220300,801034.SI,化学制品,1,220000,SW2021,2021-07-31 16:18:00
300728,300728.SZ,20220101,99991231,20171121,220314,220300,801034.SI,化学制品,1,220000,SW2021,2019-08-09 15:39:00
300729,300729.SZ,20220101,99991231,20210730,360311,360300,801142.SI,家居用品,1,360000,SW2021,2026-04-10 09:38:00
300730,300730.SZ,20220101,99991231,20210730,710401,710400,801104.SI,软件开发,1,710000,SW2021,2021-07-31 16:18:00
300731,300731.SZ,20220101,99991231,20190724,220602,220600,801037.SI,橡胶,1,220000,SW2021,2019-08-09 15:39:00
300732,300732.SZ,20220101,99991231,20210730,620601,620600,801726.SI,工程咨询服务Ⅱ,1,620000,SW2021,2021-07-31 16:18:00
300733,300733.SZ,20220101,99991231,20210730,280203,280200,801093.SI,汽车零部件,1,280000,SW2021,2025-01-08 14:36:00
300735,300735.SZ,20220101,99991231,20210730,270504,270500,801085.SI,消费电子,1,270000,SW2021,2023-04-25 09:32:00
300736,300736.SZ,20220101,99991231,20180107,270401,270400,801082.SI,其他电子Ⅱ,1,270000,SW2021,2019-08-09 15:38:00
300737,300737.SZ,20220101,99991231,20210730,610304,610300,801713.SI,装修建材,1,610000,SW2021,2026-02-09 09:46:00
300738,300738.SZ,20220101,20230703,20210730,710301,710300,801103.SI,IT服务Ⅱ,1,710000,SW2021,2022-05-05 19:44:00
300738,300738.SZ,20230704,99991231,20230704,730104,730100,801223.SI,通信服务,1,730000,SW2021,2025-10-15 10:57:00
300739,300739.SZ,20220101,99991231,20180129,270202,270200,801083.SI,元件,1,270000,SW2021,2019-08-09 15:38:00
300740,300740.SZ,20220101,99991231,20210730,770202,770200,801982.SI,化妆品,1,770000,SW2021,2026-01-26 16:15:00
300741,300741.SZ,20220101,99991231,20210730,220315,220300,801034.SI,化学制品,1,220000,SW2021,2021-07-31 16:18:00
300742,300742.SZ,20220101,99991231,20210730,280203,280200,801093.SI,汽车零部件,1,280000,SW2021,2022-10-11 14:52:00
300743,300743.SZ,20220101,99991231,20210730,710103,710100,801101.SI,计算机设备,1,710000,SW2021,2021-07-31 16:18:00
300745,300745.SZ,20220101,20220728,20210730,280205,280200,801093.SI,汽车零部件,1,280000,SW2021,2021-11-30 13:18:00
300745,300745.SZ,20220729,99991231,20220729,280206,280200,801093.SI,汽车零部件,1,280000,SW2021,2025-01-08 14:36:00
300746,300746.SZ,20220101,99991231,20210730,620601,620600,801726.SI,工程咨询服务Ⅱ,1,620000,SW2021,2025-10-15 10:57:00
300747,300747.SZ,20220101,99991231,20210730,640703,640700,801078.SI,自动化设备,1,640000,SW2021,2025-10-15 10:57:00
300748,300748.SZ,20220101,99991231,20180918,240202,240200,801051.SI,金属新材料,1,240000,SW2021,2021-06-28 16:25:00
300749,300749.SZ,20220101,99991231,20210730,360308,360300,801142.SI,家居用品,1,360000,SW2021,2021-07-31 16:18:00
300750,300750.SZ,20220101,99991231,20210730,630701,630700,801737.SI,电池,1,630000,SW2021,2025-10-15 10:57:00
300751,300751.SZ,20220101,99991231,20210730,630505,630500,801735.SI,光伏设备,1,630000,SW2021,2025-12-09 16:03:00
300752,300752.SZ,20220101,99991231,20181128,270302,270300,801084.SI,光学光电子,1,270000,SW2021,2019-08-09 15:38:00
300753,300753.SZ,20220101,99991231,20210730,370502,370500,801153.SI,医疗器械,1,370000,SW2021,2023-04-03 15:24:00
300755,300755.SZ,20220101,99991231,20181221,450401,450400,801204.SI,专业连锁Ⅱ,1,450000,SW2021,2021-04-01 14:11:00
300756,300756.SZ,20220101,20220728,20210730,360502,360500,801145.SI,文娱用品,1,360000,SW2021,2021-07-31 16:18:00
300756,300756.SZ,20220729,99991231,20220729,640209,640200,801074.SI,专用设备,1,640000,SW2021,2025-12-16 15:58:00
300757,300757.SZ,20220101,99991231,20210730,640704,640700,801078.SI,自动化设备,1,640000,SW2021,2025-10-15 10:57:00
300758,300758.SZ,20220101,99991231,20190124,220305,220300,801034.SI,化学制品,1,220000,SW2021,2019-08-09 15:39:00
300759,300759.SZ,20220101,99991231,20210730,370603,370600,801156.SI,医疗服务,1,370000,SW2021,2025-09-09 10:17:00
300760,300760.SZ,20220101,99991231,20210730,370502,370500,801153.SI,医疗器械,1,370000,SW2021,2021-07-31 16:18:00
300761,300761.SZ,20220101,99991231,20210730,110703,110700,801017.SI,养殖业,1,110000,SW2021,2021-12-02 10:06:00
300762,300762.SZ,20220101,99991231,20210730,650501,650500,801745.SI,军工电子Ⅱ,1,650000,SW2021,2025-10-15 10:57:00
300763,300763.SZ,20220101,99991231,20210730,630503,630500,801735.SI,光伏设备,1,630000,SW2021,2025-10-15 10:57:00
300765,300765.SZ,20220101,99991231,20190306,370101,370100,801151.SI,化学制药,1,370000,SW2021,2020-12-04 14:32:00
300766,300766.SZ,20220101,99991231,20211224,710402,710400,801104.SI,软件开发,1,710000,SW2021,2021-12-24 16:31:00
300767,300767.SZ,20220101,99991231,20190318,220602,220600,801037.SI,橡胶,1,220000,SW2021,2019-08-09 15:39:00
300768,300768.SZ,20220101,99991231,20210730,710402,710400,801104.SI,软件开发,1,710000,SW2021,2021-07-31 16:18:00
300769,300769.SZ,20220101,99991231,20210730,630702,630700,801737.SI,电池,1,630000,SW2021,2025-10-15 10:57:00
300770,300770.SZ,20220101,99991231,20210730,721001,721000,801995.SI,电视广播Ⅱ,1,720000,SW2021,2026-04-02 13:26:00
300771,300771.SZ,20220101,99991231,20210730,710103,710100,801101.SI,计算机设备,1,710000,SW2021,2021-07-31 16:18:00
300772,300772.SZ,20220101,99991231,20210730,630601,630600,801736.SI,风电设备,1,630000,SW2021,2025-10-15 10:57:00
300773,300773.SZ,20220101,99991231,20210730,490306,490300,801191.SI,多元金融,1,490000,SW2021,2023-04-03 14:29:00
300774,300774.SZ,20220101,99991231,20210730,760102,760100,801971.SI,环境治理,1,760000,SW2021,2026-04-27 15:47:00
300775,300775.SZ,20220101,99991231,20190506,650201,650200,801742.SI,航空装备Ⅱ,1,650000,SW2021,2021-03-03 15:32:00
300776,300776.SZ,20220101,99991231,20210730,630505,630500,801735.SI,光伏设备,1,630000,SW2021,2025-10-15 10:57:00
300777,300777.SZ,20220101,99991231,20210730,650201,650200,801742.SI,航空装备Ⅱ,1,650000,SW2021,2025-10-15 10:57:00
300778,300778.SZ,20220101,99991231,20210730,620601,620600,801726.SI,工程咨询服务Ⅱ,1,620000,SW2021,2021-07-31 16:18:00
300779,300779.SZ,20220101,99991231,20210730,760103,760100,801971.SI,环境治理,1,760000,SW2021,2025-10-15 10:57:00
300780,300780.SZ,20220101,99991231,20210730,640108,640100,801072.SI,通用设备,1,640000,SW2021,2025-10-15 10:57:00
300781,300781.SZ,20220101,99991231,20210730,720501,720500,801765.SI,广告营销,1,720000,SW2021,2025-10-15 10:57:00
300782,300782.SZ,20220101,99991231,20210730,270105,270100,801081.SI,半导体,1,270000,SW2021,2023-04-25 09:32:00
300783,300783.SZ,20220101,99991231,20210730,340801,340800,801128.SI,休闲食品,1,340000,SW2021,2025-12-29 12:21:00
300784,300784.SZ,20240531,99991231,20240531,270504,270500,801085.SI,消费电子,1,270000,SW2021,2024-07-29 11:30:00
300785,300785.SZ,20220101,99991231,20210730,720704,720700,801767.SI,数字媒体,1,720000,SW2021,2025-10-15 10:57:00
300786,300786.SZ,20220101,99991231,20210730,760201,760200,801972.SI,环保设备Ⅱ,1,760000,SW2021,2025-10-15 10:57:00
300787,300787.SZ,20220101,99991231,20210730,270504,270500,801085.SI,消费电子,1,270000,SW2021,2023-04-25 09:32:00
300788,300788.SZ,20220101,99991231,20210730,720902,720900,801769.SI,出版,1,720000,SW2021,2025-10-15 10:57:00
300789,300789.SZ,20220101,99991231,20210730,710103,710100,801101.SI,计算机设备,1,710000,SW2021,2021-07-31 16:18:00
300790,300790.SZ,20220101,99991231,20210730,710102,710100,801101.SI,计算机设备,1,710000,SW2021,2023-04-25 09:32:00
300791,300791.SZ,20220101,99991231,20210730,340407,340400,801124.SI,食品加工,1,340000,SW2021,2021-07-31 16:18:00
300792,300792.SZ,20220101,99991231,20210730,450603,450600,801206.SI,互联网电商,1,450000,SW2021,2026-01-26 16:15:00
300793,300793.SZ,20220101,99991231,20210730,270504,270500,801085.SI,消费电子,1,270000,SW2021,2023-04-25 09:32:00
300795,300795.SZ,20220101,99991231,20210730,460803,460800,801218.SI,专业服务,1,460000,SW2021,2026-02-26 16:27:00
300796,300796.SZ,20220101,99991231,20210730,220803,220800,801038.SI,农化制品,1,220000,SW2021,2025-12-30 17:34:00
300797,300797.SZ,20220101,20220728,20191021,510101,510100,801231.SI,综合Ⅱ,1,510000,SW2021,2020-09-30 09:59:00
300797,300797.SZ,20220729,99991231,20220729,460802,460800,801218.SI,专业服务,1,460000,SW2021,2022-10-11 14:52:00
300798,300798.SZ,20220101,99991231,20191021,220308,220300,801034.SI,化学制品,1,220000,SW2021,2019-11-06 09:30:00
300799,300799.SZ,20220101,99991231,20210730,710402,710400,801104.SI,软件开发,1,710000,SW2021,2021-07-31 16:18:00
300800,300800.SZ,20220101,99991231,20210730,760201,760200,801972.SI,环保设备Ⅱ,1,760000,SW2021,2025-10-15 10:57:00
300801,300801.SZ,20220101,99991231,20191028,220309,220300,801034.SI,化学制品,1,220000,SW2021,2020-11-10 09:00:00
300802,300802.SZ,20220101,99991231,20210730,640704,640700,801078.SI,自动化设备,1,640000,SW2021,2025-10-15 10:57:00
300803,300803.SZ,20220101,99991231,20210730,710401,710400,801104.SI,软件开发,1,710000,SW2021,2024-01-24 12:32:00
300804,300804.SZ,20230609,99991231,20230609,220803,220800,801038.SI,农化制品,1,220000,SW2021,2023-09-08 10:19:00
300805,300805.SZ,20220101,99991231,20210730,720501,720500,801765.SI,广告营销,1,720000,SW2021,2025-10-15 10:57:00
300806,300806.SZ,20220101,99991231,20210730,220505,220500,801036.SI,塑料,1,220000,SW2021,2023-03-31 08:57:00
300807,300807.SZ,20220101,99991231,20210730,710103,710100,801101.SI,计算机设备,1,710000,SW2021,2021-07-31 16:18:00
300808,300808.SZ,20220101,99991231,20191114,270302,270300,801084.SI,光学光电子,1,270000,SW2021,2019-11-20 10:42:00
300809,300809.SZ,20220101,99991231,20191120,640101,640100,801072.SI,通用设备,1,640000,SW2021,2019-12-02 09:20:00
300810,300810.SZ,20220101,99991231,20191129,650401,650400,801744.SI,航海装备Ⅱ,1,650000,SW2021,2019-12-02 09:20:00
300811,300811.SZ,20220101,99991231,20191223,240202,240200,801051.SI,金属新材料,1,240000,SW2021,2021-01-25 13:36:00
300812,300812.SZ,20220101,20220728,20210730,270108,270100,801081.SI,半导体,1,270000,SW2021,2021-07-31 16:18:00
300812,300812.SZ,20220729,99991231,20220729,270504,270500,801085.SI,消费电子,1,270000,SW2021,2022-07-29 11:54:00
300813,300813.SZ,20220101,99991231,20200113,640209,640200,801074.SI,专用设备,1,640000,SW2021,2020-04-09 13:53:00
300814,300814.SZ,20220101,99991231,20210727,270202,270200,801083.SI,元件,1,270000,SW2021,2021-07-27 13:28:00
300815,300815.SZ,20220101,99991231,20210730,760103,760100,801971.SI,环境治理,1,760000,SW2021,2026-04-02 13:26:00
300816,300816.SZ,20220101,99991231,20210730,280205,280200,801093.SI,汽车零部件,1,280000,SW2021,2025-01-08 14:36:00
300817,300817.SZ,20220101,99991231,20210730,640108,640100,801072.SI,通用设备,1,640000,SW2021,2025-10-15 10:57:00
300818,300818.SZ,20220101,99991231,20200204,640103,640100,801072.SI,通用设备,1,640000,SW2021,2020-04-09 13:53:00
300819,300819.SZ,20220101,99991231,20200204,350106,350100,801131.SI,纺织制造,1,350000,SW2021,2020-04-09 13:58:00
300820,300820.SZ,20220101,99991231,20210730,630306,630300,801733.SI,其他电源设备Ⅱ,1,630000,SW2021,2025-10-15 10:57:00
300821,300821.SZ,20220101,99991231,20210730,220316,220300,801034.SI,化学制品,1,220000,SW2021,2021-07-31 16:18:00
300822,300822.SZ,20220101,99991231,20210730,270504,270500,801085.SI,消费电子,1,270000,SW2021,2023-04-25 09:32:00
300823,300823.SZ,20220101,99991231,20200310,640209,640200,801074.SI,专用设备,1,640000,SW2021,2020-04-09 13:53:00
300824,300824.SZ,20220101,99991231,20210730,330301,330300,801113.SI,小家电,1,330000,SW2021,2021-07-31 16:18:00
300825,300825.SZ,20220101,99991231,20210730,280303,280300,801092.SI,汽车服务,1,280000,SW2021,2025-01-08 14:36:00
300826,300826.SZ,20220101,99991231,20210730,620601,620600,801726.SI,工程咨询服务Ⅱ,1,620000,SW2021,2021-07-31 16:18:00
300827,300827.SZ,20220101,99991231,20210730,630503,630500,801735.SI,光伏设备,1,630000,SW2021,2025-10-15 10:57:00
300828,300828.SZ,20220101,99991231,20210730,640108,640100,801072.SI,通用设备,1,640000,SW2021,2025-10-15 10:57:00
300829,300829.SZ,20220101,99991231,20210730,220315,220300,801034.SI,化学制品,1,220000,SW2021,2024-05-27 10:52:00
300830,300830.SZ,20220101,99991231,20210730,710401,710400,801104.SI,软件开发,1,710000,SW2021,2021-07-31 16:18:00
300831,300831.SZ,20220101,99991231,20200416,270102,270100,801081.SI,半导体,1,270000,SW2021,2020-04-16 16:22:00
300832,300832.SZ,20220101,99991231,20210730,370504,370500,801153.SI,医疗器械,1,370000,SW2021,2025-09-09 10:17:00
300833,300833.SZ,20220101,99991231,20200505,640209,640200,801074.SI,专用设备,1,640000,SW2021,2020-05-18 10:58:00
300834,300834.SZ,20220101,20220728,20211224,220504,220500,801036.SI,塑料,1,220000,SW2021,2021-12-29 13:59:00
300834,300834.SZ,20220729,99991231,20220729,220503,220500,801036.SI,塑料,1,220000,SW2021,2022-07-29 11:54:00
300835,300835.SZ,20220101,99991231,20200518,240202,240200,801051.SI,金属新材料,1,240000,SW2021,2020-06-17 13:17:00
300836,300836.SZ,20220101,99991231,20200523,640209,640200,801074.SI,专用设备,1,640000,SW2021,2020-06-17 13:15:00
300837,300837.SZ,20220101,99991231,20200523,640203,640200,801074.SI,专用设备,1,640000,SW2021,2020-06-17 13:15:00
300838,300838.SZ,20220101,99991231,20210730,640108,640100,801072.SI,通用设备,1,640000,SW2021,2025-10-15 10:57:00
300839,300839.SZ,20220101,99991231,20210730,750303,750300,801963.SI,炼化及贸易,1,750000,SW2021,2024-04-01 15:29:00
300840,300840.SZ,20220101,99991231,20210730,350209,350200,801132.SI,服装家纺,1,350000,SW2021,2021-07-31 16:18:00
300841,300841.SZ,20220101,99991231,20210730,370303,370300,801152.SI,生物制品,1,370000,SW2021,2021-07-31 16:18:00
300842,300842.SZ,20220101,99991231,20210730,630504,630500,801735.SI,光伏设备,1,630000,SW2021,2025-10-15 10:57:00
300843,300843.SZ,20220101,99991231,20210730,270504,270500,801085.SI,消费电子,1,270000,SW2021,2023-04-25 09:32:00
300844,300844.SZ,20220101,99991231,20210806,620601,620600,801726.SI,工程咨询服务Ⅱ,1,620000,SW2021,2021-09-17 14:14:00
300845,300845.SZ,20220101,99991231,20210730,710103,710100,801101.SI,计算机设备,1,710000,SW2021,2021-07-31 16:18:00
300846,300846.SZ,20220101,99991231,20210730,710301,710300,801103.SI,IT服务Ⅱ,1,710000,SW2021,2021-07-31 16:18:00
300847,300847.SZ,20220101,20240729,20200618,220309,220300,801034.SI,化学制品,1,220000,SW2021,2020-08-17 10:51:00
300847,300847.SZ,20240730,99991231,20240730,710103,710100,801101.SI,计算机设备,1,710000,SW2021,2025-01-08 14:36:00
300848,300848.SZ,20220101,99991231,20200618,220313,220300,801034.SI,化学制品,1,220000,SW2021,2020-08-17 10:51:00
300849,300849.SZ,20220101,99991231,20210730,770201,770200,801982.SI,化妆品,1,770000,SW2021,2021-07-31 16:18:00
300850,300850.SZ,20220101,99991231,20210730,630602,630600,801736.SI,风电设备,1,630000,SW2021,2025-10-15 10:57:00
300851,300851.SZ,20220101,99991231,20200629,640501,640500,801076.SI,轨交设备Ⅱ,1,640000,SW2021,2020-08-17 10:52:00
300852,300852.SZ,20220101,99991231,20200629,270202,270200,801083.SI,元件,1,270000,SW2021,2020-08-17 10:48:00
300853,300853.SZ,20220101,20220728,20210730,640701,640700,801078.SI,自动化设备,1,640000,SW2021,2022-05-06 11:26:00
300853,300853.SZ,20220729,99991231,20220729,630803,630800,801738.SI,电网设备,1,630000,SW2021,2025-10-15 10:57:00
300854,300854.SZ,20220101,99991231,20210827,760103,760100,801971.SI,环境治理,1,760000,SW2021,2025-10-15 10:57:00
300855,300855.SZ,20220101,99991231,20200706,240201,240200,801051.SI,金属新材料,1,240000,SW2021,2021-07-05 09:25:00
300856,300856.SZ,20220101,99991231,20210730,770201,770200,801982.SI,化妆品,1,770000,SW2021,2024-05-09 08:25:00
300857,300857.SZ,20220101,99991231,20210730,270504,270500,801085.SI,消费电子,1,270000,SW2021,2024-02-01 10:00:00
300858,300858.SZ,20220101,99991231,20210730,220315,220300,801034.SI,化学制品,1,220000,SW2021,2021-07-31 16:18:00
300859,300859.SZ,20220101,99991231,20210730,461003,461000,801993.SI,旅游及景区,1,460000,SW2021,2021-07-31 16:18:00
300860,300860.SZ,20220101,99991231,20210730,460803,460800,801218.SI,专业服务,1,460000,SW2021,2023-05-04 10:29:00
300861,300861.SZ,20220101,99991231,20200731,640103,640100,801072.SI,通用设备,1,640000,SW2021,2020-08-17 10:52:00
300862,300862.SZ,20220101,99991231,20210730,640107,640100,801072.SI,通用设备,1,640000,SW2021,2025-10-15 10:57:00
300863,300863.SZ,20220101,99991231,20210730,280206,280200,801093.SI,汽车零部件,1,280000,SW2021,2025-01-08 14:36:00
300864,300864.SZ,20220101,99991231,20210730,760104,760100,801971.SI,环境治理,1,760000,SW2021,2025-10-15 10:57:00
300865,300865.SZ,20220101,99991231,20200804,640203,640200,801074.SI,专用设备,1,640000,SW2021,2020-08-17 10:52:00
300866,300866.SZ,20220101,99991231,20210730,270503,270500,801085.SI,消费电子,1,270000,SW2021,2021-09-02 15:04:00
300867,300867.SZ,20220101,99991231,20210730,760103,760100,801971.SI,环境治理,1,760000,SW2021,2025-10-15 10:57:00
300868,300868.SZ,20220101,20240729,20200804,270401,270400,801082.SI,其他电子Ⅱ,1,270000,SW2021,2020-08-17 10:48:00
300868,300868.SZ,20240730,99991231,20240730,270504,270500,801085.SI,消费电子,1,270000,SW2021,2024-07-30 12:45:00
300869,300869.SZ,20220101,99991231,20210730,370502,370500,801153.SI,医疗器械,1,370000,SW2021,2021-07-31 16:18:00
300870,300870.SZ,20220101,99991231,20200807,630306,630300,801733.SI,其他电源设备Ⅱ,1,630000,SW2021,2020-08-17 10:53:00
300871,300871.SZ,20220101,99991231,20200807,110801,110800,801018.SI,动物保健Ⅱ,1,110000,SW2021,2020-08-17 11:00:00
300872,300872.SZ,20220101,99991231,20210730,710301,710300,801103.SI,IT服务Ⅱ,1,710000,SW2021,2021-07-31 16:18:00
300873,300873.SZ,20220101,99991231,20210730,420803,420800,801178.SI,物流,1,420000,SW2021,2025-10-15 10:57:00
300875,300875.SZ,20220101,99991231,20200807,650301,650300,801743.SI,地面兵装Ⅱ,1,650000,SW2021,2020-08-17 10:54:00
300876,300876.SZ,20220101,99991231,20200807,220404,220400,801032.SI,化学纤维,1,220000,SW2021,2020-08-17 10:51:00
300877,300877.SZ,20220101,99991231,20200808,350106,350100,801131.SI,纺织制造,1,350000,SW2021,2020-08-17 10:57:00
300878,300878.SZ,20220101,99991231,20200808,370201,370200,801155.SI,中药Ⅱ,1,370000,SW2021,2020-08-17 10:55:00
300879,300879.SZ,20220101,20220728,20200815,640209,640200,801074.SI,专用设备,1,640000,SW2021,2020-08-17 10:52:00
300879,300879.SZ,20220729,99991231,20220729,640207,640200,801074.SI,专用设备,1,640000,SW2021,2025-10-15 10:57:00
300880,300880.SZ,20220101,99991231,20210730,630804,630800,801738.SI,电网设备,1,630000,SW2021,2025-10-15 10:57:00
300881,300881.SZ,20220101,99991231,20210730,230501,230500,801045.SI,特钢Ⅱ,1,230000,SW2021,2025-01-08 14:36:00
300882,300882.SZ,20220101,99991231,20210730,630804,630800,801738.SI,电网设备,1,630000,SW2021,2025-10-15 10:57:00
300883,300883.SZ,20220101,99991231,20210730,360205,360200,801141.SI,包装印刷,1,360000,SW2021,2021-07-31 16:18:00
300884,300884.SZ,20220101,99991231,20210730,710102,710100,801101.SI,计算机设备,1,710000,SW2021,2021-07-31 16:18:00
300885,300885.SZ,20220101,99991231,20210730,640108,640100,801072.SI,通用设备,1,640000,SW2021,2025-10-15 10:57:00
300886,300886.SZ,20220101,99991231,20210730,770201,770200,801982.SI,化妆品,1,770000,SW2021,2021-07-31 16:18:00
300887,300887.SZ,20220101,99991231,20210730,460802,460800,801218.SI,专业服务,1,460000,SW2021,2025-10-15 10:57:00
300888,300888.SZ,20220101,99991231,20210730,770101,770100,801981.SI,个护用品,1,770000,SW2021,2023-01-12 14:35:00
300889,300889.SZ,20220101,99991231,20200831,270302,270300,801084.SI,光学光电子,1,270000,SW2021,2020-09-08 13:06:00
300890,300890.SZ,20220101,99991231,20210730,630702,630700,801737.SI,电池,1,630000,SW2021,2025-10-15 10:57:00
300891,300891.SZ,20220101,99991231,20210730,220206,220200,801033.SI,化学原料,1,220000,SW2021,2021-07-31 16:18:00
300892,300892.SZ,20220101,20220728,20210730,450201,450200,801202.SI,贸易Ⅱ,1,450000,SW2021,2021-07-31 16:18:00
300892,300892.SZ,20220729,99991231,20220729,340702,340700,801127.SI,饮料乳品,1,340000,SW2021,2022-08-31 13:37:00
300893,300893.SZ,20220101,20220728,20210730,280205,280200,801093.SI,汽车零部件,1,280000,SW2021,2021-07-31 16:18:00
300893,300893.SZ,20220729,99991231,20220729,280202,280200,801093.SI,汽车零部件,1,280000,SW2021,2026-02-26 16:27:00
300894,300894.SZ,20220101,99991231,20210730,330401,330400,801114.SI,厨卫电器,1,330000,SW2021,2026-02-26 16:27:00
300895,300895.SZ,20220101,99991231,20210730,710301,710300,801103.SI,IT服务Ⅱ,1,710000,SW2021,2021-07-31 16:18:00
300896,300896.SZ,20220101,99991231,20210730,770301,770300,801983.SI,医疗美容,0,770000,SW2021,2026-01-21 14:02:00
300897,300897.SZ,20220101,99991231,20210730,640107,640100,801072.SI,通用设备,1,640000,SW2021,2025-10-15 10:57:00
300898,300898.SZ,20220101,99991231,20210730,340702,340700,801127.SI,饮料乳品,1,340000,SW2021,2021-07-31 16:18:00
300899,300899.SZ,20220101,99991231,20210730,760102,760100,801971.SI,环境治理,1,760000,SW2021,2025-10-15 10:57:00
300900,300900.SZ,20220101,99991231,20201016,650201,650200,801742.SI,航空装备Ⅱ,1,650000,SW2021,2020-11-02 15:27:00
300901,300901.SZ,20220101,99991231,20210730,350209,350200,801132.SI,服装家纺,1,350000,SW2021,2021-07-31 16:18:00
300902,300902.SZ,20220101,99991231,20201016,640209,640200,801074.SI,专用设备,1,640000,SW2021,2020-11-02 15:26:00
300903,300903.SZ,20220101,99991231,20201026,270202,270200,801083.SI,元件,1,270000,SW2021,2020-11-02 15:25:00
300904,300904.SZ,20230731,99991231,20230731,630602,630600,801736.SI,风电设备,1,630000,SW2021,2025-10-15 10:57:00
300905,300905.SZ,20220101,20240729,20210730,220308,220300,801034.SI,化学制品,1,220000,SW2021,2023-12-25 16:34:00
300905,300905.SZ,20240730,99991231,20240730,220404,220400,801032.SI,化学纤维,1,220000,SW2021,2024-07-30 12:45:00
300906,300906.SZ,20220101,99991231,20210730,640107,640100,801072.SI,通用设备,1,640000,SW2021,2025-10-15 10:57:00
300907,300907.SZ,20220101,99991231,20201110,630101,630100,801731.SI,电机Ⅱ,1,630000,SW2021,2020-12-31 09:53:00
300908,300908.SZ,20220101,99991231,20210730,340901,340900,801129.SI,调味发酵品Ⅱ,1,340000,SW2021,2023-01-03 10:31:00
300909,300909.SZ,20220101,99991231,20201110,270301,270300,801084.SI,光学光电子,1,270000,SW2021,2020-12-31 09:49:00
300910,300910.SZ,20220101,99991231,20201121,220309,220300,801034.SI,化学制品,1,220000,SW2021,2021-07-01 09:33:00
300911,300911.SZ,20220101,99991231,20210730,330401,330400,801114.SI,厨卫电器,1,330000,SW2021,2023-01-09 16:24:00
300912,300912.SZ,20220101,99991231,20210730,280205,280200,801093.SI,汽车零部件,1,280000,SW2021,2025-01-08 14:36:00
300913,300913.SZ,20220101,99991231,20210730,730205,730200,801102.SI,通信设备,1,730000,SW2021,2026-06-01 14:47:00
300915,300915.SZ,20220101,99991231,20210730,340702,340700,801127.SI,饮料乳品,1,340000,SW2021,2025-06-01 08:45:00
300916,300916.SZ,20220101,99991231,20210730,270504,270500,801085.SI,消费电子,1,270000,SW2021,2023-04-25 09:32:00
300917,300917.SZ,20220101,99991231,20210730,430301,430300,801183.SI,房地产服务,1,430000,SW2021,2021-07-31 16:18:00
300918,300918.SZ,20220101,99991231,20210730,350106,350100,801131.SI,纺织制造,1,350000,SW2021,2026-01-26 16:15:00
300919,300919.SZ,20220101,99991231,20210730,630702,630700,801737.SI,电池,1,630000,SW2021,2025-10-15 10:57:00
300920,300920.SZ,20220101,99991231,20201214,220501,220500,801036.SI,塑料,1,220000,SW2021,2020-12-31 09:50:00
300921,300921.SZ,20220101,99991231,20210730,730104,730100,801223.SI,通信服务,1,730000,SW2021,2026-06-01 14:47:00
300922,300922.SZ,20220101,99991231,20201214,650301,650300,801743.SI,地面兵装Ⅱ,1,650000,SW2021,2020-12-31 09:51:00
300923,300923.SZ,20220101,99991231,20201214,640501,640500,801076.SI,轨交设备Ⅱ,1,640000,SW2021,2020-12-31 09:51:00
300925,300925.SZ,20220101,99991231,20210730,710401,710400,801104.SI,软件开发,1,710000,SW2021,2021-07-31 16:18:00
300926,300926.SZ,20220101,99991231,20210730,280205,280200,801093.SI,汽车零部件,1,280000,SW2021,2025-01-08 14:36:00
300927,300927.SZ,20220101,99991231,20201223,220204,220200,801033.SI,化学原料,1,220000,SW2021,2020-12-31 09:50:00
300928,300928.SZ,20220101,99991231,20210730,280206,280200,801093.SI,汽车零部件,1,280000,SW2021,2025-01-08 14:36:00
300929,300929.SZ,20220101,99991231,20210730,760102,760100,801971.SI,环境治理,1,760000,SW2021,2025-10-15 10:57:00
300930,300930.SZ,20220101,99991231,20210111,240201,240200,801051.SI,金属新材料,1,240000,SW2021,2021-01-15 09:22:00
300931,300931.SZ,20220101,99991231,20210108,640204,640200,801074.SI,专用设备,1,640000,SW2021,2021-01-15 09:21:00
300932,300932.SZ,20220101,99991231,20210730,630802,630800,801738.SI,电网设备,1,630000,SW2021,2025-10-15 10:57:00
300933,300933.SZ,20220101,99991231,20210730,630805,630800,801738.SI,电网设备,1,630000,SW2021,2025-10-15 10:57:00
300935,300935.SZ,20220101,99991231,20210730,710401,710400,801104.SI,软件开发,1,710000,SW2021,2021-07-31 16:18:00
300936,300936.SZ,20220101,99991231,20210126,270202,270200,801083.SI,元件,1,270000,SW2021,2021-03-04 13:04:00
300937,300937.SZ,20220101,99991231,20210730,370402,370400,801154.SI,医药商业,1,370000,SW2021,2021-07-31 16:18:00
300938,300938.SZ,20220101,99991231,20210730,460802,460800,801218.SI,专业服务,1,460000,SW2021,2022-10-11 14:52:00
300939,300939.SZ,20220101,99991231,20210125,270301,270300,801084.SI,光学光电子,1,270000,SW2021,2021-03-04 13:04:00
300940,300940.SZ,20220101,99991231,20210125,270302,270300,801084.SI,光学光电子,1,270000,SW2021,2021-03-04 13:04:00
300941,300941.SZ,20220101,99991231,20210730,710103,710100,801101.SI,计算机设备,1,710000,SW2021,2021-07-31 16:18:00
300942,300942.SZ,20220101,99991231,20210730,370504,370500,801153.SI,医疗器械,1,370000,SW2021,2022-10-11 14:52:00
300943,300943.SZ,20220101,99991231,20210730,640108,640100,801072.SI,通用设备,1,640000,SW2021,2025-10-15 10:57:00
300945,300945.SZ,20220101,99991231,20210730,350301,350300,801133.SI,饰品,1,350000,SW2021,2021-07-31 16:18:00
300946,300946.SZ,20220101,99991231,20210730,640108,640100,801072.SI,通用设备,1,640000,SW2021,2025-12-08 13:06:00
300947,300947.SZ,20220101,99991231,20210730,450304,450300,801203.SI,一般零售,1,450000,SW2021,2021-07-31 16:18:00
300948,300948.SZ,20220101,99991231,20210730,620307,620300,801723.SI,基础建设,1,620000,SW2021,2021-08-02 13:20:00
300949,300949.SZ,20220101,99991231,20210730,620307,620300,801723.SI,基础建设,1,620000,SW2021,2021-08-02 13:20:00
300950,300950.SZ,20220101,99991231,20210730,640203,640200,801074.SI,专用设备,1,640000,SW2021,2025-10-15 10:57:00
300951,300951.SZ,20220101,99991231,20210730,270504,270500,801085.SI,消费电子,1,270000,SW2021,2023-04-25 09:32:00
300952,300952.SZ,20220101,99991231,20210730,350205,350200,801132.SI,服装家纺,1,350000,SW2021,2026-01-26 16:15:00
300953,300953.SZ,20220101,20220728,20210730,640108,640100,801072.SI,通用设备,1,640000,SW2021,2021-08-02 13:24:00
300953,300953.SZ,20220729,99991231,20220729,630701,630700,801737.SI,电池,1,630000,SW2021,2025-10-15 10:57:00
300955,300955.SZ,20220101,99991231,20210730,770201,770200,801982.SI,化妆品,1,770000,SW2021,2022-10-25 09:12:00
300956,300956.SZ,20220101,99991231,20210730,270504,270500,801085.SI,消费电子,1,270000,SW2021,2023-04-25 09:32:00
300957,300957.SZ,20220101,99991231,20210730,770202,770200,801982.SI,化妆品,1,770000,SW2021,2024-07-14 10:42:00
300958,300958.SZ,20220101,99991231,20210730,760104,760100,801971.SI,环境治理,1,760000,SW2021,2025-10-15 10:57:00
300959,300959.SZ,20220101,99991231,20210730,730104,730100,801223.SI,通信服务,1,730000,SW2021,2026-06-01 14:47:00
300960,300960.SZ,20220101,99991231,20210329,640501,640500,801076.SI,轨交设备Ⅱ,1,640000,SW2021,2021-04-12 13:48:00
300961,300961.SZ,20220101,99991231,20210730,760102,760100,801971.SI,环境治理,1,760000,SW2021,2025-10-15 10:57:00
300962,300962.SZ,20220101,99991231,20210730,460804,460800,801218.SI,专业服务,1,460000,SW2021,2021-11-01 14:26:00
300963,300963.SZ,20220101,99991231,20210325,240201,240200,801051.SI,金属新材料,1,240000,SW2021,2021-04-12 13:54:00
300964,300964.SZ,20220101,99991231,20210727,270202,270200,801083.SI,元件,1,270000,SW2021,2021-07-27 13:28:00
300965,300965.SZ,20220101,99991231,20210325,650201,650200,801742.SI,航空装备Ⅱ,1,650000,SW2021,2021-04-12 13:48:00
300966,300966.SZ,20220101,99991231,20210325,370101,370100,801151.SI,化学制药,1,370000,SW2021,2021-04-12 13:52:00
300967,300967.SZ,20220101,99991231,20210730,110703,110700,801017.SI,养殖业,1,110000,SW2021,2024-05-27 10:52:00
300968,300968.SZ,20220101,99991231,20210730,270504,270500,801085.SI,消费电子,1,270000,SW2021,2023-04-25 09:32:00
300969,300969.SZ,20220101,20220728,20210730,280202,280200,801093.SI,汽车零部件,1,280000,SW2021,2021-07-31 16:18:00
300969,300969.SZ,20220729,99991231,20220729,280205,280200,801093.SI,汽车零部件,1,280000,SW2021,2025-01-08 14:36:00
300970,300970.SZ,20220101,99991231,20210730,110104,110100,801016.SI,种植业,1,110000,SW2021,2024-05-27 10:52:00
300971,300971.SZ,20220101,99991231,20210730,640209,640200,801074.SI,专用设备,1,640000,SW2021,2025-10-15 10:57:00
300972,300972.SZ,20220101,20240729,20210730,110104,110100,801016.SI,种植业,1,110000,SW2021,2024-05-27 10:52:00
300972,300972.SZ,20240730,20260304,20240730,340801,340800,801128.SI,休闲食品,1,340000,SW2021,2025-01-10 08:42:00
300972,300972.SZ,20260305,99991231,20260305,450302,450300,801203.SI,一般零售,1,450000,SW2021,2026-03-05 11:31:00
300973,300973.SZ,20220101,99991231,20210730,340802,340800,801128.SI,休闲食品,1,340000,SW2021,2025-01-24 16:29:00
300975,300975.SZ,20220101,20220728,20210405,270401,270400,801082.SI,其他电子Ⅱ,1,270000,SW2021,2021-04-12 13:47:00
300975,300975.SZ,20220729,99991231,20220729,270203,270200,801083.SI,元件,1,270000,SW2021,2023-04-25 09:32:00
300976,300976.SZ,20220101,99991231,20210730,270504,270500,801085.SI,消费电子,1,270000,SW2021,2023-04-25 09:32:00
300977,300977.SZ,20220101,99991231,20210730,620601,620600,801726.SI,工程咨询服务Ⅱ,1,620000,SW2021,2021-10-08 14:19:00
300978,300978.SZ,20220101,99991231,20210730,280202,280200,801093.SI,汽车零部件,1,280000,SW2021,2025-01-08 14:36:00
300979,300979.SZ,20220101,99991231,20210730,350107,350100,801131.SI,纺织制造,1,350000,SW2021,2021-07-31 16:18:00
300980,300980.SZ,20220101,99991231,20210405,220501,220500,801036.SI,塑料,1,220000,SW2021,2021-04-12 13:49:00
300981,300981.SZ,20220101,99991231,20210730,370503,370500,801153.SI,医疗器械,1,370000,SW2021,2021-07-31 16:18:00
300982,300982.SZ,20220101,99991231,20210730,620306,620300,801723.SI,基础建设,1,620000,SW2021,2023-11-01 17:17:00
300983,300983.SZ,20220101,99991231,20210730,620601,620600,801726.SI,工程咨询服务Ⅱ,1,620000,SW2021,2021-07-31 16:18:00
300984,300984.SZ,20220101,99991231,20210730,640106,640100,801072.SI,通用设备,1,640000,SW2021,2025-10-15 10:57:00
300985,300985.SZ,20220101,99991231,20210730,640108,640100,801072.SI,通用设备,1,640000,SW2021,2025-10-15 10:57:00
300986,300986.SZ,20220101,20220726,20210415,240301,240300,801055.SI,工业金属,1,240000,SW2021,2021-04-28 15:22:00
300986,300986.SZ,20220727,99991231,20220727,620404,620400,801724.SI,专业工程,1,620000,SW2021,2022-07-30 16:28:00
300987,300987.SZ,20220101,99991231,20210730,720704,720700,801767.SI,数字媒体,1,720000,SW2021,2025-10-15 10:57:00
300988,300988.SZ,20220101,99991231,20210730,640209,640200,801074.SI,专用设备,1,640000,SW2021,2025-10-15 10:57:00
300989,300989.SZ,20220101,99991231,20210730,620601,620600,801726.SI,工程咨询服务Ⅱ,1,620000,SW2021,2021-07-31 16:18:00
300990,300990.SZ,20220101,99991231,20210426,640105,640100,801072.SI,通用设备,1,640000,SW2021,2021-04-28 15:17:00
300991,300991.SZ,20220101,99991231,20210730,270401,270400,801082.SI,其他电子Ⅱ,1,270000,SW2021,2023-04-25 09:32:00
300992,300992.SZ,20220101,99991231,20210508,640106,640100,801072.SI,通用设备,1,640000,SW2021,2021-07-06 09:07:00
300993,300993.SZ,20220101,99991231,20210730,360311,360300,801142.SI,家居用品,1,360000,SW2021,2022-05-05 19:37:00
300994,300994.SZ,20220101,99991231,20210723,280401,280400,801881.SI,摩托车及其他,1,280000,SW2021,2021-07-23 11:13:00
300995,300995.SZ,20220101,99991231,20210512,220503,220500,801036.SI,塑料,1,220000,SW2021,2021-07-06 09:08:00
300996,300996.SZ,20220101,99991231,20210730,710401,710400,801104.SI,软件开发,1,710000,SW2021,2021-07-31 16:18:00
300997,300997.SZ,20220101,99991231,20210730,340701,340700,801127.SI,饮料乳品,1,340000,SW2021,2021-07-31 16:18:00
300998,300998.SZ,20220101,99991231,20210730,280205,280200,801093.SI,汽车零部件,1,280000,SW2021,2025-01-08 14:36:00
300999,300999.SZ,20220101,99991231,20200921,110502,110500,801012.SI,农产品加工,1,110000,SW2021,2021-03-03 15:31:00
301000,301000.SZ,20220101,99991231,20210730,280205,280200,801093.SI,汽车零部件,1,280000,SW2021,2025-01-08 14:36:00
301001,301001.SZ,20220101,99991231,20210730,450603,450600,801206.SI,互联网电商,1,450000,SW2021,2021-07-31 16:18:00
301002,301002.SZ,20220101,99991231,20210730,630801,630800,801738.SI,电网设备,1,630000,SW2021,2025-10-15 10:57:00
301003,301003.SZ,20220101,99991231,20210521,220503,220500,801036.SI,塑料,1,220000,SW2021,2021-07-06 09:08:00
301004,301004.SZ,20220101,99991231,20210730,360311,360300,801142.SI,家居用品,1,360000,SW2021,2025-01-24 16:29:00
301005,301005.SZ,20220101,99991231,20210730,280205,280200,801093.SI,汽车零部件,1,280000,SW2021,2025-01-08 14:36:00
301006,301006.SZ,20220101,99991231,20210730,640107,640100,801072.SI,通用设备,1,640000,SW2021,2025-10-15 10:57:00
301007,301007.SZ,20220101,99991231,20210730,280203,280200,801093.SI,汽车零部件,1,280000,SW2021,2025-01-08 14:36:00
301008,301008.SZ,20220101,99991231,20210730,330601,330600,801116.SI,家电零部件Ⅱ,1,330000,SW2021,2021-07-31 16:18:00
301009,301009.SZ,20220101,99991231,20210730,770101,770100,801981.SI,个护用品,1,770000,SW2021,2021-09-01 09:15:00
301010,301010.SZ,20220101,99991231,20210730,610303,610300,801713.SI,装修建材,1,610000,SW2021,2021-07-31 16:18:00
301011,301011.SZ,20220101,20220728,20210606,640209,640200,801074.SI,专用设备,1,640000,SW2021,2021-07-06 09:07:00
301011,301011.SZ,20220729,99991231,20220729,360502,360500,801145.SI,文娱用品,1,360000,SW2021,2022-07-29 11:54:00
301012,301012.SZ,20220101,99991231,20210730,630801,630800,801738.SI,电网设备,1,630000,SW2021,2025-10-15 10:57:00
301013,301013.SZ,20220101,99991231,20210609,640209,640200,801074.SI,专用设备,1,640000,SW2021,2021-07-06 09:07:00
301015,301015.SZ,20220101,99991231,20210730,370402,370400,801154.SI,医药商业,1,370000,SW2021,2021-07-31 16:18:00
301016,301016.SZ,20220101,99991231,20210614,640501,640500,801076.SI,轨交设备Ⅱ,1,640000,SW2021,2021-07-06 09:07:00
301017,301017.SZ,20220101,99991231,20210730,370403,370400,801154.SI,医药商业,1,370000,SW2021,2021-07-31 16:18:00
301018,301018.SZ,20220101,99991231,20210730,640105,640100,801072.SI,通用设备,1,640000,SW2021,2025-10-15 10:57:00
301019,301019.SZ,20220101,99991231,20210622,220501,220500,801036.SI,塑料,1,220000,SW2021,2021-07-06 09:08:00
301020,301020.SZ,20220101,99991231,20210730,280203,280200,801093.SI,汽车零部件,1,280000,SW2021,2025-01-08 14:36:00
301021,301021.SZ,20220101,99991231,20210730,640703,640700,801078.SI,自动化设备,1,640000,SW2021,2025-10-15 10:57:00
301022,301022.SZ,20220101,99991231,20210730,280205,280200,801093.SI,汽车零部件,1,280000,SW2021,2025-01-08 14:36:00
301023,301023.SZ,20220101,99991231,20210705,630101,630100,801731.SI,电机Ⅱ,1,630000,SW2021,2021-07-06 09:11:00
301024,301024.SZ,20220101,99991231,20210730,620601,620600,801726.SI,工程咨询服务Ⅱ,1,620000,SW2021,2021-09-17 14:14:00
301025,301025.SZ,20220101,99991231,20210730,720902,720900,801769.SI,出版,1,720000,SW2021,2025-10-15 10:57:00
301026,301026.SZ,20220101,99991231,20210705,240504,240500,801054.SI,小金属,1,240000,SW2021,2021-07-06 09:19:00
301027,301027.SZ,20220101,99991231,20210730,620601,620600,801726.SI,工程咨询服务Ⅱ,1,620000,SW2021,2021-07-31 16:18:00
301028,301028.SZ,20220101,99991231,20210705,640106,640100,801072.SI,通用设备,1,640000,SW2021,2021-07-06 09:07:00
301029,301029.SZ,20220101,99991231,20210730,640704,640700,801078.SI,自动化设备,1,640000,SW2021,2025-10-15 10:57:00
301030,301030.SZ,20220101,99991231,20210730,760201,760200,801972.SI,环保设备Ⅱ,1,760000,SW2021,2025-10-15 10:57:00
301031,301031.SZ,20220101,99991231,20210730,270401,270400,801082.SI,其他电子Ⅱ,1,270000,SW2021,2021-07-31 16:18:00
301032,301032.SZ,20220101,99991231,20210730,640106,640100,801072.SI,通用设备,1,640000,SW2021,2025-10-15 10:57:00
301033,301033.SZ,20220101,99991231,20210730,370503,370500,801153.SI,医疗器械,1,370000,SW2021,2021-10-08 14:19:00
301035,301035.SZ,20220101,99991231,20210730,220803,220800,801038.SI,农化制品,1,220000,SW2021,2025-12-30 17:35:00
301036,301036.SZ,20220101,99991231,20210712,220305,220300,801034.SI,化学制品,1,220000,SW2021,2021-07-12 18:01:00
301037,301037.SZ,20220101,99991231,20210730,220305,220300,801034.SI,化学制品,1,220000,SW2021,2021-09-17 14:10:00
301038,301038.SZ,20220101,99991231,20210730,620601,620600,801726.SI,工程咨询服务Ⅱ,1,620000,SW2021,2023-09-27 15:21:00
301039,301039.SZ,20220101,99991231,20210730,280601,280600,801096.SI,商用车,1,280000,SW2021,2025-01-08 14:36:00
301040,301040.SZ,20220101,99991231,20210730,630602,630600,801736.SI,风电设备,1,630000,SW2021,2025-10-15 10:57:00
301041,301041.SZ,20220101,99991231,20210727,270202,270200,801083.SI,元件,1,270000,SW2021,2021-07-27 13:28:00
301042,301042.SZ,20220101,99991231,20210730,710102,710100,801101.SI,计算机设备,1,710000,SW2021,2023-09-27 15:22:00
301043,301043.SZ,20220101,20240729,20210727,640106,640100,801072.SI,通用设备,1,640000,SW2021,2021-07-27 13:28:00
301043,301043.SZ,20240730,99991231,20240730,640105,640100,801072.SI,通用设备,1,640000,SW2021,2025-10-15 10:57:00
301045,301045.SZ,20220101,20220728,20210806,270303,270300,801084.SI,光学光电子,1,270000,SW2021,2021-09-17 14:09:00
301045,301045.SZ,20220729,99991231,20220729,270301,270300,801084.SI,光学光电子,1,270000,SW2021,2023-12-25 17:08:00
301046,301046.SZ,20220101,99991231,20210806,620404,620400,801724.SI,专业工程,1,620000,SW2021,2021-09-17 14:14:00
301047,301047.SZ,20220101,20220728,20210806,370603,370600,801156.SI,医疗服务,1,370000,SW2021,2021-11-01 14:17:00
301047,301047.SZ,20220729,99991231,20220729,370304,370300,801152.SI,生物制品,1,370000,SW2021,2022-07-29 11:54:00
301048,301048.SZ,20220101,99991231,20210813,640501,640500,801076.SI,轨交设备Ⅱ,1,640000,SW2021,2025-10-15 10:57:00
301049,301049.SZ,20220101,99991231,20210813,760103,760100,801971.SI,环境治理,1,760000,SW2021,2025-10-15 10:57:00
301050,301050.SZ,20220101,99991231,20210813,650501,650500,801745.SI,军工电子Ⅱ,1,650000,SW2021,2025-10-15 10:57:00
301051,301051.SZ,20220101,99991231,20210813,270504,270500,801085.SI,消费电子,1,270000,SW2021,2023-04-25 09:32:00
301052,301052.SZ,20220101,99991231,20210820,720902,720900,801769.SI,出版,1,720000,SW2021,2025-10-15 10:57:00
301053,301053.SZ,20220101,99991231,20210820,640206,640200,801074.SI,专用设备,1,640000,SW2021,2025-10-15 10:57:00
301055,301055.SZ,20220101,99991231,20210820,360311,360300,801142.SI,家居用品,1,360000,SW2021,2021-09-17 14:13:00
301056,301056.SZ,20220101,99991231,20210820,640204,640200,801074.SI,专用设备,1,640000,SW2021,2025-10-15 10:57:00
301057,301057.SZ,20220101,99991231,20210820,220401,220400,801032.SI,化学纤维,1,220000,SW2021,2021-09-17 14:10:00
301058,301058.SZ,20220101,99991231,20210820,620601,620600,801726.SI,工程咨询服务Ⅱ,1,620000,SW2021,2024-01-23 09:18:00
301059,301059.SZ,20220101,99991231,20210827,220309,220300,801034.SI,化学制品,1,220000,SW2021,2021-09-17 14:10:00
301060,301060.SZ,20220101,99991231,20210827,370602,370600,801156.SI,医疗服务,1,370000,SW2021,2021-12-01 10:37:00
301061,301061.SZ,20220101,99991231,20210903,360307,360300,801142.SI,家居用品,1,360000,SW2021,2023-12-29 17:16:00
301062,301062.SZ,20220101,99991231,20210827,360205,360200,801141.SI,包装印刷,1,360000,SW2021,2021-12-01 10:38:00
301063,301063.SZ,20220101,20220728,20210903,640108,640100,801072.SI,通用设备,1,640000,SW2021,2021-09-17 14:11:00
301063,301063.SZ,20220729,20240729,20220729,630602,630600,801736.SI,风电设备,1,630000,SW2021,2022-07-29 11:54:00
301063,301063.SZ,20240730,99991231,20240730,640203,640200,801074.SI,专用设备,1,640000,SW2021,2025-10-15 10:57:00
301065,301065.SZ,20220101,20220728,20210903,220309,220300,801034.SI,化学制品,1,220000,SW2021,2021-09-17 14:10:00
301065,301065.SZ,20220729,99991231,20220729,370101,370100,801151.SI,化学制药,1,370000,SW2021,2022-07-29 11:54:00
301066,301066.SZ,20220101,20220728,20210903,350205,350200,801132.SI,服装家纺,1,350000,SW2021,2021-09-17 14:16:00
301066,301066.SZ,20220729,99991231,20220729,350106,350100,801131.SI,纺织制造,1,350000,SW2021,2022-07-29 11:54:00
301067,301067.SZ,20220101,99991231,20210903,270504,270500,801085.SI,消费电子,1,270000,SW2021,2023-04-25 09:32:00
301068,301068.SZ,20220101,99991231,20210903,760103,760100,801971.SI,环境治理,1,760000,SW2021,2025-10-15 10:57:00
301069,301069.SZ,20220101,99991231,20210910,220204,220200,801033.SI,化学原料,1,220000,SW2021,2024-04-01 15:29:00
301070,301070.SZ,20220101,20240729,20210917,640106,640100,801072.SI,通用设备,1,640000,SW2021,2021-11-18 09:13:00
301070,301070.SZ,20240730,99991231,20240730,640105,640100,801072.SI,通用设备,1,640000,SW2021,2025-10-15 10:57:00
301071,301071.SZ,20220101,99991231,20211213,220901,220900,801039.SI,非金属材料Ⅱ,1,220000,SW2021,2024-01-24 16:04:00
301072,301072.SZ,20220101,99991231,20210910,280203,280200,801093.SI,汽车零部件,1,280000,SW2021,2025-01-08 14:36:00
301073,301073.SZ,20220101,99991231,20210910,460901,460900,801219.SI,酒店餐饮,1,460000,SW2021,2024-04-01 15:29:00
301075,301075.SZ,20220101,99991231,20210917,370102,370100,801151.SI,化学制药,1,370000,SW2021,2021-11-18 09:15:00
301076,301076.SZ,20220101,99991231,20210917,220309,220300,801034.SI,化学制品,1,220000,SW2021,2021-11-18 09:12:00
301077,301077.SZ,20220101,99991231,20210917,220309,220300,801034.SI,化学制品,1,220000,SW2021,2021-11-18 09:12:00
301078,301078.SZ,20220101,99991231,20210917,450401,450400,801204.SI,专业连锁Ⅱ,1,450000,SW2021,2026-01-26 16:15:00
301079,301079.SZ,20220101,99991231,20210924,640602,640600,801077.SI,工程机械,1,640000,SW2021,2025-10-15 10:57:00
301080,301080.SZ,20220101,20220728,20211015,370603,370600,801156.SI,医疗服务,1,370000,SW2021,2022-01-01 17:06:00
301080,301080.SZ,20220729,99991231,20220729,370304,370300,801152.SI,生物制品,1,370000,SW2021,2022-07-29 11:54:00
301081,301081.SZ,20220101,99991231,20211015,760201,760200,801972.SI,环保设备Ⅱ,1,760000,SW2021,2025-10-15 10:57:00
301082,301082.SZ,20220101,99991231,20210930,630805,630800,801738.SI,电网设备,1,630000,SW2021,2025-10-15 10:57:00
301083,301083.SZ,20220101,99991231,20211015,640209,640200,801074.SI,专用设备,1,640000,SW2021,2025-10-15 10:57:00
301085,301085.SZ,20220101,99991231,20211015,710301,710300,801103.SI,IT服务Ⅱ,1,710000,SW2021,2021-11-18 09:18:00
301086,301086.SZ,20220101,99991231,20211015,270504,270500,801085.SI,消费电子,1,270000,SW2021,2023-04-25 09:32:00
301087,301087.SZ,20220101,20220728,20210930,370504,370500,801153.SI,医疗器械,1,370000,SW2021,2021-11-18 09:15:00
301087,301087.SZ,20220729,99991231,20220729,370503,370500,801153.SI,医疗器械,1,370000,SW2021,2024-11-25 16:31:00
301088,301088.SZ,20220101,99991231,20210930,350209,350200,801132.SI,服装家纺,1,350000,SW2021,2023-03-31 08:22:00
301089,301089.SZ,20220101,99991231,20210930,370101,370100,801151.SI,化学制药,1,370000,SW2021,2021-11-18 09:15:00
301090,301090.SZ,20220101,20220728,20210930,220313,220300,801034.SI,化学制品,1,220000,SW2021,2021-11-18 09:12:00
301090,301090.SZ,20220729,99991231,20220729,220501,220500,801036.SI,塑料,1,220000,SW2021,2024-04-01 15:28:00
301091,301091.SZ,20220101,99991231,20210930,620601,620600,801726.SI,工程咨询服务Ⅱ,1,620000,SW2021,2025-10-21 15:46:00
301092,301092.SZ,20220101,99991231,20211015,220504,220500,801036.SI,塑料,1,220000,SW2021,2021-11-18 09:12:00
301093,301093.SZ,20220101,99991231,20211015,370503,370500,801153.SI,医疗器械,1,370000,SW2021,2021-11-18 09:15:00
301095,301095.SZ,20220725,99991231,20220725,710401,710400,801104.SI,软件开发,1,710000,SW2021,2024-01-24 12:32:00
301096,301096.SZ,20220101,99991231,20211203,370603,370600,801156.SI,医疗服务,1,370000,SW2021,2021-12-29 14:01:00
301097,301097.SZ,20220318,99991231,20220318,370503,370500,801153.SI,医疗器械,1,370000,SW2021,2023-09-08 10:19:00
301098,301098.SZ,20220101,99991231,20211029,620307,620300,801723.SI,基础建设,1,620000,SW2021,2021-11-18 09:21:00
301099,301099.SZ,20220101,20220728,20211105,270203,270200,801083.SI,元件,1,270000,SW2021,2021-11-18 09:16:00
301099,301099.SZ,20220729,99991231,20220729,270401,270400,801082.SI,其他电子Ⅱ,1,270000,SW2021,2023-04-25 09:32:00
301100,301100.SZ,20220101,99991231,20211203,220309,220300,801034.SI,化学制品,1,220000,SW2021,2021-12-29 13:59:00
301101,301101.SZ,20220101,99991231,20211203,360501,360500,801145.SI,文娱用品,1,360000,SW2021,2023-06-28 21:39:00
301102,301102.SZ,20220304,99991231,20220304,720502,720500,801765.SI,广告营销,1,720000,SW2021,2025-10-15 10:57:00
301103,301103.SZ,20220304,99991231,20220304,370604,370600,801156.SI,医疗服务,1,370000,SW2021,2023-09-08 10:19:00
301105,301105.SZ,20221223,99991231,20221223,640208,640200,801074.SI,专用设备,1,640000,SW2021,2025-10-15 10:57:00
301106,301106.SZ,20220114,99991231,20220114,270301,270300,801084.SI,光学光电子,1,270000,SW2021,2023-04-25 09:32:00
301107,301107.SZ,20220513,99991231,20220513,640106,640100,801072.SI,通用设备,1,640000,SW2021,2025-10-15 10:57:00
301108,301108.SZ,20220101,99991231,20211119,770101,770100,801981.SI,个护用品,1,770000,SW2021,2025-09-25 15:57:00
301109,301109.SZ,20220325,99991231,20220325,760103,760100,801971.SI,环境治理,1,760000,SW2021,2026-04-02 13:26:00
301110,301110.SZ,20220101,99991231,20210730,450603,450600,801206.SI,互联网电商,1,450000,SW2021,2025-09-21 11:38:00
301111,301111.SZ,20220101,20220728,20211119,370102,370100,801151.SI,化学制药,1,370000,SW2021,2021-12-29 14:01:00
301111,301111.SZ,20220729,99991231,20220729,370201,370200,801155.SI,中药Ⅱ,1,370000,SW2021,2022-07-29 11:54:00
301112,301112.SZ,20220602,99991231,20220602,640701,640700,801078.SI,自动化设备,1,640000,SW2021,2025-10-15 10:57:00
301113,301113.SZ,20220101,99991231,20211210,360311,360300,801142.SI,家居用品,1,360000,SW2021,2021-12-29 14:08:00
301115,301115.SZ,20220812,99991231,20220812,460802,460800,801218.SI,专业服务,1,460000,SW2021,2023-09-08 10:19:00
301116,301116.SZ,20220101,99991231,20211231,110703,110700,801017.SI,养殖业,1,110000,SW2021,2023-09-08 10:19:00
301117,301117.SZ,20220101,99991231,20211224,710102,710100,801101.SI,计算机设备,1,710000,SW2021,2025-10-15 10:57:00
301118,301118.SZ,20220101,99991231,20211105,220204,220200,801033.SI,化学原料,1,220000,SW2021,2021-11-18 09:14:00
301119,301119.SZ,20220101,99991231,20211112,280203,280200,801093.SI,汽车零部件,1,280000,SW2021,2025-01-08 14:36:00
301120,301120.SZ,20220325,99991231,20220325,630801,630800,801738.SI,电网设备,1,630000,SW2021,2025-10-15 10:57:00
301121,301121.SZ,20220725,99991231,20220725,630701,630700,801737.SI,电池,1,630000,SW2021,2025-10-15 10:57:00
301122,301122.SZ,20220114,99991231,20220114,370503,370500,801153.SI,医疗器械,1,370000,SW2021,2023-09-08 10:19:00
301123,301123.SZ,20220107,99991231,20220107,270504,270500,801085.SI,消费电子,1,270000,SW2021,2023-04-25 09:32:00
301125,301125.SZ,20220520,99991231,20220520,640106,640100,801072.SI,通用设备,1,640000,SW2021,2025-10-15 10:57:00
301126,301126.SZ,20220101,99991231,20211119,370402,370400,801154.SI,医药商业,1,370000,SW2021,2021-12-29 14:01:00
301127,301127.SZ,20220101,99991231,20211210,760102,760100,801971.SI,环境治理,1,760000,SW2021,2026-04-02 13:26:00
301128,301128.SZ,20220101,99991231,20211029,640209,640200,801074.SI,专用设备,1,640000,SW2021,2025-10-15 10:57:00
301129,301129.SZ,20220101,99991231,20211022,640107,640100,801072.SI,通用设备,1,640000,SW2021,2025-10-15 10:57:00
301130,301130.SZ,20220128,99991231,20220128,370102,370100,801151.SI,化学制药,1,370000,SW2021,2023-09-08 10:19:00
301131,301131.SZ,20220304,99991231,20220304,220503,220500,801036.SI,塑料,1,220000,SW2021,2023-09-08 10:19:00
301132,301132.SZ,20220725,99991231,20220725,270202,270200,801083.SI,元件,1,270000,SW2021,2023-09-08 10:19:00
301133,301133.SZ,20220101,99991231,20211105,280202,280200,801093.SI,汽车零部件,1,280000,SW2021,2025-01-08 14:36:00
301135,301135.SZ,20220325,20240729,20220325,270504,270500,801085.SI,消费电子,1,270000,SW2021,2023-09-08 10:19:00
301135,301135.SZ,20240730,99991231,20240730,330601,330600,801116.SI,家电零部件Ⅱ,1,330000,SW2021,2025-01-08 14:36:00
301136,301136.SZ,20220101,99991231,20211224,620601,620600,801726.SI,工程咨询服务Ⅱ,1,620000,SW2021,2021-12-29 14:09:00
301137,301137.SZ,20220304,99991231,20220304,640108,640100,801072.SI,通用设备,1,640000,SW2021,2025-10-15 10:57:00
301138,301138.SZ,20220101,20220728,20211203,640209,640200,801074.SI,专用设备,1,640000,SW2021,2021-12-29 14:10:00
301138,301138.SZ,20220729,99991231,20220729,640208,640200,801074.SI,专用设备,1,640000,SW2021,2025-10-15 10:57:00
301139,301139.SZ,20220624,99991231,20220624,730103,730100,801223.SI,通信服务,1,730000,SW2021,2026-06-01 14:47:00
301141,301141.SZ,20230317,99991231,20230317,240202,240200,801051.SI,金属新材料,1,240000,SW2021,2025-01-08 14:36:00
301148,301148.SZ,20220401,99991231,20220401,760102,760100,801971.SI,环境治理,1,760000,SW2021,2025-10-15 10:57:00
301149,301149.SZ,20220101,99991231,20211029,220309,220300,801034.SI,化学制品,1,220000,SW2021,2021-11-18 09:14:00
301150,301150.SZ,20220401,20220728,20220401,240302,240300,801055.SI,工业金属,1,240000,SW2021,2022-04-01 18:41:00
301150,301150.SZ,20220729,99991231,20220729,630701,630700,801737.SI,电池,1,630000,SW2021,2025-10-15 10:57:00
301151,301151.SZ,20220318,99991231,20220318,640108,640100,801072.SI,通用设备,1,640000,SW2021,2025-10-15 10:57:00
301152,301152.SZ,20220812,99991231,20220812,630702,630700,801737.SI,电池,1,630000,SW2021,2025-10-15 10:57:00
301153,301153.SZ,20220429,99991231,20220429,710401,710400,801104.SI,软件开发,1,710000,SW2021,2023-09-08 10:19:00
301155,301155.SZ,20220101,99991231,20211105,630602,630600,801736.SI,风电设备,1,630000,SW2021,2025-10-15 10:57:00
301156,301156.SZ,20220610,99991231,20220610,220315,220300,801034.SI,化学制品,1,220000,SW2021,2023-09-08 10:19:00
301157,301157.SZ,20230309,99991231,20230309,630306,630300,801733.SI,其他电源设备Ⅱ,1,630000,SW2021,2025-10-15 10:57:00
301158,301158.SZ,20220101,99991231,20211231,640203,640200,801074.SI,专用设备,1,640000,SW2021,2025-10-15 10:57:00
301159,301159.SZ,20220101,99991231,20211224,710401,710400,801104.SI,软件开发,1,710000,SW2021,2021-12-29 14:08:00
301160,301160.SZ,20220520,99991231,20220520,230501,230500,801045.SI,特钢Ⅱ,1,230000,SW2021,2025-01-08 14:36:00
301161,301161.SZ,20220826,99991231,20220826,640602,640600,801077.SI,工程机械,1,640000,SW2021,2025-10-15 10:57:00
301162,301162.SZ,20220401,99991231,20220401,710401,710400,801104.SI,软件开发,1,710000,SW2021,2025-10-15 10:57:00
301163,301163.SZ,20220325,20220728,20220325,640108,640100,801072.SI,通用设备,1,640000,SW2021,2022-03-25 17:55:00
301163,301163.SZ,20220729,99991231,20220729,630602,630600,801736.SI,风电设备,1,630000,SW2021,2025-10-15 10:57:00
301165,301165.SZ,20221104,99991231,20221104,730204,730200,801102.SI,通信设备,1,730000,SW2021,2026-06-01 14:47:00
301166,301166.SZ,20220101,99991231,20211210,370304,370300,801152.SI,生物制品,1,370000,SW2021,2021-12-29 14:01:00
301167,301167.SZ,20220101,99991231,20211126,620601,620600,801726.SI,工程咨询服务Ⅱ,1,620000,SW2021,2021-12-29 14:09:00
301168,301168.SZ,20220101,20240729,20211126,630504,630500,801735.SI,光伏设备,1,630000,SW2021,2022-07-11 13:29:00
301168,301168.SZ,20240730,99991231,20240730,630502,630500,801735.SI,光伏设备,1,630000,SW2021,2025-10-15 10:57:00
301169,301169.SZ,20220101,99991231,20211022,460804,460800,801218.SI,专业服务,1,460000,SW2021,2022-02-08 15:57:00
301170,301170.SZ,20230609,99991231,20230609,280203,280200,801093.SI,汽车零部件,1,280000,SW2021,2025-01-08 14:36:00
301171,301171.SZ,20220805,99991231,20220805,720501,720500,801765.SI,广告营销,1,720000,SW2021,2025-10-15 10:57:00
301172,301172.SZ,20230714,99991231,20230714,710301,710300,801103.SI,IT服务Ⅱ,1,710000,SW2021,2023-09-08 10:19:00
301173,301173.SZ,20250214,99991231,20250214,280202,280200,801093.SI,汽车零部件,1,280000,SW2021,2025-02-19 17:18:00
301175,301175.SZ,20220617,99991231,20220617,760103,760100,801971.SI,环境治理,1,760000,SW2021,2025-10-15 10:57:00
301176,301176.SZ,20220909,99991231,20220909,270202,270200,801083.SI,元件,1,270000,SW2021,2023-09-08 10:19:00
301177,301177.SZ,20220101,99991231,20211203,350301,350300,801133.SI,饰品,1,350000,SW2021,2026-01-26 16:15:00
301178,301178.SZ,20220101,99991231,20211105,710301,710300,801103.SI,IT服务Ⅱ,1,710000,SW2021,2021-11-18 09:18:00
301179,301179.SZ,20220101,99991231,20211126,630803,630800,801738.SI,电网设备,1,630000,SW2021,2025-10-15 10:57:00
301180,301180.SZ,20220101,99991231,20211105,270504,270500,801085.SI,消费电子,1,270000,SW2021,2023-04-25 09:32:00
301181,301181.SZ,20220128,99991231,20220128,280205,280200,801093.SI,汽车零部件,1,280000,SW2021,2025-01-08 14:36:00
301182,301182.SZ,20220101,20240729,20211203,270504,270500,801085.SI,消费电子,1,270000,SW2021,2023-04-25 09:32:00
301182,301182.SZ,20240730,99991231,20240730,710102,710100,801101.SI,计算机设备,1,710000,SW2021,2025-01-08 14:36:00
301183,301183.SZ,20220513,99991231,20220513,270303,270300,801084.SI,光学光电子,1,270000,SW2021,2023-04-25 09:32:00
301185,301185.SZ,20220101,99991231,20211105,710301,710300,801103.SI,IT服务Ⅱ,1,710000,SW2021,2021-11-18 09:18:00
301186,301186.SZ,20220101,99991231,20211210,280205,280200,801093.SI,汽车零部件,1,280000,SW2021,2025-01-08 14:36:00
301187,301187.SZ,20220401,99991231,20220401,330302,330300,801113.SI,小家电,1,330000,SW2021,2025-01-24 17:35:00
301188,301188.SZ,20220101,20241114,20211029,360311,360300,801142.SI,家居用品,1,360000,SW2021,2021-11-18 09:23:00
301188,301188.SZ,20241115,99991231,20241115,370503,370500,801153.SI,医疗器械,1,370000,SW2021,2025-01-08 14:36:00
301189,301189.SZ,20220101,99991231,20211210,270503,270500,801085.SI,消费电子,1,270000,SW2021,2023-04-25 09:32:00
301190,301190.SZ,20220101,20240729,20211203,220308,220300,801034.SI,化学制品,1,220000,SW2021,2021-12-29 13:59:00
301190,301190.SZ,20240730,99991231,20240730,220204,220200,801033.SI,化学原料,1,220000,SW2021,2024-07-30 12:45:00
301191,301191.SZ,20220513,99991231,20220513,730206,730200,801102.SI,通信设备,1,730000,SW2021,2026-06-01 14:47:00
301192,301192.SZ,20220805,99991231,20220805,280203,280200,801093.SI,汽车零部件,1,280000,SW2021,2025-01-08 14:36:00
301193,301193.SZ,20220101,99991231,20211126,360311,360300,801142.SI,家居用品,1,360000,SW2021,2021-12-29 14:08:00
301195,301195.SZ,20220725,99991231,20220725,710401,710400,801104.SI,软件开发,1,710000,SW2021,2023-09-08 10:19:00
301196,301196.SZ,20220101,99991231,20211217,220501,220500,801036.SI,塑料,1,220000,SW2021,2021-12-29 13:59:00
301197,301197.SZ,20220725,99991231,20220725,640107,640100,801072.SI,通用设备,1,640000,SW2021,2025-10-15 10:57:00
301198,301198.SZ,20220101,99991231,20211119,360204,360200,801141.SI,包装印刷,1,360000,SW2021,2021-12-29 14:08:00
301199,301199.SZ,20220101,99991231,20211126,640701,640700,801078.SI,自动化设备,1,640000,SW2021,2025-10-15 10:57:00
301200,301200.SZ,20220128,99991231,20220128,640209,640200,801074.SI,专用设备,1,640000,SW2021,2025-10-15 10:57:00
301201,301201.SZ,20220101,99991231,20211231,370603,370600,801156.SI,医疗服务,1,370000,SW2021,2023-09-08 10:19:00
301202,301202.SZ,20230630,99991231,20230630,730207,730200,801102.SI,通信设备,1,730000,SW2021,2026-06-01 14:47:00
301203,301203.SZ,20230317,99991231,20230317,760102,760100,801971.SI,环境治理,1,760000,SW2021,2025-10-15 10:57:00
301205,301205.SZ,20220902,99991231,20220902,730204,730200,801102.SI,通信设备,1,730000,SW2021,2026-06-01 14:47:00
301206,301206.SZ,20220114,99991231,20220114,220315,220300,801034.SI,化学制品,1,220000,SW2021,2023-09-08 10:19:00
301207,301207.SZ,20220128,99991231,20220128,370303,370300,801152.SI,生物制品,1,370000,SW2021,2023-09-08 10:19:00
301208,301208.SZ,20220701,99991231,20220701,710301,710300,801103.SI,IT服务Ⅱ,1,710000,SW2021,2023-09-08 10:19:00
301209,301209.SZ,20220812,99991231,20220812,220305,220300,801034.SI,化学制品,1,220000,SW2021,2023-09-08 10:19:00
301210,301210.SZ,20230609,99991231,20230609,630701,630700,801737.SI,电池,1,630000,SW2021,2025-10-15 10:57:00
301211,301211.SZ,20220101,99991231,20211203,370101,370100,801151.SI,化学制药,1,370000,SW2021,2021-12-29 14:01:00
301212,301212.SZ,20220325,99991231,20220325,220309,220300,801034.SI,化学制品,1,220000,SW2021,2023-09-08 10:19:00
301213,301213.SZ,20220101,99991231,20211126,650501,650500,801745.SI,军工电子Ⅱ,1,650000,SW2021,2025-10-15 10:57:00
301215,301215.SZ,20220218,99991231,20220218,280303,280300,801092.SI,汽车服务,1,280000,SW2021,2025-01-08 14:36:00
301216,301216.SZ,20220311,20220728,20220311,220313,220300,801034.SI,化学制品,1,220000,SW2021,2022-03-11 16:12:00
301216,301216.SZ,20220729,99991231,20220729,220501,220500,801036.SI,塑料,1,220000,SW2021,2026-04-03 21:12:00
301217,301217.SZ,20220114,20230703,20220114,240302,240300,801055.SI,工业金属,1,240000,SW2021,2022-01-17 11:16:00
301217,301217.SZ,20230704,99991231,20230704,630701,630700,801737.SI,电池,1,630000,SW2021,2025-10-15 10:57:00
301218,301218.SZ,20220225,99991231,20220225,710301,710300,801103.SI,IT服务Ⅱ,1,710000,SW2021,2023-09-08 10:19:00
301219,301219.SZ,20220304,99991231,20220304,240601,240600,801056.SI,能源金属,1,240000,SW2021,2025-01-08 14:36:00
301220,301220.SZ,20220602,99991231,20220602,220315,220300,801034.SI,化学制品,1,220000,SW2021,2023-09-08 10:19:00
301221,301221.SZ,20220101,99991231,20211203,280206,280200,801093.SI,汽车零部件,1,280000,SW2021,2025-01-08 14:36:00
301222,301222.SZ,20220225,99991231,20220225,630705,630700,801737.SI,电池,1,630000,SW2021,2025-10-15 10:57:00
301223,301223.SZ,20220923,99991231,20220923,360205,360200,801141.SI,包装印刷,1,360000,SW2021,2023-09-08 10:19:00
301225,301225.SZ,20230526,99991231,20230526,280203,280200,801093.SI,汽车零部件,1,280000,SW2021,2025-11-26 17:21:00
301226,301226.SZ,20220311,99991231,20220311,630101,630100,801731.SI,电机Ⅱ,1,630000,SW2021,2025-10-15 10:57:00
301227,301227.SZ,20220902,99991231,20220902,360308,360300,801142.SI,家居用品,1,360000,SW2021,2022-09-02 14:39:00
301228,301228.SZ,20220114,99991231,20220114,460802,460800,801218.SI,专业服务,1,460000,SW2021,2022-01-17 11:16:00
301229,301229.SZ,20220211,20241114,20220211,280202,280200,801093.SI,汽车零部件,1,280000,SW2021,2022-02-11 14:47:00
301229,301229.SZ,20241115,99991231,20241115,280203,280200,801093.SI,汽车零部件,1,280000,SW2021,2025-01-08 14:36:00
301230,301230.SZ,20220930,99991231,20220930,370603,370600,801156.SI,医疗服务,1,370000,SW2021,2025-09-17 18:39:00
301231,301231.SZ,20220819,99991231,20220819,720902,720900,801769.SI,出版,1,720000,SW2021,2025-10-15 10:57:00
301232,301232.SZ,20230526,99991231,20230526,630602,630600,801736.SI,风电设备,1,630000,SW2021,2025-10-15 10:57:00
301233,301233.SZ,20220610,99991231,20220610,280205,280200,801093.SI,汽车零部件,1,280000,SW2021,2025-01-08 14:36:00
301234,301234.SZ,20220624,99991231,20220624,370503,370500,801153.SI,医疗器械,1,370000,SW2021,2022-06-24 16:54:00
301235,301235.SZ,20220114,20220120,20220114,620404,620400,801724.SI,专业工程,1,620000,SW2021,2022-01-17 11:16:00
301235,301235.SZ,20220121,99991231,20220121,370502,370500,801153.SI,医疗器械,1,370000,SW2021,2025-09-09 10:17:00
301236,301236.SZ,20220225,99991231,20220225,710301,710300,801103.SI,IT服务Ⅱ,1,710000,SW2021,2023-05-24 15:41:00
301237,301237.SZ,20220304,99991231,20220304,220505,220500,801036.SI,塑料,1,220000,SW2021,2022-03-04 17:42:00
301238,301238.SZ,20220602,99991231,20220602,630702,630700,801737.SI,电池,1,630000,SW2021,2025-10-15 10:57:00
301239,301239.SZ,20220610,99991231,20220610,370604,370600,801156.SI,医疗服务,1,370000,SW2021,2026-02-26 16:27:00
301246,301246.SZ,20230224,99991231,20230224,370101,370100,801151.SI,化学制药,1,370000,SW2021,2026-05-24 14:02:00
301248,301248.SZ,20220401,99991231,20220401,710301,710300,801103.SI,IT服务Ⅱ,1,710000,SW2021,2022-04-01 18:41:00
301251,301251.SZ,20230821,99991231,20230821,270202,270200,801083.SI,元件,1,270000,SW2021,2023-08-21 11:01:00
301252,301252.SZ,20230512,99991231,20230512,330601,330600,801116.SI,家电零部件Ⅱ,1,330000,SW2021,2023-05-15 13:30:00
301255,301255.SZ,20221209,99991231,20221209,640108,640100,801072.SI,通用设备,1,640000,SW2021,2025-10-15 10:57:00
301256,301256.SZ,20220304,99991231,20220304,220203,220200,801033.SI,化学原料,1,220000,SW2021,2022-03-04 17:42:00
301257,301257.SZ,20220429,99991231,20220429,370603,370600,801156.SI,医疗服务,1,370000,SW2021,2025-09-09 10:17:00
301258,301258.SZ,20220311,99991231,20220311,370101,370100,801151.SI,化学制药,1,370000,SW2021,2022-03-11 16:12:00
301259,301259.SZ,20220408,99991231,20220408,760104,760100,801971.SI,环境治理,1,760000,SW2021,2025-10-15 10:57:00
301260,301260.SZ,20230120,99991231,20230120,640207,640200,801074.SI,专用设备,1,640000,SW2021,2025-10-15 10:57:00
301261,301261.SZ,20230630,99991231,20230630,640108,640100,801072.SI,通用设备,1,640000,SW2021,2025-10-15 10:57:00
301262,301262.SZ,20230609,99991231,20230609,721001,721000,801995.SI,电视广播Ⅱ,1,720000,SW2021,2025-10-15 10:57:00
301263,301263.SZ,20220311,99991231,20220311,370102,370100,801151.SI,化学制药,1,370000,SW2021,2022-03-11 16:12:00
301265,301265.SZ,20221125,99991231,20221125,760103,760100,801971.SI,环境治理,1,760000,SW2021,2025-10-15 10:57:00
301266,301266.SZ,20220520,99991231,20220520,630504,630500,801735.SI,光伏设备,1,630000,SW2021,2025-10-15 10:57:00
301267,301267.SZ,20221104,99991231,20221104,370604,370600,801156.SI,医疗服务,1,370000,SW2021,2023-01-13 13:04:00
301268,301268.SZ,20220318,99991231,20220318,640108,640100,801072.SI,通用设备,1,640000,SW2021,2025-10-15 10:57:00
301269,301269.SZ,20220715,99991231,20220715,710401,710400,801104.SI,软件开发,1,710000,SW2021,2023-06-01 14:03:00
301270,301270.SZ,20220812,99991231,20220812,710402,710400,801104.SI,软件开发,1,710000,SW2021,2022-08-12 16:35:00
301272,301272.SZ,20230630,99991231,20230630,640105,640100,801072.SI,通用设备,1,640000,SW2021,2025-09-04 08:48:00
301273,301273.SZ,20220923,99991231,20220923,640106,640100,801072.SI,通用设备,1,640000,SW2021,2025-10-15 10:57:00
301275,301275.SZ,20250221,99991231,20250221,270401,270400,801082.SI,其他电子Ⅱ,1,270000,SW2021,2025-10-15 10:57:00
301276,301276.SZ,20220826,99991231,20220826,350209,350200,801132.SI,服装家纺,1,350000,SW2021,2026-01-26 16:15:00
301277,301277.SZ,20221028,99991231,20221028,370101,370100,801151.SI,化学制药,1,370000,SW2021,2022-10-28 16:09:00
301278,301278.SZ,20220725,20240729,20220725,630504,630500,801735.SI,光伏设备,1,630000,SW2021,2023-02-02 10:24:00
301278,301278.SZ,20240730,99991231,20240730,630502,630500,801735.SI,光伏设备,1,630000,SW2021,2025-10-15 10:57:00
301279,301279.SZ,20220325,99991231,20220325,640602,640600,801077.SI,工程机械,1,640000,SW2021,2025-10-15 10:57:00
301280,301280.SZ,20221202,20240729,20221202,270504,270500,801085.SI,消费电子,1,270000,SW2021,2022-12-05 13:48:00
301280,301280.SZ,20240730,99991231,20240730,330601,330600,801116.SI,家电零部件Ⅱ,1,330000,SW2021,2025-01-08 14:36:00
301281,301281.SZ,20230317,99991231,20230317,370101,370100,801151.SI,化学制药,1,370000,SW2021,2023-03-20 11:17:00
301282,301282.SZ,20220805,99991231,20220805,270202,270200,801083.SI,元件,1,270000,SW2021,2022-08-08 11:04:00
301283,301283.SZ,20220819,99991231,20220819,220317,220300,801034.SI,化学制品,1,220000,SW2021,2022-08-19 12:04:00
301285,301285.SZ,20220909,99991231,20220909,270504,270500,801085.SI,消费电子,1,270000,SW2021,2022-09-14 17:12:00
301286,301286.SZ,20220527,99991231,20220527,220309,220300,801034.SI,化学制品,1,220000,SW2021,2023-12-25 16:35:00
301287,301287.SZ,20230609,99991231,20230609,360502,360500,801145.SI,文娱用品,1,360000,SW2021,2023-06-14 10:58:00
301288,301288.SZ,20220401,99991231,20220401,760201,760200,801972.SI,环保设备Ⅱ,1,760000,SW2021,2025-10-15 10:57:00
301289,301289.SZ,20220610,99991231,20220610,460802,460800,801218.SI,专业服务,1,460000,SW2021,2022-06-10 17:27:00
301290,301290.SZ,20221111,99991231,20221111,370502,370500,801153.SI,医疗器械,1,370000,SW2021,2022-11-14 09:48:00
301291,301291.SZ,20230609,99991231,20230609,630802,630800,801738.SI,电网设备,1,630000,SW2021,2025-10-15 10:57:00
301292,301292.SZ,20230609,99991231,20230609,630702,630700,801737.SI,电池,1,630000,SW2021,2025-10-15 10:57:00
301293,301293.SZ,20230414,99991231,20230414,370604,370600,801156.SI,医疗服务,1,370000,SW2021,2023-04-17 16:58:00
301295,301295.SZ,20230609,99991231,20230609,630801,630800,801738.SI,电网设备,1,630000,SW2021,2025-10-15 10:57:00
301296,301296.SZ,20220819,99991231,20220819,360205,360200,801141.SI,包装印刷,1,360000,SW2021,2026-02-26 16:27:00
301297,301297.SZ,20221223,99991231,20221223,270108,270100,801081.SI,半导体,1,270000,SW2021,2025-01-08 14:36:00
301298,301298.SZ,20220520,99991231,20220520,280205,280200,801093.SI,汽车零部件,1,280000,SW2021,2025-01-08 14:36:00
301299,301299.SZ,20220930,99991231,20220930,720704,720700,801767.SI,数字媒体,1,720000,SW2021,2025-10-15 10:57:00
301300,301300.SZ,20220805,99991231,20220805,220603,220600,801037.SI,橡胶,1,220000,SW2021,2022-08-08 11:04:00
301301,301301.SZ,20221209,20240729,20221209,370102,370100,801151.SI,化学制药,1,370000,SW2021,2022-12-09 17:00:00
301301,301301.SZ,20240730,99991231,20240730,370101,370100,801151.SI,化学制药,1,370000,SW2021,2024-07-30 12:45:00
301302,301302.SZ,20220602,99991231,20220602,650501,650500,801745.SI,军工电子Ⅱ,1,650000,SW2021,2025-10-15 10:57:00
301303,301303.SZ,20230213,99991231,20230213,640107,640100,801072.SI,通用设备,1,640000,SW2021,2025-10-15 10:57:00
301305,301305.SZ,20230504,99991231,20230504,760103,760100,801971.SI,环境治理,1,760000,SW2021,2025-10-15 10:57:00
301306,301306.SZ,20220708,99991231,20220708,650501,650500,801745.SI,军工电子Ⅱ,1,650000,SW2021,2025-10-15 10:57:00
301307,301307.SZ,20230331,99991231,20230331,730204,730200,801102.SI,通信设备,1,730000,SW2021,2026-06-01 14:47:00
301308,301308.SZ,20220725,99991231,20220725,270104,270100,801081.SI,半导体,1,270000,SW2021,2024-05-13 16:24:00
301309,301309.SZ,20220902,99991231,20220902,640108,640100,801072.SI,通用设备,1,640000,SW2021,2025-10-15 10:57:00
301310,301310.SZ,20230526,99991231,20230526,280206,280200,801093.SI,汽车零部件,1,280000,SW2021,2025-01-08 14:36:00
301311,301311.SZ,20221121,99991231,20221121,640106,640100,801072.SI,通用设备,1,640000,SW2021,2025-10-15 10:57:00
301312,301312.SZ,20220701,99991231,20220701,640704,640700,801078.SI,自动化设备,1,640000,SW2021,2025-10-15 10:57:00
301313,301313.SZ,20220916,99991231,20220916,720706,720700,801767.SI,数字媒体,1,720000,SW2021,2025-10-15 10:57:00
301314,301314.SZ,20230317,99991231,20230317,730204,730200,801102.SI,通信设备,1,730000,SW2021,2026-06-01 14:47:00
301315,301315.SZ,20230609,99991231,20230609,710402,710400,801104.SI,软件开发,1,710000,SW2021,2023-06-14 10:58:00
301316,301316.SZ,20220916,99991231,20220916,710301,710300,801103.SI,IT服务Ⅱ,1,710000,SW2021,2022-09-16 16:36:00
301317,301317.SZ,20230106,99991231,20230106,640106,640100,801072.SI,通用设备,1,640000,SW2021,2025-10-15 10:57:00
301318,301318.SZ,20220725,99991231,20220725,710102,710100,801101.SI,计算机设备,1,710000,SW2021,2022-07-25 11:55:00
301319,301319.SZ,20220909,99991231,20220909,270601,270600,801086.SI,电子化学品Ⅱ,1,270000,SW2021,2022-09-14 17:12:00
301320,301320.SZ,20230526,99991231,20230526,640702,640700,801078.SI,自动化设备,1,640000,SW2021,2025-10-15 10:57:00
301321,301321.SZ,20220818,99991231,20220818,270301,270300,801084.SI,光学光电子,1,270000,SW2021,2022-10-10 12:37:00
301322,301322.SZ,20230224,99991231,20230224,280401,280400,801881.SI,摩托车及其他,1,280000,SW2021,2025-01-08 14:36:00
301323,301323.SZ,20230526,99991231,20230526,240202,240200,801051.SI,金属新材料,1,240000,SW2021,2025-01-08 14:36:00
301325,301325.SZ,20230504,99991231,20230504,630703,630700,801737.SI,电池,1,630000,SW2021,2025-10-15 10:57:00
301326,301326.SZ,20220902,99991231,20220902,270504,270500,801085.SI,消费电子,1,270000,SW2021,2022-09-02 14:39:00
301327,301327.SZ,20220902,99991231,20220902,630701,630700,801737.SI,电池,1,630000,SW2021,2025-10-15 10:57:00
301328,301328.SZ,20220819,99991231,20220819,270401,270400,801082.SI,其他电子Ⅱ,1,270000,SW2021,2025-10-15 10:57:00
301329,301329.SZ,20230630,99991231,20230630,270504,270500,801085.SI,消费电子,1,270000,SW2021,2023-06-30 14:13:00
301330,301330.SZ,20220805,99991231,20220805,710102,710100,801101.SI,计算机设备,1,710000,SW2021,2022-08-08 11:04:00
301331,301331.SZ,20220902,99991231,20220902,370201,370200,801155.SI,中药Ⅱ,1,370000,SW2021,2022-09-02 14:39:00
301332,301332.SZ,20230504,99991231,20230504,330302,330300,801113.SI,小家电,1,330000,SW2021,2024-05-30 21:55:00
301333,301333.SZ,20220725,99991231,20220725,370603,370600,801156.SI,医疗服务,1,370000,SW2021,2022-07-25 11:55:00
301335,301335.SZ,20221104,99991231,20221104,360502,360500,801145.SI,文娱用品,1,360000,SW2021,2023-02-02 10:25:00
301336,301336.SZ,20220805,99991231,20220805,360307,360300,801142.SI,家居用品,1,360000,SW2021,2022-11-01 13:53:00
301337,301337.SZ,20230504,99991231,20230504,710401,710400,801104.SI,软件开发,1,710000,SW2021,2023-05-04 09:15:00
301338,301338.SZ,20220805,99991231,20220805,640209,640200,801074.SI,专用设备,1,640000,SW2021,2025-10-15 10:57:00
301339,301339.SZ,20220826,99991231,20220826,710103,710100,801101.SI,计算机设备,1,710000,SW2021,2022-08-26 13:27:00
301345,301345.SZ,20230224,99991231,20230224,280402,280400,801881.SI,摩托车及其他,1,280000,SW2021,2026-03-12 11:14:00
301348,301348.SZ,20230731,99991231,20230731,270107,270100,801081.SI,半导体,1,270000,SW2021,2023-07-31 17:08:00
301349,301349.SZ,20220819,99991231,20220819,630702,630700,801737.SI,电池,1,630000,SW2021,2025-10-15 10:57:00
301353,301353.SZ,20230526,99991231,20230526,640106,640100,801072.SI,通用设备,1,640000,SW2021,2025-10-15 10:57:00
301355,301355.SZ,20230526,99991231,20230526,360205,360200,801141.SI,包装印刷,1,360000,SW2021,2023-05-29 12:16:00
301356,301356.SZ,20221021,99991231,20221021,360306,360300,801142.SI,家居用品,1,360000,SW2021,2024-11-26 13:47:00
301357,301357.SZ,20230331,99991231,20230331,650301,650300,801743.SI,地面兵装Ⅱ,1,650000,SW2021,2025-10-15 10:57:00
301358,301358.SZ,20230120,99991231,20230120,630702,630700,801737.SI,电池,1,630000,SW2021,2025-10-15 10:57:00
301359,301359.SZ,20221021,99991231,20221021,270401,270400,801082.SI,其他电子Ⅱ,1,270000,SW2021,2022-10-21 15:53:00
301360,301360.SZ,20230331,99991231,20230331,640107,640100,801072.SI,通用设备,1,640000,SW2021,2025-12-08 07:08:00
301361,301361.SZ,20221028,99991231,20221028,630802,630800,801738.SI,电网设备,1,630000,SW2021,2025-10-15 10:57:00
301362,301362.SZ,20230731,99991231,20230731,330501,330500,801115.SI,照明设备Ⅱ,1,330000,SW2021,2023-09-25 10:04:00
301363,301363.SZ,20220916,99991231,20220916,370502,370500,801153.SI,医疗器械,1,370000,SW2021,2023-01-03 10:27:00
301365,301365.SZ,20221104,99991231,20221104,620601,620600,801726.SI,工程咨询服务Ⅱ,1,620000,SW2021,2022-11-07 13:51:00
301366,301366.SZ,20220909,99991231,20220909,270202,270200,801083.SI,元件,1,270000,SW2021,2022-09-14 17:12:00
301367,301367.SZ,20220930,99991231,20220930,370502,370500,801153.SI,医疗器械,1,370000,SW2021,2023-12-07 17:42:00
301368,301368.SZ,20221125,99991231,20221125,640108,640100,801072.SI,通用设备,1,640000,SW2021,2025-10-15 10:57:00
301369,301369.SZ,20220909,99991231,20220909,270108,270100,801081.SI,半导体,1,270000,SW2021,2026-05-25 10:38:00
301370,301370.SZ,20230630,99991231,20230630,370503,370500,801153.SI,医疗器械,1,370000,SW2021,2023-06-30 14:13:00
301371,301371.SZ,20230714,99991231,20230714,770202,770200,801982.SI,化妆品,1,770000,SW2021,2025-01-24 16:29:00
301372,301372.SZ,20230731,99991231,20230731,760102,760100,801971.SI,环境治理,1,760000,SW2021,2025-10-15 10:57:00
301373,301373.SZ,20230120,99991231,20230120,220309,220300,801034.SI,化学制品,1,220000,SW2021,2023-01-20 13:22:00
301376,301376.SZ,20230609,99991231,20230609,360307,360300,801142.SI,家居用品,1,360000,SW2021,2023-12-27 22:00:00
301377,301377.SZ,20221104,99991231,20221104,640108,640100,801072.SI,通用设备,1,640000,SW2021,2025-10-15 10:57:00
301378,301378.SZ,20230224,99991231,20230224,710401,710400,801104.SI,软件开发,1,710000,SW2021,2023-03-03 15:31:00
301379,301379.SZ,20220930,99991231,20220930,270301,270300,801084.SI,光学光电子,1,270000,SW2021,2022-10-10 12:20:00
301380,301380.SZ,20220930,99991231,20220930,730104,730100,801223.SI,通信服务,1,730000,SW2021,2026-06-01 14:47:00
301381,301381.SZ,20230630,99991231,20230630,450602,450600,801206.SI,互联网电商,1,450000,SW2021,2024-01-24 15:42:00
301382,301382.SZ,20230504,99991231,20230504,730104,730100,801223.SI,通信服务,1,730000,SW2021,2026-06-01 14:47:00
301383,301383.SZ,20230526,99991231,20230526,270504,270500,801085.SI,消费电子,1,270000,SW2021,2023-05-29 12:16:00
301386,301386.SZ,20230310,99991231,20230310,630802,630800,801738.SI,电网设备,1,630000,SW2021,2025-10-15 10:57:00
301387,301387.SZ,20230331,99991231,20230331,270504,270500,801085.SI,消费电子,1,270000,SW2021,2023-04-03 11:04:00
301388,301388.SZ,20221104,99991231,20221104,630802,630800,801738.SI,电网设备,1,630000,SW2021,2025-10-15 10:57:00
301389,301389.SZ,20220930,99991231,20220930,270504,270500,801085.SI,消费电子,1,270000,SW2021,2022-10-10 12:20:00
301390,301390.SZ,20230504,20240729,20230504,620404,620400,801724.SI,专业工程,1,620000,SW2021,2023-05-04 09:15:00
301390,301390.SZ,20240730,99991231,20240730,620601,620600,801726.SI,工程咨询服务Ⅱ,1,620000,SW2021,2024-07-30 12:45:00
301391,301391.SZ,20221121,99991231,20221121,710103,710100,801101.SI,计算机设备,1,710000,SW2021,2022-11-21 12:26:00
301392,301392.SZ,20240517,99991231,20240517,640209,640200,801074.SI,专用设备,1,640000,SW2021,2025-10-15 10:57:00
301393,301393.SZ,20230630,99991231,20230630,370304,370300,801152.SI,生物制品,1,370000,SW2021,2025-09-17 18:36:00
301395,301395.SZ,20230609,99991231,20230609,220504,220500,801036.SI,塑料,1,220000,SW2021,2023-06-14 10:58:00
301396,301396.SZ,20221028,99991231,20221028,710301,710300,801103.SI,IT服务Ⅱ,1,710000,SW2021,2022-10-28 16:09:00
301397,301397.SZ,20230609,99991231,20230609,280203,280200,801093.SI,汽车零部件,1,280000,SW2021,2025-01-08 14:36:00
301398,301398.SZ,20221125,99991231,20221125,280202,280200,801093.SI,汽车零部件,1,280000,SW2021,2025-01-08 14:36:00
301399,301399.SZ,20230504,99991231,20230504,640105,640100,801072.SI,通用设备,1,640000,SW2021,2025-10-15 10:57:00
301408,301408.SZ,20230213,99991231,20230213,370403,370400,801154.SI,医药商业,1,370000,SW2021,2023-02-14 14:22:00
301413,301413.SZ,20231201,99991231,20231201,640107,640100,801072.SI,通用设备,1,640000,SW2021,2025-10-15 10:57:00
301418,301418.SZ,20230731,99991231,20230731,640702,640700,801078.SI,自动化设备,1,640000,SW2021,2025-10-15 10:57:00
301419,301419.SZ,20230120,99991231,20230120,730204,730200,801102.SI,通信设备,1,730000,SW2021,2026-06-01 14:47:00
301421,301421.SZ,20230821,99991231,20230821,270303,270300,801084.SI,光学光电子,1,270000,SW2021,2023-08-21 11:01:00
301428,301428.SZ,20230504,99991231,20230504,730104,730100,801223.SI,通信服务,1,730000,SW2021,2026-06-01 14:47:00
301429,301429.SZ,20230331,99991231,20230331,610303,610300,801713.SI,装修建材,1,610000,SW2021,2024-01-14 08:47:00
301439,301439.SZ,20230224,99991231,20230224,630805,630800,801738.SI,电网设备,1,630000,SW2021,2025-10-15 10:57:00
301446,301446.SZ,20230714,99991231,20230714,640602,640600,801077.SI,工程机械,1,640000,SW2021,2025-10-15 10:57:00
301448,301448.SZ,20230609,99991231,20230609,640106,640100,801072.SI,通用设备,1,640000,SW2021,2025-10-15 10:57:00
301449,301449.SZ,20251212,99991231,20251212,460802,460800,801218.SI,专业服务,1,460000,SW2021,2026-04-27 14:53:00
301456,301456.SZ,20230630,99991231,20230630,630602,630600,801736.SI,风电设备,1,630000,SW2021,2025-10-15 10:57:00
301458,301458.SZ,20241220,99991231,20241220,270203,270200,801083.SI,元件,1,270000,SW2021,2025-01-08 14:36:00
301459,301459.SZ,20231201,99991231,20231201,220602,220600,801037.SI,橡胶,1,220000,SW2021,2024-07-29 11:30:00
301468,301468.SZ,20230630,99991231,20230630,640106,640100,801072.SI,通用设备,1,640000,SW2021,2025-10-15 10:57:00
301469,301469.SZ,20230731,99991231,20230731,360103,360100,801143.SI,造纸,1,360000,SW2021,2023-07-31 17:08:00
301479,301479.SZ,20250221,99991231,20250221,270303,270300,801084.SI,光学光电子,1,270000,SW2021,2025-07-09 12:06:00
301486,301486.SZ,20230630,99991231,20230630,270504,270500,801085.SI,消费电子,1,270000,SW2021,2023-06-30 14:13:00
301487,301487.SZ,20230731,99991231,20230731,630702,630700,801737.SI,电池,1,630000,SW2021,2025-10-15 10:57:00
301488,301488.SZ,20230609,99991231,20230609,280206,280200,801093.SI,汽车零部件,1,280000,SW2021,2025-01-08 14:36:00
301489,301489.SZ,20231013,99991231,20231013,270601,270600,801086.SI,电子化学品Ⅱ,1,270000,SW2021,2023-10-16 10:26:00
301491,301491.SZ,20250718,99991231,20250718,270504,270500,801085.SI,消费电子,1,270000,SW2021,2025-10-15 10:57:00
301498,301498.SZ,20230731,99991231,20230731,110404,110400,801014.SI,饲料,1,110000,SW2021,2023-09-04 15:40:00
301499,301499.SZ,20230630,99991231,20230630,280206,280200,801093.SI,汽车零部件,1,280000,SW2021,2025-01-08 14:36:00
301500,301500.SZ,20230908,20240729,20230908,240302,240300,801055.SI,工业金属,1,240000,SW2021,2023-09-08 15:31:00
301500,301500.SZ,20240730,99991231,20240730,760103,760100,801971.SI,环境治理,1,760000,SW2021,2025-10-15 10:57:00
301501,301501.SZ,20250228,99991231,20250228,360311,360300,801142.SI,家居用品,1,360000,SW2021,2025-06-26 16:21:00
301502,301502.SZ,20240119,99991231,20240119,630101,630100,801731.SI,电机Ⅱ,1,630000,SW2021,2025-10-15 10:57:00
301503,301503.SZ,20230630,99991231,20230630,710103,710100,801101.SI,计算机设备,1,710000,SW2021,2023-06-30 14:13:00
301505,301505.SZ,20230630,99991231,20230630,620601,620600,801726.SI,工程咨询服务Ⅱ,1,620000,SW2021,2023-06-30 14:13:00
301507,301507.SZ,20230821,99991231,20230821,370102,370100,801151.SI,化学制药,1,370000,SW2021,2023-08-21 11:01:00
301508,301508.SZ,20231117,99991231,20231117,460802,460800,801218.SI,专业服务,1,460000,SW2021,2024-07-29 11:30:00
301509,301509.SZ,20230714,99991231,20230714,370603,370600,801156.SI,医疗服务,1,370000,SW2021,2023-07-14 16:28:00
301510,301510.SZ,20230731,99991231,20230731,640702,640700,801078.SI,自动化设备,1,640000,SW2021,2025-10-15 10:57:00
301511,301511.SZ,20230731,99991231,20230731,630701,630700,801737.SI,电池,1,630000,SW2021,2025-10-15 10:57:00
301512,301512.SZ,20230714,99991231,20230714,640704,640700,801078.SI,自动化设备,1,640000,SW2021,2025-10-15 10:57:00
301513,301513.SZ,20260403,99991231,20260403,630703,630700,801737.SI,电池,1,630000,SW2021,2026-04-27 14:53:00
301515,301515.SZ,20230714,99991231,20230714,370502,370500,801153.SI,医疗器械,1,370000,SW2021,2023-07-14 16:28:00
301516,301516.SZ,20231117,99991231,20231117,630306,630300,801733.SI,其他电源设备Ⅱ,1,630000,SW2021,2025-10-15 10:57:00
301517,301517.SZ,20231013,99991231,20231013,650501,650500,801745.SI,军工电子Ⅱ,1,650000,SW2021,2023-10-16 10:26:00
301518,301518.SZ,20230714,99991231,20230714,220309,220300,801034.SI,化学制品,1,220000,SW2021,2023-07-14 16:28:00
301519,301519.SZ,20230714,99991231,20230714,760102,760100,801971.SI,环境治理,1,760000,SW2021,2025-10-15 10:57:00
301520,301520.SZ,20230908,99991231,20230908,370603,370600,801156.SI,医疗服务,1,370000,SW2021,2023-09-08 15:31:00
301522,301522.SZ,20240920,99991231,20240920,240201,240200,801051.SI,金属新材料,1,240000,SW2021,2025-01-08 14:36:00
301525,301525.SZ,20230821,99991231,20230821,640105,640100,801072.SI,通用设备,1,640000,SW2021,2025-10-15 10:57:00
301526,301526.SZ,20231208,99991231,20231208,610202,610200,801712.SI,玻璃玻纤,1,610000,SW2021,2024-07-29 11:30:00
301528,301528.SZ,20230821,99991231,20230821,640107,640100,801072.SI,通用设备,1,640000,SW2021,2025-10-15 10:57:00
301529,301529.SZ,20230908,99991231,20230908,280202,280200,801093.SI,汽车零部件,1,280000,SW2021,2025-01-08 14:36:00
301531,301531.SZ,20260417,99991231,20260417,240202,240200,801051.SI,金属新材料,1,240000,SW2021,2026-04-27 14:53:00
301533,301533.SZ,20230731,99991231,20230731,640207,640200,801074.SI,专用设备,1,640000,SW2021,2025-10-15 10:57:00
301535,301535.SZ,20250307,99991231,20250307,280205,280200,801093.SI,汽车零部件,1,280000,SW2021,2025-10-15 10:57:00
301536,301536.SZ,20240318,99991231,20240318,270104,270100,801081.SI,半导体,1,270000,SW2021,2024-07-29 11:30:00
301538,301538.SZ,20240301,99991231,20240301,220503,220500,801036.SI,塑料,1,220000,SW2021,2024-07-29 11:30:00
301539,301539.SZ,20240322,99991231,20240322,280204,280200,801093.SI,汽车零部件,1,280000,SW2021,2025-01-08 14:36:00
301548,301548.SZ,20230908,99991231,20230908,640108,640100,801072.SI,通用设备,1,640000,SW2021,2023-12-01 10:04:00
301550,301550.SZ,20230908,20240729,20230908,280204,280200,801093.SI,汽车零部件,1,280000,SW2021,2023-09-08 15:31:00
301550,301550.SZ,20240730,99991231,20240730,280203,280200,801093.SI,汽车零部件,1,280000,SW2021,2025-01-08 14:36:00
301551,301551.SZ,20240906,99991231,20240906,721001,721000,801995.SI,电视广播Ⅱ,1,720000,SW2021,2025-10-15 10:57:00
301552,301552.SZ,20240705,99991231,20240705,280202,280200,801093.SI,汽车零部件,1,280000,SW2021,2024-07-05 16:32:00
301555,301555.SZ,20231013,99991231,20231013,220504,220500,801036.SI,塑料,1,220000,SW2021,2023-10-16 10:26:00
301556,301556.SZ,20240920,99991231,20240920,710301,710300,801103.SI,IT服务Ⅱ,1,710000,SW2021,2025-01-08 14:36:00
301557,301557.SZ,20250214,99991231,20250214,630602,630600,801736.SI,风电设备,1,630000,SW2021,2025-10-15 10:57:00
301558,301558.SZ,20230915,99991231,20230915,450602,450600,801206.SI,互联网电商,1,450000,SW2021,2023-09-18 10:17:00
301559,301559.SZ,20230915,99991231,20230915,640108,640100,801072.SI,通用设备,1,640000,SW2021,2025-10-15 10:57:00
301560,301560.SZ,20250410,99991231,20250410,280203,280200,801093.SI,汽车零部件,1,280000,SW2021,2025-10-15 10:57:00
301563,301563.SZ,20250912,99991231,20250912,270401,270400,801082.SI,其他电子Ⅱ,1,270000,SW2021,2025-10-15 10:57:00
301565,301565.SZ,20240531,99991231,20240531,220505,220500,801036.SI,塑料,1,220000,SW2021,2024-05-31 16:26:00
301566,301566.SZ,20231222,99991231,20231222,270203,270200,801083.SI,元件,1,270000,SW2021,2024-07-29 11:30:00
301567,301567.SZ,20240108,99991231,20240108,270504,270500,801085.SI,消费电子,1,270000,SW2021,2024-07-29 11:30:00
301568,301568.SZ,20231117,99991231,20231117,640704,640700,801078.SI,自动化设备,1,640000,SW2021,2025-10-15 10:57:00
301571,301571.SZ,20240802,99991231,20240802,650501,650500,801745.SI,军工电子Ⅱ,1,650000,SW2021,2025-10-15 10:57:00
301575,301575.SZ,20250822,99991231,20250822,360309,360300,801142.SI,家居用品,1,360000,SW2021,2025-10-15 10:57:00
301577,301577.SZ,20240112,99991231,20240112,730204,730200,801102.SI,通信设备,1,730000,SW2021,2026-06-01 14:47:00
301578,301578.SZ,20231222,99991231,20231222,330202,330200,801112.SI,黑色家电,1,330000,SW2021,2024-07-29 11:30:00
301580,301580.SZ,20240614,99991231,20240614,370503,370500,801153.SI,医疗器械,1,370000,SW2021,2024-06-14 14:59:00
301581,301581.SZ,20241220,99991231,20241220,280206,280200,801093.SI,汽车零部件,1,280000,SW2021,2025-01-08 14:36:00
301584,301584.SZ,20250905,99991231,20250905,370402,370400,801154.SI,医药商业,1,370000,SW2021,2025-10-15 10:57:00
301585,301585.SZ,20241206,99991231,20241206,220308,220300,801034.SI,化学制品,1,220000,SW2021,2025-01-08 14:36:00
301586,301586.SZ,20240816,99991231,20240816,650201,650200,801742.SI,航空装备Ⅱ,1,650000,SW2021,2025-10-15 10:57:00
301587,301587.SZ,20240318,99991231,20240318,630701,630700,801737.SI,电池,1,630000,SW2021,2025-10-15 10:57:00
301588,301588.SZ,20240301,99991231,20240301,360306,360300,801142.SI,家居用品,1,360000,SW2021,2024-07-29 11:30:00
301589,301589.SZ,20240126,99991231,20240126,710103,710100,801101.SI,计算机设备,1,710000,SW2021,2026-02-26 16:27:00
301590,301590.SZ,20250516,99991231,20250516,630306,630300,801733.SI,其他电源设备Ⅱ,1,630000,SW2021,2025-10-15 10:57:00
301591,301591.SZ,20240202,99991231,20240202,220501,220500,801036.SI,塑料,1,220000,SW2021,2024-07-29 11:30:00
301592,301592.SZ,20241011,99991231,20241011,650501,650500,801745.SI,军工电子Ⅱ,1,650000,SW2021,2025-10-15 10:57:00
301595,301595.SZ,20250425,99991231,20250425,360311,360300,801142.SI,家居用品,1,360000,SW2021,2025-10-15 10:57:00
301596,301596.SZ,20240509,99991231,20240509,640108,640100,801072.SI,通用设备,1,640000,SW2021,2025-10-15 10:57:00
301598,301598.SZ,20241206,99991231,20241206,640209,640200,801074.SI,专用设备,1,640000,SW2021,2025-10-15 10:57:00
301599,301599.SZ,20260417,99991231,20260417,630703,630700,801737.SI,电池,1,630000,SW2021,2026-04-27 14:53:00
301600,301600.SZ,20240830,99991231,20240830,710103,710100,801101.SI,计算机设备,1,710000,SW2021,2025-01-08 14:36:00
301601,301601.SZ,20241227,99991231,20241227,640203,640200,801074.SI,专用设备,1,640000,SW2021,2025-10-15 10:57:00
301602,301602.SZ,20250103,99991231,20250103,370502,370500,801153.SI,医疗器械,1,370000,SW2021,2025-01-08 14:36:00
301603,301603.SZ,20240704,99991231,20240704,640101,640100,801072.SI,通用设备,1,640000,SW2021,2024-07-04 11:57:00
301606,301606.SZ,20240705,99991231,20240705,270503,270500,801085.SI,消费电子,1,270000,SW2021,2024-07-05 16:32:00
301607,301607.SZ,20240816,99991231,20240816,280206,280200,801093.SI,汽车零部件,1,280000,SW2021,2026-04-14 11:02:00
301608,301608.SZ,20240712,99991231,20240712,710103,710100,801101.SI,计算机设备,1,710000,SW2021,2024-07-29 11:30:00
301609,301609.SZ,20250711,99991231,20250711,630803,630800,801738.SI,电网设备,1,630000,SW2021,2025-10-15 10:57:00
301611,301611.SZ,20240802,99991231,20240802,270103,270100,801081.SI,半导体,1,270000,SW2021,2025-01-08 14:36:00
301613,301613.SZ,20240927,99991231,20240927,280205,280200,801093.SI,汽车零部件,1,280000,SW2021,2025-01-08 14:36:00
301616,301616.SZ,20250314,99991231,20250314,640106,640100,801072.SI,通用设备,1,640000,SW2021,2025-10-15 10:57:00
301617,301617.SZ,20241122,99991231,20241122,220309,220300,801034.SI,化学制品,1,220000,SW2021,2025-01-08 14:36:00
301618,301618.SZ,20240913,99991231,20240913,220308,220300,801034.SI,化学制品,1,220000,SW2021,2025-01-08 14:36:00
301622,301622.SZ,20241115,99991231,20241115,240202,240200,801051.SI,金属新材料,1,240000,SW2021,2025-01-08 14:36:00
301626,301626.SZ,20240927,99991231,20240927,270504,270500,801085.SI,消费电子,1,270000,SW2021,2025-01-08 14:36:00
301628,301628.SZ,20241018,99991231,20241018,270202,270200,801083.SI,元件,1,270000,SW2021,2025-01-08 14:36:00
301629,301629.SZ,20250307,99991231,20250307,270108,270100,801081.SI,半导体,1,270000,SW2021,2025-10-15 10:57:00
301630,301630.SZ,20250627,99991231,20250627,270601,270600,801086.SI,电子化学品Ⅱ,1,270000,SW2021,2025-10-15 10:57:00
301631,301631.SZ,20241101,99991231,20241101,280206,280200,801093.SI,汽车零部件,1,280000,SW2021,2025-01-08 14:36:00
301632,301632.SZ,20250801,99991231,20250801,460802,460800,801218.SI,专业服务,1,460000,SW2021,2025-10-15 10:57:00
301633,301633.SZ,20241101,99991231,20241101,640702,640700,801078.SI,自动化设备,1,640000,SW2021,2025-10-15 10:57:00
301636,301636.SZ,20250418,99991231,20250418,630502,630500,801735.SI,光伏设备,1,630000,SW2021,2025-10-15 10:57:00
301638,301638.SZ,20251107,99991231,20251107,710301,710300,801103.SI,IT服务Ⅱ,1,710000,SW2021,2026-04-27 14:53:00
301656,301656.SZ,20250905,99991231,20250905,280206,280200,801093.SI,汽车零部件,1,280000,SW2021,2025-10-15 10:57:00
301658,301658.SZ,20250314,99991231,20250314,630503,630500,801735.SI,光伏设备,1,630000,SW2021,2025-10-15 10:57:00
301662,301662.SZ,20250328,99991231,20250328,630703,630700,801737.SI,电池,1,630000,SW2021,2025-10-15 10:57:00
301665,301665.SZ,20250321,99991231,20250321,220803,220800,801038.SI,农化制品,1,220000,SW2021,2025-10-15 10:57:00
301666,301666.SZ,20260403,99991231,20260403,270104,270100,801081.SI,半导体,1,270000,SW2021,2026-04-03 12:27:00
301667,301667.SZ,20251201,99991231,20251201,280203,280200,801093.SI,汽车零部件,1,280000,SW2021,2026-04-27 14:53:00
301668,301668.SZ,20250905,99991231,20250905,630802,630800,801738.SI,电网设备,1,630000,SW2021,2025-10-15 10:57:00
301669,301669.SZ,20260522,99991231,20260522,630306,630300,801733.SI,其他电源设备Ⅱ,1,630000,SW2021,2026-05-22 09:53:00
301678,301678.SZ,20250530,99991231,20250530,270103,270100,801081.SI,半导体,1,270000,SW2021,2025-10-15 10:57:00
301680,301680.SZ,20260305,99991231,20260305,280205,280200,801093.SI,汽车零部件,1,280000,SW2021,2026-04-27 14:53:00
301682,301682.SZ,20260305,99991231,20260305,650501,650500,801745.SI,军工电子Ⅱ,1,650000,SW2021,2026-06-01 08:42:00
301683,301683.SZ,20260323,99991231,20260323,220305,220300,801034.SI,化学制品,1,220000,SW2021,2026-04-27 14:53:00
301687,301687.SZ,20251212,99991231,20251212,220505,220500,801036.SI,塑料,1,220000,SW2021,2026-04-27 14:53:00
301696,301696.SZ,20260323,99991231,20260323,630101,630100,801731.SI,电机Ⅱ,1,630000,SW2021,2026-03-23 16:17:00
302132,302132.SZ,20250217,99991231,20250217,650501,650500,801745.SI,军工电子Ⅱ,1,650000,SW2021,2025-02-17 18:01:00
600000,600000.SH,20220101,99991231,20210730,480301,480300,801783.SI,股份制银行Ⅱ,1,480000,SW2021,2022-12-08 15:30:00
600001,600001.SH,20220101,99991231,19980122,230101,230100,,,,,,2015-10-27 15:28:00
600002,600002.SH,20220101,99991231,19980408,220101,220100,,,,,,2015-10-27 15:29:00
600003,600003.SH,20220101,99991231,19990810,420201,420200,,,,,,2015-10-27 15:28:00
600004,600004.SH,20220101,99991231,20210730,421002,421000,801991.SI,航空机场,1,420000,SW2021,2025-10-15 10:57:00
600005,600005.SH,20220101,99991231,19990803,230101,230100,,,,,,2015-10-27 15:29:00
600006,600006.SH,20220101,99991231,20210730,280601,280600,801096.SI,商用车,1,280000,SW2021,2025-01-08 14:36:00
600007,600007.SH,20220101,99991231,20210730,430102,430100,801181.SI,房地产开发,1,430000,SW2021,2022-02-09 17:18:00
600008,600008.SH,20220101,99991231,20210730,760102,760100,801971.SI,环境治理,1,760000,SW2021,2026-04-27 15:47:00
600009,600009.SH,20220101,99991231,20210730,421002,421000,801991.SI,航空机场,1,420000,SW2021,2025-10-15 10:57:00
600010,600010.SH,20220101,99991231,20210730,230402,230400,801044.SI,普钢,1,230000,SW2021,2025-12-03 14:34:00
600011,600011.SH,20220101,99991231,20011206,410101,410100,801161.SI,电力,1,410000,SW2021,2015-10-27 15:29:00
600012,600012.SH,20220101,99991231,20210730,420901,420900,801179.SI,铁路公路,1,420000,SW2021,2025-10-15 10:57:00
600015,600015.SH,20220101,99991231,20210730,480301,480300,801783.SI,股份制银行Ⅱ,1,480000,SW2021,2025-01-16 20:07:00
600016,600016.SH,20220101,99991231,20210730,480301,480300,801783.SI,股份制银行Ⅱ,1,480000,SW2021,2025-01-16 20:07:00
600017,600017.SH,20220101,99991231,20210730,421102,421100,801992.SI,航运港口,1,420000,SW2021,2025-10-15 10:57:00
600018,600018.SH,20220101,99991231,20210730,421102,421100,801992.SI,航运港口,1,420000,SW2021,2025-10-15 10:57:00
600019,600019.SH,20220101,99991231,20210730,230402,230400,801044.SI,普钢,1,230000,SW2021,2022-07-05 09:16:00
600020,600020.SH,20220101,99991231,20210730,420901,420900,801179.SI,铁路公路,1,420000,SW2021,2025-10-15 10:57:00
600021,600021.SH,20220101,99991231,20031027,410101,410100,801161.SI,电力,1,410000,SW2021,2015-10-27 15:29:00
600022,600022.SH,20220101,99991231,20210730,230402,230400,801044.SI,普钢,1,230000,SW2021,2025-01-08 14:36:00
600023,600023.SH,20220101,99991231,20130119,410101,410100,801161.SI,电力,1,410000,SW2021,2015-10-27 15:29:00
600025,600025.SH,20220101,99991231,20171121,410102,410100,801161.SI,电力,1,410000,SW2021,2021-03-03 15:31:00
600026,600026.SH,20220101,99991231,20210730,421101,421100,801992.SI,航运港口,1,420000,SW2021,2025-10-15 10:57:00
600027,600027.SH,20220101,99991231,20050203,410101,410100,801161.SI,电力,1,410000,SW2021,2015-10-27 15:29:00
600028,600028.SH,20220101,99991231,20210730,750301,750300,801963.SI,炼化及贸易,1,750000,SW2021,2025-09-11 15:39:00
600029,600029.SH,20220101,99991231,20210730,421001,421000,801991.SI,航空机场,1,420000,SW2021,2025-10-15 10:57:00
600030,600030.SH,20220101,99991231,20140221,490101,490100,801193.SI,证券Ⅱ,1,490000,SW2021,2024-09-27 12:41:00
600031,600031.SH,20220101,99991231,20210730,640601,640600,801077.SI,工程机械,1,640000,SW2021,2025-10-15 10:57:00
600032,600032.SH,20220101,99991231,20210730,410106,410100,801161.SI,电力,1,410000,SW2021,2025-10-15 10:57:00
600033,600033.SH,20220101,99991231,20210730,420901,420900,801179.SI,铁路公路,1,420000,SW2021,2025-10-15 10:57:00
600035,600035.SH,20220101,99991231,20210730,420901,420900,801179.SI,铁路公路,1,420000,SW2021,2025-10-15 10:57:00
600036,600036.SH,20220101,99991231,20210730,480301,480300,801783.SI,股份制银行Ⅱ,1,480000,SW2021,2021-07-31 16:18:00
600037,600037.SH,20220101,99991231,20210730,721001,721000,801995.SI,电视广播Ⅱ,1,720000,SW2021,2025-10-15 10:57:00
600038,600038.SH,20220101,99991231,20140221,650201,650200,801742.SI,航空装备Ⅱ,1,650000,SW2021,2024-09-27 12:41:00
600039,600039.SH,20220101,99991231,20210730,620306,620300,801723.SI,基础建设,1,620000,SW2021,2021-08-25 10:04:00
600048,600048.SH,20220101,99991231,20060711,430101,430100,801181.SI,房地产开发,1,430000,SW2021,2015-10-27 15:25:00
600050,600050.SH,20220101,99991231,20210730,730102,730100,801223.SI,通信服务,1,730000,SW2021,2026-06-01 14:47:00
600051,600051.SH,20220101,99991231,20070702,510101,510100,801231.SI,综合Ⅱ,1,510000,SW2021,2024-07-29 11:30:00
600052,600052.SH,20220101,20230703,20210730,720601,720600,801766.SI,影视院线,1,720000,SW2021,2021-07-31 16:18:00
600052,600052.SH,20230704,99991231,20230704,410104,410100,801161.SI,电力,1,410000,SW2021,2025-10-15 10:57:00
600053,600053.SH,20220101,99991231,20210730,490307,490300,801191.SI,多元金融,1,490000,SW2021,2021-07-31 16:18:00
600054,600054.SH,20220101,99991231,20210730,461003,461000,801993.SI,旅游及景区,1,460000,SW2021,2025-05-27 13:54:00
600055,600055.SH,20220101,99991231,20210730,370502,370500,801153.SI,医疗器械,1,370000,SW2021,2021-07-31 16:18:00
600056,600056.SH,20220101,99991231,20210730,370402,370400,801154.SI,医药商业,1,370000,SW2021,2021-07-31 16:18:00
600057,600057.SH,20220101,99991231,20210730,420802,420800,801178.SI,物流,1,420000,SW2021,2025-10-15 10:57:00
600058,600058.SH,20220101,99991231,19970528,450201,450200,801202.SI,贸易Ⅱ,1,450000,SW2021,2015-10-27 15:29:00
600059,600059.SH,20220101,99991231,20210730,340602,340600,801126.SI,非白酒,1,340000,SW2021,2021-07-31 16:18:00
600060,600060.SH,20220101,99991231,19970422,330201,330200,801112.SI,黑色家电,1,330000,SW2021,2015-10-27 15:28:00
600061,600061.SH,20220101,20250810,20210730,490302,490300,801191.SI,多元金融,1,490000,SW2021,2023-11-24 15:36:00
600061,600061.SH,20250811,99991231,20250811,490101,490100,801193.SI,证券Ⅱ,1,490000,SW2021,2025-08-11 17:30:00
600062,600062.SH,20220101,99991231,20080102,370102,370100,801151.SI,化学制药,1,370000,SW2021,2015-10-27 15:29:00
600063,600063.SH,20220101,99991231,20210730,220404,220400,801032.SI,化学纤维,1,220000,SW2021,2025-12-09 11:03:00
600064,600064.SH,20220101,99991231,20210730,430101,430100,801181.SI,房地产开发,1,430000,SW2021,2021-07-31 16:18:00
600065,600065.SH,20220101,99991231,19970523,220101,220100,,,,,,2015-10-27 15:28:00
600066,600066.SH,20220101,99991231,20210730,280602,280600,801096.SI,商用车,1,280000,SW2021,2023-07-03 20:57:00
600067,600067.SH,20220101,20240806,20090101,430101,430100,801181.SI,房地产开发,1,430000,SW2021,2015-10-27 15:28:00
600067,600067.SH,20240807,99991231,20240807,630805,630800,801738.SI,电网设备,1,630000,SW2021,2025-10-15 10:57:00
600068,600068.SH,20220101,99991231,20210730,620306,620300,801723.SI,基础建设,1,620000,SW2021,2021-08-25 10:04:00
600069,600069.SH,20220101,99991231,19970430,360101,360100,801143.SI,造纸,1,360000,SW2021,2015-10-27 15:28:00
600070,600070.SH,20220101,99991231,20180713,510101,510100,801231.SI,综合Ⅱ,1,510000,SW2021,2024-07-29 11:30:00
600071,600071.SH,20220101,99991231,20210730,270303,270300,801084.SI,光学光电子,1,270000,SW2021,2023-04-25 09:32:00
600072,600072.SH,20220101,20240729,20140221,650401,650400,801744.SI,航海装备Ⅱ,1,650000,SW2021,2024-09-27 12:41:00
600072,600072.SH,20240730,99991231,20240730,630602,630600,801736.SI,风电设备,1,630000,SW2021,2025-10-21 15:41:00
600073,600073.SH,20220101,99991231,20190724,340401,340400,801124.SI,食品加工,1,340000,SW2021,2019-08-09 15:40:00
600074,600074.SH,20220101,99991231,20150401,270401,270400,801082.SI,其他电子Ⅱ,1,270000,SW2021,2015-10-27 15:28:00
600075,600075.SH,20220101,99991231,20080102,220202,220200,801033.SI,化学原料,1,220000,SW2021,2015-10-27 15:29:00
600076,600076.SH,20220101,20220728,20210730,360306,360300,801142.SI,家居用品,1,360000,SW2021,2021-07-31 16:18:00
600076,600076.SH,20220729,99991231,20220729,360206,360200,801141.SI,包装印刷,1,360000,SW2021,2022-07-29 11:54:00
600077,600077.SH,20220101,99991231,20160525,430101,430100,801181.SI,房地产开发,1,430000,SW2021,2021-01-25 14:38:00
600078,600078.SH,20220101,99991231,20210730,220802,220800,801038.SI,农化制品,1,220000,SW2021,2021-07-31 16:18:00
600079,600079.SH,20220101,99991231,20110110,370102,370100,801151.SI,化学制药,1,370000,SW2021,2015-10-27 15:29:00
600080,600080.SH,20220101,99991231,20210719,370201,370200,801155.SI,中药Ⅱ,1,370000,SW2021,2021-07-19 18:28:00
600081,600081.SH,20220101,99991231,20210730,280202,280200,801093.SI,汽车零部件,1,280000,SW2021,2025-01-08 14:36:00
600082,600082.SH,20220101,99991231,20210730,430103,430100,801181.SI,房地产开发,1,430000,SW2021,2021-07-31 16:18:00
600083,600083.SH,20220101,99991231,20110110,510101,510100,801231.SI,综合Ⅱ,1,510000,SW2021,2024-07-29 11:30:00
600084,600084.SH,20220101,99991231,20210730,340602,340600,801126.SI,非白酒,1,340000,SW2021,2021-07-31 16:18:00
600085,600085.SH,20220101,99991231,19970625,370201,370200,801155.SI,中药Ⅱ,1,370000,SW2021,2015-10-27 15:29:00
600086,600086.SH,20220101,99991231,20210730,350301,350300,801133.SI,饰品,1,350000,SW2021,2021-07-31 16:18:00
600087,600087.SH,20220101,99991231,19970612,420601,420600,,,,,,2015-10-27 15:28:00
600088,600088.SH,20220101,20220728,20210730,720501,720500,801765.SI,广告营销,1,720000,SW2021,2021-07-31 16:18:00
600088,600088.SH,20220729,99991231,20220729,720601,720600,801766.SI,影视院线,1,720000,SW2021,2025-10-15 10:57:00
600089,600089.SH,20220101,99991231,20210730,630801,630800,801738.SI,电网设备,1,630000,SW2021,2025-12-08 07:07:00
600090,600090.SH,20220101,99991231,20210730,370402,370400,801154.SI,医药商业,1,370000,SW2021,2021-07-31 16:18:00
600091,600091.SH,20220101,99991231,19970704,220202,220200,801033.SI,化学原料,1,220000,SW2021,2015-10-27 15:28:00
600092,600092.SH,20220101,99991231,19970626,240101,240100,,,,,,2015-10-27 15:28:00
600093,600093.SH,20220101,99991231,20210730,490308,490300,801191.SI,多元金融,1,490000,SW2021,2021-07-31 16:18:00
600094,600094.SH,20220101,99991231,20120702,430101,430100,801181.SI,房地产开发,1,430000,SW2021,2015-10-27 15:28:00
600095,600095.SH,20220101,99991231,20200709,490101,490100,801193.SI,证券Ⅱ,1,490000,SW2021,2021-03-03 15:37:00
600096,600096.SH,20220101,99991231,20210730,220802,220800,801038.SI,农化制品,1,220000,SW2021,2023-02-20 17:02:00
600097,600097.SH,20220101,99991231,20100101,110201,110200,801015.SI,渔业,1,110000,SW2021,2015-10-27 15:29:00
600098,600098.SH,20220101,99991231,19970718,410101,410100,801161.SI,电力,1,410000,SW2021,2015-10-27 15:28:00
600099,600099.SH,20220101,99991231,20140221,280401,280400,801881.SI,摩托车及其他,1,280000,SW2021,2024-09-27 12:41:00
600100,600100.SH,20220101,99991231,20210730,710103,710100,801101.SI,计算机设备,1,710000,SW2021,2021-07-31 16:18:00
600101,600101.SH,20220101,99991231,20210730,410110,410100,801161.SI,电力,1,410000,SW2021,2025-10-15 10:57:00
600102,600102.SH,20220101,99991231,19970828,230101,230100,,,,,,2015-10-27 15:29:00
600103,600103.SH,20220101,99991231,20210730,360103,360100,801143.SI,造纸,1,360000,SW2021,2021-07-31 16:18:00
600104,600104.SH,20220101,99991231,20210730,280502,280500,801095.SI,乘用车,1,280000,SW2021,2023-09-01 10:46:00
600105,600105.SH,20220101,99991231,20210730,730205,730200,801102.SI,通信设备,1,730000,SW2021,2025-10-15 10:57:00
600106,600106.SH,20220101,99991231,20210730,420901,420900,801179.SI,铁路公路,1,420000,SW2021,2025-10-15 10:57:00
600107,600107.SH,20220101,99991231,20210730,350209,350200,801132.SI,服装家纺,1,350000,SW2021,2021-07-31 16:18:00
600108,600108.SH,20220101,99991231,20110110,110103,110100,801016.SI,种植业,1,110000,SW2021,2015-10-27 15:29:00
600109,600109.SH,20220101,99991231,20140221,490101,490100,801193.SI,证券Ⅱ,1,490000,SW2021,2024-09-27 12:41:00
600110,600110.SH,20220101,20220728,20210730,240302,240300,801055.SI,工业金属,1,240000,SW2021,2021-08-10 14:27:00
600110,600110.SH,20220729,99991231,20220729,630701,630700,801737.SI,电池,1,630000,SW2021,2025-10-15 10:57:00
600111,600111.SH,20220101,99991231,20140221,240501,240500,801054.SI,小金属,1,240000,SW2021,2024-09-27 12:41:00
600112,600112.SH,20220101,99991231,20210730,630801,630800,801738.SI,电网设备,1,630000,SW2021,2022-10-11 14:52:00
600113,600113.SH,20220101,99991231,20210730,450304,450300,801203.SI,一般零售,1,450000,SW2021,2021-07-31 16:18:00
600114,600114.SH,20220101,99991231,20210730,640108,640100,801072.SI,通用设备,1,640000,SW2021,2025-10-15 10:57:00
600115,600115.SH,20220101,99991231,20210730,421001,421000,801991.SI,航空机场,1,420000,SW2021,2025-10-22 09:59:00
600116,600116.SH,20220101,99991231,20210730,410110,410100,801161.SI,电力,1,410000,SW2021,2025-10-15 10:57:00
600117,600117.SH,20220101,99991231,20210730,230501,230500,801045.SI,特钢Ⅱ,1,230000,SW2021,2025-01-08 14:36:00
600118,600118.SH,20220101,99991231,20140221,650101,650100,801741.SI,航天装备Ⅱ,1,650000,SW2021,2024-09-27 12:41:00
600119,600119.SH,20220101,99991231,20210730,420805,420800,801178.SI,物流,1,420000,SW2021,2025-10-15 10:57:00
600120,600120.SH,20220101,99991231,20210730,490302,490300,801191.SI,多元金融,1,490000,SW2021,2021-07-31 16:18:00
600121,600121.SH,20220101,99991231,20210730,740101,740100,801951.SI,煤炭开采,1,740000,SW2021,2025-10-15 10:57:00
600122,600122.SH,20220101,99991231,20140221,450401,450400,801204.SI,专业连锁Ⅱ,1,450000,SW2021,2024-09-27 12:41:00
600123,600123.SH,20220101,99991231,20210730,740102,740100,801951.SI,煤炭开采,1,740000,SW2021,2025-10-15 10:57:00
600125,600125.SH,20220101,99991231,20210730,420903,420900,801179.SI,铁路公路,1,420000,SW2021,2025-10-15 10:57:00
600126,600126.SH,20220101,99991231,20210730,230402,230400,801044.SI,普钢,1,230000,SW2021,2025-01-08 14:36:00
600127,600127.SH,20220101,99991231,19980506,110502,110500,801012.SI,农产品加工,1,110000,SW2021,2015-10-27 15:29:00
600128,600128.SH,20220101,99991231,20210730,450201,450200,801202.SI,贸易Ⅱ,1,450000,SW2021,2021-07-31 16:18:00
600129,600129.SH,20220101,99991231,19971118,370201,370200,801155.SI,中药Ⅱ,1,370000,SW2021,2015-10-27 15:29:00
600130,600130.SH,20220101,99991231,20210730,270504,270500,801085.SI,消费电子,1,270000,SW2021,2021-07-31 16:18:00
600131,600131.SH,20220101,99991231,20210730,710301,710300,801103.SI,IT服务Ⅱ,1,710000,SW2021,2026-02-26 16:27:00
600132,600132.SH,20220101,99991231,20210730,340601,340600,801126.SI,非白酒,1,340000,SW2021,2025-09-11 10:52:00
600133,600133.SH,20220101,20250109,20210730,620306,620300,801723.SI,基础建设,1,620000,SW2021,2021-07-31 16:18:00
600133,600133.SH,20250110,99991231,20250110,760104,760100,801971.SI,环境治理,1,760000,SW2021,2025-01-10 13:12:00
600135,600135.SH,20220101,99991231,20210730,220505,220500,801036.SI,塑料,1,220000,SW2021,2021-07-31 16:18:00
600136,600136.SH,20220101,20250810,20210730,460601,460600,801216.SI,体育Ⅱ,0,460000,SW2021,2021-07-31 16:18:00
600136,600136.SH,20250811,99991231,20250811,430301,430300,801183.SI,房地产服务,1,430000,SW2021,2025-08-11 17:30:00
600137,600137.SH,20220101,20240729,20210730,350205,350200,801132.SI,服装家纺,1,350000,SW2021,2021-07-31 16:18:00
600137,600137.SH,20240730,99991231,20240730,350209,350200,801132.SI,服装家纺,1,350000,SW2021,2024-07-30 12:45:00
600138,600138.SH,20220101,99991231,20210730,461002,461000,801993.SI,旅游及景区,1,460000,SW2021,2024-01-23 17:12:00
600139,600139.SH,20220101,99991231,20210730,490305,490300,801191.SI,多元金融,1,490000,SW2021,2022-10-11 14:52:00
600141,600141.SH,20220101,99991231,20210730,220802,220800,801038.SI,农化制品,1,220000,SW2021,2025-11-28 08:40:00
600143,600143.SH,20220101,99991231,20111010,220503,220500,801036.SI,塑料,1,220000,SW2021,2015-10-27 15:29:00
600145,600145.SH,20220101,99991231,20190724,450201,450200,801202.SI,贸易Ⅱ,1,450000,SW2021,2019-08-09 15:40:00
600146,600146.SH,20220101,99991231,20210730,350209,350200,801132.SI,服装家纺,1,350000,SW2021,2021-07-31 16:18:00
600148,600148.SH,20220101,99991231,20210730,280203,280200,801093.SI,汽车零部件,1,280000,SW2021,2025-01-08 14:36:00
600149,600149.SH,20220101,99991231,20210730,410104,410100,801161.SI,电力,1,410000,SW2021,2025-10-15 10:57:00
600150,600150.SH,20220101,99991231,20140221,650401,650400,801744.SI,航海装备Ⅱ,1,650000,SW2021,2024-09-27 12:41:00
600151,600151.SH,20220101,99991231,20210730,630502,630500,801735.SI,光伏设备,1,630000,SW2021,2025-10-15 10:57:00
600152,600152.SH,20220101,99991231,20210730,630701,630700,801737.SI,电池,1,630000,SW2021,2025-10-15 10:57:00
600153,600153.SH,20220101,99991231,20210730,420802,420800,801178.SI,物流,1,420000,SW2021,2025-10-15 10:57:00
600155,600155.SH,20220101,99991231,20170629,490101,490100,801193.SI,证券Ⅱ,1,490000,SW2021,2020-03-06 13:55:00
600156,600156.SH,20220101,99991231,20170629,350106,350100,801131.SI,纺织制造,1,350000,SW2021,2019-08-09 15:38:00
600157,600157.SH,20220101,99991231,20210730,740102,740100,801951.SI,煤炭开采,1,740000,SW2021,2025-10-15 10:57:00
600158,600158.SH,20220101,99991231,20210730,460601,460600,801216.SI,体育Ⅱ,0,460000,SW2021,2024-04-01 15:28:00
600159,600159.SH,20220101,99991231,20060901,430101,430100,801181.SI,房地产开发,1,430000,SW2021,2015-10-27 15:28:00
600160,600160.SH,20220101,99991231,20111010,220311,220300,801034.SI,化学制品,1,220000,SW2021,2021-03-03 15:31:00
600161,600161.SH,20220101,99991231,20210730,370302,370300,801152.SI,生物制品,1,370000,SW2021,2023-03-26 20:35:00
600162,600162.SH,20220101,99991231,20110110,430101,430100,801181.SI,房地产开发,1,430000,SW2021,2015-10-27 15:29:00
600163,600163.SH,20220101,99991231,20210730,410107,410100,801161.SI,电力,1,410000,SW2021,2025-10-15 10:57:00
600165,600165.SH,20220101,99991231,20190724,220309,220300,801034.SI,化学制品,1,220000,SW2021,2019-08-09 15:39:00
600166,600166.SH,20220101,99991231,20210730,280601,280600,801096.SI,商用车,1,280000,SW2021,2025-01-24 16:29:00
600167,600167.SH,20220101,99991231,19990128,410104,410100,801161.SI,电力,1,410000,SW2021,2015-10-27 15:29:00
600168,600168.SH,20220101,99991231,20210730,760102,760100,801971.SI,环境治理,1,760000,SW2021,2025-10-15 10:57:00
600169,600169.SH,20220101,99991231,20140221,640203,640200,801074.SI,专用设备,1,640000,SW2021,2024-09-27 12:41:00
600170,600170.SH,20220101,99991231,20140221,620101,620100,801721.SI,房屋建设Ⅱ,1,620000,SW2021,2024-09-27 12:41:00
600171,600171.SH,20220101,99991231,20210730,270105,270100,801081.SI,半导体,1,270000,SW2021,2022-12-01 14:32:00
600172,600172.SH,20220101,99991231,20140221,640103,640100,801072.SI,通用设备,1,640000,SW2021,2024-09-27 12:41:00
600173,600173.SH,20220101,99991231,20100101,430101,430100,801181.SI,房地产开发,1,430000,SW2021,2015-10-27 15:29:00
600175,600175.SH,20220101,99991231,20171211,510101,510100,801231.SI,综合Ⅱ,1,510000,SW2021,2019-08-09 15:40:00
600176,600176.SH,20220101,99991231,20210730,610202,610200,801712.SI,玻璃玻纤,1,610000,SW2021,2024-02-29 13:17:00
600177,600177.SH,20220101,99991231,20210730,350209,350200,801132.SI,服装家纺,1,350000,SW2021,2024-04-01 15:27:00
600178,600178.SH,20220101,99991231,20210730,280203,280200,801093.SI,汽车零部件,1,280000,SW2021,2025-01-08 14:36:00
600179,600179.SH,20220101,99991231,20211203,421101,421100,801992.SI,航运港口,1,420000,SW2021,2025-10-15 10:57:00
600180,600180.SH,20220101,99991231,20210730,420802,420800,801178.SI,物流,1,420000,SW2021,2025-10-15 10:57:00
600181,600181.SH,20220101,99991231,20070702,440301,440300,,,,,,2015-10-27 15:28:00
600182,600182.SH,20220101,99991231,20210730,280204,280200,801093.SI,汽车零部件,1,280000,SW2021,2025-01-08 14:36:00
600183,600183.SH,20220101,99991231,20111010,270202,270200,801083.SI,元件,1,270000,SW2021,2015-10-27 15:29:00
600184,600184.SH,20220101,99991231,20140221,650301,650300,801743.SI,地面兵装Ⅱ,1,650000,SW2021,2024-09-27 12:41:00
600185,600185.SH,20220101,20260304,20100116,430101,430100,801181.SI,房地产开发,1,430000,SW2021,2015-10-27 15:28:00
600185,600185.SH,20260305,99991231,20260305,450701,450700,801207.SI,旅游零售Ⅱ,0,450000,SW2021,2026-03-05 11:31:00
600186,600186.SH,20220101,99991231,20210730,340901,340900,801129.SI,调味发酵品Ⅱ,1,340000,SW2021,2021-07-31 16:18:00
600187,600187.SH,20220101,99991231,20210730,760102,760100,801971.SI,环境治理,1,760000,SW2021,2025-10-15 10:57:00
600188,600188.SH,20220101,99991231,20210730,740101,740100,801951.SI,煤炭开采,1,740000,SW2021,2025-10-15 10:57:00
600189,600189.SH,20220101,99991231,20210730,340701,340700,801127.SI,饮料乳品,1,340000,SW2021,2023-12-07 10:03:00
600190,600190.SH,20220101,99991231,20210730,421102,421100,801992.SI,航运港口,1,420000,SW2021,2021-08-02 13:18:00
600191,600191.SH,20220101,99991231,20111010,110504,110500,801012.SI,农产品加工,1,110000,SW2021,2015-10-27 15:29:00
600192,600192.SH,20220101,99991231,20210730,630801,630800,801738.SI,电网设备,1,630000,SW2021,2025-10-15 10:57:00
600193,600193.SH,20220101,99991231,20180713,620201,620200,801722.SI,装修装饰Ⅱ,1,620000,SW2021,2019-08-09 15:39:00
600195,600195.SH,20220101,99991231,20111010,110801,110800,801018.SI,动物保健Ⅱ,1,110000,SW2021,2021-04-01 14:13:00
600196,600196.SH,20220101,99991231,20210730,370102,370100,801151.SI,化学制药,1,370000,SW2021,2021-07-31 16:18:00
600197,600197.SH,20220101,99991231,20210730,340501,340500,801125.SI,白酒Ⅱ,1,340000,SW2021,2025-01-24 16:29:00
600198,600198.SH,20220101,20220728,20210730,270104,270100,801081.SI,半导体,1,270000,SW2021,2021-07-31 16:18:00
600198,600198.SH,20220729,99991231,20220729,730206,730200,801102.SI,通信设备,1,730000,SW2021,2026-06-01 14:47:00
600199,600199.SH,20220101,99991231,20210730,340501,340500,801125.SI,白酒Ⅱ,1,340000,SW2021,2024-12-04 10:24:00
600200,600200.SH,20220101,99991231,20190724,370102,370100,801151.SI,化学制药,1,370000,SW2021,2020-12-04 14:32:00
600201,600201.SH,20220101,99991231,20111010,110801,110800,801018.SI,动物保健Ⅱ,1,110000,SW2021,2015-10-27 15:29:00
600202,600202.SH,20220101,20220728,20140221,630304,630300,801733.SI,其他电源设备Ⅱ,1,630000,SW2021,2024-09-27 12:41:00
600202,600202.SH,20220729,99991231,20220729,640105,640100,801072.SI,通用设备,1,640000,SW2021,2025-10-15 10:57:00
600203,600203.SH,20220101,99991231,20210730,270504,270500,801085.SI,消费电子,1,270000,SW2021,2023-04-25 09:32:00
600205,600205.SH,20220101,99991231,19990630,240101,240100,,,,,,2015-10-27 15:28:00
600206,600206.SH,20220101,99991231,20210730,270103,270100,801081.SI,半导体,1,270000,SW2021,2021-08-02 11:09:00
600207,600207.SH,20220101,99991231,20210730,630504,630500,801735.SI,光伏设备,1,630000,SW2021,2025-10-15 10:57:00
600208,600208.SH,20220101,99991231,20070702,430101,430100,801181.SI,房地产开发,1,430000,SW2021,2015-10-27 15:29:00
600209,600209.SH,20220101,99991231,20140221,620201,620200,801722.SI,装修装饰Ⅱ,1,620000,SW2021,2024-09-27 12:41:00
600210,600210.SH,20220101,99991231,20210730,360204,360200,801141.SI,包装印刷,1,360000,SW2021,2023-06-28 21:40:00
600211,600211.SH,20220101,20230703,19990721,370201,370200,801155.SI,中药Ⅱ,1,370000,SW2021,2015-10-27 15:29:00
600211,600211.SH,20230704,99991231,20230704,370304,370300,801152.SI,生物制品,1,370000,SW2021,2023-07-04 15:14:00
600212,600212.SH,20220101,20230703,20070702,510101,510100,801231.SI,综合Ⅱ,1,510000,SW2021,2015-10-27 15:29:00
600212,600212.SH,20230704,99991231,20230704,630306,630300,801733.SI,其他电源设备Ⅱ,1,630000,SW2021,2025-10-15 10:57:00
600213,600213.SH,20220101,99991231,20210730,280602,280600,801096.SI,商用车,1,280000,SW2021,2021-08-02 13:17:00
600215,600215.SH,20220101,20220728,20210730,430101,430100,801181.SI,房地产开发,1,430000,SW2021,2021-07-31 16:18:00
600215,600215.SH,20220729,99991231,20220729,640701,640700,801078.SI,自动化设备,1,640000,SW2021,2025-10-15 10:57:00
600216,600216.SH,20220101,99991231,19991021,370101,370100,801151.SI,化学制药,1,370000,SW2021,2015-10-27 15:29:00
600217,600217.SH,20220101,99991231,20210730,760103,760100,801971.SI,环境治理,1,760000,SW2021,2025-10-15 10:57:00
600218,600218.SH,20220101,99991231,20210730,280203,280200,801093.SI,汽车零部件,1,280000,SW2021,2025-01-08 14:36:00
600219,600219.SH,20220101,99991231,20140221,240301,240300,801055.SI,工业金属,1,240000,SW2021,2024-09-27 12:41:00
600220,600220.SH,20220101,99991231,20210730,350106,350100,801131.SI,纺织制造,1,350000,SW2021,2021-07-31 16:18:00
600221,600221.SH,20220101,99991231,20210730,421001,421000,801991.SI,航空机场,1,420000,SW2021,2025-10-15 10:57:00
600222,600222.SH,20220101,99991231,19991105,370201,370200,801155.SI,中药Ⅱ,1,370000,SW2021,2015-10-27 15:29:00
600223,600223.SH,20220101,20240201,20100101,430101,430100,801181.SI,房地产开发,1,430000,SW2021,2015-10-27 15:29:00
600223,600223.SH,20240202,99991231,20240202,770202,770200,801982.SI,化妆品,1,770000,SW2021,2025-01-24 16:29:00
600225,600225.SH,20220101,20220728,20100101,430101,430100,801181.SI,房地产开发,1,430000,SW2021,2015-10-27 15:29:00
600225,600225.SH,20220729,99991231,20220729,710301,710300,801103.SI,IT服务Ⅱ,1,710000,SW2021,2022-07-29 11:54:00
600226,600226.SH,20220101,20220728,20210730,720401,720400,801764.SI,游戏Ⅱ,1,720000,SW2021,2021-07-31 16:18:00
600226,600226.SH,20220729,99991231,20220729,410104,410100,801161.SI,电力,1,410000,SW2021,2025-10-15 10:57:00
600227,600227.SH,20220101,20220728,20170629,370102,370100,801151.SI,化学制药,1,370000,SW2021,2020-12-04 14:32:00
600227,600227.SH,20220729,99991231,20220729,220801,220800,801038.SI,农化制品,1,220000,SW2021,2022-07-29 11:54:00
600228,600228.SH,20220101,99991231,20210820,720704,720700,801767.SI,数字媒体,1,720000,SW2021,2025-10-15 10:57:00
600229,600229.SH,20220101,99991231,20210730,720902,720900,801769.SI,出版,1,720000,SW2021,2025-10-15 10:57:00
600230,600230.SH,20220101,99991231,20140221,220313,220300,801034.SI,化学制品,1,220000,SW2021,2024-09-27 12:41:00
600231,600231.SH,20220101,99991231,20210730,230401,230400,801044.SI,普钢,1,230000,SW2021,2025-01-08 14:36:00
600232,600232.SH,20220101,99991231,20210730,640206,640200,801074.SI,专用设备,1,640000,SW2021,2025-10-15 10:57:00
600233,600233.SH,20220101,99991231,20210730,420804,420800,801178.SI,物流,1,420000,SW2021,2025-10-15 10:57:00
600234,600234.SH,20220101,20230703,20140101,510101,510100,801231.SI,综合Ⅱ,1,510000,SW2021,2015-10-27 15:29:00
600234,600234.SH,20230704,99991231,20230704,620201,620200,801722.SI,装修装饰Ⅱ,1,620000,SW2021,2023-07-04 15:14:00
600235,600235.SH,20220101,99991231,20210730,360103,360100,801143.SI,造纸,1,360000,SW2021,2021-07-31 16:18:00
600236,600236.SH,20220101,99991231,20000323,410102,410100,801161.SI,电力,1,410000,SW2021,2015-10-27 15:28:00
600237,600237.SH,20220101,99991231,20111010,270203,270200,801083.SI,元件,1,270000,SW2021,2015-10-27 15:29:00
600238,600238.SH,20220101,99991231,20210730,340602,340600,801126.SI,非白酒,1,340000,SW2021,2021-07-31 16:18:00
600239,600239.SH,20220101,20230703,20070702,430101,430100,801181.SI,房地产开发,1,430000,SW2021,2015-10-27 15:29:00
600239,600239.SH,20230704,99991231,20230704,430102,430100,801181.SI,房地产开发,1,430000,SW2021,2023-07-04 15:14:00
600240,600240.SH,20220101,99991231,20060901,430101,430100,801181.SI,房地产开发,1,430000,SW2021,2015-10-27 15:29:00
600241,600241.SH,20220101,20220728,20210730,630705,630700,801737.SI,电池,1,630000,SW2021,2022-07-11 13:29:00
600241,600241.SH,20220729,99991231,20220729,630701,630700,801737.SI,电池,1,630000,SW2021,2025-10-15 10:57:00
600242,600242.SH,20220101,99991231,20210730,720501,720500,801765.SI,广告营销,1,720000,SW2021,2021-07-31 16:18:00
600243,600243.SH,20220101,99991231,20170629,640106,640100,801072.SI,通用设备,1,640000,SW2021,2019-08-09 15:39:00
600246,600246.SH,20220101,99991231,20020901,430101,430100,801181.SI,房地产开发,1,430000,SW2021,2015-10-27 15:29:00
600247,600247.SH,20220101,99991231,20210730,450304,450300,801203.SI,一般零售,1,450000,SW2021,2021-07-31 16:18:00
600248,600248.SH,20220101,99991231,20210730,620101,620100,801721.SI,房屋建设Ⅱ,1,620000,SW2021,2021-07-31 16:18:00
600249,600249.SH,20220101,99991231,20210730,770102,770100,801981.SI,个护用品,1,770000,SW2021,2021-07-31 16:18:00
600250,600250.SH,20220101,99991231,20010306,450201,450200,801202.SI,贸易Ⅱ,1,450000,SW2021,2015-10-27 15:29:00
600251,600251.SH,20220101,99991231,20170520,110501,110500,801012.SI,农产品加工,1,110000,SW2021,2019-08-09 15:39:00
600252,600252.SH,20220101,99991231,20110110,370201,370200,801155.SI,中药Ⅱ,1,370000,SW2021,2015-10-27 15:29:00
600253,600253.SH,20220101,99991231,20080602,370101,370100,801151.SI,化学制药,1,370000,SW2021,2015-10-27 15:29:00
600255,600255.SH,20220101,99991231,20210730,240201,240200,801051.SI,金属新材料,1,240000,SW2021,2025-01-08 14:36:00
600256,600256.SH,20220101,99991231,20210730,750302,750300,801963.SI,炼化及贸易,1,750000,SW2021,2026-02-26 16:27:00
600257,600257.SH,20220101,99991231,20000612,110202,110200,801015.SI,渔业,1,110000,SW2021,2015-10-27 15:28:00
600258,600258.SH,20220101,99991231,20210730,460901,460900,801219.SI,酒店餐饮,1,460000,SW2021,2024-01-23 17:12:00
600259,600259.SH,20220101,99991231,20140221,240501,240500,801054.SI,小金属,1,240000,SW2021,2024-09-27 12:41:00
600260,600260.SH,20220101,99991231,20210730,730207,730200,801102.SI,通信设备,1,730000,SW2021,2021-07-31 16:18:00
600261,600261.SH,20220101,99991231,20210730,330501,330500,801115.SI,照明设备Ⅱ,1,330000,SW2021,2023-04-25 09:32:00
600262,600262.SH,20220101,99991231,20180713,640203,640200,801074.SI,专用设备,1,640000,SW2021,2019-08-09 15:39:00
600263,600263.SH,20220101,99991231,20111010,250204,250200,,,,,,2015-10-27 15:29:00
600265,600265.SH,20220101,99991231,20000825,110301,110300,801011.SI,林业Ⅱ,0,110000,SW2021,2015-10-27 15:28:00
600266,600266.SH,20220101,99991231,20010901,430101,430100,801181.SI,房地产开发,1,430000,SW2021,2015-10-27 15:28:00
600267,600267.SH,20220101,20220728,20000725,370101,370100,801151.SI,化学制药,1,370000,SW2021,2015-10-27 15:28:00
600267,600267.SH,20220729,99991231,20220729,370102,370100,801151.SI,化学制药,1,370000,SW2021,2022-07-29 11:54:00
600268,600268.SH,20220101,99991231,20210730,630803,630800,801738.SI,电网设备,1,630000,SW2021,2025-10-15 10:57:00
600269,600269.SH,20220101,99991231,20210730,420901,420900,801179.SI,铁路公路,1,420000,SW2021,2025-10-15 10:57:00
600270,600270.SH,20220101,99991231,20110110,420801,420800,801178.SI,物流,1,420000,SW2021,2015-10-27 15:29:00
600271,600271.SH,20220101,99991231,20210730,710301,710300,801103.SI,IT服务Ⅱ,1,710000,SW2021,2024-04-01 15:27:00
600272,600272.SH,20220101,99991231,20210730,370402,370400,801154.SI,医药商业,1,370000,SW2021,2021-07-31 16:18:00
600273,600273.SH,20220101,99991231,20150701,220309,220300,801034.SI,化学制品,1,220000,SW2021,2021-03-03 15:18:00
600275,600275.SH,20220101,99991231,20180713,110202,110200,801015.SI,渔业,1,110000,SW2021,2019-08-09 15:39:00
600276,600276.SH,20220101,99991231,20080102,370102,370100,801151.SI,化学制药,1,370000,SW2021,2015-10-27 15:29:00
600277,600277.SH,20220101,99991231,20170629,220202,220200,801033.SI,化学原料,1,220000,SW2021,2019-08-09 15:39:00
600278,600278.SH,20220101,99991231,20000712,450201,450200,801202.SI,贸易Ⅱ,1,450000,SW2021,2015-10-27 15:28:00
600279,600279.SH,20220101,99991231,20210730,421102,421100,801992.SI,航运港口,1,420000,SW2021,2025-10-15 10:57:00
600280,600280.SH,20220101,99991231,20140221,450301,450300,801203.SI,一般零售,1,450000,SW2021,2024-09-27 12:41:00
600281,600281.SH,20220101,99991231,20210730,240504,240500,801054.SI,小金属,1,240000,SW2021,2025-01-08 14:36:00
600282,600282.SH,20220101,99991231,20210730,230402,230400,801044.SI,普钢,1,230000,SW2021,2025-01-08 14:36:00
600283,600283.SH,20220101,99991231,20210730,760102,760100,801971.SI,环境治理,1,760000,SW2021,2025-10-15 10:57:00
600284,600284.SH,20220101,99991231,20210730,620306,620300,801723.SI,基础建设,1,620000,SW2021,2021-07-31 16:18:00
600285,600285.SH,20220101,99991231,20001018,370201,370200,801155.SI,中药Ⅱ,1,370000,SW2021,2015-10-27 15:29:00
600286,600286.SH,20220101,99991231,19991209,250103,250100,,,,,,2015-10-27 15:28:00
600287,600287.SH,20220101,99991231,20000901,450201,450200,801202.SI,贸易Ⅱ,1,450000,SW2021,2015-10-27 15:29:00
600288,600288.SH,20220101,20240729,20001129,270401,270400,801082.SI,其他电子Ⅱ,1,270000,SW2021,2015-10-27 15:28:00
600288,600288.SH,20240730,99991231,20240730,710402,710400,801104.SI,软件开发,1,710000,SW2021,2025-01-08 14:36:00
600289,600289.SH,20220101,99991231,20210730,730103,730100,801223.SI,通信服务,1,730000,SW2021,2026-06-01 14:47:00
600290,600290.SH,20220101,99991231,20210730,630802,630800,801738.SI,电网设备,1,630000,SW2021,2022-10-11 14:52:00
600291,600291.SH,20220101,99991231,20140221,490201,490200,801194.SI,保险Ⅱ,1,490000,SW2021,2024-09-27 12:41:00
600292,600292.SH,20220101,99991231,20210730,760101,760100,801971.SI,环境治理,1,760000,SW2021,2025-10-15 10:57:00
600293,600293.SH,20220101,99991231,20210730,610201,610200,801712.SI,玻璃玻纤,1,610000,SW2021,2021-08-04 10:42:00
600295,600295.SH,20220101,99991231,20210730,230302,230300,801043.SI,冶钢原料,1,230000,SW2021,2025-01-08 14:36:00
600296,600296.SH,20220101,99991231,20000719,240101,240100,,,,,,2015-10-27 15:28:00
600297,600297.SH,20220101,99991231,20210730,280302,280300,801092.SI,汽车服务,1,280000,SW2021,2024-03-14 10:16:00
600298,600298.SH,20220101,99991231,20210730,340901,340900,801129.SI,调味发酵品Ⅱ,1,340000,SW2021,2025-06-01 08:45:00
600299,600299.SH,20220101,99991231,20210730,220315,220300,801034.SI,化学制品,1,220000,SW2021,2025-05-06 20:02:00
600300,600300.SH,20220101,99991231,20210730,340701,340700,801127.SI,饮料乳品,1,340000,SW2021,2021-07-31 16:18:00
600301,600301.SH,20220101,20220728,20190724,450201,450200,801202.SI,贸易Ⅱ,1,450000,SW2021,2019-08-09 15:40:00
600301,600301.SH,20220729,20240729,20220729,620601,620600,801726.SI,工程咨询服务Ⅱ,1,620000,SW2021,2023-10-23 10:09:00
600301,600301.SH,20240730,99991231,20240730,240504,240500,801054.SI,小金属,1,240000,SW2021,2025-01-14 10:08:00
600302,600302.SH,20220101,99991231,20140221,640206,640200,801074.SI,专用设备,1,640000,SW2021,2024-09-27 12:41:00
600303,600303.SH,20220101,99991231,20210730,280602,280600,801096.SI,商用车,1,280000,SW2021,2025-01-08 14:36:00
600305,600305.SH,20220101,99991231,20210730,340901,340900,801129.SI,调味发酵品Ⅱ,1,340000,SW2021,2025-09-02 09:38:00
600306,600306.SH,20220101,99991231,20180420,450301,450300,801203.SI,一般零售,1,450000,SW2021,2019-08-09 15:40:00
600307,600307.SH,20220101,99991231,20210730,230402,230400,801044.SI,普钢,1,230000,SW2021,2025-01-08 14:36:00
600308,600308.SH,20220101,99991231,20210730,360102,360100,801143.SI,造纸,1,360000,SW2021,2021-07-31 16:18:00
600309,600309.SH,20220101,99991231,20140221,220313,220300,801034.SI,化学制品,1,220000,SW2021,2024-09-27 12:41:00
600310,600310.SH,20220101,99991231,20210730,410110,410100,801161.SI,电力,1,410000,SW2021,2025-10-15 10:57:00
600311,600311.SH,20220101,99991231,20140221,240401,240400,801053.SI,贵金属,1,240000,SW2021,2024-09-27 12:41:00
600312,600312.SH,20220101,99991231,20210730,630801,630800,801738.SI,电网设备,1,630000,SW2021,2025-10-15 10:57:00
600313,600313.SH,20220101,99991231,20181224,110101,110100,801016.SI,种植业,1,110000,SW2021,2019-08-09 15:39:00
600315,600315.SH,20220101,99991231,20210730,770202,770200,801982.SI,化妆品,1,770000,SW2021,2026-01-21 14:03:00
600316,600316.SH,20220101,99991231,20140221,650201,650200,801742.SI,航空装备Ⅱ,1,650000,SW2021,2024-09-27 12:41:00
600317,600317.SH,20220101,99991231,20010131,420101,420100,,,,,,2015-10-27 15:29:00
600318,600318.SH,20220101,99991231,20210730,490302,490300,801191.SI,多元金融,1,490000,SW2021,2021-07-31 16:18:00
600319,600319.SH,20220101,99991231,20190724,220202,220200,801033.SI,化学原料,1,220000,SW2021,2019-08-09 15:39:00
600320,600320.SH,20220101,99991231,20210730,640203,640200,801074.SI,专用设备,1,640000,SW2021,2025-10-15 10:57:00
600321,600321.SH,20220101,20220728,20140221,610303,610300,801713.SI,装修建材,1,610000,SW2021,2024-09-27 12:41:00
600321,600321.SH,20220729,99991231,20220729,620404,620400,801724.SI,专业工程,1,620000,SW2021,2023-12-07 10:03:00
600322,600322.SH,20220101,99991231,20010806,430101,430100,801181.SI,房地产开发,1,430000,SW2021,2015-10-27 15:29:00
600323,600323.SH,20220101,99991231,20210730,760103,760100,801971.SI,环境治理,1,760000,SW2021,2026-04-02 13:26:00
600325,600325.SH,20220101,99991231,20040225,430101,430100,801181.SI,房地产开发,1,430000,SW2021,2015-10-27 15:29:00
600326,600326.SH,20220101,99991231,20190724,610101,610100,801711.SI,水泥,1,610000,SW2021,2019-08-09 15:39:00
600327,600327.SH,20220101,20230703,20210730,280302,280300,801092.SI,汽车服务,1,280000,SW2021,2021-07-31 16:18:00
600327,600327.SH,20230704,99991231,20230704,450301,450300,801203.SI,一般零售,1,450000,SW2021,2023-07-04 15:14:00
600328,600328.SH,20220101,99991231,20001222,220203,220200,801033.SI,化学原料,1,220000,SW2021,2015-10-27 15:29:00
600329,600329.SH,20220101,99991231,20010606,370201,370200,801155.SI,中药Ⅱ,1,370000,SW2021,2015-10-27 15:29:00
600330,600330.SH,20220101,20240729,20210730,640209,640200,801074.SI,专用设备,1,640000,SW2021,2021-08-02 11:12:00
600330,600330.SH,20240730,99991231,20240730,270601,270600,801086.SI,电子化学品Ⅱ,1,270000,SW2021,2025-01-08 14:36:00
600331,600331.SH,20220101,20220728,20140221,240303,240300,801055.SI,工业金属,1,240000,SW2021,2024-09-27 12:41:00
600331,600331.SH,20220729,99991231,20220729,220802,220800,801038.SI,农化制品,1,220000,SW2021,2022-07-29 11:54:00
600332,600332.SH,20220101,99991231,20010206,370201,370200,801155.SI,中药Ⅱ,1,370000,SW2021,2015-10-27 15:28:00
600333,600333.SH,20220101,99991231,20001211,410301,410300,801163.SI,燃气Ⅱ,1,410000,SW2021,2015-10-27 15:28:00
600335,600335.SH,20220101,99991231,20210730,280302,280300,801092.SI,汽车服务,1,280000,SW2021,2025-01-08 14:36:00
600336,600336.SH,20220101,99991231,20210730,330106,330100,801111.SI,白色家电,1,330000,SW2021,2021-07-31 16:18:00
600337,600337.SH,20220101,99991231,20210730,360307,360300,801142.SI,家居用品,1,360000,SW2021,2023-05-04 10:29:00
600338,600338.SH,20220101,99991231,20140221,240303,240300,801055.SI,工业金属,1,240000,SW2021,2024-09-27 12:41:00
600339,600339.SH,20220101,99991231,20210730,750202,750200,801962.SI,油服工程,1,750000,SW2021,2023-10-23 16:18:00
600340,600340.SH,20220101,99991231,20210730,430103,430100,801181.SI,房地产开发,1,430000,SW2021,2023-02-20 17:04:00
600343,600343.SH,20220101,20220728,20140221,650101,650100,801741.SI,航天装备Ⅱ,1,650000,SW2021,2024-09-27 12:41:00
600343,600343.SH,20220729,99991231,20220729,640106,640100,801072.SI,通用设备,1,640000,SW2021,2025-10-15 10:57:00
600345,600345.SH,20220101,99991231,20210730,730207,730200,801102.SI,通信设备,1,730000,SW2021,2026-06-01 14:47:00
600346,600346.SH,20220101,99991231,20210730,750301,750300,801963.SI,炼化及贸易,1,750000,SW2021,2026-02-26 16:27:00
600348,600348.SH,20220101,99991231,20210730,740102,740100,801951.SI,煤炭开采,1,740000,SW2021,2025-10-15 10:57:00
600349,600349.SH,20220101,99991231,20160823,630404,630400,,,,,,2018-06-26 11:13:00
600350,600350.SH,20220101,99991231,20210730,420901,420900,801179.SI,铁路公路,1,420000,SW2021,2025-10-15 10:57:00
600351,600351.SH,20220101,99991231,20020920,370201,370200,801155.SI,中药Ⅱ,1,370000,SW2021,2015-10-27 15:29:00
600352,600352.SH,20220101,99991231,20080602,220308,220300,801034.SI,化学制品,1,220000,SW2021,2021-07-01 09:33:00
600353,600353.SH,20220101,99991231,20180713,270401,270400,801082.SI,其他电子Ⅱ,1,270000,SW2021,2019-08-09 15:38:00
600354,600354.SH,20220101,99991231,20070702,110101,110100,801016.SI,种植业,1,110000,SW2021,2015-10-27 15:28:00
600355,600355.SH,20220101,99991231,20210730,730206,730200,801102.SI,通信设备,1,730000,SW2021,2025-10-15 10:57:00
600356,600356.SH,20220101,99991231,20210730,360103,360100,801143.SI,造纸,1,360000,SW2021,2021-07-31 16:18:00
600357,600357.SH,20220101,99991231,20020820,230101,230100,,,,,,2015-10-27 15:28:00
600358,600358.SH,20220101,99991231,20210730,720501,720500,801765.SI,广告营销,1,720000,SW2021,2025-10-15 10:57:00
600359,600359.SH,20220101,99991231,19990429,110103,110100,801016.SI,种植业,1,110000,SW2021,2015-10-27 15:29:00
600360,600360.SH,20220101,99991231,20080602,270102,270100,801081.SI,半导体,1,270000,SW2021,2015-10-27 15:29:00
600361,600361.SH,20220101,20230703,20140221,450302,450300,801203.SI,一般零售,1,450000,SW2021,2024-09-27 12:41:00
600361,600361.SH,20230704,99991231,20230704,240301,240300,801055.SI,工业金属,1,240000,SW2021,2025-01-08 14:36:00
600362,600362.SH,20220101,99991231,20140221,240302,240300,801055.SI,工业金属,1,240000,SW2021,2024-09-27 12:41:00
600363,600363.SH,20220101,20220728,20111010,270302,270300,801084.SI,光学光电子,1,270000,SW2021,2015-10-27 15:29:00
600363,600363.SH,20220729,99991231,20220729,270504,270500,801085.SI,消费电子,1,270000,SW2021,2025-10-15 10:57:00
600365,600365.SH,20220101,20220728,20210730,340602,340600,801126.SI,非白酒,1,340000,SW2021,2021-07-31 16:18:00
600365,600365.SH,20220729,99991231,20220729,450601,450600,801206.SI,互联网电商,1,450000,SW2021,2022-07-29 11:54:00
600366,600366.SH,20220101,99991231,20100102,240202,240200,801051.SI,金属新材料,1,240000,SW2021,2015-10-27 15:29:00
600367,600367.SH,20220101,99991231,20010320,220203,220200,801033.SI,化学原料,1,220000,SW2021,2015-10-27 15:29:00
600368,600368.SH,20220101,99991231,20210730,420901,420900,801179.SI,铁路公路,1,420000,SW2021,2025-10-15 10:57:00
600369,600369.SH,20220101,99991231,20140221,490101,490100,801193.SI,证券Ⅱ,1,490000,SW2021,2024-09-27 12:41:00
600370,600370.SH,20220101,20220728,20030306,350104,350100,801131.SI,纺织制造,1,350000,SW2021,2015-10-27 15:29:00
600370,600370.SH,20220729,99991231,20220729,220401,220400,801032.SI,化学纤维,1,220000,SW2021,2022-07-29 11:54:00
600371,600371.SH,20220101,99991231,20110110,110101,110100,801016.SI,种植业,1,110000,SW2021,2015-10-27 15:29:00
600372,600372.SH,20220101,99991231,20140221,650201,650200,801742.SI,航空装备Ⅱ,1,650000,SW2021,2024-09-27 12:41:00
600373,600373.SH,20220101,99991231,20210730,720902,720900,801769.SI,出版,1,720000,SW2021,2026-04-02 13:26:00
600375,600375.SH,20220101,20220728,20210730,640601,640600,801077.SI,工程机械,1,640000,SW2021,2021-07-31 16:18:00
600375,600375.SH,20220729,20230703,20220729,280602,280600,801096.SI,商用车,1,280000,SW2021,2022-07-29 11:54:00
600375,600375.SH,20230704,99991231,20230704,280601,280600,801096.SI,商用车,1,280000,SW2021,2025-01-08 14:36:00
600376,600376.SH,20220101,99991231,20010209,430101,430100,801181.SI,房地产开发,1,430000,SW2021,2015-10-27 15:29:00
600377,600377.SH,20220101,99991231,20210730,420901,420900,801179.SI,铁路公路,1,420000,SW2021,2025-10-15 10:57:00
600378,600378.SH,20220101,99991231,20210730,220311,220300,801034.SI,化学制品,1,220000,SW2021,2024-01-19 09:02:00
600379,600379.SH,20220101,99991231,20210730,630801,630800,801738.SI,电网设备,1,630000,SW2021,2025-10-15 10:57:00
600380,600380.SH,20220101,99991231,20110110,370102,370100,801151.SI,化学制药,1,370000,SW2021,2015-10-27 15:29:00
600381,600381.SH,20220101,99991231,20210730,340407,340400,801124.SI,食品加工,1,340000,SW2021,2021-07-31 16:18:00
600382,600382.SH,20220101,20220728,20180713,510101,510100,801231.SI,综合Ⅱ,1,510000,SW2021,2019-08-09 15:40:00
600382,600382.SH,20220729,99991231,20220729,230301,230300,801043.SI,冶钢原料,1,230000,SW2021,2025-01-08 14:36:00
600383,600383.SH,20220101,99991231,20010208,430101,430100,801181.SI,房地产开发,1,430000,SW2021,2015-10-27 15:29:00
600385,600385.SH,20220101,99991231,20210730,370102,370100,801151.SI,化学制药,1,370000,SW2021,2021-07-31 16:18:00
600386,600386.SH,20220101,99991231,20210730,280302,280300,801092.SI,汽车服务,1,280000,SW2021,2025-01-08 14:36:00
600387,600387.SH,20220101,99991231,20210730,750302,750300,801963.SI,炼化及贸易,1,750000,SW2021,2021-07-31 16:18:00
600388,600388.SH,20220101,20220728,20210730,760101,760100,801971.SI,环境治理,1,760000,SW2021,2021-07-31 16:18:00
600388,600388.SH,20220729,99991231,20220729,760201,760200,801972.SI,环保设备Ⅱ,1,760000,SW2021,2026-04-27 15:47:00
600389,600389.SH,20220101,99991231,20210730,220803,220800,801038.SI,农化制品,1,220000,SW2021,2021-08-02 09:05:00
600390,600390.SH,20220101,99991231,20210730,490302,490300,801191.SI,多元金融,1,490000,SW2021,2024-05-08 14:16:00
600391,600391.SH,20220101,99991231,20140221,650201,650200,801742.SI,航空装备Ⅱ,1,650000,SW2021,2024-09-27 12:41:00
600392,600392.SH,20220101,99991231,20140221,240501,240500,801054.SI,小金属,1,240000,SW2021,2024-09-27 12:41:00
600393,600393.SH,20220101,99991231,20010319,430101,430100,801181.SI,房地产开发,1,430000,SW2021,2015-10-27 15:28:00
600395,600395.SH,20220101,99991231,20210730,740102,740100,801951.SI,煤炭开采,1,740000,SW2021,2025-10-15 10:57:00
600396,600396.SH,20220101,99991231,20170526,410101,410100,801161.SI,电力,1,410000,SW2021,2019-08-09 15:38:00
600397,600397.SH,20220101,99991231,20210730,740101,740100,801951.SI,煤炭开采,1,740000,SW2021,2025-10-15 10:57:00
600398,600398.SH,20220101,99991231,20210730,350209,350200,801132.SI,服装家纺,1,350000,SW2021,2025-01-24 16:29:00
600399,600399.SH,20220101,99991231,20210730,230501,230500,801045.SI,特钢Ⅱ,1,230000,SW2021,2025-12-03 07:23:00
600400,600400.SH,20220101,99991231,20210730,350209,350200,801132.SI,服装家纺,1,350000,SW2021,2024-01-24 15:48:00
600401,600401.SH,20220101,99991231,20140221,630303,630300,801733.SI,其他电源设备Ⅱ,1,630000,SW2021,2024-09-27 12:41:00
600403,600403.SH,20220101,99991231,20210730,740101,740100,801951.SI,煤炭开采,1,740000,SW2021,2025-10-15 10:57:00
600405,600405.SH,20220101,99991231,20210730,630306,630300,801733.SI,其他电源设备Ⅱ,1,630000,SW2021,2025-10-15 10:57:00
600406,600406.SH,20220101,99991231,20210730,630803,630800,801738.SI,电网设备,1,630000,SW2021,2025-11-10 13:32:00
600408,600408.SH,20220101,99991231,20210730,740201,740200,801952.SI,焦炭Ⅱ,1,740000,SW2021,2025-10-15 10:57:00
600409,600409.SH,20220101,20220728,20210730,220403,220400,801032.SI,化学纤维,1,220000,SW2021,2022-03-14 09:01:00
600409,600409.SH,20220729,99991231,20220729,220201,220200,801033.SI,化学原料,1,220000,SW2021,2026-02-26 16:27:00
600410,600410.SH,20220101,99991231,20210730,710301,710300,801103.SI,IT服务Ⅱ,1,710000,SW2021,2021-07-31 16:18:00
600415,600415.SH,20220101,99991231,20210730,450304,450300,801203.SI,一般零售,1,450000,SW2021,2026-01-21 08:49:00
600416,600416.SH,20220101,20240729,20210730,630601,630600,801736.SI,风电设备,1,630000,SW2021,2023-04-19 17:19:00
600416,600416.SH,20240730,99991231,20240730,630101,630100,801731.SI,电机Ⅱ,1,630000,SW2021,2025-10-15 10:57:00
600418,600418.SH,20220101,99991231,20210730,280601,280600,801096.SI,商用车,1,280000,SW2021,2026-04-14 11:02:00
600419,600419.SH,20220101,99991231,20210730,340702,340700,801127.SI,饮料乳品,1,340000,SW2021,2025-09-11 10:52:00
600420,600420.SH,20220101,99991231,20110110,370102,370100,801151.SI,化学制药,1,370000,SW2021,2015-10-27 15:29:00
600421,600421.SH,20220101,99991231,20210730,640108,640100,801072.SI,通用设备,1,640000,SW2021,2025-10-15 10:57:00
600422,600422.SH,20220101,99991231,20001206,370201,370200,801155.SI,中药Ⅱ,1,370000,SW2021,2015-10-27 15:29:00
600423,600423.SH,20220101,20240729,20210730,220801,220800,801038.SI,农化制品,1,220000,SW2021,2021-07-31 16:18:00
600423,600423.SH,20240730,99991231,20240730,220204,220200,801033.SI,化学原料,1,220000,SW2021,2024-07-30 12:45:00
600425,600425.SH,20220101,99991231,20140221,610101,610100,801711.SI,水泥,1,610000,SW2021,2024-09-27 12:41:00
600426,600426.SH,20220101,20220728,20210730,220205,220200,801033.SI,化学原料,1,220000,SW2021,2022-01-01 15:33:00
600426,600426.SH,20220729,99991231,20220729,220801,220800,801038.SI,农化制品,1,220000,SW2021,2024-01-19 09:02:00
600428,600428.SH,20220101,99991231,20210730,421101,421100,801992.SI,航运港口,1,420000,SW2021,2025-10-15 10:57:00
600429,600429.SH,20220101,99991231,20210730,340702,340700,801127.SI,饮料乳品,1,340000,SW2021,2025-09-11 10:52:00
600432,600432.SH,20220101,99991231,20140221,240504,240500,801054.SI,小金属,1,240000,SW2021,2024-09-27 12:41:00
600433,600433.SH,20220101,99991231,20210730,360103,360100,801143.SI,造纸,1,360000,SW2021,2021-07-31 16:18:00
600435,600435.SH,20220101,99991231,20140221,650301,650300,801743.SI,地面兵装Ⅱ,1,650000,SW2021,2024-09-27 12:41:00
600436,600436.SH,20220101,99991231,20030616,370201,370200,801155.SI,中药Ⅱ,1,370000,SW2021,2015-10-27 15:29:00
600438,600438.SH,20220101,99991231,20210730,630501,630500,801735.SI,光伏设备,1,630000,SW2021,2025-12-10 10:17:00
600439,600439.SH,20220101,99991231,20210730,350303,350300,801133.SI,饰品,1,350000,SW2021,2021-07-31 16:18:00
600444,600444.SH,20220101,99991231,20170629,640209,640200,801074.SI,专用设备,1,640000,SW2021,2019-08-09 15:39:00
600446,600446.SH,20220101,99991231,20210730,710301,710300,801103.SI,IT服务Ⅱ,1,710000,SW2021,2022-02-10 14:27:00
600448,600448.SH,20220101,99991231,20010903,350104,350100,801131.SI,纺织制造,1,350000,SW2021,2015-10-27 15:29:00
600449,600449.SH,20220101,99991231,20140221,610101,610100,801711.SI,水泥,1,610000,SW2021,2024-09-27 12:41:00
600452,600452.SH,20220101,99991231,20210730,410110,410100,801161.SI,电力,1,410000,SW2021,2025-10-15 10:57:00
600455,600455.SH,20220101,99991231,20210730,710401,710400,801104.SI,软件开发,1,710000,SW2021,2021-07-31 16:18:00
600456,600456.SH,20220101,99991231,20140221,240504,240500,801054.SI,小金属,1,240000,SW2021,2024-09-27 12:41:00
600458,600458.SH,20220101,20240729,20210730,630602,630600,801736.SI,风电设备,1,630000,SW2021,2021-07-31 16:18:00
600458,600458.SH,20240730,99991231,20240730,640501,640500,801076.SI,轨交设备Ⅱ,1,640000,SW2021,2025-10-15 10:57:00
600459,600459.SH,20220101,99991231,20140221,240504,240500,801054.SI,小金属,1,240000,SW2021,2024-09-27 12:41:00
600460,600460.SH,20220101,99991231,20210730,270102,270100,801081.SI,半导体,1,270000,SW2021,2022-03-28 11:47:00
600461,600461.SH,20220101,99991231,20210730,760102,760100,801971.SI,环境治理,1,760000,SW2021,2026-04-02 13:26:00
600462,600462.SH,20220101,99991231,20210730,730206,730200,801102.SI,通信设备,1,730000,SW2021,2021-07-31 16:18:00
600463,600463.SH,20220101,99991231,20210730,430103,430100,801181.SI,房地产开发,1,430000,SW2021,2021-07-31 16:18:00
600466,600466.SH,20220101,99991231,20080602,430101,430100,801181.SI,房地产开发,1,430000,SW2021,2016-06-23 19:02:00
600467,600467.SH,20220101,99991231,20040401,110202,110200,801015.SI,渔业,1,110000,SW2021,2015-10-27 15:29:00
600468,600468.SH,20220101,99991231,20210730,630802,630800,801738.SI,电网设备,1,630000,SW2021,2025-10-15 10:57:00
600469,600469.SH,20220101,99991231,20210730,280204,280200,801093.SI,汽车零部件,1,280000,SW2021,2025-01-08 14:36:00
600470,600470.SH,20220101,99991231,20210730,220802,220800,801038.SI,农化制品,1,220000,SW2021,2021-07-31 16:18:00
600472,600472.SH,20220101,99991231,20050406,240101,240100,,,,,,2015-10-27 15:28:00
600475,600475.SH,20220101,20240729,20210730,630301,630300,801733.SI,其他电源设备Ⅱ,1,630000,SW2021,2024-01-23 15:04:00
600475,600475.SH,20240730,99991231,20240730,410104,410100,801161.SI,电力,1,410000,SW2021,2026-04-02 13:26:00
600476,600476.SH,20220101,99991231,20210730,710301,710300,801103.SI,IT服务Ⅱ,1,710000,SW2021,2021-07-31 16:18:00
600477,600477.SH,20220101,99991231,20140221,620401,620400,801724.SI,专业工程,1,620000,SW2021,2024-09-27 12:41:00
600478,600478.SH,20220101,99991231,20210730,630701,630700,801737.SI,电池,1,630000,SW2021,2025-10-15 10:57:00
600479,600479.SH,20220101,99991231,20040310,370201,370200,801155.SI,中药Ⅱ,1,370000,SW2021,2015-10-27 15:29:00
600480,600480.SH,20220101,99991231,20210730,280205,280200,801093.SI,汽车零部件,1,280000,SW2021,2025-01-08 14:36:00
600481,600481.SH,20220101,20230703,20140221,640105,640100,801072.SI,通用设备,1,640000,SW2021,2024-09-27 12:41:00
600481,600481.SH,20230704,99991231,20230704,630501,630500,801735.SI,光伏设备,1,630000,SW2021,2025-10-21 16:53:00
600482,600482.SH,20220101,20220728,20190709,650401,650400,801744.SI,航海装备Ⅱ,1,650000,SW2021,2021-03-03 15:32:00
600482,600482.SH,20220729,99991231,20220729,630306,630300,801733.SI,其他电源设备Ⅱ,1,630000,SW2021,2025-10-15 10:57:00
600483,600483.SH,20220101,99991231,20210730,410110,410100,801161.SI,电力,1,410000,SW2021,2025-10-15 10:57:00
600485,600485.SH,20220101,99991231,20210730,730103,730100,801223.SI,通信服务,1,730000,SW2021,2021-07-31 16:18:00
600486,600486.SH,20220101,99991231,20210730,220803,220800,801038.SI,农化制品,1,220000,SW2021,2024-03-20 21:39:00
600487,600487.SH,20220101,99991231,20210730,730205,730200,801102.SI,通信设备,1,730000,SW2021,2026-06-01 14:47:00
600488,600488.SH,20220101,20220728,20190724,370102,370100,801151.SI,化学制药,1,370000,SW2021,2020-12-04 14:32:00
600488,600488.SH,20220729,99991231,20220729,370101,370100,801151.SI,化学制药,1,370000,SW2021,2022-07-29 11:54:00
600489,600489.SH,20220101,99991231,20140221,240401,240400,801053.SI,贵金属,1,240000,SW2021,2024-09-27 12:41:00
600490,600490.SH,20220101,99991231,20140221,240302,240300,801055.SI,工业金属,1,240000,SW2021,2024-09-27 12:41:00
600491,600491.SH,20220101,99991231,20140221,620101,620100,801721.SI,房屋建设Ⅱ,1,620000,SW2021,2024-09-27 12:41:00
600493,600493.SH,20220101,99991231,20040420,350102,350100,801131.SI,纺织制造,1,350000,SW2021,2015-10-27 15:28:00
600495,600495.SH,20220101,99991231,20140221,640501,640500,801076.SI,轨交设备Ⅱ,1,640000,SW2021,2024-09-27 12:41:00
600496,600496.SH,20220101,99991231,20140221,620401,620400,801724.SI,专业工程,1,620000,SW2021,2024-09-27 12:41:00
600497,600497.SH,20220101,99991231,20140221,240303,240300,801055.SI,工业金属,1,240000,SW2021,2024-09-27 12:41:00
600498,600498.SH,20220101,99991231,20210730,730204,730200,801102.SI,通信设备,1,730000,SW2021,2025-10-15 10:57:00
600499,600499.SH,20220101,99991231,20140221,640209,640200,801074.SI,专用设备,1,640000,SW2021,2024-09-27 12:41:00
600500,600500.SH,20220101,99991231,20180713,220309,220300,801034.SI,化学制品,1,220000,SW2021,2020-03-06 13:55:00
600501,600501.SH,20220101,99991231,20140221,640209,640200,801074.SI,专用设备,1,640000,SW2021,2024-09-27 12:41:00
600502,600502.SH,20220101,20220728,20210730,620101,620100,801721.SI,房屋建设Ⅱ,1,620000,SW2021,2022-05-05 19:38:00
600502,600502.SH,20220729,99991231,20220729,620306,620300,801723.SI,基础建设,1,620000,SW2021,2024-05-15 12:41:00
600503,600503.SH,20220101,99991231,20090101,430101,430100,801181.SI,房地产开发,1,430000,SW2021,2015-10-27 15:29:00
600505,600505.SH,20220101,99991231,20210730,410110,410100,801161.SI,电力,1,410000,SW2021,2025-10-15 10:57:00
600506,600506.SH,20220101,20220728,20110110,110103,110100,801016.SI,种植业,1,110000,SW2021,2015-10-27 15:29:00
600506,600506.SH,20220729,99991231,20220729,750301,750300,801963.SI,炼化及贸易,1,750000,SW2021,2024-05-27 10:52:00
600507,600507.SH,20220101,99991231,20210730,230501,230500,801045.SI,特钢Ⅱ,1,230000,SW2021,2025-01-08 14:36:00
600508,600508.SH,20220101,99991231,20210730,740102,740100,801951.SI,煤炭开采,1,740000,SW2021,2025-10-15 10:57:00
600509,600509.SH,20220101,99991231,20210730,410101,410100,801161.SI,电力,1,410000,SW2021,2025-10-15 10:57:00
600510,600510.SH,20220101,99991231,20190724,430101,430100,801181.SI,房地产开发,1,430000,SW2021,2020-12-16 15:10:00
600511,600511.SH,20220101,99991231,20210730,370402,370400,801154.SI,医药商业,1,370000,SW2021,2021-07-31 16:18:00
600512,600512.SH,20220101,99991231,20210730,620306,620300,801723.SI,基础建设,1,620000,SW2021,2021-07-31 16:18:00
600513,600513.SH,20220101,99991231,20030319,370102,370100,801151.SI,化学制药,1,370000,SW2021,2015-10-27 15:29:00
600515,600515.SH,20220101,20220728,20170629,430101,430100,801181.SI,房地产开发,1,430000,SW2021,2020-12-16 15:10:00
600515,600515.SH,20220729,20230703,20220729,510101,510100,801231.SI,综合Ⅱ,1,510000,SW2021,2023-02-20 17:13:00
600515,600515.SH,20230704,99991231,20230704,430101,430100,801181.SI,房地产开发,1,430000,SW2021,2025-10-15 10:57:00
600516,600516.SH,20220101,99991231,20210730,230302,230300,801043.SI,冶钢原料,1,230000,SW2021,2025-12-03 08:56:00
600517,600517.SH,20220101,20220728,20210730,630801,630800,801738.SI,电网设备,1,630000,SW2021,2021-11-30 13:18:00
600517,600517.SH,20220729,99991231,20220729,490304,490300,801191.SI,多元金融,1,490000,SW2021,2022-10-11 14:52:00
600518,600518.SH,20220101,99991231,20090115,370201,370200,801155.SI,中药Ⅱ,1,370000,SW2021,2015-10-27 15:29:00
600519,600519.SH,20220101,99991231,20210730,340501,340500,801125.SI,白酒Ⅱ,1,340000,SW2021,2022-05-09 14:01:00
600520,600520.SH,20220101,99991231,20170629,640209,640200,801074.SI,专用设备,1,640000,SW2021,2019-08-09 15:39:00
600521,600521.SH,20220101,99991231,20190724,370102,370100,801151.SI,化学制药,1,370000,SW2021,2021-03-03 15:32:00
600522,600522.SH,20220101,99991231,20210730,730205,730200,801102.SI,通信设备,1,730000,SW2021,2026-06-01 14:47:00
600523,600523.SH,20220101,99991231,20210730,280205,280200,801093.SI,汽车零部件,1,280000,SW2021,2025-01-08 14:36:00
600525,600525.SH,20220101,99991231,20210730,630801,630800,801738.SI,电网设备,1,630000,SW2021,2025-10-15 10:57:00
600526,600526.SH,20220101,99991231,20210730,760201,760200,801972.SI,环保设备Ⅱ,1,760000,SW2021,2025-10-15 10:57:00
600527,600527.SH,20220101,99991231,20210730,350106,350100,801131.SI,纺织制造,1,350000,SW2021,2021-07-31 16:18:00
600528,600528.SH,20220101,99991231,20190724,640501,640500,801076.SI,轨交设备Ⅱ,1,640000,SW2021,2021-03-03 15:18:00
600529,600529.SH,20220101,99991231,20210730,370503,370500,801153.SI,医疗器械,1,370000,SW2021,2024-05-09 12:15:00
600530,600530.SH,20220101,99991231,20210730,340407,340400,801124.SI,食品加工,1,340000,SW2021,2021-07-31 16:18:00
600531,600531.SH,20220101,99991231,20140221,240303,240300,801055.SI,工业金属,1,240000,SW2021,2024-09-27 12:41:00
600532,600532.SH,20220101,99991231,20210730,740101,740100,801951.SI,煤炭开采,1,740000,SW2021,2021-07-31 16:18:00
600533,600533.SH,20220101,99991231,20020301,430101,430100,801181.SI,房地产开发,1,430000,SW2021,2015-10-27 15:29:00
600535,600535.SH,20220101,99991231,20020823,370201,370200,801155.SI,中药Ⅱ,1,370000,SW2021,2015-10-27 15:29:00
600536,600536.SH,20220101,99991231,20210730,710301,710300,801103.SI,IT服务Ⅱ,1,710000,SW2021,2021-07-31 16:18:00
600537,600537.SH,20220101,99991231,20210730,630502,630500,801735.SI,光伏设备,1,630000,SW2021,2025-10-15 10:57:00
600538,600538.SH,20220101,99991231,20210730,370402,370400,801154.SI,医药商业,1,370000,SW2021,2021-07-31 16:18:00
600539,600539.SH,20220101,20220728,20210730,510101,510100,801231.SI,综合Ⅱ,1,510000,SW2021,2021-07-31 16:18:00
600539,600539.SH,20220729,99991231,20220729,450603,450600,801206.SI,互联网电商,1,450000,SW2021,2022-07-29 11:54:00
600540,600540.SH,20220101,99991231,20040102,110103,110100,801016.SI,种植业,1,110000,SW2021,2015-10-27 15:29:00
600543,600543.SH,20220101,99991231,20210730,340602,340600,801126.SI,非白酒,1,340000,SW2021,2021-07-31 16:18:00
600545,600545.SH,20220101,99991231,20171222,640206,640200,801074.SI,专用设备,1,640000,SW2021,2019-08-09 15:39:00
600546,600546.SH,20220101,99991231,20210730,740101,740100,801951.SI,煤炭开采,1,740000,SW2021,2025-10-15 10:57:00
600547,600547.SH,20220101,99991231,20140221,240401,240400,801053.SI,贵金属,1,240000,SW2021,2024-09-27 12:41:00
600548,600548.SH,20220101,99991231,20210730,420901,420900,801179.SI,铁路公路,1,420000,SW2021,2025-10-15 10:57:00
600549,600549.SH,20220101,99991231,20140221,240502,240500,801054.SI,小金属,1,240000,SW2021,2024-09-27 12:41:00
600550,600550.SH,20220101,99991231,20210730,630801,630800,801738.SI,电网设备,1,630000,SW2021,2025-10-15 10:57:00
600551,600551.SH,20220101,99991231,20210730,720902,720900,801769.SI,出版,1,720000,SW2021,2025-10-15 10:57:00
600552,600552.SH,20220101,99991231,20180713,270301,270300,801084.SI,光学光电子,1,270000,SW2021,2021-07-22 08:56:00
600553,600553.SH,20220101,99991231,20020822,250102,250100,,,,,,2015-10-27 15:29:00
600555,600555.SH,20220101,99991231,20210730,461004,461000,801993.SI,旅游及景区,1,460000,SW2021,2021-07-31 16:18:00
600556,600556.SH,20220101,99991231,20210730,720501,720500,801765.SI,广告营销,1,720000,SW2021,2025-10-15 10:57:00
600557,600557.SH,20220101,99991231,20020918,370201,370200,801155.SI,中药Ⅱ,1,370000,SW2021,2015-10-27 15:29:00
600558,600558.SH,20220101,99991231,20210730,640108,640100,801072.SI,通用设备,1,640000,SW2021,2025-10-15 10:57:00
600559,600559.SH,20220101,99991231,20210730,340501,340500,801125.SI,白酒Ⅱ,1,340000,SW2021,2024-12-04 10:24:00
600560,600560.SH,20220101,99991231,20140221,640203,640200,801074.SI,专用设备,1,640000,SW2021,2024-09-27 12:41:00
600561,600561.SH,20220101,99991231,20210730,420902,420900,801179.SI,铁路公路,1,420000,SW2021,2025-10-15 10:57:00
600562,600562.SH,20220101,99991231,20210730,650501,650500,801745.SI,军工电子Ⅱ,1,650000,SW2021,2025-10-26 19:48:00
600563,600563.SH,20220101,99991231,20111010,270203,270200,801083.SI,元件,1,270000,SW2021,2015-10-27 15:28:00
600565,600565.SH,20220101,99991231,20110110,430101,430100,801181.SI,房地产开发,1,430000,SW2021,2015-10-27 15:28:00
600566,600566.SH,20220101,99991231,20180713,370201,370200,801155.SI,中药Ⅱ,1,370000,SW2021,2020-02-24 23:01:00
600567,600567.SH,20220101,99991231,20210730,360102,360100,801143.SI,造纸,1,360000,SW2021,2026-02-26 16:27:00
600568,600568.SH,20220101,99991231,20210730,370604,370600,801156.SI,医疗服务,1,370000,SW2021,2021-07-31 16:18:00
600569,600569.SH,20220101,99991231,20210730,230402,230400,801044.SI,普钢,1,230000,SW2021,2025-01-08 14:36:00
600570,600570.SH,20220101,99991231,20210730,710401,710400,801104.SI,软件开发,1,710000,SW2021,2021-07-31 16:18:00
600571,600571.SH,20220101,99991231,20210730,710301,710300,801103.SI,IT服务Ⅱ,1,710000,SW2021,2023-04-03 14:29:00
600572,600572.SH,20220101,99991231,20040409,370201,370200,801155.SI,中药Ⅱ,1,370000,SW2021,2015-10-27 15:29:00
600573,600573.SH,20220101,99991231,20210730,340601,340600,801126.SI,非白酒,1,340000,SW2021,2021-07-31 16:18:00
600575,600575.SH,20220101,20220728,20210730,420903,420900,801179.SI,铁路公路,1,420000,SW2021,2021-07-31 16:18:00
600575,600575.SH,20220729,99991231,20220729,740101,740100,801951.SI,煤炭开采,1,740000,SW2021,2025-10-15 10:57:00
600576,600576.SH,20220101,20230703,20210730,720601,720600,801766.SI,影视院线,1,720000,SW2021,2021-07-31 16:18:00
600576,600576.SH,20230704,99991231,20230704,461003,461000,801993.SI,旅游及景区,1,460000,SW2021,2025-03-18 18:11:00
600577,600577.SH,20220101,99991231,20210730,630805,630800,801738.SI,电网设备,1,630000,SW2021,2025-10-15 10:57:00
600578,600578.SH,20220101,99991231,20170629,410101,410100,801161.SI,电力,1,410000,SW2021,2018-06-20 15:08:00
600579,600579.SH,20220101,99991231,20140221,640209,640200,801074.SI,专用设备,1,640000,SW2021,2024-09-27 12:41:00
600580,600580.SH,20220101,99991231,20140221,630101,630100,801731.SI,电机Ⅱ,1,630000,SW2021,2024-09-27 12:41:00
600581,600581.SH,20220101,99991231,20210730,230402,230400,801044.SI,普钢,1,230000,SW2021,2025-01-08 14:36:00
600582,600582.SH,20220101,99991231,20140221,640203,640200,801074.SI,专用设备,1,640000,SW2021,2024-09-27 12:41:00
600583,600583.SH,20220101,99991231,20210730,750202,750200,801962.SI,油服工程,1,750000,SW2021,2026-02-26 16:27:00
600584,600584.SH,20220101,99991231,20210730,270107,270100,801081.SI,半导体,1,270000,SW2021,2021-07-31 16:18:00
600585,600585.SH,20220101,99991231,20140221,610101,610100,801711.SI,水泥,1,610000,SW2021,2024-09-27 12:41:00
600586,600586.SH,20220101,99991231,20140221,610201,610200,801712.SI,玻璃玻纤,1,610000,SW2021,2024-09-27 12:41:00
600587,600587.SH,20220101,99991231,20210730,370502,370500,801153.SI,医疗器械,1,370000,SW2021,2021-07-31 16:18:00
600588,600588.SH,20220101,99991231,20210730,710402,710400,801104.SI,软件开发,1,710000,SW2021,2021-07-31 16:18:00
600589,600589.SH,20220101,20240722,20210730,220501,220500,801036.SI,塑料,1,220000,SW2021,2021-07-31 16:18:00
600589,600589.SH,20240723,99991231,20240723,710301,710300,801103.SI,IT服务Ⅱ,1,710000,SW2021,2025-01-08 14:36:00
600590,600590.SH,20220101,20220728,20210730,630803,630800,801738.SI,电网设备,1,630000,SW2021,2021-11-30 13:18:00
600590,600590.SH,20220729,99991231,20220729,650501,650500,801745.SI,军工电子Ⅱ,1,650000,SW2021,2025-10-15 10:57:00
600591,600591.SH,20220101,99991231,20021001,420401,420400,,,,,,2015-10-27 15:28:00
600592,600592.SH,20220101,99991231,20210730,640108,640100,801072.SI,通用设备,1,640000,SW2021,2025-10-15 10:57:00
600593,600593.SH,20220101,99991231,20210730,461002,461000,801993.SI,旅游及景区,1,460000,SW2021,2023-02-20 17:31:00
600594,600594.SH,20220101,99991231,20040319,370201,370200,801155.SI,中药Ⅱ,1,370000,SW2021,2015-10-27 15:29:00
600595,600595.SH,20220101,99991231,20140221,240301,240300,801055.SI,工业金属,1,240000,SW2021,2024-09-27 12:41:00
600596,600596.SH,20220101,20230703,20210730,220316,220300,801034.SI,化学制品,1,220000,SW2021,2021-07-31 16:18:00
600596,600596.SH,20230704,99991231,20230704,220803,220800,801038.SI,农化制品,1,220000,SW2021,2023-07-04 15:14:00
600597,600597.SH,20220101,99991231,20210730,340702,340700,801127.SI,饮料乳品,1,340000,SW2021,2025-09-11 10:52:00
600598,600598.SH,20220101,99991231,20110110,110102,110100,801016.SI,种植业,1,110000,SW2021,2024-06-14 23:03:00
600599,600599.SH,20220101,99991231,20210730,490302,490300,801191.SI,多元金融,1,490000,SW2021,2021-07-31 16:18:00
600600,600600.SH,20220101,99991231,20210730,340601,340600,801126.SI,非白酒,1,340000,SW2021,2025-09-11 10:52:00
600601,600601.SH,20220101,99991231,20190724,270202,270200,801083.SI,元件,1,270000,SW2021,2019-08-09 15:38:00
600602,600602.SH,20220101,99991231,20210730,710401,710400,801104.SI,软件开发,1,710000,SW2021,2021-07-31 16:18:00
600603,600603.SH,20220101,20250810,20210730,430101,430100,801181.SI,房地产开发,1,430000,SW2021,2025-01-24 16:29:00
600603,600603.SH,20250811,99991231,20250811,420802,420800,801178.SI,物流,1,420000,SW2021,2025-10-15 11:14:00
600604,600604.SH,20220101,99991231,20210730,430103,430100,801181.SI,房地产开发,1,430000,SW2021,2021-07-31 16:18:00
600605,600605.SH,20220101,99991231,20210730,450304,450300,801203.SI,一般零售,1,450000,SW2021,2021-07-31 16:18:00
600606,600606.SH,20220101,99991231,19920327,430101,430100,801181.SI,房地产开发,1,430000,SW2021,2015-10-27 15:29:00
600607,600607.SH,20220101,99991231,19920327,370201,370200,801155.SI,中药Ⅱ,1,370000,SW2021,2015-10-27 15:29:00
600608,600608.SH,20220101,99991231,20180713,450201,450200,801202.SI,贸易Ⅱ,1,450000,SW2021,2019-08-09 15:40:00
600609,600609.SH,20220101,99991231,20210730,280202,280200,801093.SI,汽车零部件,1,280000,SW2021,2025-01-08 14:36:00
600610,600610.SH,20220101,99991231,20210730,220204,220200,801033.SI,化学原料,1,220000,SW2021,2021-07-31 16:18:00
600611,600611.SH,20220101,99991231,20210730,420902,420900,801179.SI,铁路公路,1,420000,SW2021,2025-10-15 10:57:00
600612,600612.SH,20220101,99991231,20210730,350301,350300,801133.SI,饰品,1,350000,SW2021,2024-12-04 10:24:00
600613,600613.SH,20220101,99991231,20190724,370102,370100,801151.SI,化学制药,1,370000,SW2021,2020-12-04 14:32:00
600614,600614.SH,20220101,99991231,20210730,240504,240500,801054.SI,小金属,1,240000,SW2021,2021-07-31 16:18:00
600615,600615.SH,20220101,20220728,20210730,240504,240500,801054.SI,小金属,1,240000,SW2021,2021-07-31 16:18:00
600615,600615.SH,20220729,99991231,20220729,240301,240300,801055.SI,工业金属,1,240000,SW2021,2025-01-08 14:36:00
600616,600616.SH,20220101,99991231,20210730,340602,340600,801126.SI,非白酒,1,340000,SW2021,2021-07-31 16:18:00
600617,600617.SH,20220101,99991231,20140101,410301,410300,801163.SI,燃气Ⅱ,1,410000,SW2021,2015-10-27 15:28:00
600618,600618.SH,20220101,99991231,19921113,220202,220200,801033.SI,化学原料,1,220000,SW2021,2015-10-27 15:29:00
600619,600619.SH,20220101,99991231,20210730,330601,330600,801116.SI,家电零部件Ⅱ,1,330000,SW2021,2021-07-31 16:18:00
600620,600620.SH,20220101,99991231,20180619,510101,510100,801231.SI,综合Ⅱ,1,510000,SW2021,2024-07-29 11:30:00
600621,600621.SH,20220101,99991231,20190724,490101,490100,801193.SI,证券Ⅱ,1,490000,SW2021,2021-03-03 15:37:00
600622,600622.SH,20220101,99991231,20140101,430101,430100,801181.SI,房地产开发,1,430000,SW2021,2015-10-27 15:29:00
600623,600623.SH,20220101,99991231,20210730,220205,220200,801033.SI,化学原料,1,220000,SW2021,2021-07-31 16:18:00
600624,600624.SH,20220101,99991231,20210730,370102,370100,801151.SI,化学制药,1,370000,SW2021,2022-10-11 14:53:00
600625,600625.SH,20220101,99991231,19930106,330103,330100,801111.SI,白色家电,1,330000,SW2021,2015-10-27 15:28:00
600626,600626.SH,20220101,99991231,20210730,280202,280200,801093.SI,汽车零部件,1,280000,SW2021,2025-01-08 14:36:00
600627,600627.SH,20220101,99991231,19930118,260404,260400,,,,,,2015-10-27 15:29:00
600628,600628.SH,20220101,99991231,20140221,450301,450300,801203.SI,一般零售,1,450000,SW2021,2024-09-27 12:41:00
600629,600629.SH,20220101,99991231,20210730,620601,620600,801726.SI,工程咨询服务Ⅱ,1,620000,SW2021,2021-08-25 10:04:00
600630,600630.SH,20220101,99991231,20210730,350209,350200,801132.SI,服装家纺,1,350000,SW2021,2021-07-31 16:18:00
600631,600631.SH,20220101,99991231,19930219,450101,450100,,,,,,2015-10-27 15:28:00
600632,600632.SH,20220101,99991231,19930219,450101,450100,,,,,,2015-10-27 15:29:00
600633,600633.SH,20220101,99991231,20210730,720401,720400,801764.SI,游戏Ⅱ,1,720000,SW2021,2025-10-15 10:57:00
600634,600634.SH,20220101,99991231,20210730,720401,720400,801764.SI,游戏Ⅱ,1,720000,SW2021,2021-07-31 16:18:00
600635,600635.SH,20220101,99991231,20150118,410301,410300,801163.SI,燃气Ⅱ,1,410000,SW2021,2019-08-09 15:39:00
600636,600636.SH,20220101,99991231,20210730,461103,461100,801994.SI,教育,1,460000,SW2021,2025-01-08 14:36:00
600637,600637.SH,20220101,99991231,20210730,721001,721000,801995.SI,电视广播Ⅱ,1,720000,SW2021,2025-10-15 10:57:00
600638,600638.SH,20220101,99991231,19930326,430101,430100,801181.SI,房地产开发,1,430000,SW2021,2015-10-27 15:29:00
600639,600639.SH,20220101,99991231,20210730,430103,430100,801181.SI,房地产开发,1,430000,SW2021,2025-01-24 16:29:00
600640,600640.SH,20220101,20220728,20210730,720701,720700,801767.SI,数字媒体,1,720000,SW2021,2021-07-31 16:18:00
600640,600640.SH,20220729,20250925,20220729,720501,720500,801765.SI,广告营销,1,720000,SW2021,2022-07-29 11:54:00
600640,600640.SH,20250926,99991231,20250926,720706,720700,801767.SI,数字媒体,1,720000,SW2021,2025-10-17 14:23:00
600641,600641.SH,20220101,99991231,19930407,430101,430100,801181.SI,房地产开发,1,430000,SW2021,2015-10-27 15:29:00
600642,600642.SH,20220101,99991231,19930416,410101,410100,801161.SI,电力,1,410000,SW2021,2015-10-27 15:29:00
600643,600643.SH,20220101,99991231,20210730,490302,490300,801191.SI,多元金融,1,490000,SW2021,2021-08-25 10:03:00
600644,600644.SH,20220101,99991231,20210730,410110,410100,801161.SI,电力,1,410000,SW2021,2025-10-15 10:57:00
600645,600645.SH,20220101,99991231,20210730,370504,370500,801153.SI,医疗器械,1,370000,SW2021,2021-07-31 16:18:00
600646,600646.SH,20220101,99991231,19930504,470201,470200,,,,,,2015-10-27 15:28:00
600647,600647.SH,20220101,20230703,20210730,510101,510100,801231.SI,综合Ⅱ,1,510000,SW2021,2021-07-31 16:18:00
600647,600647.SH,20230704,99991231,20230704,430101,430100,801181.SI,房地产开发,1,430000,SW2021,2023-07-04 15:14:00
600648,600648.SH,20220101,99991231,20210730,430103,430100,801181.SI,房地产开发,1,430000,SW2021,2021-07-31 16:18:00
600649,600649.SH,20220101,99991231,20100101,430101,430100,801181.SI,房地产开发,1,430000,SW2021,2015-10-27 15:28:00
600650,600650.SH,20220101,99991231,20210730,420902,420900,801179.SI,铁路公路,1,420000,SW2021,2025-10-15 10:57:00
600651,600651.SH,20220101,20240729,20170629,270302,270300,801084.SI,光学光电子,1,270000,SW2021,2019-08-09 15:38:00
600651,600651.SH,20240730,99991231,20240730,280206,280200,801093.SI,汽车零部件,1,280000,SW2021,2025-01-08 14:36:00
600652,600652.SH,20220101,99991231,20210730,720401,720400,801764.SI,游戏Ⅱ,1,720000,SW2021,2021-07-31 16:18:00
600653,600653.SH,20220101,99991231,20210730,280302,280300,801092.SI,汽车服务,1,280000,SW2021,2025-01-08 14:36:00
600654,600654.SH,20220101,99991231,20210730,710401,710400,801104.SI,软件开发,1,710000,SW2021,2021-07-31 16:18:00
600655,600655.SH,20220101,99991231,20210730,450304,450300,801203.SI,一般零售,1,450000,SW2021,2024-12-04 10:24:00
600656,600656.SH,20220101,99991231,20140701,410401,410400,,,,,,2015-10-27 15:28:00
600657,600657.SH,20220101,99991231,20090101,430101,430100,801181.SI,房地产开发,1,430000,SW2021,2015-10-27 15:29:00
600658,600658.SH,20220101,99991231,20210730,430103,430100,801181.SI,房地产开发,1,430000,SW2021,2021-07-31 16:18:00
600659,600659.SH,20220101,99991231,19930528,510101,510100,801231.SI,综合Ⅱ,1,510000,SW2021,2015-10-27 15:28:00
600660,600660.SH,20220101,99991231,20210730,280202,280200,801093.SI,汽车零部件,1,280000,SW2021,2025-12-24 16:24:00
600661,600661.SH,20220101,99991231,20210730,461102,461100,801994.SI,教育,1,460000,SW2021,2021-07-31 16:18:00
600662,600662.SH,20220101,20220728,20210730,420902,420900,801179.SI,铁路公路,1,420000,SW2021,2021-07-31 16:18:00
600662,600662.SH,20220729,99991231,20220729,460801,460800,801218.SI,专业服务,1,460000,SW2021,2022-07-29 11:54:00
600663,600663.SH,20220101,99991231,20210730,430102,430100,801181.SI,房地产开发,1,430000,SW2021,2021-07-31 16:18:00
600664,600664.SH,20220101,99991231,20081007,370102,370100,801151.SI,化学制药,1,370000,SW2021,2015-10-27 15:28:00
600665,600665.SH,20220101,99991231,19930709,430101,430100,801181.SI,房地产开发,1,430000,SW2021,2015-10-27 15:29:00
600666,600666.SH,20220101,99991231,20151102,270301,270300,801084.SI,光学光电子,1,270000,SW2021,2016-06-23 19:36:00
600667,600667.SH,20220101,20220728,20210730,270107,270100,801081.SI,半导体,1,270000,SW2021,2021-07-31 16:18:00
600667,600667.SH,20220729,99991231,20220729,620601,620600,801726.SI,工程咨询服务Ⅱ,1,620000,SW2021,2023-04-25 09:32:00
600668,600668.SH,20220101,20220728,20210730,510101,510100,801231.SI,综合Ⅱ,1,510000,SW2021,2021-07-31 16:18:00
600668,600668.SH,20220729,99991231,20220729,610101,610100,801711.SI,水泥,1,610000,SW2021,2023-12-07 10:03:00
600669,600669.SH,20220101,99991231,20060901,510101,510100,801231.SI,综合Ⅱ,1,510000,SW2021,2015-10-27 15:28:00
600670,600670.SH,20220101,99991231,19930809,370301,370300,801152.SI,生物制品,1,370000,SW2021,2015-10-27 15:28:00
600671,600671.SH,20220101,99991231,19930823,370201,370200,801155.SI,中药Ⅱ,1,370000,SW2021,2015-10-27 15:29:00
600672,600672.SH,20220101,99991231,19930917,110601,110600,,,,,,2015-10-27 15:28:00
600673,600673.SH,20220101,20220728,20190724,370102,370100,801151.SI,化学制药,1,370000,SW2021,2020-12-04 14:32:00
600673,600673.SH,20220729,20230703,20220729,240301,240300,801055.SI,工业金属,1,240000,SW2021,2023-06-26 08:42:00
600673,600673.SH,20230704,99991231,20230704,510101,510100,801231.SI,综合Ⅱ,1,510000,SW2021,2026-03-18 13:48:00
600674,600674.SH,20220101,99991231,20110110,410102,410100,801161.SI,电力,1,410000,SW2021,2015-10-27 15:28:00
600675,600675.SH,20220101,99991231,19930924,430101,430100,801181.SI,房地产开发,1,430000,SW2021,2015-10-27 15:29:00
600676,600676.SH,20220101,20240729,20210730,510101,510100,801231.SI,综合Ⅱ,1,510000,SW2021,2024-07-29 11:30:00
600676,600676.SH,20240730,99991231,20240730,280303,280300,801092.SI,汽车服务,1,280000,SW2021,2024-07-30 12:45:00
600677,600677.SH,20220101,99991231,20140221,650101,650100,801741.SI,航天装备Ⅱ,1,650000,SW2021,2024-09-27 12:41:00
600678,600678.SH,20220101,99991231,20210730,610101,610100,801711.SI,水泥,1,610000,SW2021,2023-12-07 10:03:00
600679,600679.SH,20220101,99991231,20140221,280401,280400,801881.SI,摩托车及其他,1,280000,SW2021,2024-09-27 12:41:00
600680,600680.SH,20220101,99991231,20170629,730201,730200,801102.SI,通信设备,1,730000,SW2021,2019-05-06 15:53:00
600681,600681.SH,20220101,99991231,20170526,410301,410300,801163.SI,燃气Ⅱ,1,410000,SW2021,2019-03-01 13:01:00
600682,600682.SH,20220101,20230703,20210730,370304,370300,801152.SI,生物制品,1,370000,SW2021,2024-07-29 11:30:00
600682,600682.SH,20230704,99991231,20230704,510101,510100,801231.SI,综合Ⅱ,1,510000,SW2021,2024-07-29 11:30:00
600683,600683.SH,20220101,99991231,20110110,430101,430100,801181.SI,房地产开发,1,430000,SW2021,2015-10-27 15:29:00
600684,600684.SH,20220101,20240229,19931028,430101,430100,801181.SI,房地产开发,1,430000,SW2021,2015-10-27 15:29:00
600684,600684.SH,20240301,99991231,20240301,430303,430300,801183.SI,房地产服务,1,430000,SW2021,2024-03-01 13:26:00
600685,600685.SH,20220101,99991231,20140221,650401,650400,801744.SI,航海装备Ⅱ,1,650000,SW2021,2024-09-27 12:41:00
600686,600686.SH,20220101,99991231,20210730,280602,280600,801096.SI,商用车,1,280000,SW2021,2025-01-08 14:36:00
600687,600687.SH,20220101,99991231,20140221,240401,240400,801053.SI,贵金属,1,240000,SW2021,2024-09-27 12:41:00
600688,600688.SH,20220101,99991231,20210730,750301,750300,801963.SI,炼化及贸易,1,750000,SW2021,2025-09-11 15:39:00
600689,600689.SH,20220101,20220728,20210730,350106,350100,801131.SI,纺织制造,1,350000,SW2021,2024-07-29 11:30:00
600689,600689.SH,20220729,99991231,20220729,510101,510100,801231.SI,综合Ⅱ,1,510000,SW2021,2024-07-29 11:30:00
600690,600690.SH,20220101,99991231,20210730,330106,330100,801111.SI,白色家电,1,330000,SW2021,2021-07-31 16:18:00
600691,600691.SH,20220101,99991231,20210730,220801,220800,801038.SI,农化制品,1,220000,SW2021,2021-07-31 16:18:00
600692,600692.SH,20220101,99991231,20180713,430101,430100,801181.SI,房地产开发,1,430000,SW2021,2020-12-16 15:10:00
600693,600693.SH,20220101,99991231,20140221,450301,450300,801203.SI,一般零售,1,450000,SW2021,2024-09-27 12:41:00
600694,600694.SH,20220101,99991231,20140221,450303,450300,801203.SI,一般零售,1,450000,SW2021,2024-09-27 12:41:00
600695,600695.SH,20220101,99991231,20210730,490307,490300,801191.SI,多元金融,1,490000,SW2021,2021-07-31 16:18:00
600696,600696.SH,20220101,20220728,20210730,510101,510100,801231.SI,综合Ⅱ,1,510000,SW2021,2021-07-31 16:18:00
600696,600696.SH,20220729,99991231,20220729,340501,340500,801125.SI,白酒Ⅱ,1,340000,SW2021,2022-07-29 11:54:00
600697,600697.SH,20220101,99991231,20140221,450303,450300,801203.SI,一般零售,1,450000,SW2021,2024-09-27 12:41:00
600698,600698.SH,20220101,99991231,20210730,280203,280200,801093.SI,汽车零部件,1,280000,SW2021,2025-01-08 14:36:00
600699,600699.SH,20220101,99991231,20210730,280206,280200,801093.SI,汽车零部件,1,280000,SW2021,2026-02-26 16:27:00
600700,600700.SH,20220101,99991231,19960430,510101,510100,801231.SI,综合Ⅱ,1,510000,SW2021,2015-10-27 15:28:00
600701,600701.SH,20220101,99991231,20170629,710201,710200,,,,,,2019-08-09 15:39:00
600702,600702.SH,20220101,99991231,20210730,340501,340500,801125.SI,白酒Ⅱ,1,340000,SW2021,2022-05-09 14:00:00
600703,600703.SH,20220101,99991231,20111010,270302,270300,801084.SI,光学光电子,1,270000,SW2021,2015-10-27 15:29:00
600704,600704.SH,20220101,99991231,20210730,420802,420800,801178.SI,物流,1,420000,SW2021,2025-10-15 10:57:00
600705,600705.SH,20220101,99991231,20210730,490302,490300,801191.SI,多元金融,1,490000,SW2021,2024-04-01 15:27:00
600706,600706.SH,20220101,99991231,20210730,461002,461000,801993.SI,旅游及景区,1,460000,SW2021,2022-02-08 15:57:00
600707,600707.SH,20220101,99991231,19960520,270301,270300,801084.SI,光学光电子,1,270000,SW2021,2015-10-27 15:28:00
600708,600708.SH,20220101,99991231,20151103,430101,430100,801181.SI,房地产开发,1,430000,SW2021,2020-12-16 15:10:00
600709,600709.SH,20220101,99991231,19960618,110202,110200,801015.SI,渔业,1,110000,SW2021,2015-10-27 15:28:00
600710,600710.SH,20220101,99991231,20180713,450201,450200,801202.SI,贸易Ⅱ,1,450000,SW2021,2020-02-28 12:54:00
600711,600711.SH,20220101,99991231,20210730,240601,240600,801056.SI,能源金属,1,240000,SW2021,2025-01-08 14:36:00
600712,600712.SH,20220101,99991231,20140221,450301,450300,801203.SI,一般零售,1,450000,SW2021,2024-09-27 12:41:00
600713,600713.SH,20220101,99991231,20210730,370402,370400,801154.SI,医药商业,1,370000,SW2021,2021-07-31 16:18:00
600714,600714.SH,20220101,99991231,20170629,220203,220200,801033.SI,化学原料,1,220000,SW2021,2019-08-09 15:39:00
600715,600715.SH,20220101,99991231,20210730,720401,720400,801764.SI,游戏Ⅱ,1,720000,SW2021,2025-10-15 10:57:00
600716,600716.SH,20220101,99991231,20100101,430101,430100,801181.SI,房地产开发,1,430000,SW2021,2015-10-27 15:28:00
600717,600717.SH,20220101,99991231,20210730,421102,421100,801992.SI,航运港口,1,420000,SW2021,2025-10-15 10:57:00
600718,600718.SH,20220101,99991231,20210730,710301,710300,801103.SI,IT服务Ⅱ,1,710000,SW2021,2021-07-31 16:18:00
600719,600719.SH,20220101,99991231,19960716,410104,410100,801161.SI,电力,1,410000,SW2021,2015-10-27 15:28:00
600720,600720.SH,20220101,20240118,20140221,610101,610100,801711.SI,水泥,1,610000,SW2021,2024-09-27 12:41:00
600720,600720.SH,20240119,99991231,20240119,620601,620600,801726.SI,工程咨询服务Ⅱ,1,620000,SW2021,2024-01-19 10:48:00
600721,600721.SH,20220101,99991231,20210730,370603,370600,801156.SI,医疗服务,1,370000,SW2021,2021-07-31 16:18:00
600722,600722.SH,20220101,20220728,20210730,220202,220200,801033.SI,化学原料,1,220000,SW2021,2021-07-31 16:18:00
600722,600722.SH,20220729,99991231,20220729,220205,220200,801033.SI,化学原料,1,220000,SW2021,2022-07-29 11:54:00
600723,600723.SH,20220101,99991231,20140221,450301,450300,801203.SI,一般零售,1,450000,SW2021,2024-09-27 12:41:00
600724,600724.SH,20220101,20240729,20210730,610101,610100,801711.SI,水泥,1,610000,SW2021,2021-08-04 10:40:00
600724,600724.SH,20240730,99991231,20240730,430302,430300,801183.SI,房地产服务,1,430000,SW2021,2025-01-08 14:36:00
600725,600725.SH,20220101,99991231,20210730,740201,740200,801952.SI,焦炭Ⅱ,1,740000,SW2021,2025-10-15 10:57:00
600726,600726.SH,20220101,99991231,19960701,410101,410100,801161.SI,电力,1,410000,SW2021,2015-10-27 15:29:00
600727,600727.SH,20220101,99991231,20210730,220206,220200,801033.SI,化学原料,1,220000,SW2021,2021-07-31 16:18:00
600728,600728.SH,20220101,99991231,20210730,710301,710300,801103.SI,IT服务Ⅱ,1,710000,SW2021,2021-07-31 16:18:00
600729,600729.SH,20220101,99991231,20140221,450303,450300,801203.SI,一般零售,1,450000,SW2021,2024-09-27 12:41:00
600730,600730.SH,20220101,99991231,20210730,461102,461100,801994.SI,教育,1,460000,SW2021,2022-10-11 14:53:00
600731,600731.SH,20220101,99991231,20210730,220803,220800,801038.SI,农化制品,1,220000,SW2021,2021-07-31 16:18:00
600732,600732.SH,20220101,99991231,20210730,630502,630500,801735.SI,光伏设备,1,630000,SW2021,2025-10-15 10:57:00
600733,600733.SH,20220101,20220728,20210730,280502,280500,801095.SI,乘用车,1,280000,SW2021,2021-07-31 16:18:00
600733,600733.SH,20220729,99991231,20220729,280501,280500,801095.SI,乘用车,1,280000,SW2021,2025-01-24 16:29:00
600734,600734.SH,20220101,99991231,20210730,730206,730200,801102.SI,通信设备,1,730000,SW2021,2026-06-01 14:47:00
600735,600735.SH,20220101,99991231,20210730,350303,350300,801133.SI,饰品,1,350000,SW2021,2021-07-31 16:18:00
600736,600736.SH,20220101,99991231,20080102,430101,430100,801181.SI,房地产开发,1,430000,SW2021,2015-10-27 15:29:00
600737,600737.SH,20220101,99991231,20170629,110504,110500,801012.SI,农产品加工,1,110000,SW2021,2020-02-24 23:01:00
600738,600738.SH,20220101,99991231,20210730,450301,450300,801203.SI,一般零售,1,450000,SW2021,2021-07-31 16:18:00
600739,600739.SH,20220101,99991231,20210730,370303,370300,801152.SI,生物制品,1,370000,SW2021,2021-07-31 16:18:00
600740,600740.SH,20220101,99991231,20210730,740201,740200,801952.SI,焦炭Ⅱ,1,740000,SW2021,2025-10-15 10:57:00
600741,600741.SH,20220101,99991231,20210730,280202,280200,801093.SI,汽车零部件,1,280000,SW2021,2026-02-26 16:27:00
600742,600742.SH,20220101,99991231,20210730,280202,280200,801093.SI,汽车零部件,1,280000,SW2021,2025-01-08 14:36:00
600743,600743.SH,20220101,99991231,20070702,430101,430100,801181.SI,房地产开发,1,430000,SW2021,2015-10-27 15:29:00
600744,600744.SH,20220101,99991231,19960905,410101,410100,801161.SI,电力,1,410000,SW2021,2015-10-27 15:29:00
600745,600745.SH,20220101,20220728,20210730,270504,270500,801085.SI,消费电子,1,270000,SW2021,2021-07-31 16:18:00
600745,600745.SH,20220729,99991231,20220729,270102,270100,801081.SI,半导体,1,270000,SW2021,2023-04-25 09:32:00
600746,600746.SH,20220101,99991231,20210730,220205,220200,801033.SI,化学原料,1,220000,SW2021,2021-07-31 16:18:00
600747,600747.SH,20220101,99991231,20170629,510101,510100,801231.SI,综合Ⅱ,1,510000,SW2021,2019-08-09 15:40:00
600748,600748.SH,20220101,99991231,20030501,430101,430100,801181.SI,房地产开发,1,430000,SW2021,2017-05-26 10:00:00
600749,600749.SH,20220101,99991231,20210730,461003,461000,801993.SI,旅游及景区,1,460000,SW2021,2021-07-31 16:18:00
600750,600750.SH,20220101,99991231,19960829,370201,370200,801155.SI,中药Ⅱ,1,370000,SW2021,2015-10-27 15:29:00
600751,600751.SH,20220101,20240729,20180713,270401,270400,801082.SI,其他电子Ⅱ,1,270000,SW2021,2019-08-09 15:38:00
600751,600751.SH,20240730,99991231,20240730,421101,421100,801992.SI,航运港口,1,420000,SW2021,2025-01-08 14:36:00
600752,600752.SH,20220101,99991231,19960925,370501,370500,801153.SI,医疗器械,1,370000,SW2021,2015-10-27 15:28:00
600753,600753.SH,20220101,99991231,20210730,420802,420800,801178.SI,物流,1,420000,SW2021,2025-10-15 10:57:00
600754,600754.SH,20220101,99991231,20210730,460901,460900,801219.SI,酒店餐饮,1,460000,SW2021,2024-01-23 17:12:00
600755,600755.SH,20220101,99991231,20210730,420802,420800,801178.SI,物流,1,420000,SW2021,2025-10-15 10:57:00
600756,600756.SH,20220101,99991231,20210730,710301,710300,801103.SI,IT服务Ⅱ,1,710000,SW2021,2021-07-31 16:18:00
600757,600757.SH,20220101,99991231,20210730,720901,720900,801769.SI,出版,1,720000,SW2021,2025-10-15 10:57:00
600758,600758.SH,20220101,99991231,20210730,740102,740100,801951.SI,煤炭开采,1,740000,SW2021,2025-10-15 10:57:00
600759,600759.SH,20220101,99991231,20210730,750101,750100,801961.SI,油气开采Ⅱ,0,750000,SW2021,2021-07-31 16:18:00
600760,600760.SH,20220101,99991231,20180713,650201,650200,801742.SI,航空装备Ⅱ,1,650000,SW2021,2021-03-03 15:32:00
600761,600761.SH,20220101,99991231,20210730,640601,640600,801077.SI,工程机械,1,640000,SW2021,2025-10-15 10:57:00
600762,600762.SH,20220101,99991231,20070702,210301,210300,,,,,,2015-10-27 15:28:00
600763,600763.SH,20220101,99991231,20210730,370604,370600,801156.SI,医疗服务,1,370000,SW2021,2021-07-31 16:18:00
600764,600764.SH,20220101,99991231,20210730,650401,650400,801744.SI,航海装备Ⅱ,1,650000,SW2021,2025-10-15 10:57:00
600765,600765.SH,20220101,99991231,20190724,650201,650200,801742.SI,航空装备Ⅱ,1,650000,SW2021,2021-03-03 15:32:00
600766,600766.SH,20220101,20220728,20140221,240401,240400,801053.SI,贵金属,1,240000,SW2021,2024-09-27 12:41:00
600766,600766.SH,20220729,99991231,20220729,510101,510100,801231.SI,综合Ⅱ,1,510000,SW2021,2022-07-29 11:54:00
600767,600767.SH,20220101,20220728,20210730,370402,370400,801154.SI,医药商业,1,370000,SW2021,2021-07-31 16:18:00
600767,600767.SH,20220729,99991231,20220729,710301,710300,801103.SI,IT服务Ⅱ,1,710000,SW2021,2022-07-29 11:54:00
600768,600768.SH,20220101,99991231,20140221,240301,240300,801055.SI,工业金属,1,240000,SW2021,2024-09-27 12:41:00
600769,600769.SH,20220101,99991231,20210730,760102,760100,801971.SI,环境治理,1,760000,SW2021,2025-10-15 10:57:00
600770,600770.SH,20220101,99991231,20110110,510101,510100,801231.SI,综合Ⅱ,1,510000,SW2021,2024-07-29 11:30:00
600771,600771.SH,20220101,99991231,20170629,370201,370200,801155.SI,中药Ⅱ,1,370000,SW2021,2020-12-04 14:32:00
600772,600772.SH,20220101,99991231,19961104,220103,220100,,,,,,2015-10-27 15:28:00
600773,600773.SH,20220101,99991231,20100101,430101,430100,801181.SI,房地产开发,1,430000,SW2021,2015-10-27 15:29:00
600774,600774.SH,20220101,20220728,20140221,450303,450300,801203.SI,一般零售,1,450000,SW2021,2024-09-27 12:41:00
600774,600774.SH,20220729,99991231,20220729,370102,370100,801151.SI,化学制药,1,370000,SW2021,2022-07-29 11:54:00
600775,600775.SH,20220101,99991231,20210730,730206,730200,801102.SI,通信设备,1,730000,SW2021,2026-06-01 14:47:00
600776,600776.SH,20220101,99991231,20210730,730207,730200,801102.SI,通信设备,1,730000,SW2021,2026-06-01 14:47:00
600777,600777.SH,20220101,99991231,20210730,750101,750100,801961.SI,油气开采Ⅱ,0,750000,SW2021,2021-07-31 16:18:00
600778,600778.SH,20220101,99991231,20140221,450303,450300,801203.SI,一般零售,1,450000,SW2021,2024-09-27 12:41:00
600779,600779.SH,20220101,99991231,20210730,340501,340500,801125.SI,白酒Ⅱ,1,340000,SW2021,2021-07-31 16:18:00
600780,600780.SH,20220101,99991231,20130101,410101,410100,801161.SI,电力,1,410000,SW2021,2015-10-27 15:29:00
600781,600781.SH,20220101,99991231,20190724,370102,370100,801151.SI,化学制药,1,370000,SW2021,2020-12-04 14:32:00
600782,600782.SH,20220101,99991231,20210730,230402,230400,801044.SI,普钢,1,230000,SW2021,2025-01-08 14:36:00
600783,600783.SH,20220101,20220728,20210730,510101,510100,801231.SI,综合Ⅱ,1,510000,SW2021,2021-07-31 16:18:00
600783,600783.SH,20220729,99991231,20220729,640103,640100,801072.SI,通用设备,1,640000,SW2021,2025-10-15 10:57:00
600784,600784.SH,20220101,20250810,20170629,510101,510100,801231.SI,综合Ⅱ,1,510000,SW2021,2024-07-29 11:30:00
600784,600784.SH,20250811,99991231,20250811,220203,220200,801033.SI,化学原料,1,220000,SW2021,2025-08-11 17:30:00
600785,600785.SH,20220101,99991231,20140221,450303,450300,801203.SI,一般零售,1,450000,SW2021,2024-09-27 12:41:00
600786,600786.SH,20220101,99991231,19961227,260403,260400,,,,,,2015-10-27 15:28:00
600787,600787.SH,20220101,99991231,20210730,420806,420800,801178.SI,物流,1,420000,SW2021,2025-10-15 10:57:00
600788,600788.SH,20220101,99991231,19961230,360301,360300,801142.SI,家居用品,1,360000,SW2021,2015-10-27 15:28:00
600789,600789.SH,20220101,99991231,20110110,370102,370100,801151.SI,化学制药,1,370000,SW2021,2015-10-27 15:29:00
600790,600790.SH,20220101,99991231,20210730,450304,450300,801203.SI,一般零售,1,450000,SW2021,2021-07-31 16:18:00
600791,600791.SH,20220101,99991231,20020501,430101,430100,801181.SI,房地产开发,1,430000,SW2021,2015-10-27 15:29:00
600792,600792.SH,20220101,99991231,20210730,740201,740200,801952.SI,焦炭Ⅱ,1,740000,SW2021,2025-10-15 10:57:00
600793,600793.SH,20220101,99991231,20210730,360103,360100,801143.SI,造纸,1,360000,SW2021,2021-07-31 16:18:00
600794,600794.SH,20220101,99991231,20210730,420806,420800,801178.SI,物流,1,420000,SW2021,2025-10-15 10:57:00
600795,600795.SH,20220101,99991231,19970318,410101,410100,801161.SI,电力,1,410000,SW2021,2015-10-27 15:28:00
600796,600796.SH,20220101,20220728,20210730,220803,220800,801038.SI,农化制品,1,220000,SW2021,2021-07-31 16:18:00
600796,600796.SH,20220729,99991231,20220729,760102,760100,801971.SI,环境治理,1,760000,SW2021,2025-10-15 10:57:00
600797,600797.SH,20220101,99991231,20210730,710301,710300,801103.SI,IT服务Ⅱ,1,710000,SW2021,2021-07-31 16:18:00
600798,600798.SH,20220101,99991231,20210730,421101,421100,801992.SI,航运港口,1,420000,SW2021,2025-10-15 10:57:00
600799,600799.SH,20220101,99991231,19990901,470301,470300,,,,,,2015-10-27 15:28:00
600800,600800.SH,20220101,99991231,20210730,750303,750300,801963.SI,炼化及贸易,1,750000,SW2021,2021-07-31 16:18:00
600801,600801.SH,20220101,99991231,20140221,610101,610100,801711.SI,水泥,1,610000,SW2021,2024-09-27 12:41:00
600802,600802.SH,20220101,99991231,20140221,610101,610100,801711.SI,水泥,1,610000,SW2021,2024-09-27 12:41:00
600803,600803.SH,20220101,99991231,20200831,410301,410300,801163.SI,燃气Ⅱ,1,410000,SW2021,2021-03-03 15:31:00
600804,600804.SH,20220101,99991231,20210730,730102,730100,801223.SI,通信服务,1,730000,SW2021,2023-02-02 10:25:00
600805,600805.SH,20220101,99991231,20170629,510101,510100,801231.SI,综合Ⅱ,1,510000,SW2021,2024-07-29 11:30:00
600806,600806.SH,20220101,99991231,20140221,640101,640100,801072.SI,通用设备,1,640000,SW2021,2024-09-27 12:41:00
600807,600807.SH,20220101,20220728,20070702,430101,430100,801181.SI,房地产开发,1,430000,SW2021,2015-10-27 15:29:00
600807,600807.SH,20220729,20240729,20220729,240401,240400,801053.SI,贵金属,1,240000,SW2021,2022-07-29 11:54:00
600807,600807.SH,20240730,99991231,20240730,370504,370500,801153.SI,医疗器械,1,370000,SW2021,2025-01-08 14:36:00
600808,600808.SH,20220101,99991231,20210730,230402,230400,801044.SI,普钢,1,230000,SW2021,2025-01-08 14:36:00
600809,600809.SH,20220101,99991231,20210730,340501,340500,801125.SI,白酒Ⅱ,1,340000,SW2021,2021-07-31 16:18:00
600810,600810.SH,20220101,99991231,20210730,220406,220400,801032.SI,化学纤维,1,220000,SW2021,2025-01-08 14:36:00
600811,600811.SH,20220101,20220728,19940106,510101,510100,801231.SI,综合Ⅱ,1,510000,SW2021,2015-10-27 15:28:00
600811,600811.SH,20220729,99991231,20220729,450201,450200,801202.SI,贸易Ⅱ,1,450000,SW2021,2022-10-11 14:53:00
600812,600812.SH,20220101,99991231,20180713,370102,370100,801151.SI,化学制药,1,370000,SW2021,2020-12-04 14:32:00
600813,600813.SH,20220101,99991231,19940114,260202,260200,,,,,,2015-10-27 15:28:00
600814,600814.SH,20220101,99991231,20140221,450301,450300,801203.SI,一般零售,1,450000,SW2021,2024-09-27 12:41:00
600815,600815.SH,20220101,99991231,20210730,640601,640600,801077.SI,工程机械,1,640000,SW2021,2025-10-15 10:57:00
600816,600816.SH,20220101,99991231,20210730,490304,490300,801191.SI,多元金融,1,490000,SW2021,2021-08-25 10:03:00
600817,600817.SH,20220101,20220728,20210730,640601,640600,801077.SI,工程机械,1,640000,SW2021,2021-07-31 16:18:00
600817,600817.SH,20220729,99991231,20220729,760201,760200,801972.SI,环保设备Ⅱ,1,760000,SW2021,2025-10-15 10:57:00
600818,600818.SH,20220101,20220728,20210730,280402,280400,801881.SI,摩托车及其他,1,280000,SW2021,2021-07-31 16:18:00
600818,600818.SH,20220729,99991231,20220729,280401,280400,801881.SI,摩托车及其他,1,280000,SW2021,2025-01-08 14:36:00
600819,600819.SH,20220101,99991231,20140221,610201,610200,801712.SI,玻璃玻纤,1,610000,SW2021,2024-09-27 12:41:00
600820,600820.SH,20220101,99991231,20210730,620306,620300,801723.SI,基础建设,1,620000,SW2021,2023-05-29 14:32:00
600821,600821.SH,20220101,20220728,20140221,450301,450300,801203.SI,一般零售,1,450000,SW2021,2024-09-27 12:41:00
600821,600821.SH,20220729,99991231,20220729,410106,410100,801161.SI,电力,1,410000,SW2021,2025-10-15 10:57:00
600822,600822.SH,20220101,99991231,20210730,280302,280300,801092.SI,汽车服务,1,280000,SW2021,2025-01-08 14:36:00
600823,600823.SH,20220101,99991231,20020501,430101,430100,801181.SI,房地产开发,1,430000,SW2021,2015-10-27 15:29:00
600824,600824.SH,20220101,99991231,20210730,450303,450300,801203.SI,一般零售,1,450000,SW2021,2021-07-31 16:18:00
600825,600825.SH,20220101,99991231,20210730,720902,720900,801769.SI,出版,1,720000,SW2021,2025-10-15 10:57:00
600826,600826.SH,20220101,99991231,20210730,460803,460800,801218.SI,专业服务,1,460000,SW2021,2025-01-23 13:35:00
600827,600827.SH,20220101,99991231,20140221,450303,450300,801203.SI,一般零售,1,450000,SW2021,2024-09-27 12:41:00
600828,600828.SH,20220101,99991231,20140221,450301,450300,801203.SI,一般零售,1,450000,SW2021,2024-09-27 12:41:00
600829,600829.SH,20220101,99991231,20210730,370402,370400,801154.SI,医药商业,1,370000,SW2021,2021-07-31 16:18:00
600830,600830.SH,20220101,99991231,20210730,490302,490300,801191.SI,多元金融,1,490000,SW2021,2021-07-31 16:18:00
600831,600831.SH,20220101,99991231,20210730,721001,721000,801995.SI,电视广播Ⅱ,1,720000,SW2021,2025-10-15 10:57:00
600832,600832.SH,20220101,99991231,20140221,720104,720100,,,,,,2024-09-27 12:41:00
600833,600833.SH,20220101,99991231,20210730,370403,370400,801154.SI,医药商业,1,370000,SW2021,2021-07-31 16:18:00
600834,600834.SH,20220101,99991231,20210730,420902,420900,801179.SI,铁路公路,1,420000,SW2021,2025-10-15 10:57:00
600835,600835.SH,20220101,99991231,20140221,640204,640200,801074.SI,专用设备,1,640000,SW2021,2024-09-27 12:41:00
600836,600836.SH,20220101,99991231,20210730,360202,360200,801141.SI,包装印刷,1,360000,SW2021,2021-07-31 16:18:00
600837,600837.SH,20220101,99991231,20140221,490101,490100,801193.SI,证券Ⅱ,1,490000,SW2021,2024-09-27 12:41:00
600838,600838.SH,20220101,99991231,20140221,450303,450300,801203.SI,一般零售,1,450000,SW2021,2024-09-27 12:41:00
600839,600839.SH,20220101,99991231,19940311,330201,330200,801112.SI,黑色家电,1,330000,SW2021,2015-10-27 15:29:00
600840,600840.SH,20220101,99991231,20030501,430101,430100,801181.SI,房地产开发,1,430000,SW2021,2015-10-27 15:29:00
600841,600841.SH,20220101,20220728,20210730,280203,280200,801093.SI,汽车零部件,1,280000,SW2021,2021-07-31 16:18:00
600841,600841.SH,20220729,20230703,20220729,280601,280600,801096.SI,商用车,1,280000,SW2021,2022-07-29 11:54:00
600841,600841.SH,20230704,99991231,20230704,280203,280200,801093.SI,汽车零部件,1,280000,SW2021,2025-01-08 14:36:00
600842,600842.SH,20220101,99991231,19940311,370102,370100,801151.SI,化学制药,1,370000,SW2021,2015-10-27 15:29:00
600843,600843.SH,20220101,99991231,20140221,640206,640200,801074.SI,专用设备,1,640000,SW2021,2024-09-27 12:41:00
600844,600844.SH,20220101,99991231,20210730,220205,220200,801033.SI,化学原料,1,220000,SW2021,2021-07-31 16:18:00
600845,600845.SH,20220101,99991231,20210730,710301,710300,801103.SI,IT服务Ⅱ,1,710000,SW2021,2026-06-01 14:47:00
600846,600846.SH,20220101,20230703,20210730,430101,430100,801181.SI,房地产开发,1,430000,SW2021,2021-07-31 16:18:00
600846,600846.SH,20230704,99991231,20230704,620601,620600,801726.SI,工程咨询服务Ⅱ,1,620000,SW2021,2023-07-04 15:14:00
600847,600847.SH,20220101,99991231,20210730,630705,630700,801737.SI,电池,1,630000,SW2021,2025-10-15 10:57:00
600848,600848.SH,20220101,99991231,20210730,430103,430100,801181.SI,房地产开发,1,430000,SW2021,2023-02-20 17:04:00
600850,600850.SH,20220101,99991231,20210730,710301,710300,801103.SI,IT服务Ⅱ,1,710000,SW2021,2021-07-31 16:18:00
600851,600851.SH,20220101,99991231,20180619,370102,370100,801151.SI,化学制药,1,370000,SW2021,2020-12-04 14:32:00
600852,600852.SH,20220101,99991231,19940404,250201,250200,,,,,,2015-10-27 15:28:00
600853,600853.SH,20220101,99991231,20210730,620306,620300,801723.SI,基础建设,1,620000,SW2021,2021-07-31 16:18:00
600854,600854.SH,20220101,20230703,19940425,330102,330100,801111.SI,白色家电,1,330000,SW2021,2015-10-27 15:28:00
600854,600854.SH,20230704,99991231,20230704,430101,430100,801181.SI,房地产开发,1,430000,SW2021,2023-07-04 15:14:00
600855,600855.SH,20220101,20240729,20210730,710103,710100,801101.SI,计算机设备,1,710000,SW2021,2021-07-31 16:18:00
600855,600855.SH,20240730,99991231,20240730,650501,650500,801745.SI,军工电子Ⅱ,1,650000,SW2021,2025-10-15 10:57:00
600856,600856.SH,20220101,99991231,20210730,750101,750100,801961.SI,油气开采Ⅱ,0,750000,SW2021,2022-03-02 08:56:00
600857,600857.SH,20220101,99991231,20180713,450301,450300,801203.SI,一般零售,1,450000,SW2021,2019-08-09 15:40:00
600858,600858.SH,20220101,99991231,20140221,450303,450300,801203.SI,一般零售,1,450000,SW2021,2024-09-27 12:41:00
600859,600859.SH,20220101,99991231,20140221,450301,450300,801203.SI,一般零售,1,450000,SW2021,2024-09-27 12:41:00
600860,600860.SH,20220101,99991231,20210730,640108,640100,801072.SI,通用设备,1,640000,SW2021,2025-10-15 10:57:00
600861,600861.SH,20220101,20240729,20170629,450303,450300,801203.SI,一般零售,1,450000,SW2021,2019-08-09 15:40:00
600861,600861.SH,20240730,99991231,20240730,460801,460800,801218.SI,专业服务,1,460000,SW2021,2024-12-04 10:24:00
600862,600862.SH,20220101,99991231,20151102,650201,650200,801742.SI,航空装备Ⅱ,1,650000,SW2021,2021-06-24 09:49:00
600863,600863.SH,20220101,99991231,19940520,410101,410100,801161.SI,电力,1,410000,SW2021,2015-10-27 15:29:00
600864,600864.SH,20220101,99991231,20170629,490101,490100,801193.SI,证券Ⅱ,1,490000,SW2021,2021-03-03 15:37:00
600865,600865.SH,20220101,99991231,20170629,450301,450300,801203.SI,一般零售,1,450000,SW2021,2019-08-09 15:40:00
600866,600866.SH,20220101,99991231,20210730,220315,220300,801034.SI,化学制品,1,220000,SW2021,2021-07-31 16:18:00
600867,600867.SH,20220101,99991231,20210730,370304,370300,801152.SI,生物制品,1,370000,SW2021,2021-07-31 16:18:00
600868,600868.SH,20220101,20220728,20070702,410102,410100,801161.SI,电力,1,410000,SW2021,2015-10-27 15:29:00
600868,600868.SH,20220729,20240729,20220729,620601,620600,801726.SI,工程咨询服务Ⅱ,1,620000,SW2021,2022-10-11 14:53:00
600868,600868.SH,20240730,99991231,20240730,410102,410100,801161.SI,电力,1,410000,SW2021,2025-10-15 10:57:00
600869,600869.SH,20220101,99991231,20210730,630805,630800,801738.SI,电网设备,1,630000,SW2021,2025-10-15 10:57:00
600870,600870.SH,20220101,99991231,20190724,450201,450200,801202.SI,贸易Ⅱ,1,450000,SW2021,2020-12-04 14:41:00
600871,600871.SH,20220101,99991231,20210730,750201,750200,801962.SI,油服工程,1,750000,SW2021,2023-10-23 16:18:00
600872,600872.SH,20220101,99991231,20210730,340901,340900,801129.SI,调味发酵品Ⅱ,1,340000,SW2021,2025-06-01 08:45:00
600873,600873.SH,20220101,20220728,20210730,340901,340900,801129.SI,调味发酵品Ⅱ,1,340000,SW2021,2021-07-31 16:18:00
600873,600873.SH,20220729,99991231,20220729,220315,220300,801034.SI,化学制品,1,220000,SW2021,2024-01-23 13:47:00
600874,600874.SH,20220101,99991231,20210730,760102,760100,801971.SI,环境治理,1,760000,SW2021,2025-10-15 10:57:00
600875,600875.SH,20220101,99991231,20140221,630301,630300,801733.SI,其他电源设备Ⅱ,1,630000,SW2021,2024-09-27 12:41:00
600876,600876.SH,20220101,99991231,20140221,610201,610200,801712.SI,玻璃玻纤,1,610000,SW2021,2024-09-27 12:41:00
600877,600877.SH,20220101,20220728,20210730,630701,630700,801737.SI,电池,1,630000,SW2021,2024-06-25 07:09:00
600877,600877.SH,20220729,99991231,20220729,270105,270100,801081.SI,半导体,1,270000,SW2021,2025-01-08 14:36:00
600878,600878.SH,20220101,99991231,19951013,510101,510100,801231.SI,综合Ⅱ,1,510000,SW2021,2015-10-27 15:28:00
600879,600879.SH,20220101,99991231,20140221,650101,650100,801741.SI,航天装备Ⅱ,1,650000,SW2021,2024-09-27 12:41:00
600880,600880.SH,20220101,20220728,20210730,461101,461100,801994.SI,教育,1,460000,SW2021,2021-07-31 16:18:00
600880,600880.SH,20220729,99991231,20220729,461103,461100,801994.SI,教育,1,460000,SW2021,2022-07-29 11:54:00
600881,600881.SH,20220101,99991231,20210730,510101,510100,801231.SI,综合Ⅱ,1,510000,SW2021,2024-07-29 11:30:00
600882,600882.SH,20220101,99991231,20210730,340702,340700,801127.SI,饮料乳品,1,340000,SW2021,2022-05-09 13:58:00
600883,600883.SH,20220101,20220728,20170520,610101,610100,801711.SI,水泥,1,610000,SW2021,2019-08-09 15:39:00
600883,600883.SH,20220729,99991231,20220729,110104,110100,801016.SI,种植业,1,110000,SW2021,2023-12-07 10:03:00
600884,600884.SH,20220101,99991231,20210730,630702,630700,801737.SI,电池,1,630000,SW2021,2025-12-09 16:04:00
600885,600885.SH,20220101,99991231,20210730,630803,630800,801738.SI,电网设备,1,630000,SW2021,2025-10-15 10:57:00
600886,600886.SH,20220101,99991231,20170629,410102,410100,801161.SI,电力,1,410000,SW2021,2021-03-03 15:31:00
600887,600887.SH,20220101,99991231,20210730,340702,340700,801127.SI,饮料乳品,1,340000,SW2021,2025-09-11 10:52:00
600888,600888.SH,20220101,99991231,20140221,240301,240300,801055.SI,工业金属,1,240000,SW2021,2024-09-27 12:41:00
600889,600889.SH,20220101,99991231,19960308,220403,220400,801032.SI,化学纤维,1,220000,SW2021,2015-10-27 15:29:00
600890,600890.SH,20220101,99991231,20210730,430102,430100,801181.SI,房地产开发,1,430000,SW2021,2021-07-31 16:18:00
600891,600891.SH,20220101,99991231,20180713,360304,360300,801142.SI,家居用品,1,360000,SW2021,2019-08-09 15:40:00
600892,600892.SH,20220101,99991231,20210730,720401,720400,801764.SI,游戏Ⅱ,1,720000,SW2021,2025-10-15 10:57:00
600893,600893.SH,20220101,99991231,20140221,650201,650200,801742.SI,航空装备Ⅱ,1,650000,SW2021,2024-09-27 12:41:00
600894,600894.SH,20220101,99991231,20140221,640204,640200,801074.SI,专用设备,1,640000,SW2021,2024-09-27 12:41:00
600895,600895.SH,20220101,99991231,20210730,430103,430100,801181.SI,房地产开发,1,430000,SW2021,2024-01-23 13:17:00
600896,600896.SH,20220101,99991231,20210730,370604,370600,801156.SI,医疗服务,1,370000,SW2021,2021-07-31 16:18:00
600897,600897.SH,20220101,99991231,20210730,421002,421000,801991.SI,航空机场,1,420000,SW2021,2025-10-15 10:57:00
600898,600898.SH,20220101,99991231,20210730,270504,270500,801085.SI,消费电子,1,270000,SW2021,2021-07-31 16:18:00
600899,600899.SH,20220101,99991231,19990901,470204,470200,,,,,,2015-10-27 15:28:00
600900,600900.SH,20220101,99991231,20031111,410102,410100,801161.SI,电力,1,410000,SW2021,2015-10-27 15:28:00
600901,600901.SH,20220101,99991231,20210730,490305,490300,801191.SI,多元金融,1,490000,SW2021,2024-12-04 10:24:00
600903,600903.SH,20220101,99991231,20171030,410301,410300,801163.SI,燃气Ⅱ,1,410000,SW2021,2019-08-09 15:39:00
600905,600905.SH,20220101,99991231,20210730,410107,410100,801161.SI,电力,1,410000,SW2021,2025-10-15 10:57:00
600906,600906.SH,20220101,99991231,20210415,490101,490100,801193.SI,证券Ⅱ,1,490000,SW2021,2021-04-28 15:21:00
600908,600908.SH,20220101,99991231,20210730,480501,480500,801785.SI,农商行Ⅱ,1,480000,SW2021,2021-07-31 16:18:00
600909,600909.SH,20220101,99991231,20161201,490101,490100,801193.SI,证券Ⅱ,1,490000,SW2021,2021-03-03 15:37:00
600916,600916.SH,20220101,99991231,20210730,350301,350300,801133.SI,饰品,1,350000,SW2021,2026-01-26 16:15:00
600917,600917.SH,20220101,99991231,20140110,410301,410300,801163.SI,燃气Ⅱ,1,410000,SW2021,2015-10-27 15:29:00
600918,600918.SH,20220101,99991231,20200427,490101,490100,801193.SI,证券Ⅱ,1,490000,SW2021,2021-03-03 15:37:00
600919,600919.SH,20220101,99991231,20210730,480401,480400,801784.SI,城商行Ⅱ,1,480000,SW2021,2021-07-31 16:18:00
600925,600925.SH,20230224,99991231,20230224,740101,740100,801951.SI,煤炭开采,1,740000,SW2021,2025-10-15 10:57:00
600926,600926.SH,20220101,99991231,20210730,480401,480400,801784.SI,城商行Ⅱ,1,480000,SW2021,2024-01-23 13:02:00
600927,600927.SH,20220101,99991231,20211112,490303,490300,801191.SI,多元金融,1,490000,SW2021,2024-04-01 15:27:00
600928,600928.SH,20220101,99991231,20210730,480401,480400,801784.SI,城商行Ⅱ,1,480000,SW2021,2021-07-31 16:18:00
600929,600929.SH,20220101,99991231,20210730,220203,220200,801033.SI,化学原料,1,220000,SW2021,2022-08-01 16:23:00
600930,600930.SH,20250627,99991231,20250627,410107,410100,801161.SI,电力,1,410000,SW2021,2026-02-26 16:27:00
600933,600933.SH,20220101,99991231,20210730,280203,280200,801093.SI,汽车零部件,1,280000,SW2021,2025-12-24 16:23:00
600935,600935.SH,20220101,99991231,20211112,220202,220200,801033.SI,化学原料,1,220000,SW2021,2021-11-18 09:14:00
600936,600936.SH,20220101,99991231,20210730,721001,721000,801995.SI,电视广播Ⅱ,1,720000,SW2021,2025-10-15 10:57:00
600938,600938.SH,20220401,99991231,20220401,750101,750100,801961.SI,油气开采Ⅱ,0,750000,SW2021,2026-02-26 16:27:00
600939,600939.SH,20220101,99991231,20170114,620101,620100,801721.SI,房屋建设Ⅱ,1,620000,SW2021,2020-12-04 14:41:00
600941,600941.SH,20220101,99991231,20211217,730102,730100,801223.SI,通信服务,1,730000,SW2021,2026-06-01 14:47:00
600955,600955.SH,20220101,99991231,20210827,220204,220200,801033.SI,化学原料,1,220000,SW2021,2021-09-17 14:10:00
600956,600956.SH,20220101,99991231,20210730,410107,410100,801161.SI,电力,1,410000,SW2021,2025-10-22 09:59:00
600958,600958.SH,20220101,99991231,20150118,490101,490100,801193.SI,证券Ⅱ,1,490000,SW2021,2015-11-05 14:03:00
600959,600959.SH,20220101,99991231,20210730,721001,721000,801995.SI,电视广播Ⅱ,1,720000,SW2021,2025-10-15 10:57:00
600960,600960.SH,20220101,99991231,20210730,280203,280200,801093.SI,汽车零部件,1,280000,SW2021,2025-01-08 14:36:00
600961,600961.SH,20220101,99991231,20140221,240303,240300,801055.SI,工业金属,1,240000,SW2021,2024-09-27 12:41:00
600962,600962.SH,20220101,99991231,20110110,110501,110500,801012.SI,农产品加工,1,110000,SW2021,2015-10-27 15:28:00
600963,600963.SH,20220101,99991231,20210730,360102,360100,801143.SI,造纸,1,360000,SW2021,2021-07-31 16:18:00
600965,600965.SH,20220101,99991231,20210730,110704,110700,801017.SI,养殖业,1,110000,SW2021,2021-07-31 16:18:00
600966,600966.SH,20220101,99991231,20210730,360102,360100,801143.SI,造纸,1,360000,SW2021,2024-03-14 10:17:00
600967,600967.SH,20220101,99991231,20170629,650301,650300,801743.SI,地面兵装Ⅱ,1,650000,SW2021,2021-03-03 15:32:00
600968,600968.SH,20220101,99991231,20210730,750201,750200,801962.SI,油服工程,1,750000,SW2021,2026-02-26 16:27:00
600969,600969.SH,20220101,99991231,20210730,410110,410100,801161.SI,电力,1,410000,SW2021,2025-10-15 10:57:00
600970,600970.SH,20220101,99991231,20140221,620403,620400,801724.SI,专业工程,1,620000,SW2021,2024-09-27 12:41:00
600971,600971.SH,20220101,99991231,20210730,740101,740100,801951.SI,煤炭开采,1,740000,SW2021,2025-10-15 10:57:00
600973,600973.SH,20220101,99991231,20210730,630805,630800,801738.SI,电网设备,1,630000,SW2021,2025-10-15 10:57:00
600975,600975.SH,20220101,99991231,20210730,110702,110700,801017.SI,养殖业,1,110000,SW2021,2023-12-15 09:51:00
600976,600976.SH,20220101,99991231,20040419,370201,370200,801155.SI,中药Ⅱ,1,370000,SW2021,2015-10-27 15:29:00
600977,600977.SH,20220101,99991231,20210730,720601,720600,801766.SI,影视院线,1,720000,SW2021,2025-10-15 10:57:00
600978,600978.SH,20220101,99991231,20210730,360307,360300,801142.SI,家居用品,1,360000,SW2021,2021-07-31 16:18:00
600979,600979.SH,20220101,99991231,20210730,410110,410100,801161.SI,电力,1,410000,SW2021,2025-10-15 10:57:00
600980,600980.SH,20220101,20240729,20080602,240202,240200,801051.SI,金属新材料,1,240000,SW2021,2021-01-25 13:36:00
600980,600980.SH,20240730,99991231,20240730,640203,640200,801074.SI,专用设备,1,640000,SW2021,2025-10-15 10:57:00
600981,600981.SH,20220101,99991231,20040628,450201,450200,801202.SI,贸易Ⅱ,1,450000,SW2021,2015-10-27 15:29:00
600982,600982.SH,20220101,99991231,20050701,410104,410100,801161.SI,电力,1,410000,SW2021,2015-10-27 15:29:00
600983,600983.SH,20220101,99991231,20210730,330106,330100,801111.SI,白色家电,1,330000,SW2021,2021-07-31 16:18:00
600984,600984.SH,20220101,99991231,20210730,640601,640600,801077.SI,工程机械,1,640000,SW2021,2025-10-15 10:57:00
600985,600985.SH,20220101,99991231,20210730,740102,740100,801951.SI,煤炭开采,1,740000,SW2021,2025-10-15 10:57:00
600986,600986.SH,20220101,99991231,20210730,720501,720500,801765.SI,广告营销,1,720000,SW2021,2025-10-15 10:57:00
600987,600987.SH,20220101,99991231,20040806,350104,350100,801131.SI,纺织制造,1,350000,SW2021,2015-10-27 15:29:00
600988,600988.SH,20220101,99991231,20140221,240401,240400,801053.SI,贵金属,1,240000,SW2021,2024-09-27 12:41:00
600989,600989.SH,20220101,99991231,20210730,220205,220200,801033.SI,化学原料,1,220000,SW2021,2022-03-10 17:57:00
600990,600990.SH,20220101,99991231,20210730,650501,650500,801745.SI,军工电子Ⅱ,1,650000,SW2021,2025-10-15 10:57:00
600991,600991.SH,20220101,99991231,20040611,310101,310100,,,,,,2015-10-27 15:28:00
600992,600992.SH,20220101,99991231,20210730,640108,640100,801072.SI,通用设备,1,640000,SW2021,2025-10-15 10:57:00
600993,600993.SH,20220101,99991231,20040513,370201,370200,801155.SI,中药Ⅱ,1,370000,SW2021,2015-10-27 15:29:00
600995,600995.SH,20220101,99991231,20210730,410110,410100,801161.SI,电力,1,410000,SW2021,2025-10-15 10:57:00
600996,600996.SH,20220101,99991231,20210730,721001,721000,801995.SI,电视广播Ⅱ,1,720000,SW2021,2025-10-15 10:57:00
600997,600997.SH,20220101,20230703,20210730,740201,740200,801952.SI,焦炭Ⅱ,1,740000,SW2021,2021-07-31 16:18:00
600997,600997.SH,20230704,99991231,20230704,740102,740100,801951.SI,煤炭开采,1,740000,SW2021,2025-10-15 10:57:00
600998,600998.SH,20220101,99991231,20210730,370402,370400,801154.SI,医药商业,1,370000,SW2021,2023-06-13 14:12:00
600999,600999.SH,20220101,99991231,20140221,490101,490100,801193.SI,证券Ⅱ,1,490000,SW2021,2024-09-27 12:41:00
601000,601000.SH,20220101,99991231,20210730,421102,421100,801992.SI,航运港口,1,420000,SW2021,2025-10-15 10:57:00
601001,601001.SH,20220101,99991231,20210730,740101,740100,801951.SI,煤炭开采,1,740000,SW2021,2025-10-15 10:57:00
601002,601002.SH,20220101,99991231,20210730,640108,640100,801072.SI,通用设备,1,640000,SW2021,2025-10-15 10:57:00
601003,601003.SH,20220101,99991231,20210730,230402,230400,801044.SI,普钢,1,230000,SW2021,2025-01-08 14:36:00
601005,601005.SH,20220101,99991231,20210730,230402,230400,801044.SI,普钢,1,230000,SW2021,2025-01-08 14:36:00
601006,601006.SH,20220101,99991231,20210730,420903,420900,801179.SI,铁路公路,1,420000,SW2021,2025-10-15 10:57:00
601007,601007.SH,20220101,99991231,20210730,460901,460900,801219.SI,酒店餐饮,1,460000,SW2021,2021-07-31 16:18:00
601008,601008.SH,20220101,99991231,20210730,421102,421100,801992.SI,航运港口,1,420000,SW2021,2025-10-15 10:57:00
601009,601009.SH,20220101,99991231,20210730,480401,480400,801784.SI,城商行Ⅱ,1,480000,SW2021,2025-12-15 16:32:00
601010,601010.SH,20220101,99991231,20210730,450303,450300,801203.SI,一般零售,1,450000,SW2021,2021-07-31 16:18:00
601011,601011.SH,20220101,99991231,20210730,740201,740200,801952.SI,焦炭Ⅱ,1,740000,SW2021,2025-10-15 10:57:00
601012,601012.SH,20220101,20220728,20210730,630501,630500,801735.SI,光伏设备,1,630000,SW2021,2022-07-11 13:29:00
601012,601012.SH,20220729,99991231,20220729,630502,630500,801735.SI,光伏设备,1,630000,SW2021,2025-10-15 10:57:00
601015,601015.SH,20220101,99991231,20210730,740201,740200,801952.SI,焦炭Ⅱ,1,740000,SW2021,2025-10-15 10:57:00
601016,601016.SH,20220101,99991231,20210730,410107,410100,801161.SI,电力,1,410000,SW2021,2025-10-15 10:57:00
601018,601018.SH,20220101,99991231,20210730,421102,421100,801992.SI,航运港口,1,420000,SW2021,2025-10-15 10:57:00
601019,601019.SH,20220101,99991231,20210730,720901,720900,801769.SI,出版,1,720000,SW2021,2025-10-15 10:57:00
601020,601020.SH,20220101,20220728,20210730,240401,240400,801053.SI,贵金属,1,240000,SW2021,2021-07-31 16:18:00
601020,601020.SH,20220729,99991231,20220729,240303,240300,801055.SI,工业金属,1,240000,SW2021,2025-12-03 14:34:00
601021,601021.SH,20220101,99991231,20210730,421001,421000,801991.SI,航空机场,1,420000,SW2021,2025-10-15 10:57:00
601022,601022.SH,20221104,99991231,20221104,421101,421100,801992.SI,航运港口,1,420000,SW2021,2025-10-15 10:57:00
601026,601026.SH,20250926,99991231,20250926,220504,220500,801036.SI,塑料,1,220000,SW2021,2025-10-17 14:23:00
601028,601028.SH,20220101,20240729,20210917,450201,450200,801202.SI,贸易Ⅱ,1,450000,SW2021,2021-09-17 16:50:00
601028,601028.SH,20240730,99991231,20240730,240401,240400,801053.SI,贵金属,1,240000,SW2021,2025-01-08 14:36:00
601033,601033.SH,20231229,99991231,20231229,760103,760100,801971.SI,环境治理,1,760000,SW2021,2026-04-02 13:26:00
601038,601038.SH,20220101,99991231,20140221,640207,640200,801074.SI,专用设备,1,640000,SW2021,2024-09-27 12:41:00
601058,601058.SH,20220101,99991231,20210730,280204,280200,801093.SI,汽车零部件,1,280000,SW2021,2025-09-26 17:00:00
601059,601059.SH,20221223,99991231,20221223,490101,490100,801193.SI,证券Ⅱ,1,490000,SW2021,2022-12-27 11:40:00
601061,601061.SH,20230327,99991231,20230327,450201,450200,801202.SI,贸易Ⅱ,1,450000,SW2021,2023-03-27 16:28:00
601065,601065.SH,20230327,99991231,20230327,220201,220200,801033.SI,化学原料,1,220000,SW2021,2023-03-27 16:28:00
601066,601066.SH,20220101,99991231,20180626,490101,490100,801193.SI,证券Ⅱ,1,490000,SW2021,2021-03-03 15:31:00
601068,601068.SH,20220101,99991231,20180809,620404,620400,801724.SI,专业工程,1,620000,SW2021,2019-08-09 15:39:00
601069,601069.SH,20220101,99991231,20150115,240401,240400,801053.SI,贵金属,1,240000,SW2021,2021-01-25 13:36:00
601077,601077.SH,20220101,99991231,20210730,480501,480500,801785.SI,农商行Ⅱ,1,480000,SW2021,2025-10-22 09:59:00
601083,601083.SH,20231117,99991231,20231117,421101,421100,801992.SI,航运港口,1,420000,SW2021,2025-10-15 10:57:00
601086,601086.SH,20220101,99991231,20170921,450301,450300,801203.SI,一般零售,1,450000,SW2021,2020-03-06 13:55:00
601088,601088.SH,20220101,99991231,20210730,740101,740100,801951.SI,煤炭开采,1,740000,SW2021,2025-10-15 10:57:00
601089,601089.SH,20220617,99991231,20220617,370102,370100,801151.SI,化学制药,1,370000,SW2021,2022-06-17 17:11:00
601096,601096.SH,20231208,99991231,20231208,620401,620400,801724.SI,专业工程,1,620000,SW2021,2024-07-29 11:30:00
601098,601098.SH,20220101,99991231,20210730,720901,720900,801769.SI,出版,1,720000,SW2021,2025-10-15 10:57:00
601099,601099.SH,20220101,99991231,20140221,490101,490100,801193.SI,证券Ⅱ,1,490000,SW2021,2024-09-27 12:41:00
601100,601100.SH,20220101,99991231,20210730,640602,640600,801077.SI,工程机械,1,640000,SW2021,2025-10-15 10:57:00
601101,601101.SH,20220101,99991231,20210730,740101,740100,801951.SI,煤炭开采,1,740000,SW2021,2025-10-15 10:57:00
601106,601106.SH,20220101,99991231,20140221,640203,640200,801074.SI,专用设备,1,640000,SW2021,2024-09-27 12:41:00
601107,601107.SH,20220101,99991231,20210730,420901,420900,801179.SI,铁路公路,1,420000,SW2021,2025-10-15 10:57:00
601108,601108.SH,20220101,99991231,20171010,490101,490100,801193.SI,证券Ⅱ,1,490000,SW2021,2021-03-03 15:31:00
601111,601111.SH,20220101,99991231,20210730,421001,421000,801991.SI,航空机场,1,420000,SW2021,2025-10-15 10:57:00
601112,601112.SH,20260109,20260122,20260109,220901,220900,801039.SI,非金属材料Ⅱ,1,220000,SW2021,2026-01-09 16:32:00
601112,601112.SH,20260123,99991231,20260123,610202,610200,801712.SI,玻璃玻纤,1,610000,SW2021,2026-04-27 14:53:00
601113,601113.SH,20220101,20250810,20210730,450602,450600,801206.SI,互联网电商,1,450000,SW2021,2021-07-31 16:18:00
601113,601113.SH,20250811,99991231,20250811,220406,220400,801032.SI,化学纤维,1,220000,SW2021,2025-08-11 17:30:00
601116,601116.SH,20220101,99991231,20140221,450302,450300,801203.SI,一般零售,1,450000,SW2021,2024-09-27 12:41:00
601117,601117.SH,20220101,99991231,20140221,620402,620400,801724.SI,专业工程,1,620000,SW2021,2024-09-27 12:41:00
601118,601118.SH,20220101,99991231,20100128,110103,110100,801016.SI,种植业,1,110000,SW2021,2015-10-27 15:28:00
601121,601121.SH,20230224,99991231,20230224,230301,230300,801043.SI,冶钢原料,1,230000,SW2021,2025-01-08 14:36:00
601126,601126.SH,20220101,99991231,20210730,630803,630800,801738.SI,电网设备,1,630000,SW2021,2025-10-15 10:57:00
601127,601127.SH,20220101,20240729,20210730,280502,280500,801095.SI,乘用车,1,280000,SW2021,2024-04-22 10:26:00
601127,601127.SH,20240730,99991231,20240730,280501,280500,801095.SI,乘用车,1,280000,SW2021,2026-04-14 11:02:00
601128,601128.SH,20220101,99991231,20210730,480501,480500,801785.SI,农商行Ⅱ,1,480000,SW2021,2021-07-31 16:18:00
601133,601133.SH,20230327,99991231,20230327,620404,620400,801724.SI,专业工程,1,620000,SW2021,2023-06-18 19:57:00
601136,601136.SH,20221121,99991231,20221121,490101,490100,801193.SI,证券Ⅱ,1,490000,SW2021,2022-11-21 12:26:00
601137,601137.SH,20220101,99991231,20210730,240201,240200,801051.SI,金属新材料,1,240000,SW2021,2022-03-31 09:40:00
601138,601138.SH,20220101,99991231,20210730,270504,270500,801085.SI,消费电子,1,270000,SW2021,2025-10-22 08:30:00
601139,601139.SH,20220101,99991231,20090104,410301,410300,801163.SI,燃气Ⅱ,1,410000,SW2021,2015-10-27 15:29:00
601155,601155.SH,20220101,99991231,20210730,430102,430100,801181.SI,房地产开发,1,430000,SW2021,2021-07-31 16:18:00
601156,601156.SH,20220101,99991231,20210730,420805,420800,801178.SI,物流,1,420000,SW2021,2025-10-15 10:57:00
601158,601158.SH,20220101,99991231,20210730,760102,760100,801971.SI,环境治理,1,760000,SW2021,2025-10-15 10:57:00
601162,601162.SH,20220101,99991231,20180918,490101,490100,801193.SI,证券Ⅱ,1,490000,SW2021,2021-03-03 15:37:00
601163,601163.SH,20220101,99991231,20210730,280204,280200,801093.SI,汽车零部件,1,280000,SW2021,2025-01-08 14:36:00
601166,601166.SH,20220101,99991231,20210730,480301,480300,801783.SI,股份制银行Ⅱ,1,480000,SW2021,2021-07-31 16:18:00
601168,601168.SH,20220101,99991231,20210730,240302,240300,801055.SI,工业金属,1,240000,SW2021,2024-01-23 13:39:00
601169,601169.SH,20220101,99991231,20210730,480401,480400,801784.SI,城商行Ⅱ,1,480000,SW2021,2022-12-08 15:26:00
601177,601177.SH,20220101,99991231,20210730,640108,640100,801072.SI,通用设备,1,640000,SW2021,2025-10-15 10:57:00
601179,601179.SH,20220101,99991231,20210730,630801,630800,801738.SI,电网设备,1,630000,SW2021,2025-12-09 16:04:00
601186,601186.SH,20220101,99991231,20210730,620306,620300,801723.SI,基础建设,1,620000,SW2021,2021-08-25 10:04:00
601187,601187.SH,20220101,99991231,20210730,480401,480400,801784.SI,城商行Ⅱ,1,480000,SW2021,2022-08-31 13:38:00
601188,601188.SH,20220101,99991231,20210730,420901,420900,801179.SI,铁路公路,1,420000,SW2021,2025-10-15 10:57:00
601198,601198.SH,20220101,99991231,20150118,490101,490100,801193.SI,证券Ⅱ,1,490000,SW2021,2015-11-05 14:03:00
601199,601199.SH,20220101,99991231,20210730,760102,760100,801971.SI,环境治理,1,760000,SW2021,2025-10-15 10:57:00
601200,601200.SH,20220101,99991231,20210730,760103,760100,801971.SI,环境治理,1,760000,SW2021,2026-04-27 15:47:00
601206,601206.SH,20220101,99991231,20160823,370501,370500,801153.SI,医疗器械,1,370000,SW2021,2020-12-04 14:32:00
601208,601208.SH,20220101,99991231,20210730,220505,220500,801036.SI,塑料,1,220000,SW2021,2026-02-26 16:27:00
601211,601211.SH,20220101,99991231,20150118,490101,490100,801193.SI,证券Ⅱ,1,490000,SW2021,2021-03-03 15:31:00
601212,601212.SH,20220101,20230703,20210730,240402,240400,801053.SI,贵金属,1,240000,SW2021,2022-05-05 19:39:00
601212,601212.SH,20230704,99991231,20230704,240302,240300,801055.SI,工业金属,1,240000,SW2021,2025-01-08 14:36:00
601216,601216.SH,20220101,99991231,20110110,220202,220200,801033.SI,化学原料,1,220000,SW2021,2015-10-27 15:29:00
601218,601218.SH,20220101,99991231,20210730,630602,630600,801736.SI,风电设备,1,630000,SW2021,2025-10-15 10:57:00
601222,601222.SH,20220101,99991231,20210730,410106,410100,801161.SI,电力,1,410000,SW2021,2025-10-15 10:57:00
601225,601225.SH,20220101,99991231,20210730,740101,740100,801951.SI,煤炭开采,1,740000,SW2021,2025-10-15 10:57:00
601226,601226.SH,20220101,99991231,20140221,620404,620400,801724.SI,专业工程,1,620000,SW2021,2024-10-09 12:26:00
601228,601228.SH,20220101,99991231,20210730,421102,421100,801992.SI,航运港口,1,420000,SW2021,2025-10-15 10:57:00
601229,601229.SH,20220101,99991231,20210730,480401,480400,801784.SI,城商行Ⅱ,1,480000,SW2021,2025-01-16 20:07:00
601231,601231.SH,20220101,99991231,20210730,270504,270500,801085.SI,消费电子,1,270000,SW2021,2024-04-01 15:27:00
601233,601233.SH,20220101,99991231,20210730,750303,750300,801963.SI,炼化及贸易,1,750000,SW2021,2025-09-11 15:39:00
601236,601236.SH,20220101,99991231,20190529,490101,490100,801193.SI,证券Ⅱ,1,490000,SW2021,2021-03-03 15:37:00
601238,601238.SH,20220101,99991231,20210730,280502,280500,801095.SI,乘用车,1,280000,SW2021,2026-02-26 16:27:00
601258,601258.SH,20220101,99991231,20210730,280302,280300,801092.SI,汽车服务,1,280000,SW2021,2021-07-31 16:18:00
601268,601268.SH,20220101,99991231,20210730,640203,640200,801074.SI,专用设备,1,640000,SW2021,2021-07-31 16:18:00
601279,601279.SH,20220101,99991231,20210730,280205,280200,801093.SI,汽车零部件,1,280000,SW2021,2025-01-08 14:36:00
601288,601288.SH,20220101,99991231,20210730,480201,480200,801782.SI,国有大型银行Ⅱ,1,480000,SW2021,2021-07-31 16:18:00
601298,601298.SH,20220101,99991231,20210730,421102,421100,801992.SI,航运港口,1,420000,SW2021,2025-10-15 10:57:00
601299,601299.SH,20220101,99991231,20140221,640501,640500,801076.SI,轨交设备Ⅱ,1,640000,SW2021,2024-09-27 12:41:00
601311,601311.SH,20220101,99991231,20210730,630705,630700,801737.SI,电池,1,630000,SW2021,2025-10-15 10:57:00
601313,601313.SH,20220101,99991231,20140221,640204,640200,801074.SI,专用设备,1,640000,SW2021,2024-09-27 12:41:00
601318,601318.SH,20220101,99991231,20140221,490201,490200,801194.SI,保险Ⅱ,1,490000,SW2021,2024-09-27 12:41:00
601319,601319.SH,20220101,99991231,20181030,490201,490200,801194.SI,保险Ⅱ,1,490000,SW2021,2021-03-03 15:31:00
601326,601326.SH,20220101,99991231,20210730,421102,421100,801992.SI,航运港口,1,420000,SW2021,2025-10-15 10:57:00
601328,601328.SH,20220101,99991231,20210730,480201,480200,801782.SI,国有大型银行Ⅱ,1,480000,SW2021,2022-12-09 09:58:00
601330,601330.SH,20220101,99991231,20210730,760103,760100,801971.SI,环境治理,1,760000,SW2021,2026-04-02 13:26:00
601333,601333.SH,20220101,99991231,20210730,420903,420900,801179.SI,铁路公路,1,420000,SW2021,2025-10-15 10:57:00
601336,601336.SH,20220101,99991231,20140221,490201,490200,801194.SI,保险Ⅱ,1,490000,SW2021,2024-09-27 12:41:00
601339,601339.SH,20220101,99991231,20120131,350102,350100,801131.SI,纺织制造,1,350000,SW2021,2015-10-27 15:28:00
601360,601360.SH,20220101,99991231,20210730,710402,710400,801104.SI,软件开发,1,710000,SW2021,2023-06-01 14:03:00
601366,601366.SH,20220101,99991231,20170330,450303,450300,801203.SI,一般零售,1,450000,SW2021,2020-08-10 09:31:00
601368,601368.SH,20220101,99991231,20210730,760102,760100,801971.SI,环境治理,1,760000,SW2021,2025-10-15 10:57:00
601369,601369.SH,20220101,20240729,20140221,640106,640100,801072.SI,通用设备,1,640000,SW2021,2024-09-27 12:41:00
601369,601369.SH,20240730,99991231,20240730,640203,640200,801074.SI,专用设备,1,640000,SW2021,2025-10-15 10:57:00
601375,601375.SH,20220101,99991231,20161211,490101,490100,801193.SI,证券Ⅱ,1,490000,SW2021,2021-03-03 15:37:00
601377,601377.SH,20220101,99991231,20140221,490101,490100,801193.SI,证券Ⅱ,1,490000,SW2021,2024-09-27 12:41:00
601388,601388.SH,20220101,99991231,20140221,240301,240300,801055.SI,工业金属,1,240000,SW2021,2024-09-27 12:41:00
601390,601390.SH,20220101,99991231,20210730,620306,620300,801723.SI,基础建设,1,620000,SW2021,2022-02-24 12:57:00
601398,601398.SH,20220101,99991231,20210730,480201,480200,801782.SI,国有大型银行Ⅱ,1,480000,SW2021,2021-07-31 16:18:00
601399,601399.SH,20220101,99991231,20210730,640203,640200,801074.SI,专用设备,1,640000,SW2021,2025-10-15 10:57:00
601456,601456.SH,20220101,99991231,20200721,490101,490100,801193.SI,证券Ⅱ,1,490000,SW2021,2021-03-03 15:31:00
601500,601500.SH,20220101,99991231,20210730,280204,280200,801093.SI,汽车零部件,1,280000,SW2021,2025-09-26 17:00:00
601512,601512.SH,20220101,99991231,20210730,430103,430100,801181.SI,房地产开发,1,430000,SW2021,2023-02-20 17:04:00
601515,601515.SH,20220101,99991231,20210730,360205,360200,801141.SI,包装印刷,1,360000,SW2021,2025-01-24 16:29:00
601518,601518.SH,20220101,99991231,20210730,420901,420900,801179.SI,铁路公路,1,420000,SW2021,2025-10-15 10:57:00
601519,601519.SH,20220101,99991231,20210730,710401,710400,801104.SI,软件开发,1,710000,SW2021,2021-07-31 16:18:00
601528,601528.SH,20220101,99991231,20210730,480501,480500,801785.SI,农商行Ⅱ,1,480000,SW2021,2026-02-26 16:27:00
601555,601555.SH,20220101,99991231,20140221,490101,490100,801193.SI,证券Ⅱ,1,490000,SW2021,2024-09-27 12:41:00
601558,601558.SH,20220101,99991231,20140221,630302,630300,801733.SI,其他电源设备Ⅱ,1,630000,SW2021,2024-09-27 12:41:00
601566,601566.SH,20220101,99991231,20210730,350209,350200,801132.SI,服装家纺,1,350000,SW2021,2022-11-01 13:54:00
601567,601567.SH,20220101,20220728,20210730,630804,630800,801738.SI,电网设备,1,630000,SW2021,2021-11-30 13:18:00
601567,601567.SH,20220729,99991231,20220729,630802,630800,801738.SI,电网设备,1,630000,SW2021,2025-12-10 10:16:00
601568,601568.SH,20220101,99991231,20200924,220202,220200,801033.SI,化学原料,1,220000,SW2021,2020-09-25 15:06:00
601577,601577.SH,20220101,99991231,20210730,480401,480400,801784.SI,城商行Ⅱ,1,480000,SW2021,2025-01-16 20:07:00
601579,601579.SH,20220101,99991231,20210730,340602,340600,801126.SI,非白酒,1,340000,SW2021,2021-07-31 16:18:00
601588,601588.SH,20220101,99991231,20061016,430101,430100,801181.SI,房地产开发,1,430000,SW2021,2015-10-27 15:28:00
601595,601595.SH,20220101,99991231,20210730,720601,720600,801766.SI,影视院线,1,720000,SW2021,2025-10-15 10:57:00
601598,601598.SH,20220101,99991231,20210730,420805,420800,801178.SI,物流,1,420000,SW2021,2025-10-15 10:57:00
601599,601599.SH,20220101,99991231,20210730,350106,350100,801131.SI,纺织制造,1,350000,SW2021,2021-07-31 16:18:00
601600,601600.SH,20220101,99991231,20140221,240301,240300,801055.SI,工业金属,1,240000,SW2021,2024-09-27 12:41:00
601601,601601.SH,20220101,99991231,20140221,490201,490200,801194.SI,保险Ⅱ,1,490000,SW2021,2024-09-27 12:41:00
601606,601606.SH,20220101,99991231,20180809,650301,650300,801743.SI,地面兵装Ⅱ,1,650000,SW2021,2021-06-24 09:36:00
601607,601607.SH,20220101,99991231,20210730,370402,370400,801154.SI,医药商业,1,370000,SW2021,2021-07-31 16:18:00
601608,601608.SH,20220101,99991231,20210730,640203,640200,801074.SI,专用设备,1,640000,SW2021,2025-10-15 10:57:00
601609,601609.SH,20220101,99991231,20200408,240302,240300,801055.SI,工业金属,1,240000,SW2021,2020-04-09 13:57:00
601611,601611.SH,20220101,99991231,20210730,620306,620300,801723.SI,基础建设,1,620000,SW2021,2024-01-15 10:33:00
601615,601615.SH,20220101,99991231,20210730,630601,630600,801736.SI,风电设备,1,630000,SW2021,2025-12-10 10:17:00
601616,601616.SH,20220101,99991231,20210730,630802,630800,801738.SI,电网设备,1,630000,SW2021,2025-10-15 10:57:00
601618,601618.SH,20220101,99991231,20140221,620404,620400,801724.SI,专业工程,1,620000,SW2021,2024-09-27 12:41:00
601619,601619.SH,20220101,99991231,20210730,410107,410100,801161.SI,电力,1,410000,SW2021,2025-10-15 10:57:00
601628,601628.SH,20220101,99991231,20140221,490201,490200,801194.SI,保险Ⅱ,1,490000,SW2021,2024-09-27 12:41:00
601633,601633.SH,20220101,99991231,20210730,280502,280500,801095.SI,乘用车,1,280000,SW2021,2021-07-31 16:18:00
601636,601636.SH,20220101,99991231,20140221,610201,610200,801712.SI,玻璃玻纤,1,610000,SW2021,2024-09-27 12:41:00
601658,601658.SH,20220101,99991231,20210730,480201,480200,801782.SI,国有大型银行Ⅱ,1,480000,SW2021,2025-12-15 16:31:00
601665,601665.SH,20220101,99991231,20210730,480401,480400,801784.SI,城商行Ⅱ,1,480000,SW2021,2021-07-31 16:18:00
601666,601666.SH,20220101,99991231,20210730,740102,740100,801951.SI,煤炭开采,1,740000,SW2021,2025-10-15 10:57:00
601668,601668.SH,20220101,99991231,20140221,620101,620100,801721.SI,房屋建设Ⅱ,1,620000,SW2021,2024-09-27 12:41:00
601669,601669.SH,20220101,99991231,20210730,620306,620300,801723.SI,基础建设,1,620000,SW2021,2022-02-24 12:57:00
601677,601677.SH,20220101,99991231,20140221,240301,240300,801055.SI,工业金属,1,240000,SW2021,2024-09-27 12:41:00
601678,601678.SH,20220101,99991231,20190724,220202,220200,801033.SI,化学原料,1,220000,SW2021,2019-08-09 15:39:00
601686,601686.SH,20220101,99991231,20210730,230403,230400,801044.SI,普钢,1,230000,SW2021,2025-01-08 14:36:00
601688,601688.SH,20220101,99991231,20140221,490101,490100,801193.SI,证券Ⅱ,1,490000,SW2021,2024-09-27 12:41:00
601689,601689.SH,20220101,99991231,20210730,280203,280200,801093.SI,汽车零部件,1,280000,SW2021,2023-02-21 17:32:00
601696,601696.SH,20220101,99991231,20200204,490101,490100,801193.SI,证券Ⅱ,1,490000,SW2021,2021-03-03 15:37:00
601698,601698.SH,20220101,99991231,20190614,650101,650100,801741.SI,航天装备Ⅱ,1,650000,SW2021,2021-03-03 15:20:00
601699,601699.SH,20220101,99991231,20210730,740102,740100,801951.SI,煤炭开采,1,740000,SW2021,2025-10-15 10:57:00
601700,601700.SH,20220101,99991231,20210730,630805,630800,801738.SI,电网设备,1,630000,SW2021,2025-10-15 10:57:00
601702,601702.SH,20220101,99991231,20200821,240301,240300,801055.SI,工业金属,1,240000,SW2021,2020-09-08 13:09:00
601717,601717.SH,20220101,99991231,20210730,640203,640200,801074.SI,专用设备,1,640000,SW2021,2025-10-15 10:57:00
601718,601718.SH,20220101,99991231,20210730,350209,350200,801132.SI,服装家纺,1,350000,SW2021,2026-01-26 16:15:00
601727,601727.SH,20220101,99991231,20140221,630301,630300,801733.SI,其他电源设备Ⅱ,1,630000,SW2021,2024-09-27 12:41:00
601728,601728.SH,20220101,99991231,20210813,730102,730100,801223.SI,通信服务,1,730000,SW2021,2026-06-01 14:47:00
601766,601766.SH,20220101,99991231,20140221,640501,640500,801076.SI,轨交设备Ⅱ,1,640000,SW2021,2024-09-27 12:41:00
601777,601777.SH,20220101,99991231,20210730,280402,280400,801881.SI,摩托车及其他,1,280000,SW2021,2025-01-24 16:29:00
601778,601778.SH,20220101,99991231,20210730,410106,410100,801161.SI,电力,1,410000,SW2021,2025-10-15 10:57:00
601788,601788.SH,20220101,99991231,20140221,490101,490100,801193.SI,证券Ⅱ,1,490000,SW2021,2024-09-27 12:41:00
601789,601789.SH,20220101,99991231,20140221,620101,620100,801721.SI,房屋建设Ⅱ,1,620000,SW2021,2024-09-27 12:41:00
601798,601798.SH,20220101,99991231,20140221,640203,640200,801074.SI,专用设备,1,640000,SW2021,2024-09-27 12:41:00
601799,601799.SH,20220101,20220728,20210730,280206,280200,801093.SI,汽车零部件,1,280000,SW2021,2022-05-05 20:02:00
601799,601799.SH,20220729,99991231,20220729,280202,280200,801093.SI,汽车零部件,1,280000,SW2021,2026-02-26 16:27:00
601800,601800.SH,20220101,99991231,20210730,620306,620300,801723.SI,基础建设,1,620000,SW2021,2021-08-25 10:04:00
601801,601801.SH,20220101,99991231,20210730,720902,720900,801769.SI,出版,1,720000,SW2021,2025-10-15 10:57:00
601808,601808.SH,20220101,99991231,20210730,750201,750200,801962.SI,油服工程,1,750000,SW2021,2026-02-26 16:27:00
601811,601811.SH,20220101,99991231,20210730,720901,720900,801769.SI,出版,1,720000,SW2021,2025-10-15 10:57:00
601816,601816.SH,20220101,99991231,20210730,420903,420900,801179.SI,铁路公路,1,420000,SW2021,2025-10-15 10:57:00
601818,601818.SH,20220101,99991231,20210730,480301,480300,801783.SI,股份制银行Ⅱ,1,480000,SW2021,2022-12-08 15:30:00
601825,601825.SH,20220101,99991231,20210730,480501,480500,801785.SI,农商行Ⅱ,1,480000,SW2021,2023-09-27 15:22:00
601827,601827.SH,20220101,99991231,20210730,760103,760100,801971.SI,环境治理,1,760000,SW2021,2025-10-15 10:57:00
601828,601828.SH,20220101,99991231,20210730,450304,450300,801203.SI,一般零售,1,450000,SW2021,2023-06-28 18:49:00
601838,601838.SH,20220101,99991231,20210730,480401,480400,801784.SI,城商行Ⅱ,1,480000,SW2021,2021-07-31 16:18:00
601857,601857.SH,20220101,99991231,20210730,750301,750300,801963.SI,炼化及贸易,1,750000,SW2021,2026-02-26 16:27:00
601858,601858.SH,20220101,99991231,20210730,720902,720900,801769.SI,出版,1,720000,SW2021,2025-10-15 10:57:00
601860,601860.SH,20220101,99991231,20210730,480501,480500,801785.SI,农商行Ⅱ,1,480000,SW2021,2022-09-02 09:39:00
601865,601865.SH,20220101,99991231,20210730,630504,630500,801735.SI,光伏设备,1,630000,SW2021,2025-10-22 09:59:00
601866,601866.SH,20220101,99991231,20210730,421101,421100,801992.SI,航运港口,1,420000,SW2021,2026-02-26 16:27:00
601868,601868.SH,20220101,99991231,20210930,620306,620300,801723.SI,基础建设,1,620000,SW2021,2022-02-24 12:57:00
601869,601869.SH,20220101,99991231,20210730,730205,730200,801102.SI,通信设备,1,730000,SW2021,2026-06-01 14:47:00
601872,601872.SH,20220101,99991231,20210730,421101,421100,801992.SI,航运港口,1,420000,SW2021,2025-10-15 10:57:00
601877,601877.SH,20220101,99991231,20210730,630802,630800,801738.SI,电网设备,1,630000,SW2021,2025-11-11 08:25:00
601878,601878.SH,20220101,99991231,20170522,490101,490100,801193.SI,证券Ⅱ,1,490000,SW2021,2021-03-03 15:37:00
601880,601880.SH,20220101,99991231,20210730,421102,421100,801992.SI,航运港口,1,420000,SW2021,2025-10-15 10:57:00
601881,601881.SH,20220101,99991231,20161228,490101,490100,801193.SI,证券Ⅱ,1,490000,SW2021,2021-03-03 15:31:00
601882,601882.SH,20220101,99991231,20161028,640101,640100,801072.SI,通用设备,1,640000,SW2021,2019-08-09 15:39:00
601886,601886.SH,20220101,99991231,20140221,620201,620200,801722.SI,装修装饰Ⅱ,1,620000,SW2021,2024-09-27 12:41:00
601888,601888.SH,20220101,99991231,20210730,450701,450700,801207.SI,旅游零售Ⅱ,0,450000,SW2021,2022-08-20 04:34:00
601890,601890.SH,20220101,99991231,20140221,650401,650400,801744.SI,航海装备Ⅱ,1,650000,SW2021,2024-09-27 12:41:00
601898,601898.SH,20220101,99991231,20210730,740101,740100,801951.SI,煤炭开采,1,740000,SW2021,2025-10-15 10:57:00
601899,601899.SH,20220101,99991231,20210730,240302,240300,801055.SI,工业金属,1,240000,SW2021,2022-03-31 09:37:00
601900,601900.SH,20220101,99991231,20210730,720901,720900,801769.SI,出版,1,720000,SW2021,2025-10-15 10:57:00
601901,601901.SH,20220101,99991231,20140221,490101,490100,801193.SI,证券Ⅱ,1,490000,SW2021,2024-09-27 12:41:00
601908,601908.SH,20220101,99991231,20210730,410106,410100,801161.SI,电力,1,410000,SW2021,2025-10-15 10:57:00
601916,601916.SH,20220101,99991231,20210730,480301,480300,801783.SI,股份制银行Ⅱ,1,480000,SW2021,2025-01-16 20:07:00
601918,601918.SH,20220101,99991231,20210730,740101,740100,801951.SI,煤炭开采,1,740000,SW2021,2025-10-15 10:57:00
601919,601919.SH,20220101,99991231,20210730,421101,421100,801992.SI,航运港口,1,420000,SW2021,2025-10-15 10:57:00
601921,601921.SH,20220101,99991231,20210730,720901,720900,801769.SI,出版,1,720000,SW2021,2025-10-15 10:57:00
601928,601928.SH,20220101,99991231,20210730,720901,720900,801769.SI,出版,1,720000,SW2021,2025-10-15 10:57:00
601929,601929.SH,20220101,99991231,20210730,721001,721000,801995.SI,电视广播Ⅱ,1,720000,SW2021,2025-10-15 10:57:00
601933,601933.SH,20220101,99991231,20140221,450302,450300,801203.SI,一般零售,1,450000,SW2021,2024-09-27 12:41:00
601939,601939.SH,20220101,99991231,20210730,480201,480200,801782.SI,国有大型银行Ⅱ,1,480000,SW2021,2022-12-09 09:58:00
601949,601949.SH,20220101,99991231,20210730,720902,720900,801769.SI,出版,1,720000,SW2021,2025-10-15 10:57:00
601952,601952.SH,20220101,99991231,20170504,110102,110100,801016.SI,种植业,1,110000,SW2021,2021-03-03 15:31:00
601956,601956.SH,20220101,99991231,20210730,330601,330600,801116.SI,家电零部件Ⅱ,1,330000,SW2021,2021-07-31 16:18:00
601958,601958.SH,20220101,99991231,20210730,240505,240500,801054.SI,小金属,1,240000,SW2021,2025-01-21 09:29:00
601963,601963.SH,20220101,99991231,20210730,480401,480400,801784.SI,城商行Ⅱ,1,480000,SW2021,2025-01-24 16:29:00
601965,601965.SH,20220101,99991231,20210730,280303,280300,801092.SI,汽车服务,1,280000,SW2021,2026-04-14 11:02:00
601966,601966.SH,20220101,99991231,20210730,280204,280200,801093.SI,汽车零部件,1,280000,SW2021,2025-09-26 17:00:00
601968,601968.SH,20220101,99991231,20210730,360203,360200,801141.SI,包装印刷,1,360000,SW2021,2025-06-13 08:11:00
601969,601969.SH,20220101,99991231,20210730,230301,230300,801043.SI,冶钢原料,1,230000,SW2021,2025-01-08 14:36:00
601975,601975.SH,20220101,99991231,20210730,421101,421100,801992.SI,航运港口,1,420000,SW2021,2025-10-15 10:57:00
601985,601985.SH,20220101,99991231,20210730,410108,410100,801161.SI,电力,1,410000,SW2021,2025-10-15 10:57:00
601988,601988.SH,20220101,99991231,20210730,480201,480200,801782.SI,国有大型银行Ⅱ,1,480000,SW2021,2021-07-31 16:18:00
601989,601989.SH,20220101,99991231,20140221,650401,650400,801744.SI,航海装备Ⅱ,1,650000,SW2021,2024-09-27 12:41:00
601990,601990.SH,20220101,99991231,20180505,490101,490100,801193.SI,证券Ⅱ,1,490000,SW2021,2021-03-03 15:37:00
601991,601991.SH,20220101,99991231,20061219,410101,410100,801161.SI,电力,1,410000,SW2021,2015-10-27 15:28:00
601992,601992.SH,20220101,99991231,20190724,610101,610100,801711.SI,水泥,1,610000,SW2021,2019-08-09 15:39:00
601995,601995.SH,20220101,99991231,20201016,490101,490100,801193.SI,证券Ⅱ,1,490000,SW2021,2021-03-03 15:31:00
601996,601996.SH,20220101,20220728,20210730,360306,360300,801142.SI,家居用品,1,360000,SW2021,2021-07-31 16:18:00
601996,601996.SH,20220729,99991231,20220729,360311,360300,801142.SI,家居用品,1,360000,SW2021,2022-07-29 11:54:00
601997,601997.SH,20220101,99991231,20210730,480401,480400,801784.SI,城商行Ⅱ,1,480000,SW2021,2021-07-31 16:18:00
601998,601998.SH,20220101,99991231,20210730,480301,480300,801783.SI,股份制银行Ⅱ,1,480000,SW2021,2021-07-31 16:18:00
601999,601999.SH,20220101,99991231,20210730,720902,720900,801769.SI,出版,1,720000,SW2021,2025-10-15 10:57:00
603000,603000.SH,20220101,99991231,20210730,720704,720700,801767.SI,数字媒体,1,720000,SW2021,2025-10-15 10:57:00
603001,603001.SH,20220101,99991231,20120118,350205,350200,801132.SI,服装家纺,1,350000,SW2021,2015-10-27 15:28:00
603002,603002.SH,20220101,99991231,20211015,270601,270600,801086.SI,电子化学品Ⅱ,1,270000,SW2021,2021-10-15 15:29:00
603003,603003.SH,20220101,99991231,20210730,710301,710300,801103.SI,IT服务Ⅱ,1,710000,SW2021,2021-07-31 16:18:00
603004,603004.SH,20231208,99991231,20231208,220309,220300,801034.SI,化学制品,1,220000,SW2021,2024-07-29 11:30:00
603005,603005.SH,20220101,99991231,20210730,270107,270100,801081.SI,半导体,1,270000,SW2021,2021-08-26 11:28:00
603006,603006.SH,20220101,99991231,20210730,280205,280200,801093.SI,汽车零部件,1,280000,SW2021,2025-01-08 14:36:00
603007,603007.SH,20220101,99991231,20210730,620307,620300,801723.SI,基础建设,1,620000,SW2021,2021-08-02 13:20:00
603008,603008.SH,20220101,99991231,20210730,360307,360300,801142.SI,家居用品,1,360000,SW2021,2026-02-26 16:27:00
603009,603009.SH,20220101,99991231,20210730,280203,280200,801093.SI,汽车零部件,1,280000,SW2021,2025-01-08 14:36:00
603010,603010.SH,20220101,20220728,20210730,220501,220500,801036.SI,塑料,1,220000,SW2021,2021-07-31 16:18:00
603010,603010.SH,20220729,99991231,20220729,220309,220300,801034.SI,化学制品,1,220000,SW2021,2022-07-29 11:54:00
603011,603011.SH,20220101,99991231,20170629,640209,640200,801074.SI,专用设备,1,640000,SW2021,2019-08-09 15:39:00
603012,603012.SH,20220101,99991231,20150316,640203,640200,801074.SI,专用设备,1,640000,SW2021,2015-10-27 15:28:00
603013,603013.SH,20220101,99991231,20210730,280203,280200,801093.SI,汽车零部件,1,280000,SW2021,2025-01-08 14:36:00
603014,603014.SH,20250425,99991231,20250425,370503,370500,801153.SI,医疗器械,1,370000,SW2021,2025-05-26 09:15:00
603015,603015.SH,20220101,99991231,20210730,640702,640700,801078.SI,自动化设备,1,640000,SW2021,2025-10-15 10:57:00
603016,603016.SH,20220101,99991231,20210730,630802,630800,801738.SI,电网设备,1,630000,SW2021,2025-10-15 10:57:00
603017,603017.SH,20220101,99991231,20210730,620601,620600,801726.SI,工程咨询服务Ⅱ,1,620000,SW2021,2021-07-31 16:18:00
603018,603018.SH,20220101,99991231,20210730,620601,620600,801726.SI,工程咨询服务Ⅱ,1,620000,SW2021,2023-02-20 17:06:00
603019,603019.SH,20220101,99991231,20210730,710103,710100,801101.SI,计算机设备,1,710000,SW2021,2021-07-31 16:18:00
603020,603020.SH,20220101,99991231,20210730,220315,220300,801034.SI,化学制品,1,220000,SW2021,2021-07-31 16:18:00
603021,603021.SH,20220101,99991231,20210730,360311,360300,801142.SI,家居用品,1,360000,SW2021,2021-07-31 16:18:00
603022,603022.SH,20220101,99991231,20210730,360206,360200,801141.SI,包装印刷,1,360000,SW2021,2021-07-31 16:18:00
603023,603023.SH,20220101,99991231,20210730,280206,280200,801093.SI,汽车零部件,1,280000,SW2021,2025-01-08 14:36:00
603025,603025.SH,20220101,99991231,20210730,640702,640700,801078.SI,自动化设备,1,640000,SW2021,2025-10-15 10:57:00
603026,603026.SH,20220101,99991231,20210730,630702,630700,801737.SI,电池,1,630000,SW2021,2025-10-15 10:57:00
603027,603027.SH,20220101,99991231,20210730,340901,340900,801129.SI,调味发酵品Ⅱ,1,340000,SW2021,2025-06-01 08:45:00
603028,603028.SH,20220101,99991231,20210730,640108,640100,801072.SI,通用设备,1,640000,SW2021,2025-10-15 10:57:00
603029,603029.SH,20220101,20220728,20160418,640209,640200,801074.SI,专用设备,1,640000,SW2021,2019-08-09 15:39:00
603029,603029.SH,20220729,99991231,20220729,640207,640200,801074.SI,专用设备,1,640000,SW2021,2025-10-15 10:57:00
603030,603030.SH,20220101,99991231,20150109,620201,620200,801722.SI,装修装饰Ⅱ,1,620000,SW2021,2015-11-05 14:02:00
603031,603031.SH,20220101,20230703,20181224,450302,450300,801203.SI,一般零售,1,450000,SW2021,2019-08-09 15:40:00
603031,603031.SH,20230704,99991231,20230704,630705,630700,801737.SI,电池,1,630000,SW2021,2026-02-26 16:27:00
603032,603032.SH,20220101,20220728,20210730,420902,420900,801179.SI,铁路公路,1,420000,SW2021,2021-07-31 16:18:00
603032,603032.SH,20220729,20230914,20220729,640103,640100,801072.SI,通用设备,1,640000,SW2021,2022-07-29 11:54:00
603032,603032.SH,20230915,99991231,20230915,630703,630700,801737.SI,电池,1,630000,SW2021,2025-10-15 10:57:00
603033,603033.SH,20220101,99991231,20161201,220602,220600,801037.SI,橡胶,1,220000,SW2021,2024-07-29 11:30:00
603035,603035.SH,20220101,99991231,20210730,280202,280200,801093.SI,汽车零部件,1,280000,SW2021,2025-01-08 14:36:00
603036,603036.SH,20220101,99991231,20161201,640203,640200,801074.SI,专用设备,1,640000,SW2021,2019-08-09 15:39:00
603037,603037.SH,20220101,99991231,20210730,280203,280200,801093.SI,汽车零部件,1,280000,SW2021,2025-01-08 14:36:00
603038,603038.SH,20220101,99991231,20170105,610303,610300,801713.SI,装修建材,1,610000,SW2021,2019-08-09 15:39:00
603039,603039.SH,20220101,99991231,20210730,710402,710400,801104.SI,软件开发,1,710000,SW2021,2024-01-24 12:37:00
603040,603040.SH,20220101,99991231,20210730,280203,280200,801093.SI,汽车零部件,1,280000,SW2021,2025-01-08 14:36:00
603041,603041.SH,20220101,99991231,20170318,220313,220300,801034.SI,化学制品,1,220000,SW2021,2019-08-09 15:39:00
603042,603042.SH,20220101,99991231,20210730,730205,730200,801102.SI,通信设备,1,730000,SW2021,2026-06-01 14:47:00
603043,603043.SH,20220101,99991231,20210730,340802,340800,801128.SI,休闲食品,1,340000,SW2021,2024-01-23 17:12:00
603045,603045.SH,20220101,99991231,20180505,240201,240200,801051.SI,金属新材料,1,240000,SW2021,2021-01-25 13:36:00
603048,603048.SH,20220101,99991231,20211029,280205,280200,801093.SI,汽车零部件,1,280000,SW2021,2025-01-08 14:36:00
603049,603049.SH,20250516,99991231,20250516,280204,280200,801093.SI,汽车零部件,1,280000,SW2021,2025-11-10 13:34:00
603050,603050.SH,20220101,99991231,20210730,630803,630800,801738.SI,电网设备,1,630000,SW2021,2025-10-15 10:57:00
603051,603051.SH,20220311,99991231,20220311,220317,220300,801034.SI,化学制品,1,220000,SW2021,2022-03-11 16:12:00
603052,603052.SH,20220923,99991231,20220923,270504,270500,801085.SI,消费电子,1,270000,SW2021,2022-09-23 11:06:00
603053,603053.SH,20220101,99991231,20191129,410301,410300,801163.SI,燃气Ⅱ,1,410000,SW2021,2019-12-02 09:22:00
603055,603055.SH,20220101,99991231,20180917,350106,350100,801131.SI,纺织制造,1,350000,SW2021,2019-08-09 15:38:00
603056,603056.SH,20220101,20220728,20210730,420807,420800,801178.SI,物流,1,420000,SW2021,2022-03-17 18:00:00
603056,603056.SH,20220729,99991231,20220729,420804,420800,801178.SI,物流,1,420000,SW2021,2025-10-15 10:57:00
603057,603057.SH,20220909,99991231,20220909,340803,340800,801128.SI,休闲食品,1,340000,SW2021,2025-09-11 10:52:00
603058,603058.SH,20220101,99991231,20210730,360205,360200,801141.SI,包装印刷,1,360000,SW2021,2021-07-31 16:18:00
603059,603059.SH,20220101,99991231,20210730,770102,770100,801981.SI,个护用品,1,770000,SW2021,2026-04-10 09:38:00
603060,603060.SH,20220101,99991231,20210730,460802,460800,801218.SI,专业服务,1,460000,SW2021,2021-07-31 16:18:00
603061,603061.SH,20230224,99991231,20230224,270108,270100,801081.SI,半导体,1,270000,SW2021,2026-03-26 08:43:00
603062,603062.SH,20231027,99991231,20231027,220305,220300,801034.SI,化学制品,1,220000,SW2021,2023-10-27 14:02:00
603063,603063.SH,20220101,99991231,20210730,630602,630600,801736.SI,风电设备,1,630000,SW2021,2025-10-15 10:57:00
603065,603065.SH,20230213,99991231,20230213,220309,220300,801034.SI,化学制品,1,220000,SW2021,2023-02-14 14:22:00
603066,603066.SH,20220101,20220728,20210730,420804,420800,801178.SI,物流,1,420000,SW2021,2021-07-31 16:18:00
603066,603066.SH,20220729,99991231,20220729,420806,420800,801178.SI,物流,1,420000,SW2021,2025-10-15 10:57:00
603067,603067.SH,20220101,99991231,20160907,220203,220200,801033.SI,化学原料,1,220000,SW2021,2019-08-09 15:39:00
603068,603068.SH,20220101,99991231,20210730,270105,270100,801081.SI,半导体,1,270000,SW2021,2023-04-25 09:33:00
603069,603069.SH,20220101,99991231,20210730,420902,420900,801179.SI,铁路公路,1,420000,SW2021,2025-10-15 10:57:00
603070,603070.SH,20220225,99991231,20220225,630802,630800,801738.SI,电网设备,1,630000,SW2021,2025-10-15 10:57:00
603071,603071.SH,20220101,20220728,20211203,410104,410100,801161.SI,电力,1,410000,SW2021,2021-12-29 14:12:00
603071,603071.SH,20220729,99991231,20220729,740101,740100,801951.SI,煤炭开采,1,740000,SW2021,2025-10-15 10:57:00
603072,603072.SH,20241220,99991231,20241220,240202,240200,801051.SI,金属新材料,1,240000,SW2021,2025-01-08 14:36:00
603073,603073.SH,20230213,99991231,20230213,220401,220400,801032.SI,化学纤维,1,220000,SW2021,2023-02-14 14:22:00
603075,603075.SH,20230908,99991231,20230908,330601,330600,801116.SI,家电零部件Ⅱ,1,330000,SW2021,2023-09-08 15:31:00
603076,603076.SH,20220101,99991231,20171108,640209,640200,801074.SI,专用设备,1,640000,SW2021,2021-07-14 09:38:00
603077,603077.SH,20220101,20220728,20120118,220201,220200,801033.SI,化学原料,1,220000,SW2021,2015-10-27 15:29:00
603077,603077.SH,20220729,99991231,20220729,220802,220800,801038.SI,农化制品,1,220000,SW2021,2022-07-29 11:54:00
603078,603078.SH,20220101,99991231,20210730,270601,270600,801086.SI,电子化学品Ⅱ,1,270000,SW2021,2024-01-19 09:00:00
603079,603079.SH,20220101,20240729,20170815,370101,370100,801151.SI,化学制药,1,370000,SW2021,2020-12-04 14:32:00
603079,603079.SH,20240730,99991231,20240730,220315,220300,801034.SI,化学制品,1,220000,SW2021,2025-01-08 14:36:00
603080,603080.SH,20220101,99991231,20171220,410301,410300,801163.SI,燃气Ⅱ,1,410000,SW2021,2019-08-09 15:39:00
603081,603081.SH,20220101,20220811,20170330,620201,620200,801722.SI,装修装饰Ⅱ,1,620000,SW2021,2020-12-04 14:41:00
603081,603081.SH,20220812,99991231,20220812,640209,640200,801074.SI,专用设备,1,640000,SW2021,2025-10-15 10:57:00
603082,603082.SH,20240112,99991231,20240112,640704,640700,801078.SI,自动化设备,1,640000,SW2021,2025-10-15 10:57:00
603083,603083.SH,20220101,99991231,20210730,730206,730200,801102.SI,通信设备,1,730000,SW2021,2026-06-01 14:47:00
603085,603085.SH,20220101,99991231,20210730,280202,280200,801093.SI,汽车零部件,1,280000,SW2021,2025-01-08 14:36:00
603086,603086.SH,20220101,99991231,20210730,220803,220800,801038.SI,农化制品,1,220000,SW2021,2021-08-02 09:05:00
603087,603087.SH,20220101,99991231,20210730,370304,370300,801152.SI,生物制品,1,370000,SW2021,2021-07-31 16:18:00
603088,603088.SH,20220101,99991231,20140221,640101,640100,801072.SI,通用设备,1,640000,SW2021,2024-10-09 12:57:00
603089,603089.SH,20220101,99991231,20210730,280203,280200,801093.SI,汽车零部件,1,280000,SW2021,2025-01-08 14:36:00
603090,603090.SH,20220101,99991231,20160823,640106,640100,801072.SI,通用设备,1,640000,SW2021,2019-08-09 15:39:00
603091,603091.SH,20240830,99991231,20240830,360205,360200,801141.SI,包装印刷,1,360000,SW2021,2026-03-24 08:15:00
603092,603092.SH,20251017,99991231,20251017,630602,630600,801736.SI,风电设备,1,630000,SW2021,2025-12-11 07:10:00
603093,603093.SH,20220101,99991231,20210730,490303,490300,801191.SI,多元金融,1,490000,SW2021,2021-07-31 16:18:00
603095,603095.SH,20220101,99991231,20200402,640206,640200,801074.SI,专用设备,1,640000,SW2021,2020-04-09 13:53:00
603096,603096.SH,20220101,99991231,20210730,720902,720900,801769.SI,出版,1,720000,SW2021,2025-10-15 10:57:00
603097,603097.SH,20220422,99991231,20220422,630801,630800,801738.SI,电网设备,1,630000,SW2021,2025-10-15 10:57:00
603098,603098.SH,20220101,99991231,20161201,620401,620400,801724.SI,专业工程,1,620000,SW2021,2020-12-04 14:41:00
603099,603099.SH,20220101,99991231,20210730,461003,461000,801993.SI,旅游及景区,1,460000,SW2021,2021-07-31 16:18:00
603100,603100.SH,20220101,99991231,20210730,640107,640100,801072.SI,通用设备,1,640000,SW2021,2026-03-11 17:28:00
603101,603101.SH,20220101,20230703,20190724,450301,450300,801203.SI,一般零售,1,450000,SW2021,2020-12-04 14:41:00
603101,603101.SH,20230704,99991231,20230704,450303,450300,801203.SI,一般零售,1,450000,SW2021,2023-07-04 15:14:00
603102,603102.SH,20220114,99991231,20220114,340407,340400,801124.SI,食品加工,1,340000,SW2021,2022-01-17 11:16:00
603103,603103.SH,20220101,99991231,20210730,720602,720600,801766.SI,影视院线,1,720000,SW2021,2025-10-15 10:57:00
603105,603105.SH,20220101,99991231,20210730,410106,410100,801161.SI,电力,1,410000,SW2021,2025-10-15 10:57:00
603106,603106.SH,20220101,99991231,20210730,710103,710100,801101.SI,计算机设备,1,710000,SW2021,2021-07-31 16:18:00
603107,603107.SH,20231013,99991231,20231013,280203,280200,801093.SI,汽车零部件,1,280000,SW2021,2025-01-08 14:36:00
603108,603108.SH,20220101,20220728,20210730,370602,370600,801156.SI,医疗服务,1,370000,SW2021,2021-07-31 16:18:00
603108,603108.SH,20220729,99991231,20220729,370402,370400,801154.SI,医药商业,1,370000,SW2021,2025-01-24 16:29:00
603109,603109.SH,20220101,99991231,20210730,280205,280200,801093.SI,汽车零部件,1,280000,SW2021,2025-01-08 14:36:00
603110,603110.SH,20220101,99991231,20170925,220305,220300,801034.SI,化学制品,1,220000,SW2021,2019-08-09 15:39:00
603111,603111.SH,20220101,99991231,20140221,640501,640500,801076.SI,轨交设备Ⅱ,1,640000,SW2021,2024-10-09 12:58:00
603112,603112.SH,20220101,99991231,20210730,330601,330600,801116.SI,家电零部件Ⅱ,1,330000,SW2021,2024-01-03 13:14:00
603113,603113.SH,20220101,20240520,20210730,740201,740200,801952.SI,焦炭Ⅱ,1,740000,SW2021,2024-04-01 15:29:00
603113,603113.SH,20240521,99991231,20240521,220204,220200,801033.SI,化学原料,1,220000,SW2021,2025-01-08 14:36:00
603115,603115.SH,20220101,99991231,20190731,240301,240300,801055.SI,工业金属,1,240000,SW2021,2021-01-25 13:36:00
603116,603116.SH,20220101,99991231,20150118,350205,350200,801132.SI,服装家纺,1,350000,SW2021,2015-11-05 14:02:00
603117,603117.SH,20220101,99991231,20210730,420805,420800,801178.SI,物流,1,420000,SW2021,2025-10-15 10:57:00
603118,603118.SH,20220101,99991231,20210730,730206,730200,801102.SI,通信设备,1,730000,SW2021,2026-06-01 14:47:00
603119,603119.SH,20230714,99991231,20230714,280205,280200,801093.SI,汽车零部件,1,280000,SW2021,2025-10-15 10:57:00
603120,603120.SH,20250328,99991231,20250328,220309,220300,801034.SI,化学制品,1,220000,SW2021,2025-10-15 10:57:00
603121,603121.SH,20220101,99991231,20210730,280203,280200,801093.SI,汽车零部件,1,280000,SW2021,2025-01-08 14:36:00
603122,603122.SH,20220107,99991231,20220107,370402,370400,801154.SI,医药商业,1,370000,SW2021,2022-01-07 16:08:00
603123,603123.SH,20220101,99991231,20140221,450301,450300,801203.SI,一般零售,1,450000,SW2021,2024-09-27 12:41:00
603124,603124.SH,20250228,99991231,20250228,240201,240200,801051.SI,金属新材料,1,240000,SW2021,2025-10-15 10:57:00
603125,603125.SH,20230327,99991231,20230327,220309,220300,801034.SI,化学制品,1,220000,SW2021,2023-12-25 16:35:00
603126,603126.SH,20220101,20240729,20210730,760103,760100,801971.SI,环境治理,1,760000,SW2021,2022-10-11 14:53:00
603126,603126.SH,20240730,99991231,20240730,760201,760200,801972.SI,环保设备Ⅱ,1,760000,SW2021,2025-10-15 10:57:00
603127,603127.SH,20220101,99991231,20210730,370603,370600,801156.SI,医疗服务,1,370000,SW2021,2025-09-09 10:17:00
603128,603128.SH,20220101,99991231,20210730,420805,420800,801178.SI,物流,1,420000,SW2021,2025-10-15 10:57:00
603129,603129.SH,20220101,99991231,20210730,280402,280400,801881.SI,摩托车及其他,1,280000,SW2021,2025-01-08 14:36:00
603130,603130.SH,20221117,99991231,20221117,350106,350100,801131.SI,纺织制造,1,350000,SW2021,2022-11-17 11:21:00
603131,603131.SH,20220101,99991231,20160525,640106,640100,801072.SI,通用设备,1,640000,SW2021,2019-08-09 15:39:00
603132,603132.SH,20220128,99991231,20220128,240303,240300,801055.SI,工业金属,1,240000,SW2021,2025-01-08 14:36:00
603133,603133.SH,20220101,99991231,20210730,270504,270500,801085.SI,消费电子,1,270000,SW2021,2021-07-31 16:18:00
603135,603135.SH,20230327,99991231,20230327,640203,640200,801074.SI,专用设备,1,640000,SW2021,2025-10-15 10:57:00
603136,603136.SH,20220101,20220728,20210730,461002,461000,801993.SI,旅游及景区,1,460000,SW2021,2022-02-08 15:57:00
603136,603136.SH,20220729,99991231,20220729,461003,461000,801993.SI,旅游及景区,1,460000,SW2021,2026-02-26 16:27:00
603137,603137.SH,20230331,99991231,20230331,620201,620200,801722.SI,装修装饰Ⅱ,1,620000,SW2021,2023-04-03 11:04:00
603138,603138.SH,20220101,99991231,20210730,710301,710300,801103.SI,IT服务Ⅱ,1,710000,SW2021,2021-07-31 16:18:00
603139,603139.SH,20220101,99991231,20170330,370201,370200,801155.SI,中药Ⅱ,1,370000,SW2021,2020-12-04 14:32:00
603150,603150.SH,20220107,99991231,20220107,220501,220500,801036.SI,塑料,1,220000,SW2021,2022-01-07 16:08:00
603151,603151.SH,20220923,99991231,20220923,110402,110400,801014.SI,饲料,1,110000,SW2021,2022-09-23 11:06:00
603153,603153.SH,20230224,99991231,20230224,620601,620600,801726.SI,工程咨询服务Ⅱ,1,620000,SW2021,2023-12-07 10:03:00
603155,603155.SH,20220101,99991231,20210730,220316,220300,801034.SI,化学制品,1,220000,SW2021,2021-07-31 16:18:00
603156,603156.SH,20220101,99991231,20210730,340701,340700,801127.SI,饮料乳品,1,340000,SW2021,2025-01-08 14:36:00
603157,603157.SH,20220101,99991231,20210730,350209,350200,801132.SI,服装家纺,1,350000,SW2021,2021-07-31 16:18:00
603158,603158.SH,20220101,99991231,20210730,280203,280200,801093.SI,汽车零部件,1,280000,SW2021,2025-01-08 14:36:00
603159,603159.SH,20220101,99991231,20160804,640209,640200,801074.SI,专用设备,1,640000,SW2021,2019-08-09 15:39:00
603160,603160.SH,20220101,99991231,20210730,270105,270100,801081.SI,半导体,1,270000,SW2021,2023-10-10 10:42:00
603161,603161.SH,20220101,99991231,20210730,280203,280200,801093.SI,汽车零部件,1,280000,SW2021,2025-01-08 14:36:00
603162,603162.SH,20230224,99991231,20230224,421101,421100,801992.SI,航运港口,1,420000,SW2021,2025-10-15 10:57:00
603163,603163.SH,20220902,99991231,20220902,620404,620400,801724.SI,专业工程,1,620000,SW2021,2023-06-18 19:57:00
603165,603165.SH,20220101,99991231,20210730,360102,360100,801143.SI,造纸,1,360000,SW2021,2021-07-31 16:18:00
603166,603166.SH,20220101,99991231,20210730,280203,280200,801093.SI,汽车零部件,1,280000,SW2021,2025-02-18 14:09:00
603167,603167.SH,20220101,99991231,20210730,421101,421100,801992.SI,航运港口,1,420000,SW2021,2025-10-15 10:57:00
603168,603168.SH,20220101,99991231,20140120,370102,370100,801151.SI,化学制药,1,370000,SW2021,2015-10-27 15:29:00
603169,603169.SH,20220101,99991231,20140221,640203,640200,801074.SI,专用设备,1,640000,SW2021,2024-10-09 12:59:00
603170,603170.SH,20220701,99991231,20220701,340901,340900,801129.SI,调味发酵品Ⅱ,1,340000,SW2021,2025-06-01 08:45:00
603171,603171.SH,20220101,99991231,20210730,710301,710300,801103.SI,IT服务Ⅱ,1,710000,SW2021,2023-06-06 19:32:00
603172,603172.SH,20230504,99991231,20230504,220308,220300,801034.SI,化学制品,1,220000,SW2021,2023-05-04 09:15:00
603173,603173.SH,20230106,20230703,20230106,640209,640200,801074.SI,专用设备,1,640000,SW2021,2023-01-09 09:48:00
603173,603173.SH,20230704,99991231,20230704,640203,640200,801074.SI,专用设备,1,640000,SW2021,2025-10-15 10:57:00
603175,603175.SH,20250926,99991231,20250926,270202,270200,801083.SI,元件,1,270000,SW2021,2025-10-17 14:23:00
603176,603176.SH,20220101,99991231,20211217,620306,620300,801723.SI,基础建设,1,620000,SW2021,2021-12-29 14:09:00
603177,603177.SH,20220101,99991231,20210730,760101,760100,801971.SI,环境治理,1,760000,SW2021,2025-10-15 10:57:00
603178,603178.SH,20220101,99991231,20210730,280203,280200,801093.SI,汽车零部件,1,280000,SW2021,2025-01-08 14:36:00
603179,603179.SH,20220101,99991231,20210730,280206,280200,801093.SI,汽车零部件,1,280000,SW2021,2025-12-24 16:24:00
603180,603180.SH,20220101,99991231,20210730,360308,360300,801142.SI,家居用品,1,360000,SW2021,2021-07-31 16:18:00
603181,603181.SH,20220101,20220728,20210730,220501,220500,801036.SI,塑料,1,220000,SW2021,2022-06-01 12:48:00
603181,603181.SH,20220729,99991231,20220729,220309,220300,801034.SI,化学制品,1,220000,SW2021,2022-07-29 11:54:00
603182,603182.SH,20220826,99991231,20220826,110502,110500,801012.SI,农产品加工,1,110000,SW2021,2022-08-26 13:27:00
603183,603183.SH,20220101,99991231,20210730,460802,460800,801218.SI,专业服务,1,460000,SW2021,2022-10-11 14:53:00
603185,603185.SH,20220101,20230703,20210730,630505,630500,801735.SI,光伏设备,1,630000,SW2021,2023-02-20 17:08:00
603185,603185.SH,20230704,99991231,20230704,630501,630500,801735.SI,光伏设备,1,630000,SW2021,2025-10-15 10:57:00
603186,603186.SH,20220101,99991231,20161219,270202,270200,801083.SI,元件,1,270000,SW2021,2019-08-09 15:38:00
603187,603187.SH,20220101,99991231,20181128,640105,640100,801072.SI,通用设备,1,640000,SW2021,2019-08-09 15:39:00
603188,603188.SH,20220101,99991231,20140110,220308,220300,801034.SI,化学制品,1,220000,SW2021,2015-10-27 15:29:00
603189,603189.SH,20220101,99991231,20210730,710401,710400,801104.SI,软件开发,1,710000,SW2021,2021-07-31 16:18:00
603190,603190.SH,20230213,99991231,20230213,280205,280200,801093.SI,汽车零部件,1,280000,SW2021,2025-01-08 14:36:00
603191,603191.SH,20220318,99991231,20220318,630801,630800,801738.SI,电网设备,1,630000,SW2021,2025-10-15 10:57:00
603192,603192.SH,20220101,99991231,20180809,220313,220300,801034.SI,化学制品,1,220000,SW2021,2019-08-09 15:39:00
603193,603193.SH,20231013,99991231,20231013,770102,770100,801981.SI,个护用品,1,770000,SW2021,2024-07-14 10:41:00
603194,603194.SH,20241206,99991231,20241206,640601,640600,801077.SI,工程机械,1,640000,SW2021,2025-10-15 10:57:00
603195,603195.SH,20220101,99991231,20210730,360311,360300,801142.SI,家居用品,1,360000,SW2021,2024-09-06 09:05:00
603196,603196.SH,20220101,99991231,20210730,350209,350200,801132.SI,服装家纺,1,350000,SW2021,2021-07-31 16:18:00
603197,603197.SH,20220101,99991231,20210730,280205,280200,801093.SI,汽车零部件,1,280000,SW2021,2023-05-29 08:20:00
603198,603198.SH,20220101,99991231,20210730,340501,340500,801125.SI,白酒Ⅱ,1,340000,SW2021,2025-06-01 08:45:00
603199,603199.SH,20220101,99991231,20210730,461003,461000,801993.SI,旅游及景区,1,460000,SW2021,2024-06-06 10:48:00
603200,603200.SH,20220101,99991231,20210730,760102,760100,801971.SI,环境治理,1,760000,SW2021,2025-10-15 10:57:00
603201,603201.SH,20220725,20240729,20220725,640209,640200,801074.SI,专用设备,1,640000,SW2021,2022-07-25 11:55:00
603201,603201.SH,20240730,99991231,20240730,280205,280200,801093.SI,汽车零部件,1,280000,SW2021,2025-01-08 14:36:00
603202,603202.SH,20250410,99991231,20250410,280206,280200,801093.SI,汽车零部件,1,280000,SW2021,2025-10-15 10:57:00
603203,603203.SH,20220101,99991231,20210730,640702,640700,801078.SI,自动化设备,1,640000,SW2021,2025-10-15 10:57:00
603205,603205.SH,20241018,99991231,20241018,370503,370500,801153.SI,医疗器械,1,370000,SW2021,2025-01-08 14:36:00
603206,603206.SH,20220415,99991231,20220415,730103,730100,801223.SI,通信服务,1,730000,SW2021,2026-06-01 14:47:00
603207,603207.SH,20240807,99991231,20240807,370102,370100,801151.SI,化学制药,1,370000,SW2021,2025-01-08 14:36:00
603208,603208.SH,20220101,99991231,20210730,360308,360300,801142.SI,家居用品,1,360000,SW2021,2021-07-31 16:18:00
603209,603209.SH,20220218,99991231,20220218,421101,421100,801992.SI,航运港口,1,420000,SW2021,2026-02-26 16:27:00
603210,603210.SH,20250321,99991231,20250321,280205,280200,801093.SI,汽车零部件,1,280000,SW2021,2025-10-15 10:57:00
603211,603211.SH,20220708,99991231,20220708,280205,280200,801093.SI,汽车零部件,1,280000,SW2021,2025-01-08 14:36:00
603212,603212.SH,20220101,99991231,20210730,630504,630500,801735.SI,光伏设备,1,630000,SW2021,2025-10-15 10:57:00
603213,603213.SH,20220101,99991231,20211029,220202,220200,801033.SI,化学原料,1,220000,SW2021,2021-11-18 09:14:00
603214,603214.SH,20220101,99991231,20180403,450401,450400,801204.SI,专业连锁Ⅱ,1,450000,SW2021,2018-06-20 15:08:00
603215,603215.SH,20220128,99991231,20220128,330301,330300,801113.SI,小家电,1,330000,SW2021,2026-02-26 16:27:00
603216,603216.SH,20220101,99991231,20211126,360308,360300,801142.SI,家居用品,1,360000,SW2021,2021-12-29 14:13:00
603217,603217.SH,20220101,99991231,20190520,220309,220300,801034.SI,化学制品,1,220000,SW2021,2019-08-09 15:39:00
603218,603218.SH,20220101,99991231,20210730,630602,630600,801736.SI,风电设备,1,630000,SW2021,2025-10-15 10:57:00
603219,603219.SH,20220101,99991231,20211105,330302,330300,801113.SI,小家电,1,330000,SW2021,2021-11-18 09:23:00
603220,603220.SH,20220101,99991231,20210730,730103,730100,801223.SI,通信服务,1,730000,SW2021,2026-06-01 14:47:00
603221,603221.SH,20220101,99991231,20210730,360306,360300,801142.SI,家居用品,1,360000,SW2021,2021-07-31 16:18:00
603222,603222.SH,20220101,99991231,20210730,370503,370500,801153.SI,医疗器械,1,370000,SW2021,2021-07-31 16:18:00
603223,603223.SH,20220101,20220728,20210730,420807,420800,801178.SI,物流,1,420000,SW2021,2021-07-31 16:18:00
603223,603223.SH,20220729,99991231,20220729,750302,750300,801963.SI,炼化及贸易,1,750000,SW2021,2022-07-29 11:54:00
603225,603225.SH,20220101,99991231,20170330,220401,220400,801032.SI,化学纤维,1,220000,SW2021,2019-08-09 15:39:00
603226,603226.SH,20220101,99991231,20210730,360306,360300,801142.SI,家居用品,1,360000,SW2021,2021-07-31 16:18:00
603227,603227.SH,20220101,99991231,20150106,220307,220300,801034.SI,化学制品,1,220000,SW2021,2015-11-05 14:02:00
603228,603228.SH,20220101,99991231,20161219,270202,270200,801083.SI,元件,1,270000,SW2021,2020-03-18 19:58:00
603229,603229.SH,20220101,99991231,20170419,370101,370100,801151.SI,化学制药,1,370000,SW2021,2020-12-04 14:32:00
603230,603230.SH,20220101,20230703,20211119,720901,720900,801769.SI,出版,1,720000,SW2021,2021-12-29 14:12:00
603230,603230.SH,20230704,99991231,20230704,720902,720900,801769.SI,出版,1,720000,SW2021,2025-10-15 10:57:00
603231,603231.SH,20231201,99991231,20231201,110502,110500,801012.SI,农产品加工,1,110000,SW2021,2024-07-29 11:30:00
603232,603232.SH,20220101,99991231,20210730,710401,710400,801104.SI,软件开发,1,710000,SW2021,2021-07-31 16:18:00
603233,603233.SH,20220101,99991231,20210730,370403,370400,801154.SI,医药商业,1,370000,SW2021,2024-06-21 14:46:00
603235,603235.SH,20220624,99991231,20220624,220315,220300,801034.SI,化学制品,1,220000,SW2021,2022-08-26 07:17:00
603236,603236.SH,20220101,99991231,20210730,730206,730200,801102.SI,通信设备,1,730000,SW2021,2025-10-15 10:57:00
603237,603237.SH,20220819,99991231,20220819,340406,340400,801124.SI,食品加工,1,340000,SW2021,2025-11-04 14:13:00
603238,603238.SH,20220101,20250810,20210730,770101,770100,801981.SI,个护用品,1,770000,SW2021,2025-06-03 11:52:00
603238,603238.SH,20250811,99991231,20250811,350106,350100,801131.SI,纺织制造,1,350000,SW2021,2026-01-22 08:48:00
603239,603239.SH,20220101,99991231,20210730,280205,280200,801093.SI,汽车零部件,1,280000,SW2021,2025-01-08 14:36:00
603248,603248.SH,20251212,99991231,20251212,630602,630600,801736.SI,风电设备,1,630000,SW2021,2026-04-27 14:53:00
603255,603255.SH,20220715,99991231,20220715,220309,220300,801034.SI,化学制品,1,220000,SW2021,2025-09-26 17:00:00
603256,603256.SH,20220101,99991231,20210730,610202,610200,801712.SI,玻璃玻纤,1,610000,SW2021,2021-08-04 10:42:00
603257,603257.SH,20250314,99991231,20250314,620601,620600,801726.SI,工程咨询服务Ⅱ,1,620000,SW2021,2025-10-15 10:57:00
603258,603258.SH,20220101,99991231,20210730,720401,720400,801764.SI,游戏Ⅱ,1,720000,SW2021,2026-04-02 13:26:00
603259,603259.SH,20220101,99991231,20210730,370603,370600,801156.SI,医疗服务,1,370000,SW2021,2025-09-09 10:17:00
603260,603260.SH,20220101,20220728,20210730,220901,220900,801039.SI,非金属材料Ⅱ,1,220000,SW2021,2021-07-31 16:18:00
603260,603260.SH,20220729,99991231,20220729,220316,220300,801034.SI,化学制品,1,220000,SW2021,2025-07-28 09:27:00
603261,603261.SH,20220304,99991231,20220304,650201,650200,801742.SI,航空装备Ⅱ,1,650000,SW2021,2025-10-15 10:57:00
603262,603262.SH,20250711,99991231,20250711,340407,340400,801124.SI,食品加工,1,340000,SW2021,2025-10-15 10:57:00
603266,603266.SH,20220101,20220217,20161225,220501,220500,801036.SI,塑料,1,220000,SW2021,2019-08-09 15:39:00
603266,603266.SH,20220218,99991231,20220218,280202,280200,801093.SI,汽车零部件,1,280000,SW2021,2025-01-08 14:36:00
603267,603267.SH,20220101,99991231,20210730,650501,650500,801745.SI,军工电子Ⅱ,1,650000,SW2021,2025-10-15 10:57:00
603268,603268.SH,20220101,20260129,20210730,360311,360300,801142.SI,家居用品,1,360000,SW2021,2025-10-15 10:57:00
603268,603268.SH,20260130,99991231,20260130,650401,650400,801744.SI,航海装备Ⅱ,1,650000,SW2021,2026-03-17 17:11:00
603269,603269.SH,20220101,99991231,20170504,640106,640100,801072.SI,通用设备,1,640000,SW2021,2019-08-09 15:39:00
603270,603270.SH,20230821,99991231,20230821,640108,640100,801072.SI,通用设备,1,640000,SW2021,2025-10-15 10:57:00
603271,603271.SH,20250221,99991231,20250221,240301,240300,801055.SI,工业金属,1,240000,SW2021,2025-10-15 10:57:00
603272,603272.SH,20220429,99991231,20220429,360311,360300,801142.SI,家居用品,1,360000,SW2021,2022-04-29 17:06:00
603273,603273.SH,20231013,99991231,20231013,640601,640600,801077.SI,工程机械,1,640000,SW2021,2025-10-15 10:57:00
603275,603275.SH,20230821,99991231,20230821,640702,640700,801078.SI,自动化设备,1,640000,SW2021,2025-10-15 10:57:00
603276,603276.SH,20230908,99991231,20230908,220309,220300,801034.SI,化学制品,1,220000,SW2021,2023-09-08 15:31:00
603277,603277.SH,20220101,99991231,20190724,640105,640100,801072.SI,通用设备,1,640000,SW2021,2019-08-09 15:39:00
603278,603278.SH,20220101,99991231,20210730,640108,640100,801072.SI,通用设备,1,640000,SW2021,2025-10-15 10:57:00
603279,603279.SH,20220101,20250409,20210730,760201,760200,801972.SI,环保设备Ⅱ,1,760000,SW2021,2024-02-08 18:50:00
603279,603279.SH,20250410,99991231,20250410,640106,640100,801072.SI,通用设备,1,640000,SW2021,2026-04-02 13:26:00
603280,603280.SH,20221021,99991231,20221021,640601,640600,801077.SI,工程机械,1,640000,SW2021,2025-10-15 10:57:00
603281,603281.SH,20230106,99991231,20230106,220316,220300,801034.SI,化学制品,1,220000,SW2021,2023-01-09 09:48:00
603282,603282.SH,20230224,99991231,20230224,760201,760200,801972.SI,环保设备Ⅱ,1,760000,SW2021,2025-10-15 10:57:00
603283,603283.SH,20220101,99991231,20210730,640702,640700,801078.SI,自动化设备,1,640000,SW2021,2025-10-15 10:57:00
603284,603284.SH,20260123,99991231,20260123,360102,360100,801143.SI,造纸,1,360000,SW2021,2026-04-27 14:53:00
603285,603285.SH,20240704,99991231,20240704,220309,220300,801034.SI,化学制品,1,220000,SW2021,2024-07-04 11:57:00
603286,603286.SH,20220101,99991231,20210730,280203,280200,801093.SI,汽车零部件,1,280000,SW2021,2025-01-08 14:36:00
603288,603288.SH,20220101,99991231,20210730,340901,340900,801129.SI,调味发酵品Ⅱ,1,340000,SW2021,2021-07-31 16:18:00
603289,603289.SH,20220101,99991231,20171030,640209,640200,801074.SI,专用设备,1,640000,SW2021,2019-08-09 15:39:00
603290,603290.SH,20220101,99991231,20210730,270102,270100,801081.SI,半导体,1,270000,SW2021,2022-03-28 11:47:00
603291,603291.SH,20230224,99991231,20230224,760102,760100,801971.SI,环境治理,1,760000,SW2021,2025-10-15 10:57:00
603293,603293.SH,20260403,99991231,20260403,280206,280200,801093.SI,汽车零部件,1,280000,SW2021,2026-04-27 14:53:00
603296,603296.SH,20230731,99991231,20230731,270504,270500,801085.SI,消费电子,1,270000,SW2021,2026-02-26 16:27:00
603297,603297.SH,20220101,99991231,20180831,270303,270300,801084.SI,光学光电子,1,270000,SW2021,2019-08-09 15:38:00
603298,603298.SH,20220101,99991231,20210730,640601,640600,801077.SI,工程机械,1,640000,SW2021,2025-10-15 10:57:00
603299,603299.SH,20220101,99991231,20210730,220203,220200,801033.SI,化学原料,1,220000,SW2021,2021-07-31 16:18:00
603300,603300.SH,20220101,99991231,20210730,490305,490300,801191.SI,多元金融,1,490000,SW2021,2026-02-26 16:27:00
603301,603301.SH,20220101,99991231,20210730,370503,370500,801153.SI,医疗器械,1,370000,SW2021,2021-07-31 16:18:00
603303,603303.SH,20220101,99991231,20210730,330501,330500,801115.SI,照明设备Ⅱ,1,330000,SW2021,2023-04-25 09:33:00
603305,603305.SH,20220101,99991231,20210730,280203,280200,801093.SI,汽车零部件,1,280000,SW2021,2026-04-14 11:02:00
603306,603306.SH,20220101,99991231,20210730,280202,280200,801093.SI,汽车零部件,1,280000,SW2021,2025-01-08 14:36:00
603307,603307.SH,20230120,99991231,20230120,350205,350200,801132.SI,服装家纺,1,350000,SW2021,2023-01-20 13:22:00
603308,603308.SH,20220101,99991231,20210730,640108,640100,801072.SI,通用设备,1,640000,SW2021,2025-10-15 10:57:00
603309,603309.SH,20220101,99991231,20210730,370503,370500,801153.SI,医疗器械,1,370000,SW2021,2021-07-31 16:18:00
603310,603310.SH,20240802,99991231,20240802,220311,220300,801034.SI,化学制品,1,220000,SW2021,2025-01-08 14:36:00
603311,603311.SH,20220101,99991231,20210730,330601,330600,801116.SI,家电零部件Ⅱ,1,330000,SW2021,2022-11-01 13:55:00
603312,603312.SH,20231222,99991231,20231222,630801,630800,801738.SI,电网设备,1,630000,SW2021,2025-10-15 10:57:00
603313,603313.SH,20220101,99991231,20210730,360307,360300,801142.SI,家居用品,1,360000,SW2021,2021-07-31 16:18:00
603315,603315.SH,20220101,20220728,20210730,640108,640100,801072.SI,通用设备,1,640000,SW2021,2021-08-02 13:24:00
603315,603315.SH,20220729,99991231,20220729,760101,760100,801971.SI,环境治理,1,760000,SW2021,2025-10-15 10:57:00
603316,603316.SH,20220101,99991231,20210730,620307,620300,801723.SI,基础建设,1,620000,SW2021,2021-08-02 13:20:00
603317,603317.SH,20220101,99991231,20210730,340901,340900,801129.SI,调味发酵品Ⅱ,1,340000,SW2021,2025-06-01 08:45:00
603318,603318.SH,20220101,99991231,20210730,410301,410300,801163.SI,燃气Ⅱ,1,410000,SW2021,2025-10-15 10:57:00
603319,603319.SH,20220101,99991231,20210730,280203,280200,801093.SI,汽车零部件,1,280000,SW2021,2026-03-13 07:23:00
603320,603320.SH,20220101,99991231,20170419,630101,630100,801731.SI,电机Ⅱ,1,630000,SW2021,2020-12-04 14:41:00
603321,603321.SH,20220101,99991231,20170907,640204,640200,801074.SI,专用设备,1,640000,SW2021,2019-08-09 15:39:00
603322,603322.SH,20220101,99991231,20210730,730103,730100,801223.SI,通信服务,1,730000,SW2021,2026-06-01 14:47:00
603323,603323.SH,20220101,99991231,20210730,480501,480500,801785.SI,农商行Ⅱ,1,480000,SW2021,2022-12-26 13:42:00
603324,603324.SH,20220101,99991231,20210730,760201,760200,801972.SI,环保设备Ⅱ,1,760000,SW2021,2025-10-15 10:57:00
603325,603325.SH,20231222,99991231,20231222,640203,640200,801074.SI,专用设备,1,640000,SW2021,2025-10-15 10:57:00
603326,603326.SH,20220101,99991231,20210730,360308,360300,801142.SI,家居用品,1,360000,SW2021,2021-07-31 16:18:00
603327,603327.SH,20220101,99991231,20210730,270504,270500,801085.SI,消费电子,1,270000,SW2021,2023-04-25 09:33:00
603328,603328.SH,20220101,99991231,20140221,270202,270200,801083.SI,元件,1,270000,SW2021,2024-10-09 14:16:00
603329,603329.SH,20220101,99991231,20210730,420802,420800,801178.SI,物流,1,420000,SW2021,2025-10-15 10:57:00
603330,603330.SH,20220101,99991231,20210730,220501,220500,801036.SI,塑料,1,220000,SW2021,2021-07-31 16:18:00
603331,603331.SH,20220101,99991231,20170620,640106,640100,801072.SI,通用设备,1,640000,SW2021,2019-08-09 15:39:00
603332,603332.SH,20220101,99991231,20190104,220401,220400,801032.SI,化学纤维,1,220000,SW2021,2019-08-09 15:39:00
603333,603333.SH,20220101,99991231,20210730,630805,630800,801738.SI,电网设备,1,630000,SW2021,2025-10-15 10:57:00
603334,603334.SH,20251017,99991231,20251017,220309,220300,801034.SI,化学制品,1,220000,SW2021,2026-04-27 14:53:00
603335,603335.SH,20220101,99991231,20210730,280204,280200,801093.SI,汽车零部件,1,280000,SW2021,2025-01-08 14:36:00
603336,603336.SH,20220101,99991231,20161106,110103,110100,801016.SI,种植业,1,110000,SW2021,2019-08-09 15:39:00
603337,603337.SH,20220101,99991231,20210730,640206,640200,801074.SI,专用设备,1,640000,SW2021,2025-10-15 10:57:00
603338,603338.SH,20220101,99991231,20210730,640601,640600,801077.SI,工程机械,1,640000,SW2021,2025-10-15 10:57:00
603339,603339.SH,20220101,99991231,20160509,640105,640100,801072.SI,通用设备,1,640000,SW2021,2019-08-09 15:39:00
603341,603341.SH,20240202,99991231,20240202,270504,270500,801085.SI,消费电子,1,270000,SW2021,2024-07-29 11:30:00
603344,603344.SH,20240301,99991231,20240301,630101,630100,801731.SI,电机Ⅱ,1,630000,SW2021,2025-10-15 10:57:00
603345,603345.SH,20220101,99991231,20210730,340406,340400,801124.SI,食品加工,1,340000,SW2021,2025-06-01 08:45:00
603348,603348.SH,20220101,99991231,20210730,280205,280200,801093.SI,汽车零部件,1,280000,SW2021,2025-01-08 14:36:00
603350,603350.SH,20240614,99991231,20240614,630101,630100,801731.SI,电机Ⅱ,1,630000,SW2021,2024-06-14 14:59:00
603351,603351.SH,20220101,99991231,20190124,370101,370100,801151.SI,化学制药,1,370000,SW2021,2020-12-04 14:32:00
603352,603352.SH,20251226,99991231,20251226,280205,280200,801093.SI,汽车零部件,1,280000,SW2021,2026-04-27 14:53:00
603353,603353.SH,20220101,99991231,20210730,750302,750300,801963.SI,炼化及贸易,1,750000,SW2021,2024-04-01 15:29:00
603355,603355.SH,20220101,99991231,20210730,330302,330300,801113.SI,小家电,1,330000,SW2021,2023-01-03 16:40:00
603356,603356.SH,20220101,99991231,20180107,640204,640200,801074.SI,专用设备,1,640000,SW2021,2019-08-09 15:39:00
603357,603357.SH,20220101,99991231,20210730,620601,620600,801726.SI,工程咨询服务Ⅱ,1,620000,SW2021,2021-07-31 16:18:00
603358,603358.SH,20220101,99991231,20210730,280205,280200,801093.SI,汽车零部件,1,280000,SW2021,2025-01-08 14:36:00
603359,603359.SH,20220101,99991231,20210730,620307,620300,801723.SI,基础建设,1,620000,SW2021,2022-05-05 19:38:00
603360,603360.SH,20220101,99991231,20210730,220803,220800,801038.SI,农化制品,1,220000,SW2021,2021-08-02 09:05:00
603361,603361.SH,20231027,99991231,20231027,640105,640100,801072.SI,通用设备,1,640000,SW2021,2023-10-27 14:02:00
603363,603363.SH,20220101,99991231,20210730,110402,110400,801014.SI,饲料,1,110000,SW2021,2022-05-05 19:38:00
603365,603365.SH,20220101,99991231,20171108,350206,350200,801132.SI,服装家纺,1,350000,SW2021,2021-04-26 08:53:00
603366,603366.SH,20220101,99991231,20210730,330402,330400,801114.SI,厨卫电器,1,330000,SW2021,2021-07-31 16:18:00
603367,603367.SH,20220101,99991231,20210730,370102,370100,801151.SI,化学制药,1,370000,SW2021,2021-07-31 16:18:00
603368,603368.SH,20220101,99991231,20210730,370402,370400,801154.SI,医药商业,1,370000,SW2021,2021-07-31 16:18:00
603369,603369.SH,20220101,99991231,20210730,340501,340500,801125.SI,白酒Ⅱ,1,340000,SW2021,2022-05-09 14:00:00
603370,603370.SH,20250822,99991231,20250822,630101,630100,801731.SI,电机Ⅱ,1,630000,SW2021,2025-10-15 10:57:00
603373,603373.SH,20231201,99991231,20231201,460804,460800,801218.SI,专业服务,1,460000,SW2021,2024-07-29 11:30:00
603375,603375.SH,20240108,99991231,20240108,270105,270100,801081.SI,半导体,1,270000,SW2021,2024-07-29 11:30:00
603376,603376.SH,20251017,99991231,20251017,280206,280200,801093.SI,汽车零部件,1,280000,SW2021,2026-04-27 14:53:00
603377,603377.SH,20220101,99991231,20210730,461102,461100,801994.SI,教育,1,460000,SW2021,2022-03-03 09:50:00
603378,603378.SH,20220101,99991231,20210730,610305,610300,801713.SI,装修建材,1,610000,SW2021,2024-01-02 08:51:00
603379,603379.SH,20220101,99991231,20190318,220311,220300,801034.SI,化学制品,1,220000,SW2021,2019-08-09 15:39:00
603380,603380.SH,20220101,99991231,20210730,270504,270500,801085.SI,消费电子,1,270000,SW2021,2023-04-25 09:33:00
603381,603381.SH,20240614,99991231,20240614,630504,630500,801735.SI,光伏设备,1,630000,SW2021,2024-06-14 14:59:00
603382,603382.SH,20250523,99991231,20250523,220406,220400,801032.SI,化学纤维,1,220000,SW2021,2025-10-15 10:57:00
603383,603383.SH,20220101,99991231,20210730,710401,710400,801104.SI,软件开发,1,710000,SW2021,2024-05-31 10:16:00
603385,603385.SH,20220101,99991231,20210730,360309,360300,801142.SI,家居用品,1,360000,SW2021,2021-07-31 16:18:00
603386,603386.SH,20220101,99991231,20170826,270202,270200,801083.SI,元件,1,270000,SW2021,2019-08-09 15:38:00
603387,603387.SH,20220101,99991231,20210730,370504,370500,801153.SI,医疗器械,1,370000,SW2021,2024-01-04 12:39:00
603388,603388.SH,20220101,99991231,20210730,620307,620300,801723.SI,基础建设,1,620000,SW2021,2021-08-02 13:20:00
603389,603389.SH,20220101,99991231,20210730,360307,360300,801142.SI,家居用品,1,360000,SW2021,2021-07-31 16:18:00
603390,603390.SH,20220101,99991231,20210730,280206,280200,801093.SI,汽车零部件,1,280000,SW2021,2025-01-08 14:36:00
603391,603391.SH,20240712,99991231,20240712,640203,640200,801074.SI,专用设备,1,640000,SW2021,2025-10-15 10:57:00
603392,603392.SH,20220101,20220728,20210730,370504,370500,801153.SI,医疗器械,1,370000,SW2021,2021-07-31 16:18:00
603392,603392.SH,20220729,99991231,20220729,370303,370300,801152.SI,生物制品,1,370000,SW2021,2024-10-10 13:53:00
603393,603393.SH,20220101,99991231,20160831,410301,410300,801163.SI,燃气Ⅱ,1,410000,SW2021,2021-03-03 15:52:00
603395,603395.SH,20241108,99991231,20241108,220805,220800,801038.SI,农化制品,1,220000,SW2021,2025-01-08 14:36:00
603396,603396.SH,20220101,99991231,20210730,630505,630500,801735.SI,光伏设备,1,630000,SW2021,2025-10-15 10:57:00
603398,603398.SH,20220101,20230703,20210730,360502,360500,801145.SI,文娱用品,1,360000,SW2021,2021-07-31 16:18:00
603398,603398.SH,20230704,99991231,20230704,630501,630500,801735.SI,光伏设备,1,630000,SW2021,2025-10-15 10:57:00
603399,603399.SH,20220101,20230703,20210730,240505,240500,801054.SI,小金属,1,240000,SW2021,2021-07-31 16:18:00
603399,603399.SH,20230704,99991231,20230704,240603,240600,801056.SI,能源金属,1,240000,SW2021,2025-01-08 14:36:00
603400,603400.SH,20250530,99991231,20250530,640108,640100,801072.SI,通用设备,1,640000,SW2021,2025-12-20 09:35:00
603402,603402.SH,20251226,99991231,20251226,461004,461000,801993.SI,旅游及景区,1,460000,SW2021,2026-04-27 14:53:00
603406,603406.SH,20250718,99991231,20250718,220401,220400,801032.SI,化学纤维,1,220000,SW2021,2025-10-15 10:57:00
603407,603407.SH,20260417,99991231,20260417,240504,240500,801054.SI,小金属,1,240000,SW2021,2026-04-27 14:53:00
603408,603408.SH,20220101,99991231,20210730,360309,360300,801142.SI,家居用品,1,360000,SW2021,2024-07-01 08:29:00
603409,603409.SH,20250214,99991231,20250214,280202,280200,801093.SI,汽车零部件,1,280000,SW2021,2025-02-19 17:18:00
603416,603416.SH,20220101,99991231,20210730,640701,640700,801078.SI,自动化设备,1,640000,SW2021,2025-10-15 10:57:00
603418,603418.SH,20250905,99991231,20250905,280202,280200,801093.SI,汽车零部件,1,280000,SW2021,2025-10-15 10:57:00
603421,603421.SH,20220101,99991231,20210730,730204,730200,801102.SI,通信设备,1,730000,SW2021,2026-06-01 14:47:00
603429,603429.SH,20220101,99991231,20210730,360205,360200,801141.SI,包装印刷,1,360000,SW2021,2021-07-31 16:18:00
603435,603435.SH,20260430,99991231,20260430,220505,220500,801036.SI,塑料,1,220000,SW2021,2026-04-30 18:25:00
603439,603439.SH,20220101,99991231,20200413,370201,370200,801155.SI,中药Ⅱ,1,370000,SW2021,2020-05-18 11:01:00
603444,603444.SH,20220101,99991231,20210730,720401,720400,801764.SI,游戏Ⅱ,1,720000,SW2021,2026-04-02 13:26:00
603456,603456.SH,20220101,20220728,20210730,370603,370600,801156.SI,医疗服务,1,370000,SW2021,2021-07-31 16:18:00
603456,603456.SH,20220729,20230703,20220729,370101,370100,801151.SI,化学制药,1,370000,SW2021,2023-06-16 18:31:00
603456,603456.SH,20230704,99991231,20230704,370603,370600,801156.SI,医疗服务,1,370000,SW2021,2023-09-01 11:09:00
603458,603458.SH,20220101,99991231,20210730,620601,620600,801726.SI,工程咨询服务Ⅱ,1,620000,SW2021,2021-08-25 10:04:00
603459,603459.SH,20260323,99991231,20260323,270202,270200,801083.SI,元件,1,270000,SW2021,2026-04-27 14:53:00
603466,603466.SH,20220101,20220113,20171010,620201,620200,801722.SI,装修装饰Ⅱ,1,620000,SW2021,2020-12-04 14:41:00
603466,603466.SH,20220114,99991231,20220114,720706,720700,801767.SI,数字媒体,1,720000,SW2021,2025-10-15 10:57:00
603477,603477.SH,20220101,20220120,20171208,350105,350100,801131.SI,纺织制造,1,350000,SW2021,2019-08-09 15:38:00
603477,603477.SH,20220121,99991231,20220121,110702,110700,801017.SI,养殖业,1,110000,SW2021,2022-09-26 09:59:00
603486,603486.SH,20220101,99991231,20210730,330302,330300,801113.SI,小家电,1,330000,SW2021,2023-01-09 16:21:00
603488,603488.SH,20220101,99991231,20190724,640204,640200,801074.SI,专用设备,1,640000,SW2021,2019-08-09 15:39:00
603489,603489.SH,20220101,99991231,20190927,630101,630100,801731.SI,电机Ⅱ,1,630000,SW2021,2021-03-04 19:19:00
603496,603496.SH,20220101,99991231,20210730,710103,710100,801101.SI,计算机设备,1,710000,SW2021,2021-07-31 16:18:00
603499,603499.SH,20220101,99991231,20210730,360205,360200,801141.SI,包装印刷,1,360000,SW2021,2021-07-31 16:18:00
603500,603500.SH,20220101,99991231,20170826,640501,640500,801076.SI,轨交设备Ⅱ,1,640000,SW2021,2019-08-09 15:39:00
603501,603501.SH,20220101,99991231,20210730,270104,270100,801081.SI,半导体,1,270000,SW2021,2023-04-25 09:33:00
603505,603505.SH,20220101,99991231,20210730,220311,220300,801034.SI,化学制品,1,220000,SW2021,2025-11-28 08:40:00
603506,603506.SH,20220101,99991231,20210730,430301,430300,801183.SI,房地产服务,1,430000,SW2021,2022-10-11 14:53:00
603507,603507.SH,20220101,99991231,20210730,630602,630600,801736.SI,风电设备,1,630000,SW2021,2025-10-15 10:57:00
603508,603508.SH,20220101,99991231,20210730,710102,710100,801101.SI,计算机设备,1,710000,SW2021,2025-10-15 10:57:00
603511,603511.SH,20220101,20240729,20210730,350205,350200,801132.SI,服装家纺,1,350000,SW2021,2021-07-31 16:18:00
603511,603511.SH,20240730,99991231,20240730,350209,350200,801132.SI,服装家纺,1,350000,SW2021,2024-07-30 12:45:00
603515,603515.SH,20220101,99991231,20210730,330501,330500,801115.SI,照明设备Ⅱ,1,330000,SW2021,2023-01-09 16:22:00
603516,603516.SH,20220101,99991231,20210730,710103,710100,801101.SI,计算机设备,1,710000,SW2021,2021-07-31 16:18:00
603517,603517.SH,20220101,99991231,20210730,340803,340800,801128.SI,休闲食品,1,340000,SW2021,2025-10-15 11:14:00
603518,603518.SH,20220101,99991231,20210730,350209,350200,801132.SI,服装家纺,1,350000,SW2021,2021-10-08 14:21:00
603519,603519.SH,20220101,99991231,20210730,330601,330600,801116.SI,家电零部件Ⅱ,1,330000,SW2021,2021-07-31 16:18:00
603520,603520.SH,20220101,99991231,20160304,370101,370100,801151.SI,化学制药,1,370000,SW2021,2021-03-03 15:32:00
603527,603527.SH,20220101,99991231,20170826,240302,240300,801055.SI,工业金属,1,240000,SW2021,2021-01-25 13:36:00
603528,603528.SH,20220101,99991231,20210730,710401,710400,801104.SI,软件开发,1,710000,SW2021,2021-07-31 16:18:00
603529,603529.SH,20220101,99991231,20210529,280401,280400,801881.SI,摩托车及其他,1,280000,SW2021,2021-07-06 09:10:00
603530,603530.SH,20220101,99991231,20210730,630805,630800,801738.SI,电网设备,1,630000,SW2021,2025-10-15 10:57:00
603533,603533.SH,20220101,99991231,20210730,720705,720700,801767.SI,数字媒体,1,720000,SW2021,2025-10-15 10:57:00
603535,603535.SH,20220101,99991231,20210730,420805,420800,801178.SI,物流,1,420000,SW2021,2025-10-15 10:57:00
603536,603536.SH,20220101,99991231,20210730,340406,340400,801124.SI,食品加工,1,340000,SW2021,2021-07-31 16:18:00
603538,603538.SH,20220101,99991231,20170318,370101,370100,801151.SI,化学制药,1,370000,SW2021,2020-12-04 14:32:00
603551,603551.SH,20220101,99991231,20210730,330402,330400,801114.SI,厨卫电器,1,330000,SW2021,2026-02-26 16:27:00
603555,603555.SH,20220101,99991231,20210730,350208,350200,801132.SI,服装家纺,1,350000,SW2021,2021-07-31 16:18:00
603556,603556.SH,20220101,99991231,20210730,630804,630800,801738.SI,电网设备,1,630000,SW2021,2026-04-27 15:47:00
603557,603557.SH,20220101,99991231,20170807,350205,350200,801132.SI,服装家纺,1,350000,SW2021,2019-08-09 15:38:00
603558,603558.SH,20220101,99991231,20210730,350102,350100,801131.SI,纺织制造,1,350000,SW2021,2026-01-26 16:15:00
603559,603559.SH,20220101,99991231,20210730,730103,730100,801223.SI,通信服务,1,730000,SW2021,2026-06-01 14:47:00
603565,603565.SH,20220101,99991231,20210730,421101,421100,801992.SI,航运港口,1,420000,SW2021,2025-10-15 10:57:00
603566,603566.SH,20220101,99991231,20150124,110801,110800,801018.SI,动物保健Ⅱ,1,110000,SW2021,2015-11-05 14:02:00
603567,603567.SH,20220101,99991231,20150113,370201,370200,801155.SI,中药Ⅱ,1,370000,SW2021,2015-10-28 09:05:00
603568,603568.SH,20220101,99991231,20210730,760103,760100,801971.SI,环境治理,1,760000,SW2021,2026-04-27 15:47:00
603569,603569.SH,20220101,99991231,20210730,420807,420800,801178.SI,物流,1,420000,SW2021,2025-10-15 10:57:00
603577,603577.SH,20220101,99991231,20210730,630805,630800,801738.SI,电网设备,1,630000,SW2021,2025-10-15 10:57:00
603578,603578.SH,20220101,99991231,20210730,330601,330600,801116.SI,家电零部件Ⅱ,1,330000,SW2021,2021-07-31 16:18:00
603579,603579.SH,20220101,99991231,20210730,330701,330700,801117.SI,其他家电Ⅱ,0,330000,SW2021,2024-01-15 10:32:00
603580,603580.SH,20220101,99991231,20170522,220501,220500,801036.SI,塑料,1,220000,SW2021,2019-08-09 15:39:00
603583,603583.SH,20220101,99991231,20210730,640702,640700,801078.SI,自动化设备,1,640000,SW2021,2025-10-15 10:57:00
603585,603585.SH,20220101,99991231,20210730,220803,220800,801038.SI,农化制品,1,220000,SW2021,2021-07-31 16:18:00
603586,603586.SH,20220101,99991231,20210730,280203,280200,801093.SI,汽车零部件,1,280000,SW2021,2025-01-08 14:36:00
603587,603587.SH,20220101,99991231,20210730,350209,350200,801132.SI,服装家纺,1,350000,SW2021,2021-09-01 12:25:00
603588,603588.SH,20220101,99991231,20210730,760103,760100,801971.SI,环境治理,1,760000,SW2021,2026-04-27 15:47:00
603589,603589.SH,20220101,99991231,20210730,340501,340500,801125.SI,白酒Ⅱ,1,340000,SW2021,2024-12-04 10:24:00
603590,603590.SH,20220101,99991231,20210730,370304,370300,801152.SI,生物制品,1,370000,SW2021,2021-07-31 16:18:00
603595,603595.SH,20220101,99991231,20210730,270504,270500,801085.SI,消费电子,1,270000,SW2021,2023-04-25 09:33:00
603596,603596.SH,20220101,99991231,20210730,280203,280200,801093.SI,汽车零部件,1,280000,SW2021,2024-12-02 08:35:00
603598,603598.SH,20220101,99991231,20210730,720501,720500,801765.SI,广告营销,1,720000,SW2021,2025-10-15 10:57:00
603599,603599.SH,20220101,99991231,20210730,220803,220800,801038.SI,农化制品,1,220000,SW2021,2025-12-31 11:31:00
603600,603600.SH,20220101,99991231,20210730,360307,360300,801142.SI,家居用品,1,360000,SW2021,2024-09-03 15:10:00
603601,603601.SH,20220101,99991231,20210730,610202,610200,801712.SI,玻璃玻纤,1,610000,SW2021,2023-12-07 10:03:00
603602,603602.SH,20220101,20260304,20210730,730103,730100,801223.SI,通信服务,1,730000,SW2021,2025-10-15 10:57:00
603602,603602.SH,20260305,99991231,20260305,720501,720500,801765.SI,广告营销,1,720000,SW2021,2026-06-01 14:47:00
603603,603603.SH,20220101,99991231,20210730,760102,760100,801971.SI,环境治理,1,760000,SW2021,2022-10-11 14:53:00
603605,603605.SH,20220101,99991231,20210730,770202,770200,801982.SI,化妆品,1,770000,SW2021,2024-07-14 10:43:00
603606,603606.SH,20220101,99991231,20210730,630805,630800,801738.SI,电网设备,1,630000,SW2021,2025-11-14 17:31:00
603607,603607.SH,20220101,99991231,20210730,360206,360200,801141.SI,包装印刷,1,360000,SW2021,2021-07-31 16:18:00
603608,603608.SH,20220101,99991231,20160222,350205,350200,801132.SI,服装家纺,1,350000,SW2021,2021-01-04 09:43:00
603609,603609.SH,20220101,99991231,20210730,110402,110400,801014.SI,饲料,1,110000,SW2021,2022-11-01 13:55:00
603610,603610.SH,20220101,99991231,20210730,360307,360300,801142.SI,家居用品,1,360000,SW2021,2021-07-31 16:18:00
603611,603611.SH,20220101,20220728,20210730,640601,640600,801077.SI,工程机械,1,640000,SW2021,2021-07-31 16:18:00
603611,603611.SH,20220729,20240729,20220729,710301,710300,801103.SI,IT服务Ⅱ,1,710000,SW2021,2022-07-29 11:54:00
603611,603611.SH,20240730,99991231,20240730,640601,640600,801077.SI,工程机械,1,640000,SW2021,2025-10-15 10:57:00
603612,603612.SH,20220101,99991231,20210730,220901,220900,801039.SI,非金属材料Ⅱ,1,220000,SW2021,2026-03-26 15:05:00
603613,603613.SH,20220101,99991231,20210730,450601,450600,801206.SI,互联网电商,1,450000,SW2021,2025-10-15 10:57:00
603615,603615.SH,20220101,99991231,20210730,360311,360300,801142.SI,家居用品,1,360000,SW2021,2021-07-31 16:18:00
603616,603616.SH,20220101,99991231,20210730,610102,610100,801711.SI,水泥,1,610000,SW2021,2023-12-07 10:03:00
603617,603617.SH,20220101,99991231,20170620,640106,640100,801072.SI,通用设备,1,640000,SW2021,2019-08-09 15:39:00
603618,603618.SH,20220101,99991231,20210730,630805,630800,801738.SI,电网设备,1,630000,SW2021,2025-10-15 10:57:00
603619,603619.SH,20220101,99991231,20210730,750201,750200,801962.SI,油服工程,1,750000,SW2021,2026-02-26 16:27:00
603626,603626.SH,20220101,99991231,20210730,270504,270500,801085.SI,消费电子,1,270000,SW2021,2021-07-31 16:18:00
603628,603628.SH,20220101,99991231,20210730,630504,630500,801735.SI,光伏设备,1,630000,SW2021,2025-10-15 10:57:00
603629,603629.SH,20220101,99991231,20210730,270504,270500,801085.SI,消费电子,1,270000,SW2021,2023-04-25 09:33:00
603630,603630.SH,20220101,99991231,20210730,770202,770200,801982.SI,化妆品,1,770000,SW2021,2025-04-14 11:30:00
603633,603633.SH,20220101,99991231,20210730,270504,270500,801085.SI,消费电子,1,270000,SW2021,2023-04-25 09:33:00
603636,603636.SH,20220101,99991231,20210730,710301,710300,801103.SI,IT服务Ⅱ,1,710000,SW2021,2021-07-31 16:18:00
603637,603637.SH,20220101,99991231,20170114,620402,620400,801724.SI,专业工程,1,620000,SW2021,2020-12-04 14:41:00
603638,603638.SH,20220101,99991231,20210730,640602,640600,801077.SI,工程机械,1,640000,SW2021,2025-10-15 10:57:00
603639,603639.SH,20220101,99991231,20210730,220803,220800,801038.SI,农化制品,1,220000,SW2021,2024-03-20 09:03:00
603648,603648.SH,20220101,99991231,20210730,420803,420800,801178.SI,物流,1,420000,SW2021,2025-10-15 10:57:00
603650,603650.SH,20220101,99991231,20210730,220604,220600,801037.SI,橡胶,1,220000,SW2021,2024-03-01 09:49:00
603655,603655.SH,20220101,99991231,20210730,280205,280200,801093.SI,汽车零部件,1,280000,SW2021,2025-01-08 14:36:00
603656,603656.SH,20220101,99991231,20170310,640209,640200,801074.SI,专用设备,1,640000,SW2021,2019-08-09 15:39:00
603657,603657.SH,20220101,99991231,20210730,330601,330600,801116.SI,家电零部件Ⅱ,1,330000,SW2021,2021-07-31 16:18:00
603658,603658.SH,20220101,99991231,20210730,370504,370500,801153.SI,医疗器械,1,370000,SW2021,2021-07-31 16:18:00
603659,603659.SH,20220101,99991231,20210730,630702,630700,801737.SI,电池,1,630000,SW2021,2025-10-15 10:57:00
603660,603660.SH,20220101,99991231,20210730,710103,710100,801101.SI,计算机设备,1,710000,SW2021,2024-01-19 11:13:00
603661,603661.SH,20220101,99991231,20210730,360307,360300,801142.SI,家居用品,1,360000,SW2021,2024-09-03 15:13:00
603662,603662.SH,20220101,99991231,20210730,640107,640100,801072.SI,通用设备,1,640000,SW2021,2025-10-15 10:57:00
603663,603663.SH,20220101,99991231,20210730,220203,220200,801033.SI,化学原料,1,220000,SW2021,2021-07-31 16:18:00
603665,603665.SH,20220101,99991231,20210730,350205,350200,801132.SI,服装家纺,1,350000,SW2021,2021-07-31 16:18:00
603666,603666.SH,20220101,99991231,20210730,640701,640700,801078.SI,自动化设备,1,640000,SW2021,2025-10-15 10:57:00
603667,603667.SH,20220101,99991231,20210730,640108,640100,801072.SI,通用设备,1,640000,SW2021,2025-10-15 10:57:00
603668,603668.SH,20220101,99991231,20210730,110403,110400,801014.SI,饲料,1,110000,SW2021,2025-01-24 16:29:00
603669,603669.SH,20220101,99991231,20150125,370102,370100,801151.SI,化学制药,1,370000,SW2021,2015-11-05 14:03:00
603676,603676.SH,20220101,99991231,20170712,370102,370100,801151.SI,化学制药,1,370000,SW2021,2020-12-04 14:32:00
603677,603677.SH,20220101,99991231,20210730,330601,330600,801116.SI,家电零部件Ⅱ,1,330000,SW2021,2021-07-31 16:18:00
603678,603678.SH,20220101,99991231,20210730,650501,650500,801745.SI,军工电子Ⅱ,1,650000,SW2021,2025-10-15 10:57:00
603679,603679.SH,20220101,99991231,20170605,270302,270300,801084.SI,光学光电子,1,270000,SW2021,2020-03-31 15:00:00
603680,603680.SH,20220101,99991231,20170504,640501,640500,801076.SI,轨交设备Ⅱ,1,640000,SW2021,2019-08-09 15:39:00
603681,603681.SH,20220101,99991231,20210730,220317,220300,801034.SI,化学制品,1,220000,SW2021,2021-07-31 16:18:00
603682,603682.SH,20220101,99991231,20210730,450304,450300,801203.SI,一般零售,1,450000,SW2021,2021-07-31 16:18:00
603683,603683.SH,20220101,99991231,20210730,220317,220300,801034.SI,化学制品,1,220000,SW2021,2021-07-31 16:18:00
603685,603685.SH,20220101,99991231,20171121,270302,270300,801084.SI,光学光电子,1,270000,SW2021,2019-08-09 15:38:00
603686,603686.SH,20220101,20240729,20210730,760201,760200,801972.SI,环保设备Ⅱ,1,760000,SW2021,2024-04-01 15:29:00
603686,603686.SH,20240730,99991231,20240730,760104,760100,801971.SI,环境治理,1,760000,SW2021,2025-10-15 10:57:00
603687,603687.SH,20220101,99991231,20210730,360205,360200,801141.SI,包装印刷,1,360000,SW2021,2021-07-31 16:18:00
603688,603688.SH,20220101,99991231,20210730,220901,220900,801039.SI,非金属材料Ⅱ,1,220000,SW2021,2025-05-06 20:01:00
603689,603689.SH,20220101,99991231,20161219,410301,410300,801163.SI,燃气Ⅱ,1,410000,SW2021,2016-12-19 12:05:00
603690,603690.SH,20220101,99991231,20210730,270108,270100,801081.SI,半导体,1,270000,SW2021,2025-01-24 16:29:00
603693,603693.SH,20220101,99991231,20210730,410107,410100,801161.SI,电力,1,410000,SW2021,2025-10-15 10:57:00
603696,603696.SH,20220101,99991231,20210730,340901,340900,801129.SI,调味发酵品Ⅱ,1,340000,SW2021,2021-07-31 16:18:00
603697,603697.SH,20220101,99991231,20210730,340801,340800,801128.SI,休闲食品,1,340000,SW2021,2025-01-08 14:36:00
603698,603698.SH,20220101,99991231,20210730,640203,640200,801074.SI,专用设备,1,640000,SW2021,2025-10-15 10:57:00
603699,603699.SH,20220101,99991231,20210730,640108,640100,801072.SI,通用设备,1,640000,SW2021,2025-10-15 10:57:00
603700,603700.SH,20220101,99991231,20210730,640107,640100,801072.SI,通用设备,1,640000,SW2021,2025-10-15 10:57:00
603701,603701.SH,20220101,99991231,20210730,280203,280200,801093.SI,汽车零部件,1,280000,SW2021,2025-01-08 14:36:00
603703,603703.SH,20220101,99991231,20210730,270302,270300,801084.SI,光学光电子,1,270000,SW2021,2021-07-31 16:18:00
603706,603706.SH,20220101,99991231,20180706,410301,410300,801163.SI,燃气Ⅱ,1,410000,SW2021,2019-08-09 15:39:00
603707,603707.SH,20220101,99991231,20210730,370102,370100,801151.SI,化学制药,1,370000,SW2021,2021-07-31 16:18:00
603708,603708.SH,20220101,99991231,20161201,450302,450300,801203.SI,一般零售,1,450000,SW2021,2016-12-01 21:21:00
603709,603709.SH,20220101,99991231,20210730,360307,360300,801142.SI,家居用品,1,360000,SW2021,2021-07-31 16:18:00
603711,603711.SH,20220101,99991231,20210730,340701,340700,801127.SI,饮料乳品,1,340000,SW2021,2025-06-01 08:45:00
603712,603712.SH,20220101,99991231,20210730,650501,650500,801745.SI,军工电子Ⅱ,1,650000,SW2021,2025-10-15 10:57:00
603713,603713.SH,20220101,99991231,20210730,420806,420800,801178.SI,物流,1,420000,SW2021,2026-02-26 16:27:00
603716,603716.SH,20220101,99991231,20210730,370402,370400,801154.SI,医药商业,1,370000,SW2021,2021-07-31 16:18:00
603717,603717.SH,20220101,20250810,20210730,620307,620300,801723.SI,基础建设,1,620000,SW2021,2021-08-02 13:20:00
603717,603717.SH,20250811,99991231,20250811,110702,110700,801017.SI,养殖业,1,110000,SW2021,2025-08-11 17:30:00
603718,603718.SH,20220101,20260129,20150506,110801,110800,801018.SI,动物保健Ⅱ,1,110000,SW2021,2019-08-09 15:39:00
603718,603718.SH,20260130,99991231,20260130,370503,370500,801153.SI,医疗器械,1,370000,SW2021,2026-01-30 15:14:00
603719,603719.SH,20220101,99991231,20210730,340801,340800,801128.SI,休闲食品,1,340000,SW2021,2025-09-11 10:52:00
603721,603721.SH,20220101,99991231,20210730,720601,720600,801766.SI,影视院线,1,720000,SW2021,2025-10-15 10:57:00
603722,603722.SH,20220101,20220728,20210730,220501,220500,801036.SI,塑料,1,220000,SW2021,2021-07-31 16:18:00
603722,603722.SH,20220729,99991231,20220729,220309,220300,801034.SI,化学制品,1,220000,SW2021,2022-07-29 11:54:00
603725,603725.SH,20220101,20240729,20190724,220309,220300,801034.SI,化学制品,1,220000,SW2021,2024-06-18 19:40:00
603725,603725.SH,20240730,99991231,20240730,360306,360300,801142.SI,家居用品,1,360000,SW2021,2024-07-30 12:45:00
603726,603726.SH,20220101,99991231,20210730,330601,330600,801116.SI,家电零部件Ⅱ,1,330000,SW2021,2021-07-31 16:18:00
603727,603727.SH,20220101,99991231,20210730,750202,750200,801962.SI,油服工程,1,750000,SW2021,2024-04-01 15:29:00
603728,603728.SH,20220101,99991231,20170504,630101,630100,801731.SI,电机Ⅱ,1,630000,SW2021,2020-08-10 09:30:00
603729,603729.SH,20220101,99991231,20210730,720501,720500,801765.SI,广告营销,1,720000,SW2021,2025-10-15 10:57:00
603730,603730.SH,20220101,99991231,20210730,280202,280200,801093.SI,汽车零部件,1,280000,SW2021,2026-04-14 11:02:00
603733,603733.SH,20220101,99991231,20210730,360103,360100,801143.SI,造纸,1,360000,SW2021,2021-07-31 16:18:00
603737,603737.SH,20220101,99991231,20210730,610305,610300,801713.SI,装修建材,1,610000,SW2021,2024-01-03 17:32:00
603738,603738.SH,20220101,99991231,20161012,270203,270200,801083.SI,元件,1,270000,SW2021,2019-08-09 15:38:00
603739,603739.SH,20220101,20220728,20190104,110801,110800,801018.SI,动物保健Ⅱ,1,110000,SW2021,2019-08-09 15:39:00
603739,603739.SH,20220729,99991231,20220729,220315,220300,801034.SI,化学制品,1,220000,SW2021,2024-05-27 10:52:00
603755,603755.SH,20220101,99991231,20210730,340901,340900,801129.SI,调味发酵品Ⅱ,1,340000,SW2021,2025-06-01 08:45:00
603757,603757.SH,20220101,99991231,20170628,640106,640100,801072.SI,通用设备,1,640000,SW2021,2019-08-09 15:39:00
603758,603758.SH,20220101,99991231,20210730,280203,280200,801093.SI,汽车零部件,1,280000,SW2021,2025-01-08 14:36:00
603759,603759.SH,20220101,99991231,20210730,760102,760100,801971.SI,环境治理,1,760000,SW2021,2025-10-15 10:57:00
603766,603766.SH,20220101,99991231,20210730,280402,280400,801881.SI,摩托车及其他,1,280000,SW2021,2025-01-08 14:36:00
603767,603767.SH,20220101,99991231,20210730,280203,280200,801093.SI,汽车零部件,1,280000,SW2021,2025-01-08 14:36:00
603768,603768.SH,20220101,99991231,20210730,280205,280200,801093.SI,汽车零部件,1,280000,SW2021,2025-01-08 14:36:00
603773,603773.SH,20220101,99991231,20180403,270301,270300,801084.SI,光学光电子,1,270000,SW2021,2019-08-09 15:38:00
603776,603776.SH,20220101,99991231,20210730,280402,280400,801881.SI,摩托车及其他,1,280000,SW2021,2025-01-08 14:36:00
603777,603777.SH,20220101,99991231,20210730,340801,340800,801128.SI,休闲食品,1,340000,SW2021,2021-12-01 08:56:00
603778,603778.SH,20220101,99991231,20210730,620307,620300,801723.SI,基础建设,1,620000,SW2021,2021-08-02 13:20:00
603779,603779.SH,20220101,99991231,20210730,340602,340600,801126.SI,非白酒,1,340000,SW2021,2021-07-31 16:18:00
603786,603786.SH,20220101,99991231,20210730,280206,280200,801093.SI,汽车零部件,1,280000,SW2021,2026-02-26 16:27:00
603787,603787.SH,20220101,99991231,20210730,280402,280400,801881.SI,摩托车及其他,1,280000,SW2021,2025-01-08 14:36:00
603788,603788.SH,20220101,99991231,20210730,280203,280200,801093.SI,汽车零部件,1,280000,SW2021,2025-01-08 14:36:00
603789,603789.SH,20220101,99991231,20150113,640207,640200,801074.SI,专用设备,1,640000,SW2021,2015-11-05 14:02:00
603790,603790.SH,20220101,99991231,20180831,220308,220300,801034.SI,化学制品,1,220000,SW2021,2019-08-09 15:39:00
603797,603797.SH,20220101,99991231,20210730,760102,760100,801971.SI,环境治理,1,760000,SW2021,2025-10-15 10:57:00
603798,603798.SH,20220101,99991231,20210730,750303,750300,801963.SI,炼化及贸易,1,750000,SW2021,2023-10-23 16:18:00
603799,603799.SH,20220101,99991231,20210730,240601,240600,801056.SI,能源金属,1,240000,SW2021,2025-01-21 09:30:00
603800,603800.SH,20220101,99991231,20151223,640203,640200,801074.SI,专用设备,1,640000,SW2021,2019-08-09 15:39:00
603801,603801.SH,20220101,99991231,20210730,360308,360300,801142.SI,家居用品,1,360000,SW2021,2026-02-26 16:27:00
603803,603803.SH,20220101,99991231,20210730,730206,730200,801102.SI,通信设备,1,730000,SW2021,2026-06-01 14:47:00
603806,603806.SH,20220101,99991231,20210730,630504,630500,801735.SI,光伏设备,1,630000,SW2021,2025-10-15 10:57:00
603808,603808.SH,20220101,99991231,20210730,350209,350200,801132.SI,服装家纺,1,350000,SW2021,2026-01-26 16:15:00
603809,603809.SH,20220101,99991231,20210730,280203,280200,801093.SI,汽车零部件,1,280000,SW2021,2025-01-08 14:36:00
603810,603810.SH,20220101,99991231,20210730,220803,220800,801038.SI,农化制品,1,220000,SW2021,2021-07-31 16:18:00
603811,603811.SH,20220101,99991231,20170224,370102,370100,801151.SI,化学制药,1,370000,SW2021,2020-12-04 14:32:00
603813,603813.SH,20220101,99991231,20210730,420807,420800,801178.SI,物流,1,420000,SW2021,2025-10-15 10:57:00
603815,603815.SH,20220101,99991231,20210730,620306,620300,801723.SI,基础建设,1,620000,SW2021,2021-07-31 16:18:00
603816,603816.SH,20220101,99991231,20210730,360307,360300,801142.SI,家居用品,1,360000,SW2021,2024-03-14 10:17:00
603817,603817.SH,20220101,99991231,20210730,760102,760100,801971.SI,环境治理,1,760000,SW2021,2025-10-15 10:57:00
603818,603818.SH,20220101,99991231,20210730,360307,360300,801142.SI,家居用品,1,360000,SW2021,2021-12-01 08:54:00
603819,603819.SH,20220101,99991231,20161106,630101,630100,801731.SI,电机Ⅱ,1,630000,SW2021,2020-12-04 14:32:00
603822,603822.SH,20220101,99991231,20160418,220309,220300,801034.SI,化学制品,1,220000,SW2021,2020-09-07 09:18:00
603823,603823.SH,20220101,99991231,20161211,220305,220300,801034.SI,化学制品,1,220000,SW2021,2019-08-09 15:39:00
603825,603825.SH,20220101,99991231,20210730,720501,720500,801765.SI,广告营销,1,720000,SW2021,2025-10-15 10:57:00
603826,603826.SH,20220101,99991231,20210730,220901,220900,801039.SI,非金属材料Ⅱ,1,220000,SW2021,2021-07-31 16:18:00
603828,603828.SH,20220101,99991231,20150115,620201,620200,801722.SI,装修装饰Ⅱ,1,620000,SW2021,2015-11-05 14:02:00
603829,603829.SH,20220101,99991231,20210730,630802,630800,801738.SI,电网设备,1,630000,SW2021,2025-10-15 10:57:00
603833,603833.SH,20220101,99991231,20210730,360308,360300,801142.SI,家居用品,1,360000,SW2021,2023-06-28 18:51:00
603836,603836.SH,20220101,99991231,20210730,420805,420800,801178.SI,物流,1,420000,SW2021,2025-10-15 10:57:00
603838,603838.SH,20220101,99991231,20210730,360311,360300,801142.SI,家居用品,1,360000,SW2021,2021-07-31 16:18:00
603839,603839.SH,20220101,99991231,20210730,350209,350200,801132.SI,服装家纺,1,350000,SW2021,2022-05-05 19:34:00
603843,603843.SH,20220101,99991231,20210730,620306,620300,801723.SI,基础建设,1,620000,SW2021,2021-07-31 16:18:00
603848,603848.SH,20220101,99991231,20210730,360307,360300,801142.SI,家居用品,1,360000,SW2021,2023-06-29 11:02:00
603855,603855.SH,20220101,99991231,20170504,640209,640200,801074.SI,专用设备,1,640000,SW2021,2021-07-16 09:01:00
603856,603856.SH,20220101,99991231,20171030,610302,610300,801713.SI,装修建材,1,610000,SW2021,2019-08-09 15:39:00
603858,603858.SH,20220101,99991231,20161106,370201,370200,801155.SI,中药Ⅱ,1,370000,SW2021,2020-12-04 14:32:00
603859,603859.SH,20220101,20220728,20210730,640702,640700,801078.SI,自动化设备,1,640000,SW2021,2021-11-30 13:18:00
603859,603859.SH,20220729,99991231,20220729,710301,710300,801103.SI,IT服务Ⅱ,1,710000,SW2021,2024-02-26 08:58:00
603860,603860.SH,20220101,99991231,20210730,620601,620600,801726.SI,工程咨询服务Ⅱ,1,620000,SW2021,2021-07-31 16:18:00
603861,603861.SH,20220101,99991231,20210730,630802,630800,801738.SI,电网设备,1,630000,SW2021,2025-10-15 10:57:00
603863,603863.SH,20220101,99991231,20210730,360102,360100,801143.SI,造纸,1,360000,SW2021,2021-07-31 16:18:00
603866,603866.SH,20220101,99991231,20210730,340802,340800,801128.SI,休闲食品,1,340000,SW2021,2025-06-01 08:45:00
603867,603867.SH,20220101,99991231,20190614,220309,220300,801034.SI,化学制品,1,220000,SW2021,2019-08-09 15:39:00
603868,603868.SH,20220101,99991231,20210730,330303,330300,801113.SI,小家电,1,330000,SW2021,2023-01-09 16:27:00
603869,603869.SH,20220101,99991231,20210730,710301,710300,801103.SI,IT服务Ⅱ,1,710000,SW2021,2021-07-31 16:18:00
603871,603871.SH,20220101,99991231,20210730,420805,420800,801178.SI,物流,1,420000,SW2021,2025-10-15 10:57:00
603876,603876.SH,20220101,99991231,20180403,240301,240300,801055.SI,工业金属,1,240000,SW2021,2021-01-25 13:36:00
603877,603877.SH,20220101,99991231,20210730,350209,350200,801132.SI,服装家纺,1,350000,SW2021,2026-01-21 14:01:00
603878,603878.SH,20220101,99991231,20210730,230403,230400,801044.SI,普钢,1,230000,SW2021,2025-01-08 14:36:00
603879,603879.SH,20220101,99991231,20210730,220504,220500,801036.SI,塑料,1,220000,SW2021,2021-07-31 16:18:00
603880,603880.SH,20220101,99991231,20210730,370503,370500,801153.SI,医疗器械,1,370000,SW2021,2021-07-31 16:18:00
603881,603881.SH,20220101,20230703,20210730,710301,710300,801103.SI,IT服务Ⅱ,1,710000,SW2021,2023-02-20 17:15:00
603881,603881.SH,20230704,99991231,20230704,730104,730100,801223.SI,通信服务,1,730000,SW2021,2026-06-01 14:47:00
603882,603882.SH,20220101,99991231,20210730,370602,370600,801156.SI,医疗服务,1,370000,SW2021,2025-09-17 18:43:00
603883,603883.SH,20220101,99991231,20210730,370403,370400,801154.SI,医药商业,1,370000,SW2021,2024-04-01 15:27:00
603885,603885.SH,20220101,99991231,20210730,421001,421000,801991.SI,航空机场,1,420000,SW2021,2025-10-15 10:57:00
603886,603886.SH,20220101,99991231,20210730,340802,340800,801128.SI,休闲食品,1,340000,SW2021,2021-12-01 08:56:00
603887,603887.SH,20220101,99991231,20210730,710301,710300,801103.SI,IT服务Ⅱ,1,710000,SW2021,2021-07-31 16:18:00
603888,603888.SH,20220101,99991231,20210730,720704,720700,801767.SI,数字媒体,1,720000,SW2021,2025-10-15 10:57:00
603889,603889.SH,20220101,99991231,20210730,350106,350100,801131.SI,纺织制造,1,350000,SW2021,2024-01-24 15:41:00
603890,603890.SH,20220101,99991231,20210730,270504,270500,801085.SI,消费电子,1,270000,SW2021,2025-09-09 10:17:00
603893,603893.SH,20220101,99991231,20210730,270104,270100,801081.SI,半导体,1,270000,SW2021,2025-09-09 10:17:00
603895,603895.SH,20220101,99991231,20180129,640209,640200,801074.SI,专用设备,1,640000,SW2021,2019-08-09 15:39:00
603896,603896.SH,20220101,99991231,20170504,370201,370200,801155.SI,中药Ⅱ,1,370000,SW2021,2020-12-04 14:32:00
603897,603897.SH,20220101,99991231,20210730,630805,630800,801738.SI,电网设备,1,630000,SW2021,2025-10-15 10:57:00
603898,603898.SH,20220101,99991231,20210730,360308,360300,801142.SI,家居用品,1,360000,SW2021,2021-07-31 16:18:00
603899,603899.SH,20220101,99991231,20210730,360501,360500,801145.SI,文娱用品,1,360000,SW2021,2023-06-28 21:52:00
603900,603900.SH,20220101,99991231,20210730,350301,350300,801133.SI,饰品,1,350000,SW2021,2021-07-31 16:18:00
603901,603901.SH,20220101,99991231,20150526,640208,640200,801074.SI,专用设备,1,640000,SW2021,2015-10-27 15:29:00
603903,603903.SH,20220101,99991231,20210730,760102,760100,801971.SI,环境治理,1,760000,SW2021,2025-10-15 10:57:00
603906,603906.SH,20220101,20230914,20210730,220309,220300,801034.SI,化学制品,1,220000,SW2021,2021-07-31 16:18:00
603906,603906.SH,20230915,99991231,20230915,630702,630700,801737.SI,电池,1,630000,SW2021,2025-10-15 10:57:00
603908,603908.SH,20220101,99991231,20210730,350205,350200,801132.SI,服装家纺,1,350000,SW2021,2026-01-26 16:15:00
603909,603909.SH,20220101,99991231,20210730,620601,620600,801726.SI,工程咨询服务Ⅱ,1,620000,SW2021,2025-09-11 13:56:00
603912,603912.SH,20220101,99991231,20210730,640105,640100,801072.SI,通用设备,1,640000,SW2021,2025-10-15 10:57:00
603915,603915.SH,20220101,99991231,20210730,640108,640100,801072.SI,通用设备,1,640000,SW2021,2025-10-15 10:57:00
603916,603916.SH,20220101,99991231,20171108,220309,220300,801034.SI,化学制品,1,220000,SW2021,2021-03-03 15:31:00
603917,603917.SH,20220101,99991231,20210730,280205,280200,801093.SI,汽车零部件,1,280000,SW2021,2025-01-08 14:36:00
603918,603918.SH,20220101,99991231,20210730,710301,710300,801103.SI,IT服务Ⅱ,1,710000,SW2021,2021-07-31 16:18:00
603919,603919.SH,20220101,99991231,20210730,340501,340500,801125.SI,白酒Ⅱ,1,340000,SW2021,2024-12-04 10:24:00
603920,603920.SH,20220101,99991231,20170419,270202,270200,801083.SI,元件,1,270000,SW2021,2019-08-09 15:38:00
603922,603922.SH,20220101,99991231,20210730,280205,280200,801093.SI,汽车零部件,1,280000,SW2021,2025-01-08 14:36:00
603926,603926.SH,20220101,99991231,20210730,280203,280200,801093.SI,汽车零部件,1,280000,SW2021,2025-01-08 14:36:00
603927,603927.SH,20220101,99991231,20210730,710401,710400,801104.SI,软件开发,1,710000,SW2021,2021-07-31 16:18:00
603928,603928.SH,20220101,99991231,20210730,220504,220500,801036.SI,塑料,1,220000,SW2021,2021-07-31 16:18:00
603929,603929.SH,20220101,99991231,20161213,620404,620400,801724.SI,专业工程,1,620000,SW2021,2020-03-06 13:55:00
603931,603931.SH,20220101,99991231,20210730,270601,270600,801086.SI,电子化学品Ⅱ,1,270000,SW2021,2021-07-31 16:18:00
603933,603933.SH,20220101,99991231,20210730,270401,270400,801082.SI,其他电子Ⅱ,1,270000,SW2021,2023-04-25 09:33:00
603936,603936.SH,20220101,99991231,20151223,270202,270200,801083.SI,元件,1,270000,SW2021,2019-08-09 15:38:00
603937,603937.SH,20220101,99991231,20210730,240301,240300,801055.SI,工业金属,1,240000,SW2021,2025-01-08 14:36:00
603938,603938.SH,20220101,20220728,20210730,220804,220800,801038.SI,农化制品,1,220000,SW2021,2021-07-31 16:18:00
603938,603938.SH,20220729,99991231,20220729,220204,220200,801033.SI,化学原料,1,220000,SW2021,2023-12-25 16:34:00
603939,603939.SH,20220101,99991231,20210730,370403,370400,801154.SI,医药商业,1,370000,SW2021,2021-07-31 16:18:00
603948,603948.SH,20220101,99991231,20200217,220309,220300,801034.SI,化学制品,1,220000,SW2021,2020-04-09 13:53:00
603949,603949.SH,20220101,99991231,20210730,280203,280200,801093.SI,汽车零部件,1,280000,SW2021,2025-01-08 14:36:00
603950,603950.SH,20220101,99991231,20210730,280203,280200,801093.SI,汽车零部件,1,280000,SW2021,2025-01-08 14:36:00
603955,603955.SH,20220101,99991231,20210730,620307,620300,801723.SI,基础建设,1,620000,SW2021,2021-08-02 13:20:00
603956,603956.SH,20220101,99991231,20190218,640209,640200,801074.SI,专用设备,1,640000,SW2021,2019-08-09 15:39:00
603958,603958.SH,20220101,99991231,20160624,350205,350200,801132.SI,服装家纺,1,350000,SW2021,2019-08-09 15:38:00
603959,603959.SH,20220101,99991231,20160509,620402,620400,801724.SI,专业工程,1,620000,SW2021,2019-08-09 15:39:00
603960,603960.SH,20220101,99991231,20210730,640704,640700,801078.SI,自动化设备,1,640000,SW2021,2025-10-15 10:57:00
603963,603963.SH,20220101,99991231,20170907,370201,370200,801155.SI,中药Ⅱ,1,370000,SW2021,2020-12-04 14:32:00
603966,603966.SH,20220101,99991231,20210730,640203,640200,801074.SI,专用设备,1,640000,SW2021,2025-10-15 10:57:00
603967,603967.SH,20220101,99991231,20210730,420805,420800,801178.SI,物流,1,420000,SW2021,2025-10-15 10:57:00
603968,603968.SH,20220101,99991231,20210730,220315,220300,801034.SI,化学制品,1,220000,SW2021,2021-07-31 16:18:00
603969,603969.SH,20220101,99991231,20210730,640108,640100,801072.SI,通用设备,1,640000,SW2021,2025-10-15 10:57:00
603970,603970.SH,20220101,99991231,20210730,220803,220800,801038.SI,农化制品,1,220000,SW2021,2021-07-31 16:18:00
603976,603976.SH,20220101,99991231,20210730,370503,370500,801153.SI,医疗器械,1,370000,SW2021,2021-07-31 16:18:00
603977,603977.SH,20220101,99991231,20180713,220307,220300,801034.SI,化学制品,1,220000,SW2021,2019-08-09 15:39:00
603978,603978.SH,20220101,99991231,20170807,240201,240200,801051.SI,金属新材料,1,240000,SW2021,2021-01-25 13:36:00
603979,603979.SH,20220101,20231012,20210730,620404,620400,801724.SI,专业工程,1,620000,SW2021,2021-07-31 16:18:00
603979,603979.SH,20231013,99991231,20231013,240302,240300,801055.SI,工业金属,1,240000,SW2021,2025-01-24 16:29:00
603980,603980.SH,20220101,99991231,20170605,220308,220300,801034.SI,化学制品,1,220000,SW2021,2019-08-09 15:39:00
603982,603982.SH,20220101,99991231,20210730,280203,280200,801093.SI,汽车零部件,1,280000,SW2021,2025-01-08 14:36:00
603983,603983.SH,20220101,99991231,20210730,770202,770200,801982.SI,化妆品,1,770000,SW2021,2024-07-14 10:43:00
603985,603985.SH,20220101,20220728,20210730,640108,640100,801072.SI,通用设备,1,640000,SW2021,2021-11-30 13:16:00
603985,603985.SH,20220729,99991231,20220729,630602,630600,801736.SI,风电设备,1,630000,SW2021,2025-10-15 10:57:00
603986,603986.SH,20220101,99991231,20210730,270104,270100,801081.SI,半导体,1,270000,SW2021,2023-04-25 09:33:00
603987,603987.SH,20220101,99991231,20210730,370503,370500,801153.SI,医疗器械,1,370000,SW2021,2021-07-31 16:18:00
603988,603988.SH,20220101,99991231,20140221,630101,630100,801731.SI,电机Ⅱ,1,630000,SW2021,2024-10-09 16:02:00
603989,603989.SH,20220101,99991231,20150106,270203,270200,801083.SI,元件,1,270000,SW2021,2015-11-05 14:02:00
603990,603990.SH,20220101,99991231,20210730,710401,710400,801104.SI,软件开发,1,710000,SW2021,2025-10-15 10:57:00
603991,603991.SH,20220101,20250810,20170224,220501,220500,801036.SI,塑料,1,220000,SW2021,2019-08-09 15:39:00
603991,603991.SH,20250811,99991231,20250811,270108,270100,801081.SI,半导体,1,270000,SW2021,2025-08-11 17:30:00
603992,603992.SH,20220101,99991231,20210730,360309,360300,801142.SI,家居用品,1,360000,SW2021,2021-07-31 16:18:00
603993,603993.SH,20220101,20241114,20210730,240505,240500,801054.SI,小金属,1,240000,SW2021,2022-06-07 08:28:00
603993,603993.SH,20241115,99991231,20241115,240302,240300,801055.SI,工业金属,1,240000,SW2021,2025-01-21 09:30:00
603995,603995.SH,20220101,99991231,20210730,230501,230500,801045.SI,特钢Ⅱ,1,230000,SW2021,2025-01-24 16:29:00
603996,603996.SH,20220101,99991231,20210730,270503,270500,801085.SI,消费电子,1,270000,SW2021,2021-07-31 16:18:00
603997,603997.SH,20220101,99991231,20210730,280202,280200,801093.SI,汽车零部件,1,280000,SW2021,2023-01-17 13:34:00
603998,603998.SH,20220101,99991231,20140125,370201,370200,801155.SI,中药Ⅱ,1,370000,SW2021,2015-10-27 15:28:00
603999,603999.SH,20220101,99991231,20210730,720902,720900,801769.SI,出版,1,720000,SW2021,2025-10-15 10:57:00
605001,605001.SH,20220101,99991231,20200505,640501,640500,801076.SI,轨交设备Ⅱ,1,640000,SW2021,2020-05-18 10:58:00
605003,605003.SH,20220101,99991231,20200731,350206,350200,801132.SI,服装家纺,1,350000,SW2021,2020-08-17 10:57:00
605005,605005.SH,20220101,99991231,20210730,280206,280200,801093.SI,汽车零部件,1,280000,SW2021,2025-01-08 14:36:00
605006,605006.SH,20220101,99991231,20210730,610202,610200,801712.SI,玻璃玻纤,1,610000,SW2021,2021-08-04 10:42:00
605007,605007.SH,20220101,99991231,20210730,360103,360100,801143.SI,造纸,1,360000,SW2021,2021-07-31 16:18:00
605008,605008.SH,20220101,99991231,20200807,220501,220500,801036.SI,塑料,1,220000,SW2021,2021-07-01 09:35:00
605009,605009.SH,20220101,99991231,20210730,770101,770100,801981.SI,个护用品,1,770000,SW2021,2025-03-20 09:14:00
605011,605011.SH,20220101,99991231,20210614,410104,410100,801161.SI,电力,1,410000,SW2021,2021-07-06 09:16:00
605016,605016.SH,20220101,99991231,20210730,220315,220300,801034.SI,化学制品,1,220000,SW2021,2023-12-25 13:03:00
605018,605018.SH,20220101,99991231,20210730,280205,280200,801093.SI,汽车零部件,1,280000,SW2021,2025-01-08 14:36:00
605020,605020.SH,20220101,99991231,20210630,220311,220300,801034.SI,化学制品,1,220000,SW2021,2021-07-06 09:08:00
605028,605028.SH,20220101,99991231,20210606,410104,410100,801161.SI,电力,1,410000,SW2021,2021-07-06 09:16:00
605033,605033.SH,20220101,99991231,20210827,220803,220800,801038.SI,农化制品,1,220000,SW2021,2021-09-17 14:10:00
605050,605050.SH,20220101,99991231,20210730,420802,420800,801178.SI,物流,1,420000,SW2021,2025-10-15 10:57:00
605055,605055.SH,20220101,99991231,20210730,350104,350100,801131.SI,纺织制造,1,350000,SW2021,2021-07-31 16:18:00
605056,605056.SH,20220101,99991231,20210730,640107,640100,801072.SI,通用设备,1,640000,SW2021,2025-10-15 10:57:00
605058,605058.SH,20220101,99991231,20200924,270202,270200,801083.SI,元件,1,270000,SW2021,2020-09-25 15:05:00
605060,605060.SH,20220101,99991231,20210730,640106,640100,801072.SI,通用设备,1,640000,SW2021,2026-03-18 22:31:00
605066,605066.SH,20220101,99991231,20210730,630802,630800,801738.SI,电网设备,1,630000,SW2021,2025-10-15 10:57:00
605068,605068.SH,20220101,99991231,20210730,280202,280200,801093.SI,汽车零部件,1,280000,SW2021,2025-01-08 14:36:00
605069,605069.SH,20220101,99991231,20210806,760104,760100,801971.SI,环境治理,1,760000,SW2021,2025-10-15 10:57:00
605077,605077.SH,20220101,99991231,20210730,220315,220300,801034.SI,化学制品,1,220000,SW2021,2022-08-21 19:46:00
605080,605080.SH,20220101,99991231,20210730,360502,360500,801145.SI,文娱用品,1,360000,SW2021,2021-10-08 14:22:00
605081,605081.SH,20220101,99991231,20210730,760102,760100,801971.SI,环境治理,1,760000,SW2021,2025-10-15 10:57:00
605086,605086.SH,20220101,99991231,20210730,220901,220900,801039.SI,非金属材料Ⅱ,1,220000,SW2021,2021-07-31 16:18:00
605088,605088.SH,20220101,99991231,20210730,280203,280200,801093.SI,汽车零部件,1,280000,SW2021,2023-09-05 09:29:00
605089,605089.SH,20220101,99991231,20210730,340406,340400,801124.SI,食品加工,1,340000,SW2021,2021-07-31 16:18:00
605090,605090.SH,20220101,99991231,20210508,410301,410300,801163.SI,燃气Ⅱ,1,410000,SW2021,2021-05-26 17:44:00
605098,605098.SH,20220101,99991231,20210730,461102,461100,801994.SI,教育,1,460000,SW2021,2022-05-05 19:27:00
605099,605099.SH,20220101,99991231,20210730,360311,360300,801142.SI,家居用品,1,360000,SW2021,2024-06-21 13:48:00
605100,605100.SH,20220101,99991231,20210730,640108,640100,801072.SI,通用设备,1,640000,SW2021,2025-10-15 10:57:00
605108,605108.SH,20220101,99991231,20210730,460902,460900,801219.SI,酒店餐饮,1,460000,SW2021,2024-01-23 14:10:00
605111,605111.SH,20220101,99991231,20200909,270102,270100,801081.SI,半导体,1,270000,SW2021,2020-09-25 15:05:00
605116,605116.SH,20220101,99991231,20200904,370101,370100,801151.SI,化学制药,1,370000,SW2021,2020-09-08 13:08:00
605117,605117.SH,20220101,20230703,20210730,330601,330600,801116.SI,家电零部件Ⅱ,1,330000,SW2021,2023-06-01 14:45:00
605117,605117.SH,20230704,99991231,20230704,630503,630500,801735.SI,光伏设备,1,630000,SW2021,2025-12-03 11:03:00
605118,605118.SH,20220101,99991231,20210730,710102,710100,801101.SI,计算机设备,1,710000,SW2021,2023-04-25 09:33:00
605122,605122.SH,20220101,99991231,20210730,610102,610100,801711.SI,水泥,1,610000,SW2021,2023-12-07 10:03:00
605123,605123.SH,20220101,99991231,20200808,650201,650200,801742.SI,航空装备Ⅱ,1,650000,SW2021,2024-07-01 19:23:00
605128,605128.SH,20220101,99991231,20210730,280202,280200,801093.SI,汽车零部件,1,280000,SW2021,2025-01-08 14:36:00
605133,605133.SH,20220101,99991231,20210730,280203,280200,801093.SI,汽车零部件,1,280000,SW2021,2025-01-08 14:36:00
605136,605136.SH,20220101,99991231,20210730,450603,450600,801206.SI,互联网电商,1,450000,SW2021,2024-01-26 14:59:00
605138,605138.SH,20220101,99991231,20210917,350209,350200,801132.SI,服装家纺,1,350000,SW2021,2026-01-26 16:15:00
605151,605151.SH,20220101,20220728,20210730,280303,280300,801092.SI,汽车服务,1,280000,SW2021,2021-07-31 16:18:00
605151,605151.SH,20220729,99991231,20220729,280202,280200,801093.SI,汽车零部件,1,280000,SW2021,2025-01-08 14:36:00
605155,605155.SH,20220101,99991231,20210730,360311,360300,801142.SI,家居用品,1,360000,SW2021,2024-01-18 09:58:00
605158,605158.SH,20220101,20230703,20210730,230402,230400,801044.SI,普钢,1,230000,SW2021,2023-05-20 20:40:00
605158,605158.SH,20230704,99991231,20230704,240201,240200,801051.SI,金属新材料,1,240000,SW2021,2025-01-08 14:36:00
605162,605162.SH,20220101,99991231,20210622,410104,410100,801161.SI,电力,1,410000,SW2021,2021-07-06 09:16:00
605166,605166.SH,20220101,99991231,20210730,220406,220400,801032.SI,化学纤维,1,220000,SW2021,2025-01-04 11:19:00
605167,605167.SH,20220101,99991231,20210709,620402,620400,801724.SI,专业工程,1,620000,SW2021,2021-07-09 14:07:00
605168,605168.SH,20220101,99991231,20210730,720501,720500,801765.SI,广告营销,1,720000,SW2021,2025-10-15 10:57:00
605169,605169.SH,20220101,99991231,20201016,410301,410300,801163.SI,燃气Ⅱ,1,410000,SW2021,2020-11-02 15:27:00
605177,605177.SH,20220101,99991231,20201121,370101,370100,801151.SI,化学制药,1,370000,SW2021,2020-12-31 09:53:00
605178,605178.SH,20220101,20220728,20200811,620201,620200,801722.SI,装修装饰Ⅱ,1,620000,SW2021,2020-08-17 10:56:00
605178,605178.SH,20220729,99991231,20220729,620404,620400,801724.SI,专业工程,1,620000,SW2021,2023-12-07 10:03:00
605179,605179.SH,20220101,99991231,20210730,340702,340700,801127.SI,饮料乳品,1,340000,SW2021,2024-03-01 09:51:00
605180,605180.SH,20220101,99991231,20210415,350106,350100,801131.SI,纺织制造,1,350000,SW2021,2021-04-28 15:18:00
605183,605183.SH,20220101,99991231,20201125,220603,220600,801037.SI,橡胶,1,220000,SW2021,2020-12-31 09:50:00
605186,605186.SH,20220101,99991231,20210730,640704,640700,801078.SI,自动化设备,1,640000,SW2021,2025-10-15 10:57:00
605188,605188.SH,20220101,99991231,20200624,450302,450300,801203.SI,一般零售,1,450000,SW2021,2020-08-17 11:02:00
605189,605189.SH,20220101,99991231,20210730,350104,350100,801131.SI,纺织制造,1,350000,SW2021,2024-04-01 15:29:00
605196,605196.SH,20220101,99991231,20210730,630805,630800,801738.SI,电网设备,1,630000,SW2021,2025-03-04 12:23:00
605198,605198.SH,20220101,99991231,20200909,110501,110500,801012.SI,农产品加工,1,110000,SW2021,2020-09-25 15:10:00
605199,605199.SH,20220101,99991231,20200624,370201,370200,801155.SI,中药Ⅱ,1,370000,SW2021,2020-08-17 10:55:00
605208,605208.SH,20220101,99991231,20210219,240301,240300,801055.SI,工业金属,1,240000,SW2021,2021-03-04 13:16:00
605218,605218.SH,20220101,99991231,20200914,270301,270300,801084.SI,光学光电子,1,270000,SW2021,2020-09-25 15:05:00
605222,605222.SH,20220101,99991231,20210730,630805,630800,801738.SI,电网设备,1,630000,SW2021,2025-10-15 10:57:00
605228,605228.SH,20220101,99991231,20210730,280202,280200,801093.SI,汽车零部件,1,280000,SW2021,2025-01-08 14:36:00
605255,605255.SH,20220101,99991231,20210730,280203,280200,801093.SI,汽车零部件,1,280000,SW2021,2025-01-08 14:36:00
605258,605258.SH,20220101,99991231,20201121,270202,270200,801083.SI,元件,1,270000,SW2021,2020-12-31 09:50:00
605259,605259.SH,20220101,99991231,20210730,640209,640200,801074.SI,专用设备,1,640000,SW2021,2025-10-15 10:57:00
605266,605266.SH,20220101,99991231,20210730,370403,370400,801154.SI,医药商业,1,370000,SW2021,2021-07-31 16:18:00
605268,605268.SH,20220101,99991231,20210730,360308,360300,801142.SI,家居用品,1,360000,SW2021,2021-07-31 16:18:00
605277,605277.SH,20220101,99991231,20210730,270504,270500,801085.SI,消费电子,1,270000,SW2021,2022-10-11 14:53:00
605286,605286.SH,20220101,99991231,20210305,640204,640200,801074.SI,专用设备,1,640000,SW2021,2021-04-12 13:48:00
605287,605287.SH,20220101,99991231,20210622,620201,620200,801722.SI,装修装饰Ⅱ,1,620000,SW2021,2021-07-06 09:20:00
605288,605288.SH,20220101,99991231,20210730,640702,640700,801078.SI,自动化设备,1,640000,SW2021,2025-10-15 10:57:00
605289,605289.SH,20220101,99991231,20210730,620404,620400,801724.SI,专业工程,1,620000,SW2021,2021-07-31 16:18:00
605296,605296.SH,20220101,99991231,20210730,110702,110700,801017.SI,养殖业,1,110000,SW2021,2024-07-30 17:14:00
605298,605298.SH,20220101,99991231,20210205,640501,640500,801076.SI,轨交设备Ⅱ,1,640000,SW2021,2021-03-04 13:03:00
605299,605299.SH,20220101,99991231,20210730,360502,360500,801145.SI,文娱用品,1,360000,SW2021,2022-01-01 17:07:00
605300,605300.SH,20220101,99991231,20210730,340702,340700,801127.SI,饮料乳品,1,340000,SW2021,2025-04-01 13:55:00
605303,605303.SH,20220101,99991231,20210730,620307,620300,801723.SI,基础建设,1,620000,SW2021,2021-08-02 13:20:00
605305,605305.SH,20220101,99991231,20210730,640601,640600,801077.SI,工程机械,1,640000,SW2021,2025-10-15 10:57:00
605318,605318.SH,20220101,99991231,20200721,610303,610300,801713.SI,装修建材,1,610000,SW2021,2020-08-17 10:56:00
605319,605319.SH,20220101,99991231,20210730,280205,280200,801093.SI,汽车零部件,1,280000,SW2021,2025-02-18 15:31:00
605333,605333.SH,20220101,99991231,20210730,280206,280200,801093.SI,汽车零部件,1,280000,SW2021,2025-01-08 14:36:00
605336,605336.SH,20220101,99991231,20210730,330401,330400,801114.SI,厨卫电器,1,330000,SW2021,2021-07-31 16:18:00
605337,605337.SH,20220101,99991231,20210730,340701,340700,801127.SI,饮料乳品,1,340000,SW2021,2025-06-01 08:45:00
605338,605338.SH,20220101,99991231,20210730,340406,340400,801124.SI,食品加工,1,340000,SW2021,2025-06-01 08:45:00
605339,605339.SH,20220101,99991231,20210730,340802,340800,801128.SI,休闲食品,1,340000,SW2021,2022-05-09 13:57:00
605358,605358.SH,20220101,99991231,20210730,270103,270100,801081.SI,半导体,1,270000,SW2021,2023-04-25 09:33:00
605365,605365.SH,20220101,99991231,20210730,330501,330500,801115.SI,照明设备Ⅱ,1,330000,SW2021,2023-04-25 09:33:00
605366,605366.SH,20220101,99991231,20200727,220309,220300,801034.SI,化学制品,1,220000,SW2021,2020-08-17 10:51:00
605368,605368.SH,20220101,99991231,20210114,410301,410300,801163.SI,燃气Ⅱ,1,410000,SW2021,2021-01-15 09:19:00
605369,605369.SH,20220101,99991231,20210730,370503,370500,801153.SI,医疗器械,1,370000,SW2021,2021-07-31 16:18:00
605376,605376.SH,20220101,20230703,20201125,240504,240500,801054.SI,小金属,1,240000,SW2021,2021-03-04 10:30:00
605376,605376.SH,20230704,99991231,20230704,240602,240600,801056.SI,能源金属,1,240000,SW2021,2023-07-04 15:14:00
605377,605377.SH,20220101,99991231,20210730,360103,360100,801143.SI,造纸,1,360000,SW2021,2023-06-28 21:53:00
605378,605378.SH,20220101,99991231,20210730,630705,630700,801737.SI,电池,1,630000,SW2021,2025-10-15 10:57:00
605388,605388.SH,20220101,99991231,20210730,340702,340700,801127.SI,饮料乳品,1,340000,SW2021,2021-07-31 16:18:00
605389,605389.SH,20220101,99991231,20210730,640602,640600,801077.SI,工程机械,1,640000,SW2021,2025-10-15 10:57:00
605398,605398.SH,20220101,99991231,20210730,710301,710300,801103.SI,IT服务Ⅱ,1,710000,SW2021,2021-07-31 16:18:00
605399,605399.SH,20220101,99991231,20210730,220316,220300,801034.SI,化学制品,1,220000,SW2021,2021-07-31 16:18:00
605488,605488.SH,20220101,20220728,20210426,220501,220500,801036.SI,塑料,1,220000,SW2021,2021-04-28 15:19:00
605488,605488.SH,20220729,99991231,20220729,220505,220500,801036.SI,塑料,1,220000,SW2021,2025-01-02 18:08:00
605499,605499.SH,20220101,99991231,20210730,340701,340700,801127.SI,饮料乳品,1,340000,SW2021,2022-01-11 15:18:00
605500,605500.SH,20220101,99991231,20210730,360102,360100,801143.SI,造纸,1,360000,SW2021,2021-07-31 16:18:00
605507,605507.SH,20220101,99991231,20210723,370101,370100,801151.SI,化学制药,1,370000,SW2021,2021-07-23 11:14:00
605555,605555.SH,20220101,99991231,20211015,330302,330300,801113.SI,小家电,1,330000,SW2021,2024-03-18 20:03:00
605566,605566.SH,20220101,99991231,20211015,220308,220300,801034.SI,化学制品,1,220000,SW2021,2021-11-18 09:14:00
605567,605567.SH,20220101,99991231,20210917,340406,340400,801124.SI,食品加工,1,340000,SW2021,2021-11-18 09:19:00
605577,605577.SH,20220101,99991231,20210730,720901,720900,801769.SI,出版,1,720000,SW2021,2025-10-15 10:57:00
605580,605580.SH,20220101,99991231,20210813,410104,410100,801161.SI,电力,1,410000,SW2021,2025-10-15 10:57:00
605588,605588.SH,20220101,99991231,20210806,270303,270300,801084.SI,光学光电子,1,270000,SW2021,2023-04-25 09:33:00
605589,605589.SH,20220101,99991231,20210813,220504,220500,801036.SI,塑料,1,220000,SW2021,2023-09-22 10:29:00
605598,605598.SH,20220101,99991231,20210820,620404,620400,801724.SI,专业工程,1,620000,SW2021,2024-01-23 09:18:00
605599,605599.SH,20220101,99991231,20210820,350301,350300,801133.SI,饰品,1,350000,SW2021,2026-02-26 16:27:00
688001,688001.SH,20220101,99991231,20210730,640107,640100,801072.SI,通用设备,1,640000,SW2021,2026-04-21 06:28:00
688002,688002.SH,20220101,99991231,20210730,650501,650500,801745.SI,军工电子Ⅱ,1,650000,SW2021,2025-08-04 15:51:00
688003,688003.SH,20220101,99991231,20210730,640704,640700,801078.SI,自动化设备,1,640000,SW2021,2025-10-15 10:57:00
688004,688004.SH,20220101,99991231,20210730,710301,710300,801103.SI,IT服务Ⅱ,1,710000,SW2021,2021-07-31 16:18:00
688005,688005.SH,20220101,99991231,20210730,630702,630700,801737.SI,电池,1,630000,SW2021,2025-10-15 10:57:00
688006,688006.SH,20220101,99991231,20210730,630703,630700,801737.SI,电池,1,630000,SW2021,2025-10-15 10:57:00
688007,688007.SH,20220101,99991231,20210730,270503,270500,801085.SI,消费电子,1,270000,SW2021,2023-01-09 16:25:00
688008,688008.SH,20220101,99991231,20210730,270104,270100,801081.SI,半导体,1,270000,SW2021,2023-04-25 09:33:00
688009,688009.SH,20220101,99991231,20190708,640501,640500,801076.SI,轨交设备Ⅱ,1,640000,SW2021,2021-03-03 15:32:00
688010,688010.SH,20220101,99991231,20190708,270303,270300,801084.SI,光学光电子,1,270000,SW2021,2019-11-12 15:13:00
688011,688011.SH,20220101,99991231,20210730,650501,650500,801745.SI,军工电子Ⅱ,1,650000,SW2021,2025-10-15 10:57:00
688012,688012.SH,20220101,99991231,20210730,270108,270100,801081.SI,半导体,1,270000,SW2021,2025-10-15 10:57:00
688013,688013.SH,20220101,99991231,20210730,370503,370500,801153.SI,医疗器械,1,370000,SW2021,2021-07-31 16:18:00
688015,688015.SH,20220101,99991231,20190711,640501,640500,801076.SI,轨交设备Ⅱ,1,640000,SW2021,2019-11-12 15:14:00
688016,688016.SH,20220101,99991231,20210730,370503,370500,801153.SI,医疗器械,1,370000,SW2021,2024-03-14 15:48:00
688017,688017.SH,20220101,99991231,20210730,640701,640700,801078.SI,自动化设备,1,640000,SW2021,2025-10-15 10:57:00
688018,688018.SH,20220101,99991231,20210730,270104,270100,801081.SI,半导体,1,270000,SW2021,2025-10-15 10:57:00
688019,688019.SH,20220101,99991231,20210730,270601,270600,801086.SI,电子化学品Ⅱ,1,270000,SW2021,2025-12-31 11:31:00
688020,688020.SH,20220101,99991231,20210730,270202,270200,801083.SI,元件,1,270000,SW2021,2024-01-19 11:11:00
688021,688021.SH,20220101,99991231,20210730,280205,280200,801093.SI,汽车零部件,1,280000,SW2021,2025-01-08 14:36:00
688022,688022.SH,20220101,99991231,20190711,640209,640200,801074.SI,专用设备,1,640000,SW2021,2020-04-07 08:50:00
688023,688023.SH,20220101,99991231,20210730,710402,710400,801104.SI,软件开发,1,710000,SW2021,2026-02-26 16:27:00
688025,688025.SH,20220101,99991231,20210730,640703,640700,801078.SI,自动化设备,1,640000,SW2021,2025-10-21 16:55:00
688026,688026.SH,20220101,20220728,20200108,220501,220500,801036.SI,塑料,1,220000,SW2021,2020-01-09 09:25:00
688026,688026.SH,20220729,99991231,20220729,370503,370500,801153.SI,医疗器械,1,370000,SW2021,2022-07-29 11:54:00
688027,688027.SH,20220101,99991231,20210730,730206,730200,801102.SI,通信设备,1,730000,SW2021,2026-06-01 14:47:00
688028,688028.SH,20220101,99991231,20190711,640103,640100,801072.SI,通用设备,1,640000,SW2021,2019-11-12 15:15:00
688029,688029.SH,20220101,99991231,20210730,370503,370500,801153.SI,医疗器械,1,370000,SW2021,2022-04-12 09:52:00
688030,688030.SH,20220101,99991231,20210730,710402,710400,801104.SI,软件开发,1,710000,SW2021,2023-06-01 14:03:00
688031,688031.SH,20220923,99991231,20220923,710402,710400,801104.SI,软件开发,1,710000,SW2021,2022-09-23 11:06:00
688032,688032.SH,20220101,99991231,20211203,630503,630500,801735.SI,光伏设备,1,630000,SW2021,2025-12-03 11:04:00
688033,688033.SH,20220101,99991231,20190711,640501,640500,801076.SI,轨交设备Ⅱ,1,640000,SW2021,2019-11-12 15:16:00
688035,688035.SH,20220902,99991231,20220902,270601,270600,801086.SI,电子化学品Ⅱ,1,270000,SW2021,2025-10-28 10:25:00
688036,688036.SH,20220101,99991231,20210730,270503,270500,801085.SI,消费电子,1,270000,SW2021,2023-04-25 09:33:00
688037,688037.SH,20220101,99991231,20210730,270108,270100,801081.SI,半导体,1,270000,SW2021,2024-05-13 16:21:00
688038,688038.SH,20220101,99991231,20210730,710401,710400,801104.SI,软件开发,1,710000,SW2021,2021-07-31 16:18:00
688039,688039.SH,20220101,99991231,20210730,710301,710300,801103.SI,IT服务Ⅱ,1,710000,SW2021,2021-07-31 16:18:00
688041,688041.SH,20220802,99991231,20220802,270104,270100,801081.SI,半导体,1,270000,SW2021,2022-08-03 10:46:00
688045,688045.SH,20220513,99991231,20220513,270105,270100,801081.SI,半导体,1,270000,SW2021,2023-04-25 09:33:00
688046,688046.SH,20220401,99991231,20220401,370603,370600,801156.SI,医疗服务,1,370000,SW2021,2022-04-01 18:41:00
688047,688047.SH,20220610,99991231,20220610,270104,270100,801081.SI,半导体,1,270000,SW2021,2024-01-24 12:31:00
688048,688048.SH,20220318,99991231,20220318,270102,270100,801081.SI,半导体,1,270000,SW2021,2024-05-13 16:26:00
688049,688049.SH,20220101,99991231,20211112,270104,270100,801081.SI,半导体,1,270000,SW2021,2026-02-01 09:39:00
688050,688050.SH,20220101,99991231,20210730,370503,370500,801153.SI,医疗器械,1,370000,SW2021,2021-07-31 16:18:00
688051,688051.SH,20220101,99991231,20210730,710301,710300,801103.SI,IT服务Ⅱ,1,710000,SW2021,2021-07-31 16:18:00
688052,688052.SH,20220401,99991231,20220401,270105,270100,801081.SI,半导体,1,270000,SW2021,2024-12-18 18:43:00
688053,688053.SH,20220708,99991231,20220708,650501,650500,801745.SI,军工电子Ⅱ,1,650000,SW2021,2025-10-15 10:57:00
688055,688055.SH,20220101,99991231,20200731,270301,270300,801084.SI,光学光电子,1,270000,SW2021,2020-08-17 10:48:00
688056,688056.SH,20220101,99991231,20210730,640107,640100,801072.SI,通用设备,1,640000,SW2021,2025-10-15 10:57:00
688057,688057.SH,20220101,99991231,20210730,760102,760100,801971.SI,环境治理,1,760000,SW2021,2025-10-15 10:57:00
688058,688058.SH,20220101,99991231,20211203,710402,710400,801104.SI,软件开发,1,710000,SW2021,2021-12-03 16:34:00
688059,688059.SH,20220101,99991231,20210730,640108,640100,801072.SI,通用设备,1,640000,SW2021,2025-10-15 10:57:00
688060,688060.SH,20220101,99991231,20210730,710103,710100,801101.SI,计算机设备,1,710000,SW2021,2021-07-31 16:18:00
688061,688061.SH,20220923,99991231,20220923,270105,270100,801081.SI,半导体,1,270000,SW2021,2022-09-23 11:06:00
688062,688062.SH,20220101,99991231,20211224,370102,370100,801151.SI,化学制药,1,370000,SW2021,2021-12-29 14:01:00
688063,688063.SH,20220101,99991231,20210730,630701,630700,801737.SI,电池,1,630000,SW2021,2025-10-15 10:57:00
688065,688065.SH,20220101,99991231,20200727,220309,220300,801034.SI,化学制品,1,220000,SW2021,2021-07-01 09:35:00
688066,688066.SH,20220101,99991231,20210730,710301,710300,801103.SI,IT服务Ⅱ,1,710000,SW2021,2025-01-24 16:29:00
688067,688067.SH,20220101,99991231,20210730,370504,370500,801153.SI,医疗器械,1,370000,SW2021,2021-07-31 16:18:00
688068,688068.SH,20220101,99991231,20210730,370504,370500,801153.SI,医疗器械,1,370000,SW2021,2021-07-31 16:18:00
688069,688069.SH,20220101,99991231,20210730,760102,760100,801971.SI,环境治理,1,760000,SW2021,2025-10-15 10:57:00
688070,688070.SH,20220101,99991231,20210125,650201,650200,801742.SI,航空装备Ⅱ,1,650000,SW2021,2021-03-04 13:12:00
688071,688071.SH,20220101,99991231,20210712,640209,640200,801074.SI,专用设备,1,640000,SW2021,2021-07-12 18:02:00
688072,688072.SH,20220401,99991231,20220401,270108,270100,801081.SI,半导体,1,270000,SW2021,2025-10-15 10:57:00
688073,688073.SH,20220916,99991231,20220916,370603,370600,801156.SI,医疗服务,1,370000,SW2021,2022-09-16 16:36:00
688075,688075.SH,20220101,99991231,20211105,370504,370500,801153.SI,医疗器械,1,370000,SW2021,2021-11-18 09:15:00
688076,688076.SH,20220101,20241219,20210730,370603,370600,801156.SI,医疗服务,1,370000,SW2021,2024-04-09 10:07:00
688076,688076.SH,20241220,99991231,20241220,370101,370100,801151.SI,化学制药,1,370000,SW2021,2025-10-15 11:14:00
688077,688077.SH,20220101,99991231,20200706,240202,240200,801051.SI,金属新材料,1,240000,SW2021,2020-08-17 10:59:00
688078,688078.SH,20220101,20230703,20210730,710402,710400,801104.SI,软件开发,1,710000,SW2021,2021-07-31 16:18:00
688078,688078.SH,20230704,99991231,20230704,710401,710400,801104.SI,软件开发,1,710000,SW2021,2023-07-04 15:14:00
688079,688079.SH,20220101,99991231,20210219,270303,270300,801084.SI,光学光电子,1,270000,SW2021,2021-03-04 13:04:00
688080,688080.SH,20220101,99991231,20210730,730207,730200,801102.SI,通信设备,1,730000,SW2021,2026-06-01 14:47:00
688081,688081.SH,20220101,99991231,20210730,650501,650500,801745.SI,军工电子Ⅱ,1,650000,SW2021,2025-10-15 10:57:00
688082,688082.SH,20220101,99991231,20211105,270108,270100,801081.SI,半导体,1,270000,SW2021,2025-10-15 10:57:00
688083,688083.SH,20220101,99991231,20210730,710401,710400,801104.SI,软件开发,1,710000,SW2021,2026-02-26 16:27:00
688084,688084.SH,20221121,99991231,20221121,650501,650500,801745.SI,军工电子Ⅱ,1,650000,SW2021,2025-10-15 10:57:00
688085,688085.SH,20220101,99991231,20210730,370503,370500,801153.SI,医疗器械,1,370000,SW2021,2024-05-27 10:52:00
688086,688086.SH,20220101,99991231,20210730,710103,710100,801101.SI,计算机设备,1,710000,SW2021,2021-07-31 16:18:00
688087,688087.SH,20220101,99991231,20210622,220501,220500,801036.SI,塑料,1,220000,SW2021,2021-07-06 09:08:00
688088,688088.SH,20220101,99991231,20210730,710301,710300,801103.SI,IT服务Ⅱ,1,710000,SW2021,2023-06-01 14:03:00
688089,688089.SH,20220101,99991231,20210730,220315,220300,801034.SI,化学制品,1,220000,SW2021,2021-07-31 16:18:00
688090,688090.SH,20220101,99991231,20210730,640701,640700,801078.SI,自动化设备,1,640000,SW2021,2025-10-15 10:57:00
688091,688091.SH,20220101,99991231,20210820,370102,370100,801151.SI,化学制药,1,370000,SW2021,2021-09-17 14:14:00
688092,688092.SH,20220101,99991231,20210305,640209,640200,801074.SI,专用设备,1,640000,SW2021,2021-04-12 13:48:00
688093,688093.SH,20220101,99991231,20200914,270401,270400,801082.SI,其他电子Ⅱ,1,270000,SW2021,2020-09-25 15:05:00
688095,688095.SH,20220101,99991231,20210730,710402,710400,801104.SI,软件开发,1,710000,SW2021,2025-02-19 17:18:00
688096,688096.SH,20220101,99991231,20210730,760102,760100,801971.SI,环境治理,1,760000,SW2021,2025-10-15 10:57:00
688097,688097.SH,20220101,99991231,20210730,640704,640700,801078.SI,自动化设备,1,640000,SW2021,2025-10-15 10:57:00
688098,688098.SH,20220101,99991231,20191011,110801,110800,801018.SI,动物保健Ⅱ,1,110000,SW2021,2019-10-17 14:32:00
688099,688099.SH,20220101,99991231,20210730,270104,270100,801081.SI,半导体,1,270000,SW2021,2023-04-25 09:33:00
688100,688100.SH,20220101,99991231,20210730,730206,730200,801102.SI,通信设备,1,730000,SW2021,2026-06-01 14:47:00
688101,688101.SH,20220101,99991231,20210730,760102,760100,801971.SI,环境治理,1,760000,SW2021,2025-10-15 10:57:00
688102,688102.SH,20220225,20220728,20220225,640108,640100,801072.SI,通用设备,1,640000,SW2021,2024-06-25 07:10:00
688102,688102.SH,20220729,99991231,20220729,240201,240200,801051.SI,金属新材料,1,240000,SW2021,2025-10-15 10:57:00
688103,688103.SH,20220101,99991231,20210827,270401,270400,801082.SI,其他电子Ⅱ,1,270000,SW2021,2023-04-25 09:33:00
688105,688105.SH,20220101,20220728,20211029,370504,370500,801153.SI,医疗器械,1,370000,SW2021,2021-11-18 09:15:00
688105,688105.SH,20220729,99991231,20220729,370304,370300,801152.SI,生物制品,1,370000,SW2021,2022-07-29 11:54:00
688106,688106.SH,20220101,99991231,20210730,270601,270600,801086.SI,电子化学品Ⅱ,1,270000,SW2021,2023-12-25 16:36:00
688107,688107.SH,20220101,99991231,20211029,270104,270100,801081.SI,半导体,1,270000,SW2021,2023-04-25 09:33:00
688108,688108.SH,20220101,99991231,20210730,370503,370500,801153.SI,医疗器械,1,370000,SW2021,2021-07-31 16:18:00
688109,688109.SH,20220101,99991231,20210730,710401,710400,801104.SI,软件开发,1,710000,SW2021,2021-07-31 16:18:00
688110,688110.SH,20220101,99991231,20211126,270104,270100,801081.SI,半导体,1,270000,SW2021,2024-05-13 16:25:00
688111,688111.SH,20220101,99991231,20210730,710402,710400,801104.SI,软件开发,1,710000,SW2021,2025-02-19 17:18:00
688112,688112.SH,20220101,99991231,20211119,640107,640100,801072.SI,通用设备,1,640000,SW2021,2025-10-15 10:57:00
688113,688113.SH,20220101,99991231,20210421,640209,640200,801074.SI,专用设备,1,640000,SW2021,2021-04-28 15:17:00
688114,688114.SH,20220826,99991231,20220826,370502,370500,801153.SI,医疗器械,1,370000,SW2021,2024-04-01 15:27:00
688115,688115.SH,20220225,99991231,20220225,640107,640100,801072.SI,通用设备,1,640000,SW2021,2025-10-15 10:57:00
688116,688116.SH,20220101,99991231,20210730,630702,630700,801737.SI,电池,1,630000,SW2021,2025-10-15 10:57:00
688117,688117.SH,20220101,99991231,20210518,370102,370100,801151.SI,化学制药,1,370000,SW2021,2021-07-06 09:17:00
688118,688118.SH,20220101,99991231,20210730,710401,710400,801104.SI,软件开发,1,710000,SW2021,2021-07-31 16:18:00
688119,688119.SH,20220520,99991231,20220520,610301,610300,801713.SI,装修建材,1,610000,SW2021,2024-01-14 08:48:00
688120,688120.SH,20220520,99991231,20220520,270108,270100,801081.SI,半导体,1,270000,SW2021,2025-10-15 10:57:00
688121,688121.SH,20220101,99991231,20210820,640203,640200,801074.SI,专用设备,1,640000,SW2021,2025-10-15 10:57:00
688122,688122.SH,20220101,99991231,20210730,650201,650200,801742.SI,航空装备Ⅱ,1,650000,SW2021,2025-10-15 10:57:00
688123,688123.SH,20220101,99991231,20210730,270104,270100,801081.SI,半导体,1,270000,SW2021,2023-04-25 09:33:00
688125,688125.SH,20220401,99991231,20220401,640704,640700,801078.SI,自动化设备,1,640000,SW2021,2025-10-15 10:57:00
688126,688126.SH,20220101,99991231,20200402,270103,270100,801081.SI,半导体,1,270000,SW2021,2021-03-03 15:31:00
688127,688127.SH,20220101,99991231,20200904,270303,270300,801084.SI,光学光电子,1,270000,SW2021,2020-09-08 13:06:00
688128,688128.SH,20220101,99991231,20191023,640209,640200,801074.SI,专用设备,1,640000,SW2021,2020-10-19 09:18:00
688129,688129.SH,20220101,99991231,20201016,220305,220300,801034.SI,化学制品,1,220000,SW2021,2020-11-02 15:24:00
688130,688130.SH,20220715,99991231,20220715,270105,270100,801081.SI,半导体,1,270000,SW2021,2023-04-25 09:33:00
688131,688131.SH,20220101,20220728,20210523,370101,370100,801151.SI,化学制药,1,370000,SW2021,2021-06-22 16:36:00
688131,688131.SH,20220729,99991231,20220729,370603,370600,801156.SI,医疗服务,1,370000,SW2021,2025-09-17 18:39:00
688132,688132.SH,20220909,99991231,20220909,650501,650500,801745.SI,军工电子Ⅱ,1,650000,SW2021,2025-11-13 07:52:00
688133,688133.SH,20220101,99991231,20201016,220309,220300,801034.SI,化学制品,1,220000,SW2021,2024-07-19 08:51:00
688135,688135.SH,20220101,99991231,20210730,270107,270100,801081.SI,半导体,1,270000,SW2021,2023-04-25 09:33:00
688136,688136.SH,20220101,99991231,20210730,370304,370300,801152.SI,生物制品,1,370000,SW2021,2023-12-07 17:42:00
688137,688137.SH,20220916,99991231,20220916,370304,370300,801152.SI,生物制品,1,370000,SW2021,2023-05-04 10:29:00
688138,688138.SH,20220101,99991231,20191109,270103,270100,801081.SI,半导体,1,270000,SW2021,2019-11-20 10:42:00
688139,688139.SH,20220101,99991231,20210730,370502,370500,801153.SI,医疗器械,1,370000,SW2021,2021-07-31 16:18:00
688141,688141.SH,20221209,99991231,20221209,270105,270100,801081.SI,半导体,1,270000,SW2021,2025-03-26 13:13:00
688143,688143.SH,20221121,99991231,20221121,730205,730200,801102.SI,通信设备,1,730000,SW2021,2025-10-15 10:57:00
688146,688146.SH,20230331,99991231,20230331,270103,270100,801081.SI,半导体,1,270000,SW2021,2024-03-20 21:39:00
688147,688147.SH,20221208,99991231,20221208,630505,630500,801735.SI,光伏设备,1,630000,SW2021,2025-10-15 10:57:00
688148,688148.SH,20220101,99991231,20210806,630702,630700,801737.SI,电池,1,630000,SW2021,2025-10-15 10:57:00
688150,688150.SH,20220304,99991231,20220304,270601,270600,801086.SI,电子化学品Ⅱ,1,270000,SW2021,2025-02-24 09:28:00
688151,688151.SH,20220101,20220728,20211119,650301,650300,801743.SI,地面兵装Ⅱ,1,650000,SW2021,2021-12-29 14:11:00
688151,688151.SH,20220729,99991231,20220729,370503,370500,801153.SI,医疗器械,1,370000,SW2021,2022-07-29 11:54:00
688152,688152.SH,20220930,99991231,20220930,710402,710400,801104.SI,软件开发,1,710000,SW2021,2022-10-10 12:20:00
688153,688153.SH,20220401,99991231,20220401,270105,270100,801081.SI,半导体,1,270000,SW2021,2023-04-25 09:33:00
688155,688155.SH,20220101,99991231,20210730,630703,630700,801737.SI,电池,1,630000,SW2021,2025-10-15 10:57:00
688156,688156.SH,20220101,20220728,20210730,760103,760100,801971.SI,环境治理,1,760000,SW2021,2021-07-31 16:18:00
688156,688156.SH,20220729,20250508,20220729,760102,760100,801971.SI,环境治理,1,760000,SW2021,2024-01-02 14:12:00
688156,688156.SH,20250509,99991231,20250509,110402,110400,801014.SI,饲料,1,110000,SW2021,2025-10-15 10:57:00
688157,688157.SH,20220101,99991231,20200523,220305,220300,801034.SI,化学制品,1,220000,SW2021,2020-11-26 12:09:00
688158,688158.SH,20220101,99991231,20210730,710301,710300,801103.SI,IT服务Ⅱ,1,710000,SW2021,2021-07-31 16:18:00
688159,688159.SH,20220101,99991231,20210730,730206,730200,801102.SI,通信设备,1,730000,SW2021,2026-06-01 14:47:00
688160,688160.SH,20220101,99991231,20210730,640702,640700,801078.SI,自动化设备,1,640000,SW2021,2025-10-15 10:57:00
688161,688161.SH,20220101,99991231,20210730,370503,370500,801153.SI,医疗器械,1,370000,SW2021,2024-04-01 15:28:00
688162,688162.SH,20220101,20220728,20211029,280203,280200,801093.SI,汽车零部件,1,280000,SW2021,2022-04-14 09:54:00
688162,688162.SH,20220729,99991231,20220729,640209,640200,801074.SI,专用设备,1,640000,SW2021,2025-01-24 16:29:00
688163,688163.SH,20220225,99991231,20220225,370304,370300,801152.SI,生物制品,1,370000,SW2021,2022-07-22 16:45:00
688165,688165.SH,20220101,99991231,20210730,640701,640700,801078.SI,自动化设备,1,640000,SW2021,2021-07-31 16:18:00
688166,688166.SH,20220101,20220728,20191023,370102,370100,801151.SI,化学制药,1,370000,SW2021,2021-03-03 15:32:00
688166,688166.SH,20220729,99991231,20220729,370101,370100,801151.SI,化学制药,1,370000,SW2021,2022-07-29 11:54:00
688167,688167.SH,20220101,20220512,20211210,640703,640700,801078.SI,自动化设备,1,640000,SW2021,2022-01-10 14:19:00
688167,688167.SH,20220513,99991231,20220513,270102,270100,801081.SI,半导体,1,270000,SW2021,2025-01-08 14:36:00
688168,688168.SH,20220101,99991231,20210730,710402,710400,801104.SI,软件开发,1,710000,SW2021,2023-06-01 14:03:00
688169,688169.SH,20220101,99991231,20210730,330302,330300,801113.SI,小家电,1,330000,SW2021,2023-01-09 16:21:00
688170,688170.SH,20220415,99991231,20220415,640703,640700,801078.SI,自动化设备,1,640000,SW2021,2025-10-15 10:57:00
688171,688171.SH,20220114,99991231,20220114,710401,710400,801104.SI,软件开发,1,710000,SW2021,2022-01-17 11:16:00
688172,688172.SH,20221202,99991231,20221202,270102,270100,801081.SI,半导体,1,270000,SW2021,2022-12-05 13:47:00
688173,688173.SH,20220107,99991231,20220107,270105,270100,801081.SI,半导体,1,270000,SW2021,2023-04-25 09:33:00
688175,688175.SH,20220225,99991231,20220225,650501,650500,801745.SI,军工电子Ⅱ,1,650000,SW2021,2025-10-15 10:57:00
688176,688176.SH,20220101,99991231,20211217,370102,370100,801151.SI,化学制药,1,370000,SW2021,2021-12-29 14:01:00
688177,688177.SH,20220101,99991231,20210730,370304,370300,801152.SI,生物制品,1,370000,SW2021,2024-05-27 10:52:00
688178,688178.SH,20220101,20220728,20210730,760102,760100,801971.SI,环境治理,1,760000,SW2021,2021-07-31 16:18:00
688178,688178.SH,20220729,99991231,20220729,760103,760100,801971.SI,环境治理,1,760000,SW2021,2025-10-15 10:57:00
688179,688179.SH,20220101,99991231,20201016,220309,220300,801034.SI,化学制品,1,220000,SW2021,2021-06-08 08:11:00
688180,688180.SH,20220101,99991231,20210730,370304,370300,801152.SI,生物制品,1,370000,SW2021,2021-07-31 16:18:00
688181,688181.SH,20220101,99991231,20191223,270301,270300,801084.SI,光学光电子,1,270000,SW2021,2020-08-20 18:22:00
688182,688182.SH,20220101,99991231,20211105,730204,730200,801102.SI,通信设备,1,730000,SW2021,2026-06-01 14:47:00
688183,688183.SH,20220101,99991231,20210205,270202,270200,801083.SI,元件,1,270000,SW2021,2021-03-04 13:04:00
688184,688184.SH,20220902,99991231,20220902,630702,630700,801737.SI,电池,1,630000,SW2021,2022-09-02 14:39:00
688185,688185.SH,20220101,99991231,20210730,370303,370300,801152.SI,生物制品,1,370000,SW2021,2025-01-08 14:36:00
688186,688186.SH,20220101,20250508,20210730,230501,230500,801045.SI,特钢Ⅱ,1,230000,SW2021,2025-03-21 13:43:00
688186,688186.SH,20250509,99991231,20250509,630602,630600,801736.SI,风电设备,1,630000,SW2021,2025-10-15 10:57:00
688187,688187.SH,20220101,99991231,20210820,640501,640500,801076.SI,轨交设备Ⅱ,1,640000,SW2021,2025-10-15 10:57:00
688188,688188.SH,20220101,99991231,20210730,710103,710100,801101.SI,计算机设备,1,710000,SW2021,2025-10-15 10:57:00
688189,688189.SH,20220101,99991231,20200310,370102,370100,801151.SI,化学制药,1,370000,SW2021,2020-04-09 13:58:00
688190,688190.SH,20220101,99991231,20211112,240201,240200,801051.SI,金属新材料,1,240000,SW2021,2025-01-08 14:36:00
688191,688191.SH,20220101,99991231,20210730,630803,630800,801738.SI,电网设备,1,630000,SW2021,2025-10-15 10:57:00
688192,688192.SH,20220101,99991231,20211126,370102,370100,801151.SI,化学制药,1,370000,SW2021,2021-12-29 14:01:00
688193,688193.SH,20220311,99991231,20220311,370504,370500,801153.SI,医疗器械,1,370000,SW2021,2022-03-11 16:12:00
688195,688195.SH,20220101,99991231,20210312,270303,270300,801084.SI,光学光电子,1,270000,SW2021,2021-06-01 09:29:00
688196,688196.SH,20220101,99991231,20191109,220309,220300,801034.SI,化学制品,1,220000,SW2021,2021-03-03 15:31:00
688197,688197.SH,20220304,99991231,20220304,370102,370100,801151.SI,化学制药,1,370000,SW2021,2022-03-04 17:42:00
688198,688198.SH,20220101,99991231,20210730,370503,370500,801153.SI,医疗器械,1,370000,SW2021,2021-11-09 10:55:00
688199,688199.SH,20220101,99991231,20191021,220309,220300,801034.SI,化学制品,1,220000,SW2021,2020-12-11 09:18:00
688200,688200.SH,20220101,99991231,20210730,270108,270100,801081.SI,半导体,1,270000,SW2021,2025-10-15 10:57:00
688201,688201.SH,20220101,99991231,20210730,710402,710400,801104.SI,软件开发,1,710000,SW2021,2021-07-31 16:18:00
688202,688202.SH,20220101,99991231,20210730,370603,370600,801156.SI,医疗服务,1,370000,SW2021,2021-07-31 16:18:00
688203,688203.SH,20220805,99991231,20220805,220503,220500,801036.SI,塑料,1,220000,SW2021,2022-11-01 13:56:00
688205,688205.SH,20220725,99991231,20220725,730204,730200,801102.SI,通信设备,1,730000,SW2021,2026-06-01 14:47:00
688206,688206.SH,20220101,20221110,20211210,270108,270100,801081.SI,半导体,1,270000,SW2021,2021-12-29 14:07:00
688206,688206.SH,20221111,99991231,20221111,710401,710400,801104.SI,软件开发,1,710000,SW2021,2023-04-25 09:33:00
688207,688207.SH,20220225,99991231,20220225,710301,710300,801103.SI,IT服务Ⅱ,1,710000,SW2021,2022-07-22 16:45:00
688208,688208.SH,20220101,99991231,20210730,710103,710100,801101.SI,计算机设备,1,710000,SW2021,2026-02-26 16:27:00
688209,688209.SH,20220401,99991231,20220401,270105,270100,801081.SI,半导体,1,270000,SW2021,2023-04-25 09:33:00
688210,688210.SH,20220101,99991231,20211210,270504,270500,801085.SI,消费电子,1,270000,SW2021,2024-03-01 09:51:00
688211,688211.SH,20220101,99991231,20210930,640209,640200,801074.SI,专用设备,1,640000,SW2021,2025-10-15 10:57:00
688212,688212.SH,20220101,99991231,20211029,370502,370500,801153.SI,医疗器械,1,370000,SW2021,2022-12-09 17:43:00
688213,688213.SH,20220429,99991231,20220429,270104,270100,801081.SI,半导体,1,270000,SW2021,2023-04-25 09:33:00
688215,688215.SH,20220101,99991231,20210730,640704,640700,801078.SI,自动化设备,1,640000,SW2021,2025-10-15 10:57:00
688216,688216.SH,20220101,99991231,20210730,270107,270100,801081.SI,半导体,1,270000,SW2021,2023-04-25 09:33:00
688217,688217.SH,20220101,99991231,20210730,370504,370500,801153.SI,医疗器械,1,370000,SW2021,2021-07-31 16:18:00
688218,688218.SH,20220101,99991231,20210730,640701,640700,801078.SI,自动化设备,1,640000,SW2021,2025-10-15 10:57:00
688219,688219.SH,20220101,99991231,20201029,220503,220500,801036.SI,塑料,1,220000,SW2021,2020-11-02 15:24:00
688220,688220.SH,20220101,99991231,20211224,270105,270100,801081.SI,半导体,1,270000,SW2021,2022-01-05 11:16:00
688221,688221.SH,20220101,99991231,20201016,370102,370100,801151.SI,化学制药,1,370000,SW2021,2020-11-02 15:25:00
688222,688222.SH,20220101,99991231,20210730,370603,370600,801156.SI,医疗服务,1,370000,SW2021,2022-09-02 09:42:00
688223,688223.SH,20220107,99991231,20220107,630502,630500,801735.SI,光伏设备,1,630000,SW2021,2025-10-15 10:57:00
688225,688225.SH,20220114,99991231,20220114,710402,710400,801104.SI,软件开发,1,710000,SW2021,2022-01-17 11:16:00
688226,688226.SH,20220101,99991231,20210730,630805,630800,801738.SI,电网设备,1,630000,SW2021,2025-10-15 10:57:00
688227,688227.SH,20220101,99991231,20211217,710301,710300,801103.SI,IT服务Ⅱ,1,710000,SW2021,2021-12-29 14:08:00
688228,688228.SH,20220101,99991231,20210730,710301,710300,801103.SI,IT服务Ⅱ,1,710000,SW2021,2021-07-31 16:18:00
688229,688229.SH,20220101,99991231,20210730,710301,710300,801103.SI,IT服务Ⅱ,1,710000,SW2021,2021-07-31 16:18:00
688230,688230.SH,20220101,99991231,20211119,270102,270100,801081.SI,半导体,1,270000,SW2021,2023-04-25 09:33:00
688231,688231.SH,20220701,99991231,20220701,240201,240200,801051.SI,金属新材料,1,240000,SW2021,2025-10-15 10:57:00
688232,688232.SH,20220101,99991231,20211105,710401,710400,801104.SI,软件开发,1,710000,SW2021,2024-11-21 09:35:00
688233,688233.SH,20220101,99991231,20200204,270103,270100,801081.SI,半导体,1,270000,SW2021,2020-02-05 12:39:00
688234,688234.SH,20220101,99991231,20211224,270103,270100,801081.SI,半导体,1,270000,SW2021,2021-12-29 14:07:00
688235,688235.SH,20220101,20240516,20211126,370304,370300,801152.SI,生物制品,1,370000,SW2021,2022-03-28 09:38:00
688235,688235.SH,20240517,99991231,20240517,370102,370100,801151.SI,化学制药,1,370000,SW2021,2024-05-17 13:15:00
688236,688236.SH,20220101,99991231,20211217,370503,370500,801153.SI,医疗器械,1,370000,SW2021,2021-12-29 14:01:00
688237,688237.SH,20220624,99991231,20220624,650201,650200,801742.SI,航空装备Ⅱ,1,650000,SW2021,2025-10-15 10:57:00
688238,688238.SH,20220304,99991231,20220304,370603,370600,801156.SI,医疗服务,1,370000,SW2021,2022-03-04 17:42:00
688239,688239.SH,20220101,99991231,20210622,650201,650200,801742.SI,航空装备Ⅱ,1,650000,SW2021,2021-07-06 09:21:00
688244,688244.SH,20220923,99991231,20220923,710402,710400,801104.SI,软件开发,1,710000,SW2021,2022-09-23 11:06:00
688246,688246.SH,20220101,99991231,20211203,710401,710400,801104.SI,软件开发,1,710000,SW2021,2024-01-26 13:32:00
688247,688247.SH,20220812,99991231,20220812,370102,370100,801151.SI,化学制药,1,370000,SW2021,2022-08-12 16:35:00
688248,688248.SH,20220101,99991231,20211203,630803,630800,801738.SI,电网设备,1,630000,SW2021,2025-10-15 10:57:00
688249,688249.SH,20230414,99991231,20230414,270106,270100,801081.SI,半导体,1,270000,SW2021,2025-01-24 16:29:00
688251,688251.SH,20220520,99991231,20220520,710301,710300,801103.SI,IT服务Ⅱ,1,710000,SW2021,2022-05-20 17:34:00
688252,688252.SH,20220909,99991231,20220909,270104,270100,801081.SI,半导体,1,270000,SW2021,2025-01-08 14:36:00
688253,688253.SH,20220715,99991231,20220715,370504,370500,801153.SI,医疗器械,1,370000,SW2021,2022-07-15 17:11:00
688255,688255.SH,20220101,99991231,20211015,640701,640700,801078.SI,自动化设备,1,640000,SW2021,2025-10-15 10:57:00
688256,688256.SH,20220101,99991231,20210730,270104,270100,801081.SI,半导体,1,270000,SW2021,2023-04-03 14:29:00
688257,688257.SH,20220101,99991231,20211015,640108,640100,801072.SI,通用设备,1,640000,SW2021,2025-10-15 10:57:00
688258,688258.SH,20220101,99991231,20210730,710301,710300,801103.SI,IT服务Ⅱ,1,710000,SW2021,2021-07-31 16:18:00
688259,688259.SH,20220101,99991231,20211224,270104,270100,801081.SI,半导体,1,270000,SW2021,2021-12-29 14:07:00
688260,688260.SH,20220101,99991231,20210730,270504,270500,801085.SI,消费电子,1,270000,SW2021,2023-04-25 09:33:00
688261,688261.SH,20220114,99991231,20220114,270102,270100,801081.SI,半导体,1,270000,SW2021,2023-04-25 09:33:00
688262,688262.SH,20220101,99991231,20211217,270104,270100,801081.SI,半导体,1,270000,SW2021,2023-04-25 09:33:00
688265,688265.SH,20220101,99991231,20211210,370603,370600,801156.SI,医疗服务,1,370000,SW2021,2021-12-29 14:01:00
688266,688266.SH,20220101,99991231,20200108,370102,370100,801151.SI,化学制药,1,370000,SW2021,2020-12-04 14:32:00
688267,688267.SH,20220121,99991231,20220121,220309,220300,801034.SI,化学制品,1,220000,SW2021,2025-09-26 17:00:00
688268,688268.SH,20220101,99991231,20210730,270601,270600,801086.SI,电子化学品Ⅱ,1,270000,SW2021,2024-02-26 08:58:00
688269,688269.SH,20220101,20220728,20210523,240201,240200,801051.SI,金属新材料,1,240000,SW2021,2021-07-14 09:40:00
688269,688269.SH,20220729,99991231,20220729,220309,220300,801034.SI,化学制品,1,220000,SW2021,2024-03-11 10:34:00
688270,688270.SH,20220114,99991231,20220114,270105,270100,801081.SI,半导体,1,270000,SW2021,2025-10-15 10:57:00
688271,688271.SH,20220805,99991231,20220805,370502,370500,801153.SI,医疗器械,1,370000,SW2021,2025-01-24 16:29:00
688272,688272.SH,20220101,99991231,20210924,650501,650500,801745.SI,军工电子Ⅱ,1,650000,SW2021,2025-10-15 10:57:00
688273,688273.SH,20220725,99991231,20220725,370502,370500,801153.SI,医疗器械,1,370000,SW2021,2022-07-25 11:55:00
688275,688275.SH,20220909,99991231,20220909,630702,630700,801737.SI,电池,1,630000,SW2021,2025-10-15 10:57:00
688276,688276.SH,20220101,99991231,20210730,370303,370300,801152.SI,生物制品,1,370000,SW2021,2025-01-24 16:29:00
688277,688277.SH,20220101,99991231,20210730,370502,370500,801153.SI,医疗器械,1,370000,SW2021,2021-07-31 16:18:00
688278,688278.SH,20220101,99991231,20210730,370304,370300,801152.SI,生物制品,1,370000,SW2021,2021-07-31 16:18:00
688279,688279.SH,20220401,99991231,20220401,270104,270100,801081.SI,半导体,1,270000,SW2021,2023-04-25 09:33:00
688280,688280.SH,20220101,99991231,20211015,280203,280200,801093.SI,汽车零部件,1,280000,SW2021,2024-03-14 08:19:00
688281,688281.SH,20220218,99991231,20220218,650201,650200,801742.SI,航空装备Ⅱ,1,650000,SW2021,2025-10-15 10:57:00
688282,688282.SH,20220304,99991231,20220304,650101,650100,801741.SI,航天装备Ⅱ,1,650000,SW2021,2025-10-15 10:57:00
688283,688283.SH,20220121,99991231,20220121,730207,730200,801102.SI,通信设备,1,730000,SW2021,2025-10-15 10:57:00
688285,688285.SH,20220101,99991231,20211015,640501,640500,801076.SI,轨交设备Ⅱ,1,640000,SW2021,2025-10-15 10:57:00
688286,688286.SH,20220101,99991231,20210730,270105,270100,801081.SI,半导体,1,270000,SW2021,2023-04-25 09:33:00
688287,688287.SH,20220525,99991231,20220525,650201,650200,801742.SI,航空装备Ⅱ,1,650000,SW2021,2025-10-15 10:57:00
688288,688288.SH,20220101,99991231,20210730,710103,710100,801101.SI,计算机设备,1,710000,SW2021,2021-07-31 16:18:00
688289,688289.SH,20220101,99991231,20210730,370504,370500,801153.SI,医疗器械,1,370000,SW2021,2021-07-31 16:18:00
688290,688290.SH,20220415,99991231,20220415,640701,640700,801078.SI,自动化设备,1,640000,SW2021,2025-10-15 10:57:00
688291,688291.SH,20220930,99991231,20220930,710401,710400,801104.SI,软件开发,1,710000,SW2021,2025-10-15 10:57:00
688292,688292.SH,20220805,20240516,20220805,730207,730200,801102.SI,通信设备,1,730000,SW2021,2022-08-08 11:04:00
688292,688292.SH,20240517,99991231,20240517,710103,710100,801101.SI,计算机设备,1,710000,SW2021,2025-01-08 14:36:00
688293,688293.SH,20220819,99991231,20220819,370304,370300,801152.SI,生物制品,1,370000,SW2021,2022-09-02 09:26:00
688295,688295.SH,20220318,99991231,20220318,220404,220400,801032.SI,化学纤维,1,220000,SW2021,2025-12-31 11:32:00
688296,688296.SH,20220101,99991231,20210730,710401,710400,801104.SI,软件开发,1,710000,SW2021,2021-09-17 14:13:00
688297,688297.SH,20220610,99991231,20220610,650201,650200,801742.SI,航空装备Ⅱ,1,650000,SW2021,2025-10-15 10:57:00
688298,688298.SH,20220101,99991231,20210730,370504,370500,801153.SI,医疗器械,1,370000,SW2021,2021-07-31 16:18:00
688299,688299.SH,20220101,99991231,20191021,270301,270300,801084.SI,光学光电子,1,270000,SW2021,2019-11-06 09:30:00
688300,688300.SH,20220101,99991231,20210730,220901,220900,801039.SI,非金属材料Ⅱ,1,220000,SW2021,2025-12-30 17:35:00
688301,688301.SH,20220101,99991231,20210730,370502,370500,801153.SI,医疗器械,1,370000,SW2021,2025-10-15 10:57:00
688302,688302.SH,20220401,99991231,20220401,370102,370100,801151.SI,化学制药,1,370000,SW2021,2022-04-01 18:41:00
688303,688303.SH,20220101,99991231,20210730,630501,630500,801735.SI,光伏设备,1,630000,SW2021,2025-10-15 10:57:00
688305,688305.SH,20220101,99991231,20210630,640101,640100,801072.SI,通用设备,1,640000,SW2021,2021-07-06 09:07:00
688306,688306.SH,20220304,99991231,20220304,640704,640700,801078.SI,自动化设备,1,640000,SW2021,2025-10-15 10:57:00
688307,688307.SH,20230120,99991231,20230120,710102,710100,801101.SI,计算机设备,1,710000,SW2021,2026-03-15 23:47:00
688308,688308.SH,20220101,99991231,20210730,640108,640100,801072.SI,通用设备,1,640000,SW2021,2025-10-15 10:57:00
688309,688309.SH,20220101,99991231,20210730,760201,760200,801972.SI,环保设备Ⅱ,1,760000,SW2021,2025-10-15 10:57:00
688310,688310.SH,20220101,99991231,20210730,640704,640700,801078.SI,自动化设备,1,640000,SW2021,2025-10-15 10:57:00
688311,688311.SH,20220101,99991231,20210730,650501,650500,801745.SI,军工电子Ⅱ,1,650000,SW2021,2025-10-15 10:57:00
688312,688312.SH,20220101,99991231,20200523,640209,640200,801074.SI,专用设备,1,640000,SW2021,2020-06-17 13:15:00
688313,688313.SH,20220101,99991231,20210730,730204,730200,801102.SI,通信设备,1,730000,SW2021,2026-03-13 13:52:00
688314,688314.SH,20220101,99991231,20210730,370503,370500,801153.SI,医疗器械,1,370000,SW2021,2021-09-01 09:21:00
688315,688315.SH,20220101,99991231,20210730,370605,370600,801156.SI,医疗服务,1,370000,SW2021,2021-09-01 09:21:00
688316,688316.SH,20220101,99991231,20210730,710301,710300,801103.SI,IT服务Ⅱ,1,710000,SW2021,2021-07-31 16:18:00
688317,688317.SH,20220101,99991231,20210730,370504,370500,801153.SI,医疗器械,1,370000,SW2021,2021-07-31 16:18:00
688318,688318.SH,20220101,99991231,20210730,710401,710400,801104.SI,软件开发,1,710000,SW2021,2021-07-31 16:18:00
688319,688319.SH,20220101,99991231,20210730,370303,370300,801152.SI,生物制品,1,370000,SW2021,2021-09-01 09:21:00
688320,688320.SH,20220415,99991231,20220415,640702,640700,801078.SI,自动化设备,1,640000,SW2021,2025-10-15 10:57:00
688321,688321.SH,20220101,99991231,20190724,370102,370100,801151.SI,化学制药,1,370000,SW2021,2020-11-04 10:00:00
688322,688322.SH,20220708,99991231,20220708,270303,270300,801084.SI,光学光电子,1,270000,SW2021,2023-07-17 17:07:00
688323,688323.SH,20220101,99991231,20210730,220505,220500,801036.SI,塑料,1,220000,SW2021,2024-04-01 15:29:00
688325,688325.SH,20220401,99991231,20220401,270105,270100,801081.SI,半导体,1,270000,SW2021,2023-04-25 09:33:00
688326,688326.SH,20220330,99991231,20220330,710401,710400,801104.SI,软件开发,1,710000,SW2021,2024-04-22 10:26:00
688327,688327.SH,20220429,99991231,20220429,710301,710300,801103.SI,IT服务Ⅱ,1,710000,SW2021,2024-06-07 10:06:00
688328,688328.SH,20220101,99991231,20210219,640209,640200,801074.SI,专用设备,1,640000,SW2021,2021-03-04 13:03:00
688329,688329.SH,20220101,99991231,20210730,640704,640700,801078.SI,自动化设备,1,640000,SW2021,2025-10-15 10:57:00
688330,688330.SH,20220101,99991231,20210730,630803,630800,801738.SI,电网设备,1,630000,SW2021,2025-10-15 10:57:00
688331,688331.SH,20220318,20220324,20220318,370102,370100,801151.SI,化学制药,1,370000,SW2021,2022-03-21 11:57:00
688331,688331.SH,20220325,99991231,20220325,370304,370300,801152.SI,生物制品,1,370000,SW2021,2022-03-25 17:59:00
688332,688332.SH,20220701,99991231,20220701,270104,270100,801081.SI,半导体,1,270000,SW2021,2023-04-25 09:33:00
688333,688333.SH,20220101,20220728,20190708,640101,640100,801072.SI,通用设备,1,640000,SW2021,2020-09-30 09:59:00
688333,688333.SH,20220729,99991231,20220729,640106,640100,801072.SI,通用设备,1,640000,SW2021,2025-10-15 10:57:00
688334,688334.SH,20230609,99991231,20230609,460802,460800,801218.SI,专业服务,1,460000,SW2021,2023-06-14 10:58:00
688335,688335.SH,20220101,99991231,20210730,760102,760100,801971.SI,环境治理,1,760000,SW2021,2025-10-15 10:57:00
688336,688336.SH,20220101,99991231,20210730,370304,370300,801152.SI,生物制品,1,370000,SW2021,2021-07-31 16:18:00
688337,688337.SH,20220318,99991231,20220318,640107,640100,801072.SI,通用设备,1,640000,SW2021,2025-10-15 10:57:00
688338,688338.SH,20220101,99991231,20210730,370504,370500,801153.SI,医疗器械,1,370000,SW2021,2021-07-31 16:18:00
688339,688339.SH,20220101,99991231,20210730,630704,630700,801737.SI,电池,1,630000,SW2021,2023-11-14 23:25:00
688343,688343.SH,20230317,99991231,20230317,710301,710300,801103.SI,IT服务Ⅱ,1,710000,SW2021,2023-03-20 11:17:00
688345,688345.SH,20220101,99991231,20210730,630701,630700,801737.SI,电池,1,630000,SW2021,2025-10-15 10:57:00
688347,688347.SH,20230731,99991231,20230731,270106,270100,801081.SI,半导体,1,270000,SW2021,2023-09-18 14:13:00
688348,688348.SH,20220520,99991231,20220520,630503,630500,801735.SI,光伏设备,1,630000,SW2021,2025-10-15 10:57:00
688349,688349.SH,20220602,99991231,20220602,630601,630600,801736.SI,风电设备,1,630000,SW2021,2025-10-15 10:57:00
688350,688350.SH,20220101,99991231,20210114,220309,220300,801034.SI,化学制品,1,220000,SW2021,2021-01-15 09:20:00
688351,688351.SH,20220812,99991231,20220812,370503,370500,801153.SI,医疗器械,1,370000,SW2021,2022-09-20 10:56:00
688352,688352.SH,20230331,99991231,20230331,270107,270100,801081.SI,半导体,1,270000,SW2021,2023-04-03 11:04:00
688353,688353.SH,20220624,99991231,20220624,630702,630700,801737.SI,电池,1,630000,SW2021,2025-10-15 10:57:00
688355,688355.SH,20220101,99991231,20210730,640108,640100,801072.SI,通用设备,1,640000,SW2021,2025-10-15 10:57:00
688356,688356.SH,20220101,99991231,20200808,370101,370100,801151.SI,化学制药,1,370000,SW2021,2021-06-22 16:40:00
688357,688357.SH,20220101,20220728,20210730,220901,220900,801039.SI,非金属材料Ⅱ,1,220000,SW2021,2021-08-02 09:04:00
688357,688357.SH,20220729,99991231,20220729,220309,220300,801034.SI,化学制品,1,220000,SW2021,2025-09-26 17:00:00
688358,688358.SH,20220101,99991231,20210730,370502,370500,801153.SI,医疗器械,1,370000,SW2021,2025-12-08 10:54:00
688359,688359.SH,20220101,99991231,20210730,270601,270600,801086.SI,电子化学品Ⅱ,1,270000,SW2021,2023-12-25 16:34:00
688360,688360.SH,20220101,99991231,20200518,640106,640100,801072.SI,通用设备,1,640000,SW2021,2020-06-17 13:15:00
688361,688361.SH,20230504,99991231,20230504,270108,270100,801081.SI,半导体,1,270000,SW2021,2025-10-28 10:25:00
688362,688362.SH,20221028,99991231,20221028,270107,270100,801081.SI,半导体,1,270000,SW2021,2024-06-24 19:10:00
688363,688363.SH,20220101,99991231,20210730,770301,770300,801983.SI,医疗美容,0,770000,SW2021,2025-10-16 08:54:00
688365,688365.SH,20220101,99991231,20210730,710301,710300,801103.SI,IT服务Ⅱ,1,710000,SW2021,2021-07-31 16:18:00
688366,688366.SH,20220101,99991231,20210730,370503,370500,801153.SI,医疗器械,1,370000,SW2021,2024-04-01 15:28:00
688367,688367.SH,20220101,99991231,20210609,640501,640500,801076.SI,轨交设备Ⅱ,1,640000,SW2021,2021-07-06 09:07:00
688368,688368.SH,20220101,99991231,20210730,270105,270100,801081.SI,半导体,1,270000,SW2021,2021-07-31 16:18:00
688369,688369.SH,20220101,99991231,20210730,710402,710400,801104.SI,软件开发,1,710000,SW2021,2021-07-31 16:18:00
688370,688370.SH,20220805,99991231,20220805,760103,760100,801971.SI,环境治理,1,760000,SW2021,2025-10-15 10:57:00
688371,688371.SH,20220725,99991231,20220725,270601,270600,801086.SI,电子化学品Ⅱ,1,270000,SW2021,2022-07-25 11:55:00
688372,688372.SH,20220930,99991231,20220930,270107,270100,801081.SI,半导体,1,270000,SW2021,2023-03-05 15:41:00
688373,688373.SH,20220725,99991231,20220725,370102,370100,801151.SI,化学制药,1,370000,SW2021,2022-12-25 16:47:00
688375,688375.SH,20220701,99991231,20220701,650501,650500,801745.SI,军工电子Ⅱ,1,650000,SW2021,2025-10-15 10:57:00
688376,688376.SH,20221104,99991231,20221104,760201,760200,801972.SI,环保设备Ⅱ,1,760000,SW2021,2025-10-15 10:57:00
688377,688377.SH,20220101,99991231,20200618,640203,640200,801074.SI,专用设备,1,640000,SW2021,2020-08-17 10:52:00
688378,688378.SH,20220101,20240729,20200815,640209,640200,801074.SI,专用设备,1,640000,SW2021,2021-02-23 09:08:00
688378,688378.SH,20240730,99991231,20240730,270303,270300,801084.SI,光学光电子,1,270000,SW2021,2024-07-30 12:45:00
688379,688379.SH,20220101,99991231,20210730,640108,640100,801072.SI,通用设备,1,640000,SW2021,2025-10-15 10:57:00
688380,688380.SH,20220725,99991231,20220725,270104,270100,801081.SI,半导体,1,270000,SW2021,2022-07-25 11:55:00
688381,688381.SH,20220805,99991231,20220805,270105,270100,801081.SI,半导体,1,270000,SW2021,2022-08-08 11:04:00
688382,688382.SH,20220708,99991231,20220708,370102,370100,801151.SI,化学制药,1,370000,SW2021,2022-07-08 16:58:00
688383,688383.SH,20220101,99991231,20210415,640209,640200,801074.SI,专用设备,1,640000,SW2021,2021-05-19 11:22:00
688385,688385.SH,20220101,99991231,20210730,270104,270100,801081.SI,半导体,1,270000,SW2021,2026-02-26 16:27:00
688386,688386.SH,20220101,99991231,20210730,220505,220500,801036.SI,塑料,1,220000,SW2021,2021-07-31 16:18:00
688387,688387.SH,20220909,99991231,20220909,730204,730200,801102.SI,通信设备,1,730000,SW2021,2023-12-21 09:03:00
688388,688388.SH,20220101,20220728,20190711,240302,240300,801055.SI,工业金属,1,240000,SW2021,2019-11-12 15:17:00
688388,688388.SH,20220729,99991231,20220729,630701,630700,801737.SI,电池,1,630000,SW2021,2025-10-15 10:57:00
688389,688389.SH,20220101,99991231,20210730,370504,370500,801153.SI,医疗器械,1,370000,SW2021,2021-07-31 16:18:00
688390,688390.SH,20220101,99991231,20210730,630503,630500,801735.SI,光伏设备,1,630000,SW2021,2025-12-11 07:08:00
688391,688391.SH,20220826,99991231,20220826,270105,270100,801081.SI,半导体,1,270000,SW2021,2023-06-01 14:03:00
688392,688392.SH,20220909,99991231,20220909,630703,630700,801737.SI,电池,1,630000,SW2021,2025-10-15 10:57:00
688393,688393.SH,20220101,99991231,20210730,370504,370500,801153.SI,医疗器械,1,370000,SW2021,2021-07-31 16:18:00
688395,688395.SH,20220101,99991231,20210730,640702,640700,801078.SI,自动化设备,1,640000,SW2021,2025-10-15 10:57:00
688396,688396.SH,20220101,99991231,20210730,270106,270100,801081.SI,半导体,1,270000,SW2021,2024-05-06 10:49:00
688398,688398.SH,20220101,99991231,20200122,220309,220300,801034.SI,化学制品,1,220000,SW2021,2020-04-09 13:53:00
688399,688399.SH,20220101,99991231,20210730,370504,370500,801153.SI,医疗器械,1,370000,SW2021,2021-07-31 16:18:00
688400,688400.SH,20220708,99991231,20220708,640209,640200,801074.SI,专用设备,1,640000,SW2021,2025-10-15 10:57:00
688401,688401.SH,20220805,99991231,20220805,270103,270100,801081.SI,半导体,1,270000,SW2021,2022-11-01 13:58:00
688403,688403.SH,20220805,99991231,20220805,270107,270100,801081.SI,半导体,1,270000,SW2021,2024-12-18 07:49:00
688408,688408.SH,20220101,99991231,20210730,630504,630500,801735.SI,光伏设备,1,630000,SW2021,2025-10-15 10:57:00
688409,688409.SH,20220916,99991231,20220916,270108,270100,801081.SI,半导体,1,270000,SW2021,2023-10-10 09:54:00
688410,688410.SH,20221209,99991231,20221209,370502,370500,801153.SI,医疗器械,1,370000,SW2021,2023-01-30 13:08:00
688411,688411.SH,20250110,99991231,20250110,630306,630300,801733.SI,其他电源设备Ⅱ,1,630000,SW2021,2025-12-11 07:09:00
688416,688416.SH,20220812,99991231,20220812,270104,270100,801081.SI,半导体,1,270000,SW2021,2022-08-12 16:35:00
688418,688418.SH,20220101,99991231,20210730,730207,730200,801102.SI,通信设备,1,730000,SW2021,2026-06-01 14:47:00
688419,688419.SH,20221021,99991231,20221021,270108,270100,801081.SI,半导体,1,270000,SW2021,2022-10-21 15:54:00
688420,688420.SH,20221121,20240729,20221121,640209,640200,801074.SI,专用设备,1,640000,SW2021,2022-11-21 12:26:00
688420,688420.SH,20240730,99991231,20240730,640203,640200,801074.SI,专用设备,1,640000,SW2021,2025-10-15 10:57:00
688425,688425.SH,20220101,99991231,20210730,640601,640600,801077.SI,工程机械,1,640000,SW2021,2025-10-15 10:57:00
688426,688426.SH,20220930,20240729,20220930,370304,370300,801152.SI,生物制品,1,370000,SW2021,2022-10-10 12:20:00
688426,688426.SH,20240730,99991231,20240730,370504,370500,801153.SI,医疗器械,1,370000,SW2021,2024-07-30 12:45:00
688428,688428.SH,20220902,99991231,20220902,370102,370100,801151.SI,化学制药,1,370000,SW2021,2022-09-02 14:39:00
688429,688429.SH,20230609,99991231,20230609,630502,630500,801735.SI,光伏设备,1,630000,SW2021,2025-10-15 10:57:00
688432,688432.SH,20221028,99991231,20221028,270103,270100,801081.SI,半导体,1,270000,SW2021,2022-10-28 16:09:00
688433,688433.SH,20230331,99991231,20230331,640106,640100,801072.SI,通用设备,1,640000,SW2021,2025-10-15 10:57:00
688435,688435.SH,20230106,99991231,20230106,710402,710400,801104.SI,软件开发,1,710000,SW2021,2023-06-17 22:29:00
688439,688439.SH,20220812,99991231,20220812,650501,650500,801745.SI,军工电子Ⅱ,1,650000,SW2021,2025-10-15 10:57:00
688443,688443.SH,20230609,99991231,20230609,370304,370300,801152.SI,生物制品,1,370000,SW2021,2023-06-14 10:58:00
688448,688448.SH,20220902,99991231,20220902,640106,640100,801072.SI,通用设备,1,640000,SW2021,2025-10-15 10:57:00
688449,688449.SH,20241108,99991231,20241108,270104,270100,801081.SI,半导体,1,270000,SW2021,2025-01-08 14:36:00
688450,688450.SH,20230714,99991231,20230714,640107,640100,801072.SI,通用设备,1,640000,SW2021,2025-10-15 10:57:00
688455,688455.SH,20220826,99991231,20220826,640704,640700,801078.SI,自动化设备,1,640000,SW2021,2025-10-15 10:57:00
688456,688456.SH,20220101,20230703,20210305,240302,240300,801055.SI,工业金属,1,240000,SW2021,2021-04-12 13:54:00
688456,688456.SH,20230704,99991231,20230704,240201,240200,801051.SI,金属新材料,1,240000,SW2021,2025-01-08 14:36:00
688458,688458.SH,20230504,99991231,20230504,270105,270100,801081.SI,半导体,1,270000,SW2021,2024-05-13 16:25:00
688459,688459.SH,20220916,99991231,20220916,640501,640500,801076.SI,轨交设备Ⅱ,1,640000,SW2021,2025-10-15 10:57:00
688466,688466.SH,20220101,99991231,20210730,760102,760100,801971.SI,环境治理,1,760000,SW2021,2025-10-15 10:57:00
688468,688468.SH,20220101,99991231,20210730,370504,370500,801153.SI,医疗器械,1,370000,SW2021,2021-07-31 16:18:00
688469,688469.SH,20230504,99991231,20230504,270106,270100,801081.SI,半导体,1,270000,SW2021,2023-05-04 09:15:00
688472,688472.SH,20230526,99991231,20230526,630502,630500,801735.SI,光伏设备,1,630000,SW2021,2025-10-15 10:57:00
688475,688475.SH,20221209,99991231,20221209,710102,710100,801101.SI,计算机设备,1,710000,SW2021,2025-02-19 17:18:00
688478,688478.SH,20230331,99991231,20230331,270108,270100,801081.SI,半导体,1,270000,SW2021,2023-07-04 13:38:00
688479,688479.SH,20230504,99991231,20230504,710401,710400,801104.SI,软件开发,1,710000,SW2021,2023-05-04 09:15:00
688480,688480.SH,20221111,99991231,20221111,760104,760100,801971.SI,环境治理,1,760000,SW2021,2026-04-02 13:26:00
688484,688484.SH,20230317,99991231,20230317,270105,270100,801081.SI,半导体,1,270000,SW2021,2023-03-20 11:17:00
688485,688485.SH,20230106,99991231,20230106,640501,640500,801076.SI,轨交设备Ⅱ,1,640000,SW2021,2025-10-15 10:57:00
688486,688486.SH,20230213,99991231,20230213,270104,270100,801081.SI,半导体,1,270000,SW2021,2023-02-14 14:22:00
688488,688488.SH,20220101,99991231,20210730,370304,370300,801152.SI,生物制品,1,370000,SW2021,2025-06-03 21:05:00
688489,688489.SH,20221121,99991231,20221121,710102,710100,801101.SI,计算机设备,1,710000,SW2021,2022-11-21 12:26:00
688496,688496.SH,20221209,20240729,20221209,270301,270300,801084.SI,光学光电子,1,270000,SW2021,2022-12-09 17:00:00
688496,688496.SH,20240730,99991231,20240730,270302,270300,801084.SI,光学光电子,1,270000,SW2021,2024-07-30 12:45:00
688498,688498.SH,20221202,99991231,20221202,270102,270100,801081.SI,半导体,1,270000,SW2021,2026-02-26 16:27:00
688499,688499.SH,20220101,99991231,20210730,630703,630700,801737.SI,电池,1,630000,SW2021,2025-10-15 10:57:00
688500,688500.SH,20220101,99991231,20210730,710301,710300,801103.SI,IT服务Ⅱ,1,710000,SW2021,2021-07-31 16:18:00
688501,688501.SH,20220101,99991231,20210730,760201,760200,801972.SI,环保设备Ⅱ,1,760000,SW2021,2026-04-02 13:26:00
688502,688502.SH,20230224,99991231,20230224,270303,270300,801084.SI,光学光电子,1,270000,SW2021,2025-10-28 10:25:00
688503,688503.SH,20221125,20230703,20221125,630702,630700,801737.SI,电池,1,630000,SW2021,2022-12-02 14:11:00
688503,688503.SH,20230704,99991231,20230704,630504,630500,801735.SI,光伏设备,1,630000,SW2021,2025-10-15 10:57:00
688505,688505.SH,20220101,99991231,20200602,370102,370100,801151.SI,化学制药,1,370000,SW2021,2020-07-08 09:52:00
688506,688506.SH,20221223,99991231,20221223,370102,370100,801151.SI,化学制药,1,370000,SW2021,2025-12-26 13:08:00
688507,688507.SH,20230331,99991231,20230331,710401,710400,801104.SI,软件开发,1,710000,SW2021,2023-10-16 09:01:00
688508,688508.SH,20220101,99991231,20210730,270105,270100,801081.SI,半导体,1,270000,SW2021,2023-04-25 09:33:00
688509,688509.SH,20220101,99991231,20210730,710301,710300,801103.SI,IT服务Ⅱ,1,710000,SW2021,2021-09-17 14:13:00
688510,688510.SH,20220101,99991231,20201201,650201,650200,801742.SI,航空装备Ⅱ,1,650000,SW2021,2024-07-01 19:23:00
688511,688511.SH,20220101,99991231,20210730,650501,650500,801745.SI,军工电子Ⅱ,1,650000,SW2021,2025-10-15 10:57:00
688512,688512.SH,20230504,99991231,20230504,270105,270100,801081.SI,半导体,1,270000,SW2021,2023-05-04 09:15:00
688513,688513.SH,20220101,99991231,20200814,370102,370100,801151.SI,化学制药,1,370000,SW2021,2020-08-17 10:55:00
688515,688515.SH,20230120,99991231,20230120,270105,270100,801081.SI,半导体,1,270000,SW2021,2023-01-20 13:22:00
688516,688516.SH,20220101,99991231,20210730,630505,630500,801735.SI,光伏设备,1,630000,SW2021,2025-10-15 10:57:00
688517,688517.SH,20220101,99991231,20210730,630802,630800,801738.SI,电网设备,1,630000,SW2021,2025-10-15 10:57:00
688518,688518.SH,20220101,99991231,20210730,640703,640700,801078.SI,自动化设备,1,640000,SW2021,2025-10-15 10:57:00
688519,688519.SH,20220101,99991231,20200731,270202,270200,801083.SI,元件,1,270000,SW2021,2020-08-17 10:48:00
688520,688520.SH,20220101,99991231,20210730,370304,370300,801152.SI,生物制品,1,370000,SW2021,2024-03-20 13:46:00
688521,688521.SH,20220101,99991231,20210730,270104,270100,801081.SI,半导体,1,270000,SW2021,2026-02-26 16:27:00
688522,688522.SH,20230224,99991231,20230224,650501,650500,801745.SI,军工电子Ⅱ,1,650000,SW2021,2025-10-15 10:57:00
688523,688523.SH,20230526,99991231,20230526,650101,650100,801741.SI,航天装备Ⅱ,1,650000,SW2021,2025-10-15 10:57:00
688525,688525.SH,20221223,99991231,20221223,270104,270100,801081.SI,半导体,1,270000,SW2021,2022-12-27 11:40:00
688526,688526.SH,20220101,99991231,20200909,110801,110800,801018.SI,动物保健Ⅱ,1,110000,SW2021,2021-03-03 15:31:00
688528,688528.SH,20220101,99991231,20210730,640107,640100,801072.SI,通用设备,1,640000,SW2021,2025-10-15 10:57:00
688529,688529.SH,20220101,99991231,20201026,640209,640200,801074.SI,专用设备,1,640000,SW2021,2020-11-02 15:26:00
688530,688530.SH,20240509,99991231,20240509,270103,270100,801081.SI,半导体,1,270000,SW2021,2024-07-29 11:30:00
688531,688531.SH,20230317,99991231,20230317,640209,640200,801074.SI,专用设备,1,640000,SW2021,2025-10-21 16:55:00
688533,688533.SH,20220101,99991231,20210730,280206,280200,801093.SI,汽车零部件,1,280000,SW2021,2025-01-08 14:36:00
688535,688535.SH,20230317,99991231,20230317,270103,270100,801081.SI,半导体,1,270000,SW2021,2026-03-24 14:04:00
688536,688536.SH,20220101,99991231,20210730,270105,270100,801081.SI,半导体,1,270000,SW2021,2023-04-25 09:33:00
688538,688538.SH,20220101,99991231,20210512,270301,270300,801084.SI,光学光电子,1,270000,SW2021,2021-07-06 09:15:00
688539,688539.SH,20230331,99991231,20230331,270203,270200,801083.SI,元件,1,270000,SW2021,2024-01-15 15:56:00
688543,688543.SH,20230609,99991231,20230609,650301,650300,801743.SI,地面兵装Ⅱ,1,650000,SW2021,2025-10-24 17:28:00
688545,688545.SH,20250103,99991231,20250103,270601,270600,801086.SI,电子化学品Ⅱ,1,270000,SW2021,2025-12-24 13:05:00
688548,688548.SH,20230731,99991231,20230731,270601,270600,801086.SI,电子化学品Ⅱ,1,270000,SW2021,2025-01-24 16:29:00
688549,688549.SH,20230821,99991231,20230821,270601,270600,801086.SI,电子化学品Ⅱ,1,270000,SW2021,2023-11-27 08:03:00
688550,688550.SH,20220101,99991231,20210730,270601,270600,801086.SI,电子化学品Ⅱ,1,270000,SW2021,2025-01-14 10:02:00
688551,688551.SH,20220101,99991231,20210730,630306,630300,801733.SI,其他电源设备Ⅱ,1,630000,SW2021,2025-10-15 10:57:00
688552,688552.SH,20230504,99991231,20230504,650501,650500,801745.SI,军工电子Ⅱ,1,650000,SW2021,2025-10-30 13:32:00
688553,688553.SH,20220101,99991231,20210930,370102,370100,801151.SI,化学制药,1,370000,SW2021,2021-11-18 09:15:00
688555,688555.SH,20220101,99991231,20210730,710401,710400,801104.SI,软件开发,1,710000,SW2021,2021-07-31 16:18:00
688556,688556.SH,20220101,99991231,20210730,630505,630500,801735.SI,光伏设备,1,630000,SW2021,2025-10-15 10:57:00
688557,688557.SH,20220101,99991231,20201121,640106,640100,801072.SI,通用设备,1,640000,SW2021,2020-12-31 09:51:00
688558,688558.SH,20220101,99991231,20200612,640101,640100,801072.SI,通用设备,1,640000,SW2021,2020-06-17 13:15:00
688559,688559.SH,20220101,99991231,20210730,640703,640700,801078.SI,自动化设备,1,640000,SW2021,2025-10-15 10:57:00
688560,688560.SH,20220101,99991231,20210730,630504,630500,801735.SI,光伏设备,1,630000,SW2021,2025-10-15 10:57:00
688561,688561.SH,20220101,99991231,20210730,710402,710400,801104.SI,软件开发,1,710000,SW2021,2023-06-01 14:03:00
688562,688562.SH,20230504,99991231,20230504,710301,710300,801103.SI,IT服务Ⅱ,1,710000,SW2021,2023-05-04 09:15:00
688563,688563.SH,20230630,99991231,20230630,650201,650200,801742.SI,航空装备Ⅱ,1,650000,SW2021,2025-10-15 10:57:00
688565,688565.SH,20220101,99991231,20210730,760102,760100,801971.SI,环境治理,1,760000,SW2021,2025-10-15 10:57:00
688566,688566.SH,20220101,99991231,20200427,370102,370100,801151.SI,化学制药,1,370000,SW2021,2020-05-18 11:01:00
688567,688567.SH,20220101,99991231,20210730,630701,630700,801737.SI,电池,1,630000,SW2021,2025-10-15 10:57:00
688568,688568.SH,20220101,99991231,20210730,710301,710300,801103.SI,IT服务Ⅱ,1,710000,SW2021,2025-10-15 10:57:00
688569,688569.SH,20220101,99991231,20200814,640501,640500,801076.SI,轨交设备Ⅱ,1,640000,SW2021,2020-08-17 10:52:00
688570,688570.SH,20230526,99991231,20230526,640702,640700,801078.SI,自动化设备,1,640000,SW2021,2025-10-15 10:57:00
688571,688571.SH,20220101,99991231,20201125,220305,220300,801034.SI,化学制品,1,220000,SW2021,2020-12-31 09:50:00
688573,688573.SH,20230731,99991231,20230731,630703,630700,801737.SI,电池,1,630000,SW2021,2025-10-15 10:57:00
688575,688575.SH,20220101,99991231,20210730,370504,370500,801153.SI,医疗器械,1,370000,SW2021,2025-01-24 16:29:00
688576,688576.SH,20230526,20240729,20230526,370502,370500,801153.SI,医疗器械,1,370000,SW2021,2023-05-29 12:16:00
688576,688576.SH,20240730,99991231,20240730,370503,370500,801153.SI,医疗器械,1,370000,SW2021,2024-07-30 12:45:00
688577,688577.SH,20220101,99991231,20200831,640101,640100,801072.SI,通用设备,1,640000,SW2021,2020-09-08 13:04:00
688578,688578.SH,20220101,99991231,20201121,370102,370100,801151.SI,化学制药,1,370000,SW2021,2020-12-31 09:53:00
688579,688579.SH,20220101,99991231,20210730,710401,710400,801104.SI,软件开发,1,710000,SW2021,2021-07-31 16:18:00
688580,688580.SH,20220101,99991231,20210730,370502,370500,801153.SI,医疗器械,1,370000,SW2021,2021-07-31 16:18:00
688581,688581.SH,20230504,99991231,20230504,370503,370500,801153.SI,医疗器械,1,370000,SW2021,2023-05-04 09:15:00
688582,688582.SH,20230609,99991231,20230609,270105,270100,801081.SI,半导体,1,270000,SW2021,2025-12-25 07:14:00
688583,688583.SH,20241227,99991231,20241227,640107,640100,801072.SI,通用设备,1,640000,SW2021,2025-05-16 17:47:00
688584,688584.SH,20240126,99991231,20240126,270103,270100,801081.SI,半导体,1,270000,SW2021,2024-07-29 11:30:00
688585,688585.SH,20220101,99991231,20210730,220504,220500,801036.SI,塑料,1,220000,SW2021,2021-07-31 16:18:00
688586,688586.SH,20220101,99991231,20200721,650201,650200,801742.SI,航空装备Ⅱ,1,650000,SW2021,2020-08-17 10:54:00
688588,688588.SH,20220101,99991231,20210730,710401,710400,801104.SI,软件开发,1,710000,SW2021,2021-07-31 16:18:00
688589,688589.SH,20220101,99991231,20210730,270104,270100,801081.SI,半导体,1,270000,SW2021,2023-04-25 09:33:00
688590,688590.SH,20220101,99991231,20210730,710401,710400,801104.SI,软件开发,1,710000,SW2021,2023-12-20 10:53:00
688591,688591.SH,20230821,99991231,20230821,270104,270100,801081.SI,半导体,1,270000,SW2021,2023-08-21 11:01:00
688592,688592.SH,20230731,20240321,20230731,650501,650500,801745.SI,军工电子Ⅱ,1,650000,SW2021,2024-08-12 08:38:00
688592,688592.SH,20240322,99991231,20240322,730206,730200,801102.SI,通信设备,1,730000,SW2021,2026-06-01 14:47:00
688593,688593.SH,20230512,99991231,20230512,270104,270100,801081.SI,半导体,1,270000,SW2021,2023-05-15 13:30:00
688595,688595.SH,20220101,20220728,20210730,270105,270100,801081.SI,半导体,1,270000,SW2021,2022-05-23 10:52:00
688595,688595.SH,20220729,99991231,20220729,270104,270100,801081.SI,半导体,1,270000,SW2021,2024-08-22 09:08:00
688596,688596.SH,20220101,99991231,20200804,640209,640200,801074.SI,专用设备,1,640000,SW2021,2020-08-17 10:52:00
688597,688597.SH,20220101,99991231,20210730,630804,630800,801738.SI,电网设备,1,630000,SW2021,2025-10-15 10:57:00
688598,688598.SH,20220101,99991231,20210730,630504,630500,801735.SI,光伏设备,1,630000,SW2021,2026-04-27 15:47:00
688599,688599.SH,20220101,99991231,20210730,630502,630500,801735.SI,光伏设备,1,630000,SW2021,2025-10-15 10:57:00
688600,688600.SH,20220101,20250925,20210730,760201,760200,801972.SI,环保设备Ⅱ,1,760000,SW2021,2022-12-01 15:21:00
688600,688600.SH,20250926,99991231,20250926,640107,640100,801072.SI,通用设备,1,640000,SW2021,2025-10-17 14:23:00
688601,688601.SH,20220101,99991231,20210730,270105,270100,801081.SI,半导体,1,270000,SW2021,2023-04-25 09:33:00
688602,688602.SH,20230714,20240729,20230714,270601,270600,801086.SI,电子化学品Ⅱ,1,270000,SW2021,2023-07-14 16:28:00
688602,688602.SH,20240730,20250424,20240730,370102,370100,801151.SI,化学制药,1,370000,SW2021,2025-01-08 14:36:00
688602,688602.SH,20250425,99991231,20250425,220309,220300,801034.SI,化学制品,1,220000,SW2021,2025-04-25 12:38:00
688603,688603.SH,20230630,99991231,20230630,270601,270600,801086.SI,电子化学品Ⅱ,1,270000,SW2021,2024-01-02 17:04:00
688605,688605.SH,20241122,99991231,20241122,270108,270100,801081.SI,半导体,1,270000,SW2021,2025-01-08 14:36:00
688606,688606.SH,20220101,99991231,20210730,370504,370500,801153.SI,医疗器械,1,370000,SW2021,2021-07-31 16:18:00
688607,688607.SH,20220101,99991231,20210730,370502,370500,801153.SI,医疗器械,1,370000,SW2021,2026-02-12 15:54:00
688608,688608.SH,20220101,99991231,20210730,270104,270100,801081.SI,半导体,1,270000,SW2021,2025-11-27 09:42:00
688609,688609.SH,20220101,99991231,20210305,330202,330200,801112.SI,黑色家电,1,330000,SW2021,2021-04-12 13:53:00
688610,688610.SH,20230630,99991231,20230630,640107,640100,801072.SI,通用设备,1,640000,SW2021,2025-10-15 10:57:00
688611,688611.SH,20220101,99991231,20210730,630803,630800,801738.SI,电网设备,1,630000,SW2021,2025-10-15 10:57:00
688612,688612.SH,20230714,99991231,20230714,280206,280200,801093.SI,汽车零部件,1,280000,SW2021,2025-01-08 14:36:00
688613,688613.SH,20220101,99991231,20210730,370503,370500,801153.SI,医疗器械,1,370000,SW2021,2021-09-01 09:22:00
688615,688615.SH,20240906,99991231,20240906,710401,710400,801104.SI,软件开发,1,710000,SW2021,2025-12-03 14:52:00
688616,688616.SH,20220101,99991231,20210730,630804,630800,801738.SI,电网设备,1,630000,SW2021,2025-10-15 10:57:00
688617,688617.SH,20220101,99991231,20210730,370503,370500,801153.SI,医疗器械,1,370000,SW2021,2021-07-31 16:18:00
688618,688618.SH,20220101,99991231,20210730,730204,730200,801102.SI,通信设备,1,730000,SW2021,2026-06-01 14:47:00
688619,688619.SH,20220101,99991231,20210730,710102,710100,801101.SI,计算机设备,1,710000,SW2021,2021-07-31 16:18:00
688620,688620.SH,20230609,99991231,20230609,270104,270100,801081.SI,半导体,1,270000,SW2021,2023-06-14 10:58:00
688621,688621.SH,20220101,99991231,20210730,370603,370600,801156.SI,医疗服务,1,370000,SW2021,2021-07-31 16:18:00
688622,688622.SH,20220101,99991231,20210827,640107,640100,801072.SI,通用设备,1,640000,SW2021,2025-10-15 10:57:00
688623,688623.SH,20230526,99991231,20230526,640704,640700,801078.SI,自动化设备,1,640000,SW2021,2025-10-15 10:57:00
688625,688625.SH,20220101,99991231,20210521,220309,220300,801034.SI,化学制品,1,220000,SW2021,2021-07-06 09:08:00
688626,688626.SH,20220101,99991231,20210730,370502,370500,801153.SI,医疗器械,1,370000,SW2021,2021-07-31 16:18:00
688627,688627.SH,20230630,99991231,20230630,640107,640100,801072.SI,通用设备,1,640000,SW2021,2026-04-21 06:28:00
688628,688628.SH,20220101,99991231,20210730,640107,640100,801072.SI,通用设备,1,640000,SW2021,2025-10-15 10:57:00
688629,688629.SH,20230609,99991231,20230609,650501,650500,801745.SI,军工电子Ⅱ,1,650000,SW2021,2025-10-15 10:57:00
688630,688630.SH,20220101,99991231,20210319,640209,640200,801074.SI,专用设备,1,640000,SW2021,2021-07-01 13:17:00
688631,688631.SH,20230609,99991231,20230609,710401,710400,801104.SI,软件开发,1,710000,SW2021,2026-02-26 16:27:00
688633,688633.SH,20220101,99991231,20210312,640203,640200,801074.SI,专用设备,1,640000,SW2021,2021-04-12 13:48:00
688635,688635.SH,20260522,99991231,20260522,730205,730200,801102.SI,通信设备,1,730000,SW2021,2026-05-28 08:42:00
688636,688636.SH,20220101,99991231,20210730,650501,650500,801745.SI,军工电子Ⅱ,1,650000,SW2021,2025-10-15 10:57:00
688638,688638.SH,20230630,99991231,20230630,630703,630700,801737.SI,电池,1,630000,SW2021,2025-10-15 10:57:00
688639,688639.SH,20220101,99991231,20210730,220315,220300,801034.SI,化学制品,1,220000,SW2021,2025-01-24 16:29:00
688646,688646.SH,20230714,99991231,20230714,640703,640700,801078.SI,自动化设备,1,640000,SW2021,2025-10-15 11:14:00
688648,688648.SH,20231027,99991231,20231027,640209,640200,801074.SI,专用设备,1,640000,SW2021,2025-10-15 10:57:00
688651,688651.SH,20230714,99991231,20230714,710402,710400,801104.SI,软件开发,1,710000,SW2021,2025-10-15 10:57:00
688652,688652.SH,20231117,99991231,20231117,270108,270100,801081.SI,半导体,1,270000,SW2021,2024-07-29 11:30:00
688653,688653.SH,20231117,99991231,20231117,270105,270100,801081.SI,半导体,1,270000,SW2021,2024-07-29 11:30:00
688655,688655.SH,20220101,99991231,20210421,270202,270200,801083.SI,元件,1,270000,SW2021,2021-04-28 15:21:00
688656,688656.SH,20220101,99991231,20210730,370504,370500,801153.SI,医疗器械,1,370000,SW2021,2021-07-31 16:18:00
688657,688657.SH,20230915,99991231,20230915,710401,710400,801104.SI,软件开发,1,710000,SW2021,2023-09-18 10:17:00
688658,688658.SH,20220101,99991231,20201214,370102,370100,801151.SI,化学制药,1,370000,SW2021,2024-06-21 13:48:00
688659,688659.SH,20220101,99991231,20210319,220309,220300,801034.SI,化学制品,1,220000,SW2021,2021-04-12 13:49:00
688660,688660.SH,20220101,99991231,20210730,630601,630600,801736.SI,风电设备,1,630000,SW2021,2025-10-15 10:57:00
688661,688661.SH,20220101,20220803,20210730,270504,270500,801085.SI,消费电子,1,270000,SW2021,2022-06-05 22:24:00
688661,688661.SH,20220804,99991231,20220804,270103,270100,801081.SI,半导体,1,270000,SW2021,2023-04-25 09:33:00
688662,688662.SH,20220101,99991231,20210319,270401,270400,801082.SI,其他电子Ⅱ,1,270000,SW2021,2021-04-12 13:47:00
688663,688663.SH,20220101,20220728,20210730,630802,630800,801738.SI,电网设备,1,630000,SW2021,2021-11-30 13:18:00
688663,688663.SH,20220729,99991231,20220729,630803,630800,801738.SI,电网设备,1,630000,SW2021,2025-10-15 10:57:00
688665,688665.SH,20220101,99991231,20210730,640107,640100,801072.SI,通用设备,1,640000,SW2021,2025-10-15 10:57:00
688667,688667.SH,20220101,99991231,20210730,280206,280200,801093.SI,汽车零部件,1,280000,SW2021,2025-01-08 14:36:00
688668,688668.SH,20220101,99991231,20210730,730204,730200,801102.SI,通信设备,1,730000,SW2021,2026-06-01 14:47:00
688669,688669.SH,20220101,99991231,20210108,220503,220500,801036.SI,塑料,1,220000,SW2021,2021-01-15 09:20:00
688670,688670.SH,20220101,99991231,20210730,370303,370300,801152.SI,生物制品,1,370000,SW2021,2023-09-27 15:23:00
688671,688671.SH,20230731,99991231,20230731,760201,760200,801972.SI,环保设备Ⅱ,1,760000,SW2021,2025-10-15 10:57:00
688676,688676.SH,20220101,99991231,20210730,630801,630800,801738.SI,电网设备,1,630000,SW2021,2025-10-15 10:57:00
688677,688677.SH,20220101,99991231,20210730,370502,370500,801153.SI,医疗器械,1,370000,SW2021,2024-09-19 18:53:00
688678,688678.SH,20220101,99991231,20210730,270504,270500,801085.SI,消费电子,1,270000,SW2021,2023-04-25 09:33:00
688679,688679.SH,20220101,99991231,20210730,760103,760100,801971.SI,环境治理,1,760000,SW2021,2025-10-15 10:57:00
688680,688680.SH,20220101,99991231,20210730,630504,630500,801735.SI,光伏设备,1,630000,SW2021,2025-10-15 10:57:00
688681,688681.SH,20220101,99991231,20210730,630803,630800,801738.SI,电网设备,1,630000,SW2021,2025-10-15 10:57:00
688682,688682.SH,20220101,99991231,20210730,650501,650500,801745.SI,军工电子Ⅱ,1,650000,SW2021,2025-10-15 10:57:00
688683,688683.SH,20220101,20240729,20210730,270504,270500,801085.SI,消费电子,1,270000,SW2021,2023-04-25 09:33:00
688683,688683.SH,20240730,99991231,20240730,270601,270600,801086.SI,电子化学品Ⅱ,1,270000,SW2021,2024-07-30 12:45:00
688685,688685.SH,20220101,99991231,20210426,650201,650200,801742.SI,航空装备Ⅱ,1,650000,SW2021,2021-04-28 15:19:00
688686,688686.SH,20220101,99991231,20210730,640704,640700,801078.SI,自动化设备,1,640000,SW2021,2025-10-15 10:57:00
688687,688687.SH,20220101,99991231,20210730,370304,370300,801152.SI,生物制品,1,370000,SW2021,2023-12-26 17:37:00
688689,688689.SH,20220101,99991231,20210108,270102,270100,801081.SI,半导体,1,270000,SW2021,2021-01-15 09:22:00
688690,688690.SH,20220101,99991231,20210606,370101,370100,801151.SI,化学制药,1,370000,SW2021,2021-07-14 09:38:00
688691,688691.SH,20240322,99991231,20240322,270106,270100,801081.SI,半导体,1,270000,SW2021,2024-07-29 11:30:00
688692,688692.SH,20240531,99991231,20240531,710401,710400,801104.SI,软件开发,1,710000,SW2021,2024-05-31 16:26:00
688693,688693.SH,20230731,99991231,20230731,270102,270100,801081.SI,半导体,1,270000,SW2021,2023-07-31 17:08:00
688695,688695.SH,20240301,99991231,20240301,710402,710400,801104.SI,软件开发,1,710000,SW2021,2024-07-29 11:30:00
688696,688696.SH,20220101,20240729,20210219,330201,330200,801112.SI,黑色家电,1,330000,SW2021,2021-03-04 19:19:00
688696,688696.SH,20240730,99991231,20240730,330202,330200,801112.SI,黑色家电,1,330000,SW2021,2024-07-30 12:45:00
688697,688697.SH,20220101,99991231,20210903,640101,640100,801072.SI,通用设备,1,640000,SW2021,2025-10-15 10:57:00
688698,688698.SH,20220101,99991231,20210730,640702,640700,801078.SI,自动化设备,1,640000,SW2021,2025-10-15 10:57:00
688699,688699.SH,20220101,99991231,20210730,270105,270100,801081.SI,半导体,1,270000,SW2021,2023-04-25 09:33:00
688700,688700.SH,20220101,99991231,20210529,640209,640200,801074.SI,专用设备,1,640000,SW2021,2021-07-13 10:12:00
688701,688701.SH,20220101,99991231,20210827,760104,760100,801971.SI,环境治理,1,760000,SW2021,2025-10-15 10:57:00
688702,688702.SH,20230908,99991231,20230908,270104,270100,801081.SI,半导体,1,270000,SW2021,2023-09-08 15:31:00
688707,688707.SH,20220101,99991231,20210827,630702,630700,801737.SI,电池,1,630000,SW2021,2025-10-15 10:57:00
688708,688708.SH,20241115,99991231,20241115,650201,650200,801742.SI,航空装备Ⅱ,1,650000,SW2021,2025-10-15 10:57:00
688709,688709.SH,20240119,99991231,20240119,270104,270100,801081.SI,半导体,1,270000,SW2021,2025-10-15 10:57:00
688710,688710.SH,20240816,99991231,20240816,370603,370600,801156.SI,医疗服务,1,370000,SW2021,2025-01-08 14:36:00
688711,688711.SH,20220101,99991231,20210820,270102,270100,801081.SI,半导体,1,270000,SW2021,2023-06-01 14:45:00
688712,688712.SH,20260116,99991231,20260116,370503,370500,801153.SI,医疗器械,1,370000,SW2021,2026-02-03 09:20:00
688716,688716.SH,20230908,99991231,20230908,220504,220500,801036.SI,塑料,1,220000,SW2021,2024-01-02 17:04:00
688717,688717.SH,20231222,99991231,20231222,630503,630500,801735.SI,光伏设备,1,630000,SW2021,2023-12-22 17:04:00
688718,688718.SH,20220101,99991231,20210730,220505,220500,801036.SI,塑料,1,220000,SW2021,2021-09-17 14:10:00
688719,688719.SH,20230908,99991231,20230908,630306,630300,801733.SI,其他电源设备Ⅱ,1,630000,SW2021,2025-10-15 10:57:00
688720,688720.SH,20231117,99991231,20231117,270103,270100,801081.SI,半导体,1,270000,SW2021,2024-07-29 11:30:00
688721,688721.SH,20240802,99991231,20240802,270103,270100,801081.SI,半导体,1,270000,SW2021,2025-10-28 10:25:00
688722,688722.SH,20220101,99991231,20210924,220404,220400,801032.SI,化学纤维,1,220000,SW2021,2025-06-10 10:55:00
688726,688726.SH,20241011,99991231,20241011,630505,630500,801735.SI,光伏设备,1,630000,SW2021,2025-10-15 10:57:00
688727,688727.SH,20251107,99991231,20251107,270103,270100,801081.SI,半导体,1,270000,SW2021,2026-04-27 14:53:00
688728,688728.SH,20220101,99991231,20210813,270104,270100,801081.SI,半导体,1,270000,SW2021,2023-04-25 09:33:00
688729,688729.SH,20250620,99991231,20250620,270108,270100,801081.SI,半导体,1,270000,SW2021,2025-10-15 10:57:00
688733,688733.SH,20220101,99991231,20210806,630702,630700,801737.SI,电池,1,630000,SW2021,2025-10-15 10:57:00
688737,688737.SH,20220101,99991231,20211015,280205,280200,801093.SI,汽车零部件,1,280000,SW2021,2025-01-08 14:36:00
688739,688739.SH,20220101,99991231,20211015,370303,370300,801152.SI,生物制品,1,370000,SW2021,2021-11-18 09:15:00
688750,688750.SH,20241101,99991231,20241101,240504,240500,801054.SI,小金属,1,240000,SW2021,2026-02-26 16:27:00
688755,688755.SH,20250425,99991231,20250425,370502,370500,801153.SI,医疗器械,1,370000,SW2021,2025-10-15 10:57:00
688757,688757.SH,20250307,99991231,20250307,460802,460800,801218.SI,专业服务,1,460000,SW2021,2025-10-15 10:57:00
688758,688758.SH,20241220,20250109,20241220,220204,220200,801033.SI,化学原料,1,220000,SW2021,2025-01-08 14:36:00
688758,688758.SH,20250110,99991231,20250110,370101,370100,801151.SI,化学制药,1,370000,SW2021,2025-01-10 13:12:00
688759,688759.SH,20251017,99991231,20251017,370102,370100,801151.SI,化学制药,1,370000,SW2021,2025-10-17 14:23:00
688765,688765.SH,20250926,99991231,20250926,370302,370300,801152.SI,生物制品,1,370000,SW2021,2025-10-17 14:23:00
688766,688766.SH,20220101,99991231,20210813,270104,270100,801081.SI,半导体,1,270000,SW2021,2023-04-25 09:33:00
688767,688767.SH,20220101,99991231,20210820,370504,370500,801153.SI,医疗器械,1,370000,SW2021,2021-09-17 14:14:00
688768,688768.SH,20220101,99991231,20210730,640107,640100,801072.SI,通用设备,1,640000,SW2021,2025-10-15 10:57:00
688772,688772.SH,20220101,99991231,20210917,630701,630700,801737.SI,电池,1,630000,SW2021,2025-10-15 10:57:00
688775,688775.SH,20250523,99991231,20250523,270503,270500,801085.SI,消费电子,1,270000,SW2021,2025-10-28 10:25:00
688776,688776.SH,20220101,99991231,20210820,650501,650500,801745.SI,军工电子Ⅱ,1,650000,SW2021,2025-10-15 10:57:00
688777,688777.SH,20220101,99991231,20210730,640702,640700,801078.SI,自动化设备,1,640000,SW2021,2025-10-15 10:57:00
688778,688778.SH,20220101,99991231,20210806,630702,630700,801737.SI,电池,1,630000,SW2021,2025-10-15 10:57:00
688779,688779.SH,20220101,99991231,20210806,630702,630700,801737.SI,电池,1,630000,SW2021,2025-10-15 10:57:00
688781,688781.SH,20260323,99991231,20260323,270301,270300,801084.SI,光学光电子,1,270000,SW2021,2026-03-23 16:17:00
688783,688783.SH,20250926,99991231,20250926,270103,270100,801081.SI,半导体,1,270000,SW2021,2025-10-17 14:23:00
688785,688785.SH,20260109,99991231,20260109,270108,270100,801081.SI,半导体,1,270000,SW2021,2026-05-25 10:37:00
688786,688786.SH,20220101,20220728,20210820,240201,240200,801051.SI,金属新材料,1,240000,SW2021,2021-09-17 14:17:00
688786,688786.SH,20220729,99991231,20220729,240202,240200,801051.SI,金属新材料,1,240000,SW2021,2025-01-08 14:36:00
688787,688787.SH,20220101,99991231,20210806,710301,710300,801103.SI,IT服务Ⅱ,1,710000,SW2021,2021-09-17 14:13:00
688788,688788.SH,20220101,99991231,20210730,650501,650500,801745.SI,军工电子Ⅱ,1,650000,SW2021,2025-10-15 10:57:00
688789,688789.SH,20220101,99991231,20210630,640206,640200,801074.SI,专用设备,1,640000,SW2021,2021-07-06 09:07:00
688790,688790.SH,20251201,99991231,20251201,270105,270100,801081.SI,半导体,1,270000,SW2021,2025-12-01 14:00:00
688793,688793.SH,20220101,99991231,20210730,330303,330300,801113.SI,小家电,1,330000,SW2021,2026-02-26 16:27:00
688795,688795.SH,20251114,99991231,20251114,270104,270100,801081.SI,半导体,1,270000,SW2021,2025-11-14 17:16:00
688796,688796.SH,20251201,99991231,20251201,370603,370600,801156.SI,医疗服务,1,370000,SW2021,2026-04-27 14:53:00
688797,688797.SH,20260605,99991231,20260605,270103,270100,801081.SI,半导体,1,270000,SW2021,2026-06-05 13:08:00
688798,688798.SH,20220101,99991231,20210730,270105,270100,801081.SI,半导体,1,270000,SW2021,2023-09-27 15:24:00
688799,688799.SH,20220101,99991231,20210630,370102,370100,801151.SI,化学制药,1,370000,SW2021,2021-07-06 09:17:00
688800,688800.SH,20220101,99991231,20210730,270401,270400,801082.SI,其他电子Ⅱ,1,270000,SW2021,2021-07-31 16:18:00
688802,688802.SH,20251201,99991231,20251201,270104,270100,801081.SI,半导体,1,270000,SW2021,2025-12-01 14:00:00
688805,688805.SH,20251212,99991231,20251212,370502,370500,801153.SI,医疗器械,1,370000,SW2021,2026-04-27 14:53:00
688807,688807.SH,20251201,99991231,20251201,270104,270100,801081.SI,半导体,1,270000,SW2021,2026-04-20 10:39:00
688808,688808.SH,20260403,99991231,20260403,640107,640100,801072.SI,通用设备,1,640000,SW2021,2026-04-27 14:53:00
688809,688809.SH,20251212,99991231,20251212,270108,270100,801081.SI,半导体,1,270000,SW2021,2026-05-25 10:38:00
688811,688811.SH,20260323,99991231,20260323,240201,240200,801051.SI,金属新材料,1,240000,SW2021,2026-04-27 14:53:00
688813,688813.SH,20260323,99991231,20260323,640209,640200,801074.SI,专用设备,1,640000,SW2021,2026-04-27 14:53:00
688816,688816.SH,20260123,99991231,20260123,640704,640700,801078.SI,自动化设备,1,640000,SW2021,2026-04-27 14:53:00
688818,688818.SH,20260123,99991231,20260123,650101,650100,801741.SI,航天装备Ⅱ,1,650000,SW2021,2026-02-10 09:44:00
688819,688819.SH,20220101,99991231,20210730,630705,630700,801737.SI,电池,1,630000,SW2021,2025-10-15 10:57:00
688820,688820.SH,20260403,99991231,20260403,270107,270100,801081.SI,半导体,1,270000,SW2021,2026-04-27 14:53:00
688981,688981.SH,20220101,99991231,20210730,270106,270100,801081.SI,半导体,1,270000,SW2021,2022-04-14 09:53:00
689009,689009.SH,20220101,99991231,20201030,280401,280400,801881.SI,摩托车及其他,1,280000,SW2021,2021-04-02 10:02:00
832317,832317.BJ,20220101,99991231,20200727,650201,650200,801742.SI,航空装备Ⅱ,1,650000,SW2021,2021-12-14 13:59:00
833874,833874.BJ,20220101,99991231,20210730,280203,280200,801093.SI,汽车零部件,1,280000,SW2021,2024-10-09 16:10:00
833994,833994.BJ,20220101,99991231,20200727,270301,270300,801084.SI,光学光电子,1,270000,SW2021,2021-12-14 13:59:00
874090,874090.BJ,20230821,99991231,20230821,370304,370300,801152.SI,生物制品,1,370000,SW2021,2023-08-21 11:01:00
920000,920000.BJ,20220101,99991231,20210730,280203,280200,801093.SI,汽车零部件,1,280000,SW2021,2025-10-10 11:17:00
920001,920001.BJ,20221227,99991231,20221227,270301,270300,801084.SI,光学光电子,1,270000,SW2021,2025-10-10 11:17:00
920002,920002.BJ,20240614,99991231,20240614,640108,640100,801072.SI,通用设备,1,640000,SW2021,2025-02-19 17:18:00
920003,920003.BJ,20251106,99991231,20251106,620601,620600,801726.SI,工程咨询服务Ⅱ,1,620000,SW2021,2026-04-27 14:53:00
920005,920005.BJ,20250724,99991231,20250724,270504,270500,801085.SI,消费电子,1,270000,SW2021,2025-10-15 10:57:00
920006,920006.BJ,20230530,99991231,20230530,650201,650200,801742.SI,航空装备Ⅱ,1,650000,SW2021,2025-10-10 11:17:00
920007,920007.BJ,20250806,99991231,20250806,630504,630500,801735.SI,光伏设备,1,630000,SW2021,2025-10-15 10:57:00
920008,920008.BJ,20240821,99991231,20240821,650501,650500,801745.SI,军工电子Ⅱ,1,650000,SW2021,2025-02-19 17:18:00
920009,920009.BJ,20251024,99991231,20251024,370504,370500,801153.SI,医疗器械,1,370000,SW2021,2026-04-27 14:53:00
920010,920010.BJ,20220101,99991231,20200727,410301,410300,801163.SI,燃气Ⅱ,1,410000,SW2021,2025-10-10 11:17:00
920011,920011.BJ,20260327,99991231,20260327,630101,630100,801731.SI,电机Ⅱ,1,630000,SW2021,2026-04-27 14:53:00
920012,920012.BJ,20260410,99991231,20260410,270103,270100,801081.SI,半导体,1,270000,SW2021,2026-04-27 14:53:00
920014,920014.BJ,20221214,99991231,20221214,410301,410300,801163.SI,燃气Ⅱ,1,410000,SW2021,2025-10-10 11:17:00
920015,920015.BJ,20250925,99991231,20250925,220316,220300,801034.SI,化学制品,1,220000,SW2021,2026-04-13 09:53:00
920016,920016.BJ,20240918,99991231,20240918,220315,220300,801034.SI,化学制品,1,220000,SW2021,2025-02-19 17:18:00
920017,920017.BJ,20230530,99991231,20230530,370102,370100,801151.SI,化学制药,1,370000,SW2021,2025-10-10 11:17:00
920018,920018.BJ,20250821,99991231,20250821,630805,630800,801738.SI,电网设备,1,630000,SW2021,2025-10-15 10:57:00
920019,920019.BJ,20240918,99991231,20240918,620404,620400,801724.SI,专业工程,1,620000,SW2021,2025-02-19 17:18:00
920020,920020.BJ,20251024,99991231,20251024,280204,280200,801093.SI,汽车零部件,1,280000,SW2021,2026-04-27 14:53:00
920021,920021.BJ,20220101,99991231,20210730,721001,721000,801995.SI,电视广播Ⅱ,1,720000,SW2021,2025-10-10 11:17:00
920022,920022.BJ,20250909,99991231,20250909,280203,280200,801093.SI,汽车零部件,1,280000,SW2021,2025-10-15 10:57:00
920023,920023.BJ,20230213,99991231,20230213,110501,110500,801012.SI,农产品加工,1,110000,SW2021,2025-10-10 11:17:00
920026,920026.BJ,20231030,99991231,20231030,640209,640200,801074.SI,专用设备,1,640000,SW2021,2025-10-10 11:17:00
920027,920027.BJ,20250527,99991231,20250527,640501,640500,801076.SI,轨交设备Ⅱ,1,640000,SW2021,2025-10-15 10:57:00
920028,920028.BJ,20260317,99991231,20260317,220501,220500,801036.SI,塑料,1,220000,SW2021,2026-04-27 14:53:00
920029,920029.BJ,20250324,99991231,20250324,630804,630800,801738.SI,电网设备,1,630000,SW2021,2025-10-15 10:57:00
920030,920030.BJ,20220101,99991231,20210730,280302,280300,801092.SI,汽车服务,1,280000,SW2021,2025-10-10 11:17:00
920033,920033.BJ,20221214,99991231,20221214,220309,220300,801034.SI,化学制品,1,220000,SW2021,2025-10-10 11:17:00
920035,920035.BJ,20251126,99991231,20251126,640107,640100,801072.SI,通用设备,1,640000,SW2021,2026-04-27 14:53:00
920036,920036.BJ,20260227,99991231,20260227,710102,710100,801101.SI,计算机设备,1,710000,SW2021,2026-04-27 14:53:00
920037,920037.BJ,20250626,99991231,20250626,630805,630800,801738.SI,电网设备,1,630000,SW2021,2025-08-11 12:50:00
920039,920039.BJ,20220101,99991231,20210818,460804,460800,801218.SI,专业服务,1,460000,SW2021,2025-10-10 11:17:00
920045,920045.BJ,20251229,99991231,20251229,730204,730200,801102.SI,通信设备,1,730000,SW2021,2025-12-29 09:22:00
920046,920046.BJ,20221026,99991231,20221026,630801,630800,801738.SI,电网设备,1,630000,SW2021,2025-10-10 11:17:00
920047,920047.BJ,20220101,99991231,20210730,370304,370300,801152.SI,生物制品,1,370000,SW2021,2025-10-10 11:17:00
920050,920050.BJ,20260114,99991231,20260114,370503,370500,801153.SI,医疗器械,1,370000,SW2021,2026-04-27 14:53:00
920055,920055.BJ,20260327,99991231,20260327,280203,280200,801093.SI,汽车零部件,1,280000,SW2021,2026-04-27 14:53:00
920056,920056.BJ,20250821,99991231,20250821,220501,220500,801036.SI,塑料,1,220000,SW2021,2025-10-15 10:57:00
920057,920057.BJ,20230317,99991231,20230317,620401,620400,801724.SI,专业工程,1,620000,SW2021,2025-10-10 11:17:00
920058,920058.BJ,20230816,99991231,20230816,280402,280400,801881.SI,摩托车及其他,1,280000,SW2021,2025-10-10 11:17:00
920060,920060.BJ,20241112,99991231,20241112,270202,270200,801083.SI,元件,1,270000,SW2021,2025-02-19 17:18:00
920061,920061.BJ,20240117,99991231,20240117,640209,640200,801074.SI,专用设备,1,640000,SW2021,2025-10-10 11:17:00
920062,920062.BJ,20220717,99991231,20220717,630801,630800,801738.SI,电网设备,1,630000,SW2021,2025-10-10 11:17:00
920066,920066.BJ,20241029,99991231,20241029,220503,220500,801036.SI,塑料,1,220000,SW2021,2025-02-19 17:18:00
920068,920068.BJ,20250506,99991231,20250506,240504,240500,801054.SI,小金属,1,240000,SW2021,2025-10-15 10:57:00
920069,920069.BJ,20260327,99991231,20260327,370503,370500,801153.SI,医疗器械,1,370000,SW2021,2026-04-27 14:53:00
920075,920075.BJ,20221214,99991231,20221214,360205,360200,801141.SI,包装印刷,1,360000,SW2021,2025-10-10 11:17:00
920076,920076.BJ,20260114,99991231,20260114,610301,610300,801713.SI,装修建材,1,610000,SW2021,2026-04-27 14:53:00
920077,920077.BJ,20220101,99991231,20210831,220404,220400,801032.SI,化学纤维,1,220000,SW2021,2025-10-10 11:17:00
920078,920078.BJ,20260317,99991231,20260317,240201,240200,801051.SI,金属新材料,1,240000,SW2021,2026-04-27 14:53:00
920080,920080.BJ,20250925,99991231,20250925,640209,640200,801074.SI,专用设备,1,640000,SW2021,2025-10-15 10:57:00
920082,920082.BJ,20241224,99991231,20241224,640108,640100,801072.SI,通用设备,1,640000,SW2021,2025-02-19 17:18:00
920083,920083.BJ,20260605,99991231,20260605,220901,220900,801039.SI,非金属材料Ⅱ,1,220000,SW2021,2026-06-05 14:58:00
920086,920086.BJ,20260114,99991231,20260114,280203,280200,801093.SI,汽车零部件,1,280000,SW2021,2026-04-27 14:53:00
920087,920087.BJ,20221206,99991231,20221206,110101,110100,801016.SI,种植业,1,110000,SW2021,2025-10-10 11:17:00
920088,920088.BJ,20241029,99991231,20241029,750201,750200,801962.SI,油服工程,1,750000,SW2021,2025-02-19 17:18:00
920089,920089.BJ,20220101,99991231,20211109,220503,220500,801036.SI,塑料,1,220000,SW2021,2025-10-10 11:17:00
920090,920090.BJ,20220101,20230409,20210809,710301,710300,801103.SI,IT服务Ⅱ,1,710000,SW2021,2025-10-10 11:17:00
920090,920090.BJ,20230410,99991231,20230410,710103,710100,801101.SI,计算机设备,1,710000,SW2021,2025-10-10 11:17:00
920091,920091.BJ,20251106,99991231,20251106,640209,640200,801074.SI,专用设备,1,640000,SW2021,2026-04-27 14:53:00
920092,920092.BJ,20220101,20230409,20211115,710401,710400,801104.SI,软件开发,1,710000,SW2021,2025-10-10 11:17:00
920092,920092.BJ,20230410,99991231,20230410,710301,710300,801103.SI,IT服务Ⅱ,1,710000,SW2021,2025-10-10 11:17:00
920096,920096.BJ,20260515,99991231,20260515,640704,640700,801078.SI,自动化设备,1,640000,SW2021,2026-05-15 11:34:00
920098,920098.BJ,20241125,99991231,20241125,220602,220600,801037.SI,橡胶,1,220000,SW2021,2025-02-19 17:18:00
920099,920099.BJ,20240918,99991231,20240918,220309,220300,801034.SI,化学制品,1,220000,SW2021,2024-12-13 08:54:00
920100,920100.BJ,20250909,99991231,20250909,630101,630100,801731.SI,电机Ⅱ,1,630000,SW2021,2025-10-15 10:57:00
920101,920101.BJ,20250806,99991231,20250806,640601,640600,801077.SI,工程机械,1,640000,SW2021,2025-10-15 10:57:00
920106,920106.BJ,20241224,99991231,20241224,280203,280200,801093.SI,汽车零部件,1,280000,SW2021,2025-06-19 07:29:00
920108,920108.BJ,20250225,99991231,20250225,330601,330600,801116.SI,家电零部件Ⅱ,1,330000,SW2021,2025-02-25 14:24:00
920110,920110.BJ,20221206,99991231,20221206,630306,630300,801733.SI,其他电源设备Ⅱ,1,630000,SW2021,2025-10-10 11:17:00
920111,920111.BJ,20241029,99991231,20241029,630802,630800,801738.SI,电网设备,1,630000,SW2021,2025-02-19 17:18:00
920112,920112.BJ,20250821,99991231,20250821,640209,640200,801074.SI,专用设备,1,640000,SW2021,2025-10-15 10:57:00
920116,920116.BJ,20241224,99991231,20241224,710301,710300,801103.SI,IT服务Ⅱ,1,710000,SW2021,2025-02-19 17:18:00
920118,920118.BJ,20240821,99991231,20240821,630805,630800,801738.SI,电网设备,1,630000,SW2021,2025-02-19 17:18:00
920119,920119.BJ,20260126,99991231,20260126,630703,630700,801737.SI,电池,1,630000,SW2021,2026-04-27 14:53:00
920121,920121.BJ,20251229,99991231,20251229,360205,360200,801141.SI,包装印刷,1,360000,SW2021,2026-04-27 14:53:00
920122,920122.BJ,20220930,99991231,20220930,460802,460800,801218.SI,专业服务,1,460000,SW2021,2025-10-10 11:17:00
920123,920123.BJ,20240411,99991231,20240411,770201,770200,801982.SI,化妆品,1,770000,SW2021,2025-10-10 11:17:00
920124,920124.BJ,20251126,99991231,20251126,330601,330600,801116.SI,家电零部件Ⅱ,1,330000,SW2021,2026-04-27 14:53:00
920125,920125.BJ,20260422,99991231,20260422,640704,640700,801078.SI,自动化设备,1,640000,SW2021,2026-04-27 14:53:00
920126,920126.BJ,20260605,99991231,20260605,640203,640200,801074.SI,专用设备,1,640000,SW2021,2026-06-05 14:58:00
920128,920128.BJ,20241125,99991231,20241125,270203,270200,801083.SI,元件,1,270000,SW2021,2025-02-19 17:18:00
920130,920130.BJ,20231120,99991231,20231120,710301,710300,801103.SI,IT服务Ⅱ,1,710000,SW2021,2025-10-10 11:17:00
920132,920132.BJ,20231120,99991231,20231120,360307,360300,801142.SI,家居用品,1,360000,SW2021,2025-10-10 11:17:00
920139,920139.BJ,20220930,99991231,20220930,270107,270100,801081.SI,半导体,1,270000,SW2021,2025-10-10 11:17:00
920145,920145.BJ,20220101,99991231,20211115,760201,760200,801972.SI,环保设备Ⅱ,1,760000,SW2021,2025-10-10 11:17:00
920146,920146.BJ,20220101,99991231,20210730,280203,280200,801093.SI,汽车零部件,1,280000,SW2021,2025-10-10 11:17:00
920149,920149.BJ,20220101,99991231,20210730,620601,620600,801726.SI,工程咨询服务Ⅱ,1,620000,SW2021,2025-10-10 11:17:00
920152,920152.BJ,20220829,99991231,20220829,630703,630700,801737.SI,电池,1,630000,SW2021,2025-11-30 10:59:00
920156,920156.BJ,20260422,99991231,20260422,640209,640200,801074.SI,专用设备,1,640000,SW2021,2026-04-27 14:53:00
920158,920158.BJ,20250925,99991231,20250925,640203,640200,801074.SI,专用设备,1,640000,SW2021,2025-10-15 10:57:00
920159,920159.BJ,20260126,99991231,20260126,220805,220800,801038.SI,农化制品,1,220000,SW2021,2026-04-27 14:53:00
920160,920160.BJ,20251106,99991231,20251106,460802,460800,801218.SI,专业服务,1,460000,SW2021,2026-04-27 14:53:00
920161,920161.BJ,20260527,99991231,20260527,270203,270200,801083.SI,元件,1,270000,SW2021,2026-05-27 11:31:00
920163,920163.BJ,20220101,99991231,20210730,360206,360200,801141.SI,包装印刷,1,360000,SW2021,2025-10-10 11:17:00
920166,920166.BJ,20260210,99991231,20260210,370503,370500,801153.SI,医疗器械,1,370000,SW2021,2026-04-27 14:53:00
920167,920167.BJ,20220101,99991231,20210730,630504,630500,801735.SI,光伏设备,1,630000,SW2021,2025-10-10 11:17:00
920168,920168.BJ,20260210,99991231,20260210,280202,280200,801093.SI,汽车零部件,1,280000,SW2021,2026-04-27 14:53:00
920169,920169.BJ,20220422,99991231,20220422,640108,640100,801072.SI,通用设备,1,640000,SW2021,2025-10-10 11:17:00
920171,920171.BJ,20220101,99991231,20211115,710301,710300,801103.SI,IT服务Ⅱ,1,710000,SW2021,2025-10-10 11:17:00
920174,920174.BJ,20220101,20230409,20210820,640203,640200,801074.SI,专用设备,1,640000,SW2021,2025-10-10 11:17:00
920174,920174.BJ,20230410,99991231,20230410,640601,640600,801077.SI,工程机械,1,640000,SW2021,2025-10-10 11:17:00
920175,920175.BJ,20230710,99991231,20230710,220901,220900,801039.SI,非金属材料Ⅱ,1,220000,SW2021,2025-10-10 11:17:00
920177,920177.BJ,20260410,99991231,20260410,640209,640200,801074.SI,专用设备,1,640000,SW2021,2026-04-27 14:53:00
920178,920178.BJ,20260515,99991231,20260515,640704,640700,801078.SI,自动化设备,1,640000,SW2021,2026-05-15 11:34:00
920179,920179.BJ,20220216,20230409,20220216,220901,220900,801039.SI,非金属材料Ⅱ,1,220000,SW2021,2025-10-10 11:17:00
920179,920179.BJ,20230410,99991231,20230410,270103,270100,801081.SI,半导体,1,270000,SW2021,2025-10-10 11:17:00
920180,920180.BJ,20260210,99991231,20260210,370503,370500,801153.SI,医疗器械,1,370000,SW2021,2026-04-27 14:53:00
920181,920181.BJ,20260410,99991231,20260410,270401,270400,801082.SI,其他电子Ⅱ,1,270000,SW2021,2026-04-27 14:53:00
920183,920183.BJ,20260227,99991231,20260227,270503,270500,801085.SI,消费电子,1,270000,SW2021,2026-04-27 14:53:00
920184,920184.BJ,20220101,20230409,20210730,710402,710400,801104.SI,软件开发,1,710000,SW2021,2025-10-10 11:17:00
920184,920184.BJ,20230410,99991231,20230410,710301,710300,801103.SI,IT服务Ⅱ,1,710000,SW2021,2025-10-10 11:17:00
920185,920185.BJ,20220101,99991231,20210730,630702,630700,801737.SI,电池,1,630000,SW2021,2025-10-10 11:17:00
920186,920186.BJ,20260422,99991231,20260422,270108,270100,801081.SI,半导体,1,270000,SW2021,2026-04-22 10:18:00
920187,920187.BJ,20260227,99991231,20260227,280202,280200,801093.SI,汽车零部件,1,280000,SW2021,2026-04-27 14:53:00
920188,920188.BJ,20260317,99991231,20260317,220602,220600,801037.SI,橡胶,1,220000,SW2021,2026-04-27 14:53:00
920190,920190.BJ,20221227,99991231,20221227,710103,710100,801101.SI,计算机设备,1,710000,SW2021,2025-10-10 11:17:00
920191,920191.BJ,20260410,99991231,20260410,610301,610300,801713.SI,装修建材,1,610000,SW2021,2026-04-27 14:53:00
920195,920195.BJ,20221227,99991231,20221227,280203,280200,801093.SI,汽车零部件,1,280000,SW2021,2025-10-10 11:17:00
920198,920198.BJ,20220101,99991231,20210730,710102,710100,801101.SI,计算机设备,1,710000,SW2021,2025-10-10 11:17:00
920199,920199.BJ,20221206,99991231,20221206,330303,330300,801113.SI,小家电,1,330000,SW2021,2025-10-10 11:17:00
920200,920200.BJ,20260422,99991231,20260422,630602,630600,801736.SI,风电设备,1,630000,SW2021,2026-04-27 14:53:00
920204,920204.BJ,20220101,99991231,20211230,360204,360200,801141.SI,包装印刷,1,360000,SW2021,2025-10-10 11:17:00
920206,920206.BJ,20260527,99991231,20260527,220305,220300,801034.SI,化学制品,1,220000,SW2021,2026-05-27 11:31:00
920207,920207.BJ,20220930,99991231,20220930,710401,710400,801104.SI,软件开发,1,710000,SW2021,2025-10-10 11:17:00
920208,920208.BJ,20230407,99991231,20230407,620601,620600,801726.SI,工程咨询服务Ⅱ,1,620000,SW2021,2025-10-10 11:17:00
920211,920211.BJ,20260527,99991231,20260527,640702,640700,801078.SI,自动化设备,1,640000,SW2021,2026-05-27 11:31:00
920212,920212.BJ,20220101,99991231,20210730,270504,270500,801085.SI,消费电子,1,270000,SW2021,2025-10-10 11:17:00
920218,920218.BJ,20260527,99991231,20260527,360311,360300,801142.SI,家居用品,1,360000,SW2021,2026-05-27 11:31:00
920220,920220.BJ,20260515,99991231,20260515,280203,280200,801093.SI,汽车零部件,1,280000,SW2021,2026-05-15 11:34:00
920221,920221.BJ,20230530,99991231,20230530,280205,280200,801093.SI,汽车零部件,1,280000,SW2021,2025-10-10 11:17:00
920223,920223.BJ,20220513,20230409,20220513,640602,640600,801077.SI,工程机械,1,640000,SW2021,2025-10-10 11:17:00
920223,920223.BJ,20230410,99991231,20230410,640108,640100,801072.SI,通用设备,1,640000,SW2021,2025-10-10 11:17:00
920225,920225.BJ,20220101,99991231,20210225,220602,220600,801037.SI,橡胶,1,220000,SW2021,2025-10-10 11:17:00
920227,920227.BJ,20221227,99991231,20221227,710301,710300,801103.SI,IT服务Ⅱ,1,710000,SW2021,2025-10-10 11:17:00
920230,920230.BJ,20221206,99991231,20221206,370101,370100,801151.SI,化学制药,1,370000,SW2021,2025-10-10 11:17:00
920237,920237.BJ,20221123,99991231,20221123,630701,630700,801737.SI,电池,1,630000,SW2021,2025-10-10 11:17:00
920239,920239.BJ,20220101,99991231,20210730,630701,630700,801737.SI,电池,1,630000,SW2021,2025-10-10 11:17:00
920242,920242.BJ,20220101,99991231,20210730,280203,280200,801093.SI,汽车零部件,1,280000,SW2021,2025-10-10 11:17:00
920245,920245.BJ,20220101,99991231,20211220,640602,640600,801077.SI,工程机械,1,640000,SW2021,2025-10-10 11:17:00
920247,920247.BJ,20221227,99991231,20221227,280205,280200,801093.SI,汽车零部件,1,280000,SW2021,2025-10-10 11:17:00
920249,920249.BJ,20230224,99991231,20230224,730206,730200,801102.SI,通信设备,1,730000,SW2021,2025-10-10 11:17:00
920252,920252.BJ,20220109,99991231,20220109,630701,630700,801737.SI,电池,1,630000,SW2021,2025-10-10 11:17:00
920260,920260.BJ,20220101,99991231,20211115,640108,640100,801072.SI,通用设备,1,640000,SW2021,2025-10-10 11:17:00
920261,920261.BJ,20230407,99991231,20230407,220313,220300,801034.SI,化学制品,1,220000,SW2021,2025-10-10 11:17:00
920262,920262.BJ,20221227,99991231,20221227,350206,350200,801132.SI,服装家纺,1,350000,SW2021,2025-10-10 11:17:00
920263,920263.BJ,20220101,99991231,20210730,760101,760100,801971.SI,环境治理,1,760000,SW2021,2025-10-10 11:17:00
920266,920266.BJ,20220101,99991231,20200727,370201,370200,801155.SI,中药Ⅱ,1,370000,SW2021,2025-10-10 11:17:00
920267,920267.BJ,20220513,99991231,20220513,270504,270500,801085.SI,消费电子,1,270000,SW2021,2025-10-10 11:17:00
920270,920270.BJ,20220829,99991231,20220829,280202,280200,801093.SI,汽车零部件,1,280000,SW2021,2025-10-10 11:17:00
920271,920271.BJ,20220608,99991231,20220608,280203,280200,801093.SI,汽车零部件,1,280000,SW2021,2025-10-10 11:17:00
920273,920273.BJ,20230222,20241111,20230222,220315,220300,801034.SI,化学制品,1,220000,SW2021,2025-10-10 11:17:00
920273,920273.BJ,20241112,99991231,20241112,110504,110500,801012.SI,农产品加工,1,110000,SW2021,2025-10-10 11:17:00
920274,920274.BJ,20230816,99991231,20230816,360204,360200,801141.SI,包装印刷,1,360000,SW2021,2025-10-10 11:17:00
920275,920275.BJ,20220101,99991231,20210125,110801,110800,801018.SI,动物保健Ⅱ,1,110000,SW2021,2025-10-10 11:17:00
920278,920278.BJ,20220101,99991231,20210730,370502,370500,801153.SI,医疗器械,1,370000,SW2021,2025-10-10 11:17:00
920284,920284.BJ,20231220,99991231,20231220,640209,640200,801074.SI,专用设备,1,640000,SW2021,2025-10-10 11:17:00
920299,920299.BJ,20220608,99991231,20220608,630803,630800,801738.SI,电网设备,1,630000,SW2021,2025-10-10 11:17:00
920300,920300.BJ,20221206,99991231,20221206,370502,370500,801153.SI,医疗器械,1,370000,SW2021,2025-10-10 11:17:00
920304,920304.BJ,20230427,99991231,20230427,220204,220200,801033.SI,化学原料,1,220000,SW2021,2025-12-09 16:02:00
920305,920305.BJ,20220101,20230409,20210826,710103,710100,801101.SI,计算机设备,1,710000,SW2021,2025-10-10 11:17:00
920305,920305.BJ,20230410,99991231,20230410,710301,710300,801103.SI,IT服务Ⅱ,1,710000,SW2021,2025-10-10 11:17:00
920339,920339.BJ,20221123,99991231,20221123,330501,330500,801115.SI,照明设备Ⅱ,1,330000,SW2021,2025-10-10 11:17:00
920344,920344.BJ,20220101,99991231,20210730,370304,370300,801152.SI,生物制品,1,370000,SW2021,2025-10-10 11:17:00
920346,920346.BJ,20220208,99991231,20220208,270504,270500,801085.SI,消费电子,1,270000,SW2021,2025-10-10 11:17:00
920351,920351.BJ,20221227,99991231,20221227,420805,420800,801178.SI,物流,1,420000,SW2021,2025-10-10 11:17:00
920357,920357.BJ,20221123,99991231,20221123,270504,270500,801085.SI,消费电子,1,270000,SW2021,2025-10-10 11:17:00
920363,920363.BJ,20240117,99991231,20240117,640107,640100,801072.SI,通用设备,1,640000,SW2021,2025-10-10 11:17:00
920367,920367.BJ,20230213,99991231,20230213,370101,370100,801151.SI,化学制药,1,370000,SW2021,2025-10-10 11:17:00
920368,920368.BJ,20220101,99991231,20210730,630505,630500,801735.SI,光伏设备,1,630000,SW2021,2025-10-10 11:17:00
920370,920370.BJ,20220101,99991231,20210730,760103,760100,801971.SI,环境治理,1,760000,SW2021,2025-10-10 11:17:00
920371,920371.BJ,20220109,99991231,20220109,110504,110500,801012.SI,农产品加工,1,110000,SW2021,2025-12-15 13:02:00
920374,920374.BJ,20221206,99991231,20221206,730207,730200,801102.SI,通信设备,1,730000,SW2021,2025-10-10 11:17:00
920375,920375.BJ,20231220,99991231,20231220,630803,630800,801738.SI,电网设备,1,630000,SW2021,2025-10-10 11:17:00
920378,920378.BJ,20220608,99991231,20220608,280203,280200,801093.SI,汽车零部件,1,280000,SW2021,2025-10-10 11:17:00
920392,920392.BJ,20221227,99991231,20221227,360205,360200,801141.SI,包装印刷,1,360000,SW2021,2025-10-10 11:17:00
920394,920394.BJ,20230412,99991231,20230412,360103,360100,801143.SI,造纸,1,360000,SW2021,2025-10-10 11:17:00
920395,920395.BJ,20220829,99991231,20220829,640204,640200,801074.SI,专用设备,1,640000,SW2021,2025-10-10 11:17:00
920396,920396.BJ,20220101,99991231,20210730,640704,640700,801078.SI,自动化设备,1,640000,SW2021,2025-10-10 11:17:00
920402,920402.BJ,20220930,20241111,20220930,270601,270600,801086.SI,电子化学品Ⅱ,1,270000,SW2021,2025-10-10 11:17:00
920402,920402.BJ,20241112,99991231,20241112,220309,220300,801034.SI,化学制品,1,220000,SW2021,2025-10-10 11:17:00
920403,920403.BJ,20240117,99991231,20240117,110101,110100,801016.SI,种植业,1,110000,SW2021,2025-10-10 11:17:00
920405,920405.BJ,20220101,99991231,20211105,640702,640700,801078.SI,自动化设备,1,640000,SW2021,2025-10-10 11:17:00
920407,920407.BJ,20230213,99991231,20230213,640107,640100,801072.SI,通用设备,1,640000,SW2021,2025-10-10 11:17:00
920414,920414.BJ,20221206,99991231,20221206,630505,630500,801735.SI,光伏设备,1,630000,SW2021,2025-10-10 11:17:00
920415,920415.BJ,20220101,99991231,20210730,710401,710400,801104.SI,软件开发,1,710000,SW2021,2025-10-10 11:17:00
920418,920418.BJ,20220101,99991231,20210730,280203,280200,801093.SI,汽车零部件,1,280000,SW2021,2025-10-10 11:17:00
920419,920419.BJ,20220224,99991231,20220224,110404,110400,801014.SI,饲料,1,110000,SW2021,2025-10-10 11:17:00
920422,920422.BJ,20230224,99991231,20230224,220315,220300,801034.SI,化学制品,1,220000,SW2021,2025-10-10 11:17:00
920425,920425.BJ,20230213,20230409,20230213,710103,710100,801101.SI,计算机设备,1,710000,SW2021,2025-10-10 11:17:00
920425,920425.BJ,20230410,99991231,20230410,640702,640700,801078.SI,自动化设备,1,640000,SW2021,2025-10-10 11:17:00
920427,920427.BJ,20220101,99991231,20210730,620601,620600,801726.SI,工程咨询服务Ⅱ,1,620000,SW2021,2025-10-10 11:17:00
920429,920429.BJ,20221214,99991231,20221214,340407,340400,801124.SI,食品加工,1,340000,SW2021,2025-10-10 11:17:00
920433,920433.BJ,20220101,99991231,20200727,370201,370200,801155.SI,中药Ⅱ,1,370000,SW2021,2025-10-10 11:17:00
920436,920436.BJ,20220101,99991231,20211115,280206,280200,801093.SI,汽车零部件,1,280000,SW2021,2025-10-10 11:17:00
920438,920438.BJ,20240312,99991231,20240312,270303,270300,801084.SI,光学光电子,1,270000,SW2021,2025-10-10 11:17:00
920445,920445.BJ,20220101,99991231,20210730,360308,360300,801142.SI,家居用品,1,360000,SW2021,2025-10-10 11:17:00
920454,920454.BJ,20220101,99991231,20211115,280203,280200,801093.SI,汽车零部件,1,280000,SW2021,2025-10-10 11:17:00
920455,920455.BJ,20230710,99991231,20230710,640209,640200,801074.SI,专用设备,1,640000,SW2021,2025-10-10 11:17:00
920469,920469.BJ,20230920,99991231,20230920,220503,220500,801036.SI,塑料,1,220000,SW2021,2025-10-10 11:17:00
920471,920471.BJ,20230530,99991231,20230530,220309,220300,801034.SI,化学制品,1,220000,SW2021,2025-10-10 11:17:00
920475,920475.BJ,20220101,99991231,20200727,640209,640200,801074.SI,专用设备,1,640000,SW2021,2025-10-10 11:17:00
920476,920476.BJ,20221026,99991231,20221026,640107,640100,801072.SI,通用设备,1,640000,SW2021,2025-10-10 11:17:00
920478,920478.BJ,20230224,99991231,20230224,370101,370100,801151.SI,化学制药,1,370000,SW2021,2025-10-10 11:17:00
920489,920489.BJ,20220101,99991231,20200727,220204,220200,801033.SI,化学原料,1,220000,SW2021,2025-10-10 11:17:00
920491,920491.BJ,20220608,20230808,20220608,640107,640100,801072.SI,通用设备,1,640000,SW2021,2025-10-10 11:17:00
920491,920491.BJ,20230809,99991231,20230809,270203,270200,801083.SI,元件,1,270000,SW2021,2025-10-10 11:17:00
920493,920493.BJ,20231030,99991231,20231030,710301,710300,801103.SI,IT服务Ⅱ,1,710000,SW2021,2025-10-10 11:17:00
920496,920496.BJ,20240229,99991231,20240229,630801,630800,801738.SI,电网设备,1,630000,SW2021,2025-10-10 11:17:00
920504,920504.BJ,20230816,99991231,20230816,370502,370500,801153.SI,医疗器械,1,370000,SW2021,2025-10-10 11:17:00
920505,920505.BJ,20221227,99991231,20221227,640108,640100,801072.SI,通用设备,1,640000,SW2021,2025-10-10 11:17:00
920508,920508.BJ,20220101,20230409,20210730,640704,640700,801078.SI,自动化设备,1,640000,SW2021,2025-10-10 11:17:00
920508,920508.BJ,20230410,99991231,20230410,630803,630800,801738.SI,电网设备,1,630000,SW2021,2025-10-10 11:17:00
920509,920509.BJ,20220101,99991231,20210730,640107,640100,801072.SI,通用设备,1,640000,SW2021,2025-10-10 11:17:00
920510,920510.BJ,20220101,20230409,20210730,640602,640600,801077.SI,工程机械,1,640000,SW2021,2025-10-10 11:17:00
920510,920510.BJ,20230410,99991231,20230410,640108,640100,801072.SI,通用设备,1,640000,SW2021,2025-10-10 11:17:00
920519,920519.BJ,20230920,99991231,20230920,220309,220300,801034.SI,化学制品,1,220000,SW2021,2025-10-10 11:17:00
920522,920522.BJ,20231120,99991231,20231120,630703,630700,801737.SI,电池,1,630000,SW2021,2025-10-10 11:17:00
920523,920523.BJ,20220101,99991231,20210730,630701,630700,801737.SI,电池,1,630000,SW2021,2025-10-10 11:17:00
920526,920526.BJ,20221227,99991231,20221227,270601,270600,801086.SI,电子化学品Ⅱ,1,270000,SW2021,2025-10-10 11:17:00
920527,920527.BJ,20221026,20230808,20221026,220309,220300,801034.SI,化学制品,1,220000,SW2021,2025-10-10 11:17:00
920527,920527.BJ,20230809,99991231,20230809,350105,350100,801131.SI,纺织制造,1,350000,SW2021,2025-10-10 11:17:00
920533,920533.BJ,20220513,20230409,20220513,280206,280200,801093.SI,汽车零部件,1,280000,SW2021,2025-10-10 11:17:00
920533,920533.BJ,20230410,99991231,20230410,280202,280200,801093.SI,汽车零部件,1,280000,SW2021,2025-10-10 11:17:00
920541,920541.BJ,20230224,99991231,20230224,640501,640500,801076.SI,轨交设备Ⅱ,1,640000,SW2021,2025-10-10 11:17:00
920547,920547.BJ,20231220,99991231,20231220,370304,370300,801152.SI,生物制品,1,370000,SW2021,2025-10-10 11:17:00
920553,920553.BJ,20220101,20230409,20210806,270601,270600,801086.SI,电子化学品Ⅱ,1,270000,SW2021,2025-10-10 11:17:00
920553,920553.BJ,20230410,99991231,20230410,640208,640200,801074.SI,专用设备,1,640000,SW2021,2025-10-10 11:17:00
920556,920556.BJ,20230317,99991231,20230317,630804,630800,801738.SI,电网设备,1,630000,SW2021,2025-10-10 11:17:00
920564,920564.BJ,20220608,20230409,20220608,620601,620600,801726.SI,工程咨询服务Ⅱ,1,620000,SW2021,2025-10-10 11:17:00
920564,920564.BJ,20230410,99991231,20230410,710301,710300,801103.SI,IT服务Ⅱ,1,710000,SW2021,2025-10-10 11:17:00
920566,920566.BJ,20220101,99991231,20210813,370102,370100,801151.SI,化学制药,1,370000,SW2021,2025-10-10 11:17:00
920570,920570.BJ,20231120,99991231,20231120,640106,640100,801072.SI,通用设备,1,640000,SW2021,2025-10-10 11:17:00
920571,920571.BJ,20221214,99991231,20221214,421101,421100,801992.SI,航运港口,1,420000,SW2021,2025-10-10 11:17:00
920575,920575.BJ,20230317,99991231,20230317,370303,370300,801152.SI,生物制品,1,370000,SW2021,2025-10-10 11:17:00
920576,920576.BJ,20230710,99991231,20230710,240201,240200,801051.SI,金属新材料,1,240000,SW2021,2025-10-10 11:17:00
920578,920578.BJ,20230427,99991231,20230427,640701,640700,801078.SI,自动化设备,1,640000,SW2021,2025-10-10 11:17:00
920579,920579.BJ,20231220,99991231,20231220,640701,640700,801078.SI,自动化设备,1,640000,SW2021,2025-10-10 11:17:00
920580,920580.BJ,20220513,99991231,20220513,610301,610300,801713.SI,装修建材,1,610000,SW2021,2025-10-10 11:17:00
920592,920592.BJ,20230710,99991231,20230710,710401,710400,801104.SI,软件开发,1,710000,SW2021,2025-10-10 11:17:00
920593,920593.BJ,20230407,99991231,20230407,640701,640700,801078.SI,自动化设备,1,640000,SW2021,2025-10-10 11:17:00
920599,920599.BJ,20220101,99991231,20210730,640601,640600,801077.SI,工程机械,1,640000,SW2021,2025-10-10 11:17:00
920608,920608.BJ,20221214,99991231,20221214,640207,640200,801074.SI,专用设备,1,640000,SW2021,2025-10-10 11:17:00
920627,920627.BJ,20230920,99991231,20230920,630705,630700,801737.SI,电池,1,630000,SW2021,2025-10-10 11:17:00
920634,920634.BJ,20221123,99991231,20221123,240303,240300,801055.SI,工业金属,1,240000,SW2021,2025-10-10 11:17:00
920639,920639.BJ,20220717,99991231,20220717,630805,630800,801738.SI,电网设备,1,630000,SW2021,2025-10-10 11:17:00
920640,920640.BJ,20220101,99991231,20210730,730205,730200,801102.SI,通信设备,1,730000,SW2021,2025-10-10 11:17:00
920641,920641.BJ,20221206,99991231,20221206,330501,330500,801115.SI,照明设备Ⅱ,1,330000,SW2021,2025-10-10 11:17:00
920642,920642.BJ,20220101,99991231,20210816,650201,650200,801742.SI,航空装备Ⅱ,1,650000,SW2021,2025-10-10 11:17:00
920651,920651.BJ,20230710,99991231,20230710,640107,640100,801072.SI,通用设备,1,640000,SW2021,2025-10-10 11:17:00
920656,920656.BJ,20240229,99991231,20240229,370101,370100,801151.SI,化学制药,1,370000,SW2021,2025-10-10 11:17:00
920662,920662.BJ,20221123,99991231,20221123,640106,640100,801072.SI,通用设备,1,640000,SW2021,2025-10-10 11:17:00
920663,920663.BJ,20230317,99991231,20230317,280202,280200,801093.SI,汽车零部件,1,280000,SW2021,2025-10-10 11:17:00
920665,920665.BJ,20231030,99991231,20231030,220602,220600,801037.SI,橡胶,1,220000,SW2021,2025-10-10 11:17:00
920670,920670.BJ,20220101,99991231,20210730,370603,370600,801156.SI,医疗服务,1,370000,SW2021,2025-10-10 11:17:00
920675,920675.BJ,20220101,99991231,20210730,220901,220900,801039.SI,非金属材料Ⅱ,1,220000,SW2021,2025-10-10 11:17:00
920679,920679.BJ,20231120,99991231,20231120,640108,640100,801072.SI,通用设备,1,640000,SW2021,2025-10-10 11:17:00
920680,920680.BJ,20220101,99991231,20211115,710401,710400,801104.SI,软件开发,1,710000,SW2021,2025-10-10 11:17:00
920682,920682.BJ,20220101,99991231,20210730,630805,630800,801738.SI,电网设备,1,630000,SW2021,2025-10-10 11:17:00
920685,920685.BJ,20220930,99991231,20220930,640107,640100,801072.SI,通用设备,1,640000,SW2021,2025-10-10 11:17:00
920689,920689.BJ,20220321,99991231,20220321,640106,640100,801072.SI,通用设备,1,640000,SW2021,2025-10-10 11:17:00
920690,920690.BJ,20240117,99991231,20240117,280202,280200,801093.SI,汽车零部件,1,280000,SW2021,2025-10-10 11:17:00
920693,920693.BJ,20231030,99991231,20231030,640108,640100,801072.SI,通用设备,1,640000,SW2021,2025-10-10 11:17:00
920694,920694.BJ,20230427,99991231,20230427,220602,220600,801037.SI,橡胶,1,220000,SW2021,2025-10-10 11:17:00
920699,920699.BJ,20230509,99991231,20230509,330601,330600,801116.SI,家电零部件Ⅱ,1,330000,SW2021,2025-10-10 11:17:00
920701,920701.BJ,20230710,99991231,20230710,270504,270500,801085.SI,消费电子,1,270000,SW2021,2025-10-10 11:17:00
920703,920703.BJ,20231220,99991231,20231220,640203,640200,801074.SI,专用设备,1,640000,SW2021,2025-10-10 11:17:00
920706,920706.BJ,20240312,99991231,20240312,640601,640600,801077.SI,工程机械,1,640000,SW2021,2025-10-10 11:17:00
920717,920717.BJ,20230710,99991231,20230710,640209,640200,801074.SI,专用设备,1,640000,SW2021,2025-10-10 11:17:00
920718,920718.BJ,20221227,99991231,20221227,330601,330600,801116.SI,家电零部件Ⅱ,1,330000,SW2021,2025-10-10 11:17:00
920719,920719.BJ,20230530,99991231,20230530,220901,220900,801039.SI,非金属材料Ⅱ,1,220000,SW2021,2025-10-10 11:17:00
920720,920720.BJ,20220101,20230409,20211124,640602,640600,801077.SI,工程机械,1,640000,SW2021,2025-10-10 11:17:00
920720,920720.BJ,20230410,99991231,20230410,640108,640100,801072.SI,通用设备,1,640000,SW2021,2025-10-10 11:17:00
920725,920725.BJ,20220717,99991231,20220717,640103,640100,801072.SI,通用设备,1,640000,SW2021,2025-10-10 11:17:00
920726,920726.BJ,20220101,99991231,20210730,340901,340900,801129.SI,调味发酵品Ⅱ,1,340000,SW2021,2025-10-10 11:17:00
920729,920729.BJ,20220101,99991231,20200727,110801,110800,801018.SI,动物保健Ⅱ,1,110000,SW2021,2025-10-10 11:17:00
920735,920735.BJ,20220101,99991231,20210219,370102,370100,801151.SI,化学制药,1,370000,SW2021,2025-10-10 11:17:00
920748,920748.BJ,20230816,99991231,20230816,710301,710300,801103.SI,IT服务Ⅱ,1,710000,SW2021,2025-10-10 11:17:00
920751,920751.BJ,20230710,99991231,20230710,240201,240200,801051.SI,金属新材料,1,240000,SW2021,2025-10-10 11:17:00
920753,920753.BJ,20221026,99991231,20221026,460802,460800,801218.SI,专业服务,1,460000,SW2021,2025-10-10 11:17:00
920765,920765.BJ,20220101,99991231,20210730,360308,360300,801142.SI,家居用品,1,360000,SW2021,2025-10-10 11:17:00
920768,920768.BJ,20220101,99991231,20210730,330601,330600,801116.SI,家电零部件Ⅱ,1,330000,SW2021,2025-10-10 11:17:00
920770,920770.BJ,20230224,99991231,20230224,630502,630500,801735.SI,光伏设备,1,630000,SW2021,2025-10-10 11:17:00
920779,920779.BJ,20230530,99991231,20230530,630703,630700,801737.SI,电池,1,630000,SW2021,2025-10-10 11:17:00
920781,920781.BJ,20221227,99991231,20221227,640203,640200,801074.SI,专用设备,1,640000,SW2021,2025-10-10 11:17:00
920786,920786.BJ,20231030,99991231,20231030,340702,340700,801127.SI,饮料乳品,1,340000,SW2021,2025-10-10 11:17:00
920790,920790.BJ,20220829,99991231,20220829,710301,710300,801103.SI,IT服务Ⅱ,1,710000,SW2021,2025-10-10 11:17:00
920792,920792.BJ,20230407,99991231,20230407,610301,610300,801713.SI,装修建材,1,610000,SW2021,2025-10-10 11:17:00
920799,920799.BJ,20220101,99991231,20210730,710401,710400,801104.SI,软件开发,1,710000,SW2021,2025-10-10 11:17:00
920802,920802.BJ,20230213,99991231,20230213,760101,760100,801971.SI,环境治理,1,760000,SW2021,2025-10-10 11:17:00
920806,920806.BJ,20240117,99991231,20240117,710301,710300,801103.SI,IT服务Ⅱ,1,710000,SW2021,2025-10-10 11:17:00
920807,920807.BJ,20221227,99991231,20221227,640103,640100,801072.SI,通用设备,1,640000,SW2021,2025-10-10 11:17:00
920808,920808.BJ,20221123,99991231,20221123,710103,710100,801101.SI,计算机设备,1,710000,SW2021,2025-10-10 11:17:00
920809,920809.BJ,20230407,99991231,20230407,630702,630700,801737.SI,电池,1,630000,SW2021,2025-10-10 11:17:00
920810,920810.BJ,20221214,99991231,20221214,640208,640200,801074.SI,专用设备,1,640000,SW2021,2025-10-10 11:17:00
920819,920819.BJ,20220101,99991231,20210730,220803,220800,801038.SI,农化制品,1,220000,SW2021,2025-10-10 11:17:00
920821,920821.BJ,20220622,99991231,20220622,270202,270200,801083.SI,元件,1,270000,SW2021,2025-10-10 11:17:00
920826,920826.BJ,20220101,99991231,20210730,340406,340400,801124.SI,食品加工,1,340000,SW2021,2025-10-10 11:17:00
920832,920832.BJ,20220101,99991231,20210730,220901,220900,801039.SI,非金属材料Ⅱ,1,220000,SW2021,2025-10-10 11:17:00
920833,920833.BJ,20231120,99991231,20231120,640106,640100,801072.SI,通用设备,1,640000,SW2021,2025-10-10 11:17:00
920834,920834.BJ,20220829,99991231,20220829,220602,220600,801037.SI,橡胶,1,220000,SW2021,2025-10-10 11:17:00
920837,920837.BJ,20230427,99991231,20230427,280203,280200,801093.SI,汽车零部件,1,280000,SW2021,2025-10-10 11:17:00
920839,920839.BJ,20220101,99991231,20210730,640602,640600,801077.SI,工程机械,1,640000,SW2021,2025-10-10 11:17:00
920855,920855.BJ,20221227,99991231,20221227,640209,640200,801074.SI,专用设备,1,640000,SW2021,2025-10-10 11:17:00
920856,920856.BJ,20220101,20230409,20210730,640601,640600,801077.SI,工程机械,1,640000,SW2021,2025-10-10 11:17:00
920856,920856.BJ,20230410,99991231,20230410,640209,640200,801074.SI,专用设备,1,640000,SW2021,2025-10-10 11:17:00
920857,920857.BJ,20220211,99991231,20220211,270504,270500,801085.SI,消费电子,1,270000,SW2021,2025-10-10 11:17:00
920866,920866.BJ,20221206,99991231,20221206,220803,220800,801038.SI,农化制品,1,220000,SW2021,2025-10-10 11:17:00
920870,920870.BJ,20220622,20230409,20220622,640209,640200,801074.SI,专用设备,1,640000,SW2021,2025-10-10 11:17:00
920870,920870.BJ,20230410,99991231,20230410,640101,640100,801072.SI,通用设备,1,640000,SW2021,2025-10-10 11:17:00
920871,920871.BJ,20220717,99991231,20220717,280203,280200,801093.SI,汽车零部件,1,280000,SW2021,2025-10-10 11:17:00
920873,920873.BJ,20220101,99991231,20211115,620601,620600,801726.SI,工程咨询服务Ⅱ,1,620000,SW2021,2025-10-10 11:17:00
920876,920876.BJ,20221123,99991231,20221123,270504,270500,801085.SI,消费电子,1,270000,SW2021,2025-10-10 11:17:00
920879,920879.BJ,20221227,99991231,20221227,640107,640100,801072.SI,通用设备,1,640000,SW2021,2025-10-10 11:17:00
920885,920885.BJ,20220101,99991231,20210730,640702,640700,801078.SI,自动化设备,1,640000,SW2021,2025-10-10 11:17:00
920892,920892.BJ,20220101,99991231,20211028,620601,620600,801726.SI,工程咨询服务Ⅱ,1,620000,SW2021,2025-10-10 11:17:00
920895,920895.BJ,20230407,99991231,20230407,640207,640200,801074.SI,专用设备,1,640000,SW2021,2025-10-10 11:17:00
920896,920896.BJ,20230427,99991231,20230427,280203,280200,801093.SI,汽车零部件,1,280000,SW2021,2025-10-10 11:17:00
920906,920906.BJ,20230224,99991231,20230224,280202,280200,801093.SI,汽车零部件,1,280000,SW2021,2025-10-10 11:17:00
920914,920914.BJ,20221123,99991231,20221123,630701,630700,801737.SI,电池,1,630000,SW2021,2025-10-10 11:17:00
920924,920924.BJ,20220101,99991231,20211103,730103,730100,801223.SI,通信服务,1,730000,SW2021,2025-10-10 11:17:00
920925,920925.BJ,20220101,99991231,20211025,370502,370500,801153.SI,医疗器械,1,370000,SW2021,2025-10-10 11:17:00
920926,920926.BJ,20230816,99991231,20230816,330301,330300,801113.SI,小家电,1,330000,SW2021,2025-10-10 11:17:00
920931,920931.BJ,20240411,99991231,20240411,640203,640200,801074.SI,专用设备,1,640000,SW2021,2025-10-10 11:17:00
920932,920932.BJ,20220101,20230907,20211115,640203,640200,801074.SI,专用设备,1,640000,SW2021,2025-10-10 11:17:00
920932,920932.BJ,20230908,99991231,20230908,710401,710400,801104.SI,软件开发,1,710000,SW2021,2025-10-10 11:17:00
920942,920942.BJ,20221206,99991231,20221206,640602,640600,801077.SI,工程机械,1,640000,SW2021,2025-10-10 11:17:00
920943,920943.BJ,20220622,99991231,20220622,640108,640100,801072.SI,通用设备,1,640000,SW2021,2025-10-10 11:17:00
920946,920946.BJ,20220101,99991231,20200727,370101,370100,801151.SI,化学制药,1,370000,SW2021,2025-10-10 11:17:00
920950,920950.BJ,20220109,99991231,20220109,640106,640100,801072.SI,通用设备,1,640000,SW2021,2025-10-10 11:17:00
920953,920953.BJ,20230816,99991231,20230816,710301,710300,801103.SI,IT服务Ⅱ,1,710000,SW2021,2025-10-10 11:17:00
920957,920957.BJ,20221214,99991231,20221214,220309,220300,801034.SI,化学制品,1,220000,SW2021,2025-10-10 11:17:00
920961,920961.BJ,20220101,20230409,20210730,730207,730200,801102.SI,通信设备,1,730000,SW2021,2025-10-10 11:17:00
920961,920961.BJ,20230410,99991231,20230410,640107,640100,801072.SI,通用设备,1,640000,SW2021,2025-10-10 11:17:00
920964,920964.BJ,20220101,99991231,20210730,110901,110900,801019.SI,农业综合Ⅱ,0,110000,SW2021,2025-10-10 11:17:00
920970,920970.BJ,20220513,99991231,20220513,110801,110800,801018.SI,动物保健Ⅱ,1,110000,SW2021,2025-10-10 11:17:00
920971,920971.BJ,20220930,99991231,20220930,220901,220900,801039.SI,非金属材料Ⅱ,1,220000,SW2021,2025-10-10 11:17:00
920974,920974.BJ,20230224,99991231,20230224,220309,220300,801034.SI,化学制品,1,220000,SW2021,2025-10-10 11:17:00
920976,920976.BJ,20230920,99991231,20230920,710102,710100,801101.SI,计算机设备,1,710000,SW2021,2025-10-10 11:17:00
920978,920978.BJ,20231030,99991231,20231030,280203,280200,801093.SI,汽车零部件,1,280000,SW2021,2025-10-10 11:17:00
920981,920981.BJ,20220101,99991231,20211115,270203,270200,801083.SI,元件,1,270000,SW2021,2025-10-10 11:17:00
920982,920982.BJ,20230717,99991231,20230717,770301,770300,801983.SI,医疗美容,0,770000,SW2021,2025-10-10 11:17:00
920985,920985.BJ,20220829,99991231,20220829,630502,630500,801735.SI,光伏设备,1,630000,SW2021,2025-10-10 11:17:00
920992,920992.BJ,20221026,99991231,20221026,370502,370500,801153.SI,医疗器械,1,370000,SW2021,2025-10-10 11:17:00
